ISO-10303-21;
HEADER;
FILE_DESCRIPTION (( 'STEP AP214' ),
    '1' );
FILE_NAME ('CUI_DEVICES_CMT-9605-85T.step',
    '2019-10-20T21:40:27',
    ( '' ),
    ( '' ),
    'SwSTEP 2.0',
    'SolidWorks 2019',
    '' );
FILE_SCHEMA (( 'AUTOMOTIVE_DESIGN' ));
ENDSEC;

DATA;
#1 = CARTESIAN_POINT ( 'NONE',  ( 0.09842519685039392840, -0.1456692913385832233, 0.1613212696736047169 ) ) ;
#2 = EDGE_CURVE ( 'NONE', #1211, #611, #299, .T. ) ;
#3 = CARTESIAN_POINT ( 'NONE',  ( -0.09254970950319020562, -5.515943991077473875E-16, 0.1579888819481959916 ) ) ;
#4 = ORIENTED_EDGE ( 'NONE', *, *, #225, .F. ) ;
#5 = ORIENTED_EDGE ( 'NONE', *, *, #120, .T. ) ;
#6 = LINE ( 'NONE', #1150, #1464 ) ;
#7 = DIRECTION ( 'NONE',  ( 0.0000000000000000000, 3.491481338843132961E-15, -1.000000000000000000 ) ) ;
#8 = VECTOR ( 'NONE', #467, 39.37007874015748143 ) ;
#9 = ADVANCED_FACE ( 'NONE', ( #778 ), #1018, .F. ) ;
#10 = FACE_OUTER_BOUND ( 'NONE', #251, .T. ) ;
#11 = AXIS2_PLACEMENT_3D ( 'NONE', #998, #436, #879 ) ;
#12 = DIRECTION ( 'NONE',  ( -1.000000000000000000, 3.794707603699270252E-15, 1.324915078468214688E-29 ) ) ;
#13 = ORIENTED_EDGE ( 'NONE', *, *, #1149, .F. ) ;
#14 = ORIENTED_EDGE ( 'NONE', *, *, #411, .T. ) ;
#15 = CARTESIAN_POINT ( 'NONE',  ( 0.07874015748031538975, -0.08661417322834617794, 0.2440944881889761109 ) ) ;
#16 = CARTESIAN_POINT ( 'NONE',  ( 0.1889763779527559029, -0.005905511811023654925, -3.308162985799337129E-16 ) ) ;
#17 = PRESENTATION_LAYER_ASSIGNMENT (  '', '', ( #738 ) ) ;
#18 = DIRECTION ( 'NONE',  ( 2.255140518769850012E-15, -3.491481338843133355E-15, 1.000000000000000000 ) ) ;
#19 = AXIS2_PLACEMENT_3D ( 'NONE', #1469, #560, #1008 ) ;
#20 = LINE ( 'NONE', #479, #829 ) ;
#21 = DIRECTION ( 'NONE',  ( 0.0000000000000000000, 3.491481338843132961E-15, -1.000000000000000000 ) ) ;
#22 = VERTEX_POINT ( 'NONE', #1479 ) ;
#23 = CIRCLE ( 'NONE', #350, 0.005905511811023620231 ) ;
#24 = CIRCLE ( 'NONE', #371, 0.01968503937007873988 ) ;
#25 = ORIENTED_EDGE ( 'NONE', *, *, #594, .T. ) ;
#26 = CARTESIAN_POINT ( 'NONE',  ( 1.446433227339393110E-18, -0.1437587347470921095, -0.06692913385826822215 ) ) ;
#27 = FACE_OUTER_BOUND ( 'NONE', #820, .T. ) ;
#28 = DIRECTION ( 'NONE',  ( 0.0000000000000000000, 3.491481338843132961E-15, -1.000000000000000000 ) ) ;
#29 =( CONVERSION_BASED_UNIT ( 'INCH', #63 ) LENGTH_UNIT ( ) NAMED_UNIT ( #284 ) );
#30 = CARTESIAN_POINT ( 'NONE',  ( -0.09842519685039373412, -0.005814670160294980496, 0.1613212696736053275 ) ) ;
#31 = VERTEX_POINT ( 'NONE', #450 ) ;
#32 = ORIENTED_EDGE ( 'NONE', *, *, #745, .F. ) ;
#33 = EDGE_CURVE ( 'NONE', #913, #1220, #1366, .T. ) ;
#34 = PLANE ( 'NONE',  #1009 ) ;
#35 = ORIENTED_EDGE ( 'NONE', *, *, #95, .F. ) ;
#36 = VERTEX_POINT ( 'NONE', #448 ) ;
#37 = CARTESIAN_POINT ( 'NONE',  ( 0.07874015748031540363, -0.1574803149606308073, 0.2440944881889758333 ) ) ;
#38 = DIRECTION ( 'NONE',  ( 0.0000000000000000000, 1.000000000000000000, 3.491481338843133355E-15 ) ) ;
#39 = CARTESIAN_POINT ( 'NONE',  ( 0.09842309897307649491, -0.005723796777693179565, 0.1613200921277193056 ) ) ;
#40 = ORIENTED_EDGE ( 'NONE', *, *, #1307, .F. ) ;
#41 = EDGE_LOOP ( 'NONE', ( #1409, #1335, #770, #750, #1002, #814 ) ) ;
#42 = VECTOR ( 'NONE', #453, 39.37007874015748143 ) ;
#43 = CARTESIAN_POINT ( 'NONE',  ( 0.0000000000000000000, -0.1968503937007874127, -6.872994761502231387E-16 ) ) ;
#44 = DIRECTION ( 'NONE',  ( 0.0000000000000000000, 1.000000000000000000, 3.491481338843133355E-15 ) ) ;
#45 = AXIS2_PLACEMENT_3D ( 'NONE', #54, #309, #1093 ) ;
#46 = EDGE_CURVE ( 'NONE', #1209, #554, #1244, .T. ) ;
#47 = FACE_OUTER_BOUND ( 'NONE', #550, .T. ) ;
#48 = ORIENTED_EDGE ( 'NONE', *, *, #1077, .F. ) ;
#49 = FACE_OUTER_BOUND ( 'NONE', #645, .T. ) ;
#50 = ORIENTED_EDGE ( 'NONE', *, *, #243, .T. ) ;
#51 = LINE ( 'NONE', #527, #705 ) ;
#52 = CARTESIAN_POINT ( 'NONE',  ( 0.0000000000000000000, -0.1968503937007874127, -6.872994761502231387E-16 ) ) ;
#53 = ADVANCED_FACE ( 'NONE', ( #84, #456, #1136 ), #346, .T. ) ;
#54 = CARTESIAN_POINT ( 'NONE',  ( 0.0000000000000000000, -0.1968503937007877180, 0.07874015748031427953 ) ) ;
#55 = ADVANCED_FACE ( 'NONE', ( #229 ), #1239, .T. ) ;
#56 = CARTESIAN_POINT ( 'NONE',  ( 0.09841890972426037276, -0.005633082247055481301, 0.1613177406106028611 ) ) ;
#57 = EDGE_LOOP ( 'NONE', ( #757, #836 ) ) ;
#58 =( CONVERSION_BASED_UNIT ( 'INCH', #561 ) LENGTH_UNIT ( ) NAMED_UNIT ( #308 ) );
#59 = CIRCLE ( 'NONE', #894, 0.1594488188976377896 ) ;
#60 = CYLINDRICAL_SURFACE ( 'NONE', #458, 0.01181102362204724046 ) ;
#61 = ORIENTED_EDGE ( 'NONE', *, *, #120, .F. ) ;
#62 = CARTESIAN_POINT ( 'NONE',  ( 0.09251968503937041399, -5.515551532042305447E-16, 0.1579716743916445287 ) ) ;
#63 = LENGTH_MEASURE_WITH_UNIT ( LENGTH_MEASURE( 0.02539999999999999897 ), #1052 );
#64 = CARTESIAN_POINT ( 'NONE',  ( 0.1594488188976377896, -0.1771653543307087075, -6.334076537736312161E-16 ) ) ;
#65 = FILL_AREA_STYLE ('',( #658 ) ) ;
#66 = ORIENTED_EDGE ( 'NONE', *, *, #469, .F. ) ;
#67 = CARTESIAN_POINT ( 'NONE',  ( 0.0000000000000000000, -0.1437587347470926091, 0.06692913385826722295 ) ) ;
#68 = CLOSED_SHELL ( 'NONE', ( #1369, #430, #1411, #83, #832, #979, #362, #1280, #1177, #521, #747, #588, #709, #323, #193, #215, #790, #53, #519, #874, #737, #762, #1468, #852, #259, #835, #882, #271, #1341, #623, #9, #459, #220, #307, #351, #966, #1189, #478, #1026, #55, #717 ) ) ;
#69 = DIRECTION ( 'NONE',  ( 0.0000000000000000000, -1.000000000000000000, -3.491481338843132961E-15 ) ) ;
#70 = ORIENTED_EDGE ( 'NONE', *, *, #488, .T. ) ;
#71 = EDGE_CURVE ( 'NONE', #278, #922, #772, .T. ) ;
#72 = VECTOR ( 'NONE', #250, 39.37007874015748143 ) ;
#73 = DIRECTION ( 'NONE',  ( 0.0000000000000000000, -1.000000000000000000, -3.491481338843132961E-15 ) ) ;
#74 =( GEOMETRIC_REPRESENTATION_CONTEXT ( 3 ) GLOBAL_UNCERTAINTY_ASSIGNED_CONTEXT ( ( #1356 ) ) GLOBAL_UNIT_ASSIGNED_CONTEXT ( ( #355, #902, #1028 ) ) REPRESENTATION_CONTEXT ( 'NONE', 'WORKASPACE' ) );
#75 = VECTOR ( 'NONE', #1243, 39.37007874015748143 ) ;
#76 = DIRECTION ( 'NONE',  ( 0.0000000000000000000, -1.000000000000000000, -5.782411586589358822E-15 ) ) ;
#77 = APPLICATION_CONTEXT ( 'automotive_design' ) ;
#78 = DIRECTION ( 'NONE',  ( 0.0000000000000000000, -1.000000000000000000, -3.491481338843133355E-15 ) ) ;
#79 = VECTOR ( 'NONE', #528, 39.37007874015748143 ) ;
#80 = DIRECTION ( 'NONE',  ( -0.0000000000000000000, -1.000000000000000000, -3.491481338843133355E-15 ) ) ;
#81 = ORIENTED_EDGE ( 'NONE', *, *, #373, .T. ) ;
#82 = DIRECTION ( 'NONE',  ( 0.0000000000000000000, -1.000000000000000000, -3.491481338843133355E-15 ) ) ;
#83 = ADVANCED_FACE ( 'NONE', ( #886 ), #435, .T. ) ;
#84 = FACE_BOUND ( 'NONE', #502, .T. ) ;
#85 = DIRECTION ( 'NONE',  ( -1.000000000000000000, 0.0000000000000000000, -0.0000000000000000000 ) ) ;
#86 = DIRECTION ( 'NONE',  ( 0.0000000000000000000, -1.000000000000000000, -3.491481338843133355E-15 ) ) ;
#87 =( NAMED_UNIT ( * ) SI_UNIT ( $, .STERADIAN. ) SOLID_ANGLE_UNIT ( ) );
#88 = CARTESIAN_POINT ( 'NONE',  ( 0.0000000000000000000, -0.03937007874015747977, -1.374598952300446228E-16 ) ) ;
#89 = ORIENTED_EDGE ( 'NONE', *, *, #488, .F. ) ;
#90 = LINE ( 'NONE', #996, #1086 ) ;
#91 = DIRECTION ( 'NONE',  ( -3.919225989592118994E-15, 3.712950937508323216E-15, -1.000000000000000000 ) ) ;
#92 = VECTOR ( 'NONE', #1076, 39.37007874015748143 ) ;
#93 = SURFACE_STYLE_FILL_AREA ( #900 ) ;
#94 = DIRECTION ( 'NONE',  ( -1.000000000000000000, 3.740497495074990297E-15, 1.305987720204381360E-29 ) ) ;
#95 = EDGE_CURVE ( 'NONE', #1167, #1211, #118, .T. ) ;
#96 =( LENGTH_UNIT ( ) NAMED_UNIT ( * ) SI_UNIT ( $, .METRE. ) );
#97 = APPLICATION_CONTEXT ( 'automotive_design' ) ;
#98 =( NAMED_UNIT ( * ) SI_UNIT ( $, .STERADIAN. ) SOLID_ANGLE_UNIT ( ) );
#99 = LENGTH_MEASURE_WITH_UNIT ( LENGTH_MEASURE( 0.02539999999999999897 ), #1485 );
#100 = AXIS2_PLACEMENT_3D ( 'NONE', #283, #724, #170 ) ;
#101 = VECTOR ( 'NONE', #1000, 39.37007874015748143 ) ;
#102 = CARTESIAN_POINT ( 'NONE',  ( 0.0000000000000000000, -0.1771653543307089573, 0.07874015748031434891 ) ) ;
#103 = MECHANICAL_DESIGN_GEOMETRIC_PRESENTATION_REPRESENTATION (  '', ( #442 ), #931 ) ;
#104 = MECHANICAL_DESIGN_GEOMETRIC_PRESENTATION_REPRESENTATION (  '', ( #1116 ), #184 ) ;
#105 = LINE ( 'NONE', #549, #580 ) ;
#106 = PRODUCT_DEFINITION_CONTEXT ( 'detailed design', #77, 'design' ) ;
#107 =( CONVERSION_BASED_UNIT ( 'INCH', #1045 ) LENGTH_UNIT ( ) NAMED_UNIT ( #414 ) );
#108 = ORIENTED_EDGE ( 'NONE', *, *, #569, .T. ) ;
#109 = VERTEX_POINT ( 'NONE', #146 ) ;
#110 = CYLINDRICAL_SURFACE ( 'NONE', #248, 0.01181102362204724046 ) ;
#111 = CARTESIAN_POINT ( 'NONE',  ( -0.09251968503937010868, -5.515743184212482512E-16, 0.1579716743916446953 ) ) ;
#112 = DIRECTION ( 'NONE',  ( 0.0000000000000000000, 1.000000000000000000, 3.491481338843132961E-15 ) ) ;
#113 = EDGE_CURVE ( 'NONE', #1315, #517, #500, .T. ) ;
#114 =( NAMED_UNIT ( * ) SI_UNIT ( $, .STERADIAN. ) SOLID_ANGLE_UNIT ( ) );
#115 = EDGE_LOOP ( 'NONE', ( #1081, #944, #66, #48 ) ) ;
#116 = PRESENTATION_STYLE_ASSIGNMENT (( #685 ) ) ;
#117 = PLANE ( 'NONE',  #1322 ) ;
#118 = B_SPLINE_CURVE_WITH_KNOTS ( 'NONE', 3,
 ( #1382, #3, #378, #1415, #920, #492, #605, #936, #277, #265, #1398, #1065, #819, #927, #687, #710, #1390, #1055, #1298, #364, #30, #802 ),
 .UNSPECIFIED., .F., .F.,
 ( 4, 3, 3, 3, 3, 3, 3, 4 ),
 ( -2.636969706986578158E-06, 0.0000000000000000000, 5.134977540276294583E-05, 0.0001058159924108583008, 0.0001542605539900750362, 0.0001990377547665349149, 0.0002434649301356242958, 0.0002503360113376306871 ),
 .UNSPECIFIED. ) ;
#119 = FILL_AREA_STYLE ('',( #578 ) ) ;
#120 = EDGE_CURVE ( 'NONE', #1308, #1122, #137, .T. ) ;
#121 = PLANE ( 'NONE',  #1256 ) ;
#122 = DIRECTION ( 'NONE',  ( 0.0000000000000000000, 1.000000000000000000, 3.491481338843132961E-15 ) ) ;
#123 = AXIS2_PLACEMENT_3D ( 'NONE', #127, #464, #1154 ) ;
#124 = DIRECTION ( 'NONE',  ( -5.421010862427530059E-16, -1.000000000000000000, -3.491481338843132961E-15 ) ) ;
#125 = AXIS2_PLACEMENT_3D ( 'NONE', #533, #1128, #1444 ) ;
#126 = DIRECTION ( 'NONE',  ( 0.0000000000000000000, -1.000000000000000000, -3.491481338843132961E-15 ) ) ;
#127 = CARTESIAN_POINT ( 'NONE',  ( 0.0000000000000000000, -0.1968503937007874127, -6.872994761502231387E-16 ) ) ;
#128 = EDGE_LOOP ( 'NONE', ( #1181, #212, #876, #25 ) ) ;
#129 = AXIS2_PLACEMENT_3D ( 'NONE', #1017, #135, #573 ) ;
#130 = VERTEX_POINT ( 'NONE', #1496 ) ;
#131 = EDGE_CURVE ( 'NONE', #1129, #1391, #1290, .T. ) ;
#132 =( LENGTH_UNIT ( ) NAMED_UNIT ( * ) SI_UNIT ( $, .METRE. ) );
#133 = PLANE ( 'NONE',  #1112 ) ;
#134 = UNCERTAINTY_MEASURE_WITH_UNIT (LENGTH_MEASURE( 1.000000000000000082E-05 ), #1145, 'distance_accuracy_value', 'NONE');
#135 = DIRECTION ( 'NONE',  ( 0.0000000000000000000, -1.000000000000000000, -3.491481338843132961E-15 ) ) ;
#136 = CARTESIAN_POINT ( 'NONE',  ( 0.0000000000000000000, -0.3740157480314957317, -0.09055118110236350104 ) ) ;
#137 = LINE ( 'NONE', #591, #1371 ) ;
#138 = VERTEX_POINT ( 'NONE', #386 ) ;
#139 = ORIENTED_EDGE ( 'NONE', *, *, #255, .T. ) ;
#140 = CARTESIAN_POINT ( 'NONE',  ( -0.07874015748031457096, -0.01968503937007892376, 0.2440944881889763884 ) ) ;
#141 = ADVANCED_BREP_SHAPE_REPRESENTATION ( 'CUI_DEVICES_CMT-9605-85T', ( #1283, #11 ), #239 ) ;
#142 = AXIS2_PLACEMENT_3D ( 'NONE', #43, #190, #167 ) ;
#143 = DIRECTION ( 'NONE',  ( 0.0000000000000000000, -3.491481338843132961E-15, 1.000000000000000000 ) ) ;
#144 = EDGE_CURVE ( 'NONE', #1470, #611, #1173, .T. ) ;
#145 = CARTESIAN_POINT ( 'NONE',  ( 0.0000000000000000000, -0.3740157480314957872, -0.07874015748031626405 ) ) ;
#146 = CARTESIAN_POINT ( 'NONE',  ( 0.0000000000000000000, -0.1968503937007871352, -0.09055118110236289042 ) ) ;
#147 = VERTEX_POINT ( 'NONE', #912 ) ;
#148 = ORIENTED_EDGE ( 'NONE', *, *, #144, .F. ) ;
#149 = CARTESIAN_POINT ( 'NONE',  ( 0.07874015748031538975, -0.04724409448818932961, 0.2440944881889762774 ) ) ;
#150 = DIRECTION ( 'NONE',  ( 0.0000000000000000000, -1.000000000000000000, -3.491481338843132961E-15 ) ) ;
#151 = CARTESIAN_POINT ( 'NONE',  ( -0.07874015748031457096, -0.03937007874015747977, -1.374598952300446228E-16 ) ) ;
#152 = AXIS2_PLACEMENT_3D ( 'NONE', #233, #682, #477 ) ;
#153 = PRODUCT_DEFINITION ( 'UNKNOWN', '', #557, #106 ) ;
#154 = CARTESIAN_POINT ( 'NONE',  ( 0.09842519685039392840, -0.005905511811024210037, 0.1613212696736051888 ) ) ;
#155 = VECTOR ( 'NONE', #1397, 39.37007874015748143 ) ;
#156 = CARTESIAN_POINT ( 'NONE',  ( 2.410722045565655762E-18, -0.1968503937007871074, -0.09842519685039438637 ) ) ;
#157 = ORIENTED_EDGE ( 'NONE', *, *, #1491, .F. ) ;
#158 =( GEOMETRIC_REPRESENTATION_CONTEXT ( 3 ) GLOBAL_UNCERTAINTY_ASSIGNED_CONTEXT ( ( #1428 ) ) GLOBAL_UNIT_ASSIGNED_CONTEXT ( ( #58, #988, #218 ) ) REPRESENTATION_CONTEXT ( 'NONE', 'WORKASPACE' ) );
#159 = VECTOR ( 'NONE', #126, 39.37007874015748143 ) ;
#160 = ORIENTED_EDGE ( 'NONE', *, *, #131, .T. ) ;
#161 = CARTESIAN_POINT ( 'NONE',  ( -0.07874015748031457096, -0.04724409448818849000, 0.08661417322834628896 ) ) ;
#162 = LINE ( 'NONE', #610, #690 ) ;
#163 = ORIENTED_EDGE ( 'NONE', *, *, #166, .T. ) ;
#164 = EDGE_CURVE ( 'NONE', #868, #990, #357, .T. ) ;
#165 = ORIENTED_EDGE ( 'NONE', *, *, #1007, .F. ) ;
#166 = EDGE_CURVE ( 'NONE', #36, #267, #348, .T. ) ;
#167 = DIRECTION ( 'NONE',  ( -1.000000000000000000, 0.0000000000000000000, 0.0000000000000000000 ) ) ;
#168 = CARTESIAN_POINT ( 'NONE',  ( 0.1594488188976377896, -0.1968503937007874127, -6.334076537736302300E-16 ) ) ;
#169 = DIMENSIONAL_EXPONENTS ( 1.000000000000000000, 0.0000000000000000000, 0.0000000000000000000, 0.0000000000000000000, 0.0000000000000000000, 0.0000000000000000000, 0.0000000000000000000 ) ;
#170 = DIRECTION ( 'NONE',  ( 0.0000000000000000000, 3.491481338843132961E-15, -1.000000000000000000 ) ) ;
#171 = PRESENTATION_STYLE_ASSIGNMENT (( #849 ) ) ;
#172 = CYLINDRICAL_SURFACE ( 'NONE', #484, 0.1594488188976377896 ) ;
#173 = VERTEX_POINT ( 'NONE', #256 ) ;
#174 = SURFACE_STYLE_FILL_AREA ( #951 ) ;
#175 = EDGE_LOOP ( 'NONE', ( #592, #859, #1446, #258 ) ) ;
#176 = FACE_OUTER_BOUND ( 'NONE', #416, .T. ) ;
#177 = EDGE_CURVE ( 'NONE', #1209, #542, #796, .T. ) ;
#178 = VECTOR ( 'NONE', #696, 39.37007874015748143 ) ;
#179 = EDGE_LOOP ( 'NONE', ( #703, #302 ) ) ;
#180 = AXIS2_PLACEMENT_3D ( 'NONE', #756, #644, #994 ) ;
#181 = VERTEX_POINT ( 'NONE', #1285 ) ;
#182 = VECTOR ( 'NONE', #1229, 39.37007874015748143 ) ;
#183 = LINE ( 'NONE', #37, #921 ) ;
#184 =( GEOMETRIC_REPRESENTATION_CONTEXT ( 3 ) GLOBAL_UNCERTAINTY_ASSIGNED_CONTEXT ( ( #240 ) ) GLOBAL_UNIT_ASSIGNED_CONTEXT ( ( #107, #791, #1274 ) ) REPRESENTATION_CONTEXT ( 'NONE', 'WORKASPACE' ) );
#185 = CARTESIAN_POINT ( 'NONE',  ( 0.09650829812255587448, -0.001512302855492889293, 0.1602418987007113993 ) ) ;
#186 = CARTESIAN_POINT ( 'NONE',  ( 0.0000000000000000000, -0.3740157480314963423, 0.07874015748031366890 ) ) ;
#187 = ORIENTED_EDGE ( 'NONE', *, *, #1158, .F. ) ;
#188 = CARTESIAN_POINT ( 'NONE',  ( 0.07874015748031538975, -0.04724409448818906593, 0.1386503279759081220 ) ) ;
#189 = VERTEX_POINT ( 'NONE', #597 ) ;
#190 = DIRECTION ( 'NONE',  ( 0.0000000000000000000, 1.000000000000000000, 3.491481338843133355E-15 ) ) ;
#191 = DIRECTION ( 'NONE',  ( -1.000000000000000000, 0.0000000000000000000, 0.0000000000000000000 ) ) ;
#192 = CARTESIAN_POINT ( 'NONE',  ( 0.0000000000000000000, -0.03937007874015777814, 0.08661417322834633059 ) ) ;
#193 = ADVANCED_FACE ( 'NONE', ( #292 ), #720, .F. ) ;
#194 = CARTESIAN_POINT ( 'NONE',  ( -0.1594488188976377896, -0.1771653543307087075, -6.529345023427130862E-16 ) ) ;
#195 = VERTEX_POINT ( 'NONE', #1096 ) ;
#196 = CARTESIAN_POINT ( 'NONE',  ( -0.07874015748031451545, -0.08661417322834613630, 0.2440944881889761664 ) ) ;
#197 = PRESENTATION_LAYER_ASSIGNMENT (  '', '', ( #617 ) ) ;
#198 =( CONVERSION_BASED_UNIT ( 'INCH', #962 ) LENGTH_UNIT ( ) NAMED_UNIT ( #959 ) );
#199 = ORIENTED_EDGE ( 'NONE', *, *, #336, .F. ) ;
#200 = PLANE ( 'NONE',  #1146 ) ;
#201 = DIMENSIONAL_EXPONENTS ( 1.000000000000000000, 0.0000000000000000000, 0.0000000000000000000, 0.0000000000000000000, 0.0000000000000000000, 0.0000000000000000000, 0.0000000000000000000 ) ;
#202 = DIRECTION ( 'NONE',  ( 0.0000000000000000000, -1.000000000000000000, -3.491481338843133355E-15 ) ) ;
#203 = ORIENTED_EDGE ( 'NONE', *, *, #46, .F. ) ;
#204 = EDGE_CURVE ( 'NONE', #871, #1270, #162, .T. ) ;
#205 = CARTESIAN_POINT ( 'NONE',  ( 0.0000000000000000000, -0.1968503937007874127, -6.872994761502231387E-16 ) ) ;
#206 = ORIENTED_EDGE ( 'NONE', *, *, #1228, .F. ) ;
#207 =( CONVERSION_BASED_UNIT ( 'INCH', #662 ) LENGTH_UNIT ( ) NAMED_UNIT ( #317 ) );
#208 = AXIS2_PLACEMENT_3D ( 'NONE', #475, #676, #924 ) ;
#209 = STYLED_ITEM ( 'NONE', ( #1144 ), #832 ) ;
#210 = LENGTH_MEASURE_WITH_UNIT ( LENGTH_MEASURE( 0.02539999999999999897 ), #1234 );
#211 = VECTOR ( 'NONE', #748, 39.37007874015748143 ) ;
#212 = ORIENTED_EDGE ( 'NONE', *, *, #614, .F. ) ;
#213 = FACE_OUTER_BOUND ( 'NONE', #969, .T. ) ;
#214 = DIRECTION ( 'NONE',  ( 0.0000000000000000000, 1.000000000000000000, 5.782411586589357244E-15 ) ) ;
#215 = ADVANCED_FACE ( 'NONE', ( #47 ), #172, .F. ) ;
#216 = SURFACE_SIDE_STYLE ('',( #1020 ) ) ;
#217 = SURFACE_STYLE_FILL_AREA ( #667 ) ;
#218 =( NAMED_UNIT ( * ) SI_UNIT ( $, .STERADIAN. ) SOLID_ANGLE_UNIT ( ) );
#219 = LINE ( 'NONE', #1368, #656 ) ;
#220 = ADVANCED_FACE ( 'NONE', ( #513 ), #1079, .F. ) ;
#221 = DIRECTION ( 'NONE',  ( 0.0000000000000000000, 2.891205793294679411E-15, -1.000000000000000000 ) ) ;
#222 = PLANE ( 'NONE',  #125 ) ;
#223 =( CONVERSION_BASED_UNIT ( 'INCH', #99 ) LENGTH_UNIT ( ) NAMED_UNIT ( #1420 ) );
#224 = AXIS2_PLACEMENT_3D ( 'NONE', #1445, #1089, #612 ) ;
#225 = EDGE_CURVE ( 'NONE', #181, #1073, #273, .T. ) ;
#226 = DIRECTION ( 'NONE',  ( 0.0000000000000000000, 1.000000000000000000, 3.491481338843132961E-15 ) ) ;
#227 = STYLED_ITEM ( 'NONE', ( #1178 ), #709 ) ;
#228 = CIRCLE ( 'NONE', #396, 0.01968503937007873988 ) ;
#229 = FACE_OUTER_BOUND ( 'NONE', #115, .T. ) ;
#230 =( NAMED_UNIT ( * ) PLANE_ANGLE_UNIT ( ) SI_UNIT ( $, .RADIAN. ) );
#231 = FILL_AREA_STYLE ('',( #1259 ) ) ;
#232 = CARTESIAN_POINT ( 'NONE',  ( 1.446433227339393110E-18, -0.1437587347470926646, 0.09055118110236171081 ) ) ;
#233 = CARTESIAN_POINT ( 'NONE',  ( -0.07874015748031457096, -0.04724409448818849000, 0.08661417322834628896 ) ) ;
#234 = EDGE_CURVE ( 'NONE', #1073, #181, #1182, .T. ) ;
#235 = CARTESIAN_POINT ( 'NONE',  ( 0.0000000000000000000, -0.1968503937007872462, -0.05905511811023690660 ) ) ;
#236 = FILL_AREA_STYLE ('',( #661 ) ) ;
#237 = SURFACE_SIDE_STYLE ('',( #794 ) ) ;
#238 = FILL_AREA_STYLE ('',( #706 ) ) ;
#239 =( GEOMETRIC_REPRESENTATION_CONTEXT ( 3 ) GLOBAL_UNCERTAINTY_ASSIGNED_CONTEXT ( ( #498 ) ) GLOBAL_UNIT_ASSIGNED_CONTEXT ( ( #207, #1346, #98 ) ) REPRESENTATION_CONTEXT ( 'NONE', 'WORKASPACE' ) );
#240 = UNCERTAINTY_MEASURE_WITH_UNIT (LENGTH_MEASURE( 1.000000000000000082E-05 ), #107, 'distance_accuracy_value', 'NONE');
#241 = LENGTH_MEASURE_WITH_UNIT ( LENGTH_MEASURE( 0.02539999999999999897 ), #1342 );
#242 = ORIENTED_EDGE ( 'NONE', *, *, #46, .T. ) ;
#243 = EDGE_CURVE ( 'NONE', #1367, #863, #1051, .T. ) ;
#244 = ORIENTED_EDGE ( 'NONE', *, *, #896, .T. ) ;
#245 = CARTESIAN_POINT ( 'NONE',  ( 0.09842519685039380350, -0.1968503937007879678, 0.1613212696736045781 ) ) ;
#246 = DIRECTION ( 'NONE',  ( 0.0000000000000000000, -1.000000000000000000, -3.491481338843132961E-15 ) ) ;
#247 = AXIS2_PLACEMENT_3D ( 'NONE', #862, #409, #1210 ) ;
#248 = AXIS2_PLACEMENT_3D ( 'NONE', #1462, #1218, #646 ) ;
#249 = CYLINDRICAL_SURFACE ( 'NONE', #123, 0.1594488188976377896 ) ;
#250 = DIRECTION ( 'NONE',  ( 0.0000000000000000000, 1.000000000000000000, 3.491481338843132961E-15 ) ) ;
#251 = EDGE_LOOP ( 'NONE', ( #457, #697, #741, #1047 ) ) ;
#252 = COLOUR_RGB ( '',0.8274509803921568096, 0.6666666666666666297, 0.1294117647058823373 ) ;
#253 = EDGE_LOOP ( 'NONE', ( #825, #752, #139, #799, #61, #1408 ) ) ;
#254 = LINE ( 'NONE', #26, #8 ) ;
#255 = EDGE_CURVE ( 'NONE', #138, #1472, #1373, .T. ) ;
#256 = CARTESIAN_POINT ( 'NONE',  ( 0.09251968503937049726, -8.522513504262768143E-16, 0.2440944881889764440 ) ) ;
#257 = ORIENTED_EDGE ( 'NONE', *, *, #547, .F. ) ;
#258 = ORIENTED_EDGE ( 'NONE', *, *, #637, .T. ) ;
#259 = ADVANCED_FACE ( 'NONE', ( #10 ), #117, .T. ) ;
#260 = LINE ( 'NONE', #382, #383 ) ;
#261 = DIRECTION ( 'NONE',  ( 0.0000000000000000000, 2.891205793294679411E-15, -1.000000000000000000 ) ) ;
#262 = CIRCLE ( 'NONE', #1022, 0.1889763779527559029 ) ;
#263 = CARTESIAN_POINT ( 'NONE',  ( -0.09842519685039370636, -0.005905511811024184016, 0.1613212696736054663 ) ) ;
#264 = DIRECTION ( 'NONE',  ( 0.0000000000000000000, 1.000000000000000000, 3.491481338843133355E-15 ) ) ;
#265 = CARTESIAN_POINT ( 'NONE',  ( -0.09604442595952469852, -0.001167234571769426577, 0.1599793387190704408 ) ) ;
#266 = EDGE_LOOP ( 'NONE', ( #481, #1286, #1320, #826 ) ) ;
#267 = VERTEX_POINT ( 'NONE', #462 ) ;
#268 = CARTESIAN_POINT ( 'NONE',  ( 0.0000000000000000000, -0.1771653543307087075, -6.185695285352007657E-16 ) ) ;
#269 =( LENGTH_UNIT ( ) NAMED_UNIT ( * ) SI_UNIT ( $, .METRE. ) );
#270 = AXIS2_PLACEMENT_3D ( 'NONE', #765, #1463, #574 ) ;
#271 = ADVANCED_FACE ( 'NONE', ( #708 ), #1261, .F. ) ;
#272 = DIRECTION ( 'NONE',  ( -1.239088197126309996E-15, -1.000000000000000000, -3.491481338843132961E-15 ) ) ;
#273 = CIRCLE ( 'NONE', #784, 0.01181102362204724046 ) ;
#274 = LINE ( 'NONE', #818, #211 ) ;
#275 = VECTOR ( 'NONE', #983, 39.37007874015748143 ) ;
#276 = CARTESIAN_POINT ( 'NONE',  ( 0.09319439598461604080, -9.604943009645451588E-06, 0.1583583085586273975 ) ) ;
#277 = CARTESIAN_POINT ( 'NONE',  ( -0.09552333457269041039, -0.0007796016745006678758, 0.1596843916283318954 ) ) ;
#278 = VERTEX_POINT ( 'NONE', #486 ) ;
#279 = COLOUR_RGB ( '',0.8274509803921568096, 0.6666666666666666297, 0.1294117647058823373 ) ;
#280 = ORIENTED_EDGE ( 'NONE', *, *, #1001, .F. ) ;
#281 = CARTESIAN_POINT ( 'NONE',  ( 0.0000000000000000000, -0.005905511811023654925, -2.061898428450679881E-17 ) ) ;
#282 = SURFACE_STYLE_FILL_AREA ( #1303 ) ;
#283 = CARTESIAN_POINT ( 'NONE',  ( 0.0000000000000000000, -0.1456692913385826960, -5.086016123511651463E-16 ) ) ;
#284 = DIMENSIONAL_EXPONENTS ( 1.000000000000000000, 0.0000000000000000000, 0.0000000000000000000, 0.0000000000000000000, 0.0000000000000000000, 0.0000000000000000000, 0.0000000000000000000 ) ;
#285 = ORIENTED_EDGE ( 'NONE', *, *, #446, .F. ) ;
#286 = EDGE_CURVE ( 'NONE', #138, #1217, #1029, .T. ) ;
#287 = PLANE ( 'NONE',  #247 ) ;
#288 = ORIENTED_EDGE ( 'NONE', *, *, #469, .T. ) ;
#289 = FACE_OUTER_BOUND ( 'NONE', #842, .T. ) ;
#290 = PRESENTATION_LAYER_ASSIGNMENT (  '', '', ( #847 ) ) ;
#291 = CARTESIAN_POINT ( 'NONE',  ( 0.0000000000000000000, -0.1968503937007871629, -0.07874015748031565343 ) ) ;
#292 = FACE_OUTER_BOUND ( 'NONE', #1300, .T. ) ;
#293 = ORIENTED_EDGE ( 'NONE', *, *, #1016, .F. ) ;
#294 =( NAMED_UNIT ( * ) SI_UNIT ( $, .STERADIAN. ) SOLID_ANGLE_UNIT ( ) );
#295 = ORIENTED_EDGE ( 'NONE', *, *, #1125, .T. ) ;
#296 = EDGE_CURVE ( 'NONE', #1402, #22, #1306, .T. ) ;
#297 = DIRECTION ( 'NONE',  ( 0.0000000000000000000, 3.491481338843132961E-15, -1.000000000000000000 ) ) ;
#298 = SURFACE_STYLE_USAGE ( .BOTH. , #1050 ) ;
#299 = CIRCLE ( 'NONE', #270, 0.1889763779527559029 ) ;
#300 = CARTESIAN_POINT ( 'NONE',  ( 0.09434713400811109429, -0.0002898640285516998786, 0.1590157389541905775 ) ) ;
#301 = AXIS2_PLACEMENT_3D ( 'NONE', #1312, #523, #968 ) ;
#302 = ORIENTED_EDGE ( 'NONE', *, *, #1268, .T. ) ;
#303 = DIRECTION ( 'NONE',  ( 0.0000000000000000000, -1.000000000000000000, -5.782411586589357244E-15 ) ) ;
#304 = EDGE_LOOP ( 'NONE', ( #622, #14, #688, #473 ) ) ;
#305 = VECTOR ( 'NONE', #1030, 39.37007874015748143 ) ;
#306 = LINE ( 'NONE', #1082, #1466 ) ;
#307 = ADVANCED_FACE ( 'NONE', ( #856 ), #1214, .T. ) ;
#308 = DIMENSIONAL_EXPONENTS ( 1.000000000000000000, 0.0000000000000000000, 0.0000000000000000000, 0.0000000000000000000, 0.0000000000000000000, 0.0000000000000000000, 0.0000000000000000000 ) ;
#309 = DIRECTION ( 'NONE',  ( 0.0000000000000000000, 1.000000000000000000, 3.491481338843133355E-15 ) ) ;
#310 = CARTESIAN_POINT ( 'NONE',  ( 0.07874015748031538975, -0.1259842519685042683, 0.2047244094488184785 ) ) ;
#311 = SURFACE_SIDE_STYLE ('',( #975 ) ) ;
#312 = ORIENTED_EDGE ( 'NONE', *, *, #164, .F. ) ;
#313 = FACE_OUTER_BOUND ( 'NONE', #501, .T. ) ;
#314 = SURFACE_STYLE_USAGE ( .BOTH. , #515 ) ;
#315 = ORIENTED_EDGE ( 'NONE', *, *, #177, .T. ) ;
#316 = CARTESIAN_POINT ( 'NONE',  ( -0.09842519685039329003, -0.1259842519685044071, 0.2440944881889763884 ) ) ;
#317 = DIMENSIONAL_EXPONENTS ( 1.000000000000000000, 0.0000000000000000000, 0.0000000000000000000, 0.0000000000000000000, 0.0000000000000000000, 0.0000000000000000000, 0.0000000000000000000 ) ;
#318 = ORIENTED_EDGE ( 'NONE', *, *, #255, .F. ) ;
#319 = DIRECTION ( 'NONE',  ( 3.035766082959410049E-15, 1.000000000000000000, 3.491481338843132961E-15 ) ) ;
#320 = COLOUR_RGB ( '',0.2980392156862745057, 0.2980392156862745057, 0.2980392156862745057 ) ;
#321 = EDGE_LOOP ( 'NONE', ( #640, #1417, #1383, #1352 ) ) ;
#322 = FACE_OUTER_BOUND ( 'NONE', #727, .T. ) ;
#323 = ADVANCED_FACE ( 'NONE', ( #49 ), #844, .T. ) ;
#324 = ORIENTED_EDGE ( 'NONE', *, *, #1104, .T. ) ;
#325 = EDGE_CURVE ( 'NONE', #130, #542, #415, .T. ) ;
#326 = DIRECTION ( 'NONE',  ( 0.0000000000000000000, 1.000000000000000000, 3.491481338843133355E-15 ) ) ;
#327 = DIRECTION ( 'NONE',  ( 1.000000000000000000, 7.873781037753954536E-30, -2.255140518769850012E-15 ) ) ;
#328 = AXIS2_PLACEMENT_3D ( 'NONE', #985, #1187, #1453 ) ;
#329 = STYLED_ITEM ( 'NONE', ( #867 ), #521 ) ;
#330 = COLOUR_RGB ( '',0.8274509803921568096, 0.6666666666666666297, 0.1294117647058823373 ) ;
#331 = CYLINDRICAL_SURFACE ( 'NONE', #715, 0.01181102362204724046 ) ;
#332 = MECHANICAL_DESIGN_GEOMETRIC_PRESENTATION_REPRESENTATION (  '', ( #567 ), #1137 ) ;
#333 = ORIENTED_EDGE ( 'NONE', *, *, #1400, .T. ) ;
#334 = CARTESIAN_POINT ( 'NONE',  ( 0.0000000000000000000, -0.1968503937007877180, 0.07874015748031427953 ) ) ;
#335 = ORIENTED_EDGE ( 'NONE', *, *, #1226, .T. ) ;
#336 = EDGE_CURVE ( 'NONE', #785, #711, #743, .T. ) ;
#337 = FACE_OUTER_BOUND ( 'NONE', #1483, .T. ) ;
#338 = SURFACE_SIDE_STYLE ('',( #93 ) ) ;
#339 = DIRECTION ( 'NONE',  ( 0.0000000000000000000, 3.469446951953614189E-15, -1.000000000000000000 ) ) ;
#340 = SURFACE_STYLE_FILL_AREA ( #65 ) ;
#341 = PLANE ( 'NONE',  #766 ) ;
#342 = EDGE_LOOP ( 'NONE', ( #1337, #1012 ) ) ;
#343 = EDGE_CURVE ( 'NONE', #1258, #1308, #1309, .T. ) ;
#344 = DIRECTION ( 'NONE',  ( -1.000000000000000000, 0.0000000000000000000, -8.881784197001252323E-16 ) ) ;
#345 = PLANE ( 'NONE',  #129 ) ;
#346 = PLANE ( 'NONE',  #510 ) ;
#347 = DIRECTION ( 'NONE',  ( 0.0000000000000000000, 1.000000000000000000, 3.491481338843132961E-15 ) ) ;
#348 = CIRCLE ( 'NONE', #1422, 0.01968503937007873988 ) ;
#349 = VECTOR ( 'NONE', #1340, 39.37007874015748143 ) ;
#350 = AXIS2_PLACEMENT_3D ( 'NONE', #441, #85, #1357 ) ;
#351 = ADVANCED_FACE ( 'NONE', ( #1219 ), #287, .F. ) ;
#352 = AXIS2_PLACEMENT_3D ( 'NONE', #1126, #681, #1252 ) ;
#353 = CARTESIAN_POINT ( 'NONE',  ( 0.09251968503937049726, -0.005905511811024474582, 0.2440944881889764162 ) ) ;
#354 = FACE_BOUND ( 'NONE', #514, .T. ) ;
#355 =( CONVERSION_BASED_UNIT ( 'INCH', #241 ) LENGTH_UNIT ( ) NAMED_UNIT ( #1191 ) );
#356 = CARTESIAN_POINT ( 'NONE',  ( -0.07874015748031457096, -0.01968503937007855253, 0.1386503279759082330 ) ) ;
#357 = LINE ( 'NONE', #1165, #562 ) ;
#358 = ORIENTED_EDGE ( 'NONE', *, *, #949, .F. ) ;
#359 = FACE_OUTER_BOUND ( 'NONE', #179, .T. ) ;
#360 = CIRCLE ( 'NONE', #1386, 0.1594488188976377896 ) ;
#361 = CARTESIAN_POINT ( 'NONE',  ( 0.07874015748031538975, -0.08661417322834678856, 0.2047244094488186172 ) ) ;
#362 = ADVANCED_FACE ( 'NONE', ( #1331 ), #60, .T. ) ;
#363 = FILL_AREA_STYLE_COLOUR ( '', #810 ) ;
#364 = CARTESIAN_POINT ( 'NONE',  ( -0.09842309897307618960, -0.005723796777693150074, 0.1613200921277194722 ) ) ;
#365 = EDGE_LOOP ( 'NONE', ( #1166, #312, #206, #1188 ) ) ;
#366 = CARTESIAN_POINT ( 'NONE',  ( 0.07874015748031538975, -0.04724409448818896184, 0.1386503279759079277 ) ) ;
#367 = VECTOR ( 'NONE', #143, 39.37007874015748143 ) ;
#368 = DIRECTION ( 'NONE',  ( 0.0000000000000000000, 1.000000000000000000, 3.491481338843133355E-15 ) ) ;
#369 = DIRECTION ( 'NONE',  ( 0.0000000000000000000, -1.000000000000000000, -3.491481338843133355E-15 ) ) ;
#370 = ORIENTED_EDGE ( 'NONE', *, *, #575, .F. ) ;
#371 = AXIS2_PLACEMENT_3D ( 'NONE', #1288, #202, #942 ) ;
#372 = ORIENTED_EDGE ( 'NONE', *, *, #1149, .T. ) ;
#373 = EDGE_CURVE ( 'NONE', #1270, #1308, #1109, .T. ) ;
#374 = SURFACE_STYLE_USAGE ( .BOTH. , #607 ) ;
#375 = CARTESIAN_POINT ( 'NONE',  ( 0.0000000000000000000, 0.0000000000000000000, 1.137360203378288922E-32 ) ) ;
#376 = UNCERTAINTY_MEASURE_WITH_UNIT (LENGTH_MEASURE( 1.000000000000000082E-05 ), #1484, 'distance_accuracy_value', 'NONE');
#377 = LINE ( 'NONE', #1024, #1493 ) ;
#378 = CARTESIAN_POINT ( 'NONE',  ( -0.09257973341211930829, -2.289612232516404882E-07, 0.1580060919971969235 ) ) ;
#379 = ORIENTED_EDGE ( 'NONE', *, *, #543, .F. ) ;
#380 = EDGE_LOOP ( 'NONE', ( #1332, #507, #1097, #928 ) ) ;
#381 = EDGE_CURVE ( 'NONE', #1122, #1472, #20, .T. ) ;
#382 = CARTESIAN_POINT ( 'NONE',  ( -0.09842519685039329003, -0.04724409448818944063, 0.2440944881889766105 ) ) ;
#383 = VECTOR ( 'NONE', #1282, 39.37007874015748143 ) ;
#384 = CIRCLE ( 'NONE', #405, 0.1594488188976377896 ) ;
#385 = PLANE ( 'NONE',  #716 ) ;
#386 = CARTESIAN_POINT ( 'NONE',  ( 0.07874015748031540363, -0.01968503937007927418, 0.2440944881889763884 ) ) ;
#387 = ORIENTED_EDGE ( 'NONE', *, *, #391, .F. ) ;
#388 = ORIENTED_EDGE ( 'NONE', *, *, #755, .T. ) ;
#389 = DIRECTION ( 'NONE',  ( 0.0000000000000000000, 1.000000000000000000, 3.491481338843133355E-15 ) ) ;
#390 = CYLINDRICAL_SURFACE ( 'NONE', #565, 0.01968503937007873988 ) ;
#391 = EDGE_CURVE ( 'NONE', #871, #278, #956, .T. ) ;
#392 = VECTOR ( 'NONE', #272, 39.37007874015748143 ) ;
#393 = CIRCLE ( 'NONE', #631, 0.01181102362204724046 ) ;
#394 = CARTESIAN_POINT ( 'NONE',  ( 0.09257973341211961360, -2.289612232514970750E-07, 0.1580060919971967015 ) ) ;
#395 = VERTEX_POINT ( 'NONE', #1376 ) ;
#396 = AXIS2_PLACEMENT_3D ( 'NONE', #909, #1140, #663 ) ;
#397 = ORIENTED_EDGE ( 'NONE', *, *, #33, .T. ) ;
#398 = DIRECTION ( 'NONE',  ( 0.0000000000000000000, -1.000000000000000000, -3.491481338843133355E-15 ) ) ;
#399 = VERTEX_POINT ( 'NONE', #1147 ) ;
#400 =( NAMED_UNIT ( * ) PLANE_ANGLE_UNIT ( ) SI_UNIT ( $, .RADIAN. ) );
#401 = VERTEX_POINT ( 'NONE', #136 ) ;
#402 = DIRECTION ( 'NONE',  ( 0.0000000000000000000, -1.000000000000000000, -3.491481338843133355E-15 ) ) ;
#403 =( CONVERSION_BASED_UNIT ( 'INCH', #941 ) LENGTH_UNIT ( ) NAMED_UNIT ( #522 ) );
#404 = DIRECTION ( 'NONE',  ( 0.0000000000000000000, -3.491481338843132961E-15, 1.000000000000000000 ) ) ;
#405 = AXIS2_PLACEMENT_3D ( 'NONE', #268, #1176, #503 ) ;
#406 = FILL_AREA_STYLE_COLOUR ( '', #1396 ) ;
#407 = DIRECTION ( 'NONE',  ( 0.0000000000000000000, -1.000000000000000000, -3.491481338843133355E-15 ) ) ;
#408 = EDGE_LOOP ( 'NONE', ( #1107, #630 ) ) ;
#409 = DIRECTION ( 'NONE',  ( 0.0000000000000000000, -1.000000000000000000, -3.491481338843132961E-15 ) ) ;
#410 = ORIENTED_EDGE ( 'NONE', *, *, #164, .T. ) ;
#411 = EDGE_CURVE ( 'NONE', #36, #952, #1263, .T. ) ;
#412 = DIRECTION ( 'NONE',  ( 0.0000000000000000000, -1.000000000000000000, -3.491481338843133355E-15 ) ) ;
#413 = DIRECTION ( 'NONE',  ( 0.0000000000000000000, 3.469446951953614189E-15, -1.000000000000000000 ) ) ;
#414 = DIMENSIONAL_EXPONENTS ( 1.000000000000000000, 0.0000000000000000000, 0.0000000000000000000, 0.0000000000000000000, 0.0000000000000000000, 0.0000000000000000000, 0.0000000000000000000 ) ;
#415 = CIRCLE ( 'NONE', #1083, 0.005905511811023621965 ) ;
#416 = EDGE_LOOP ( 'NONE', ( #387, #1175, #89, #937 ) ) ;
#417 = CIRCLE ( 'NONE', #511, 0.01181102362204724046 ) ;
#418 = FACE_OUTER_BOUND ( 'NONE', #761, .T. ) ;
#419 = CARTESIAN_POINT ( 'NONE',  ( -0.09251968503936978949, -0.005905511811024472847, 0.2440944881889767493 ) ) ;
#420 = ORIENTED_EDGE ( 'NONE', *, *, #1388, .F. ) ;
#421 = PRESENTATION_LAYER_ASSIGNMENT (  '', '', ( #1135 ) ) ;
#422 = CARTESIAN_POINT ( 'NONE',  ( 0.0000000000000000000, -0.1968503937007877180, 0.07874015748031427953 ) ) ;
#423 = EDGE_CURVE ( 'NONE', #1209, #1454, #1389, .T. ) ;
#424 = SURFACE_SIDE_STYLE ('',( #1171 ) ) ;
#425 = DIRECTION ( 'NONE',  ( 0.0000000000000000000, -1.000000000000000000, -3.491481338843133355E-15 ) ) ;
#426 = SURFACE_STYLE_USAGE ( .BOTH. , #1452 ) ;
#427 = ORIENTED_EDGE ( 'NONE', *, *, #411, .F. ) ;
#428 = FACE_OUTER_BOUND ( 'NONE', #845, .T. ) ;
#429 = ORIENTED_EDGE ( 'NONE', *, *, #343, .T. ) ;
#430 = ADVANCED_FACE ( 'NONE', ( #1406 ), #249, .F. ) ;
#431 = CARTESIAN_POINT ( 'NONE',  ( 0.07874015748031538975, -0.1259842519685044071, 0.2440944881889759721 ) ) ;
#432 = EDGE_CURVE ( 'NONE', #1258, #1217, #590, .T. ) ;
#433 = ORIENTED_EDGE ( 'NONE', *, *, #1001, .T. ) ;
#434 = DIRECTION ( 'NONE',  ( 2.475300625005554859E-15, -3.712950937508331893E-15, 1.000000000000000000 ) ) ;
#435 = CYLINDRICAL_SURFACE ( 'NONE', #1348, 0.01968503937007873988 ) ;
#436 = DIRECTION ( 'NONE',  ( 0.0000000000000000000, 0.0000000000000000000, 1.000000000000000000 ) ) ;
#437 = ORIENTED_EDGE ( 'NONE', *, *, #1119, .F. ) ;
#438 = CARTESIAN_POINT ( 'NONE',  ( -0.07874015748031457096, -0.01968503937007837559, 0.08661417322834639998 ) ) ;
#439 = PRESENTATION_LAYER_ASSIGNMENT (  '', '', ( #600 ) ) ;
#440 = CIRCLE ( 'NONE', #739, 0.01968503937007873988 ) ;
#441 = CARTESIAN_POINT ( 'NONE',  ( 0.0000000000000000000, -0.005905511811022981852, -0.1830708661417323191 ) ) ;
#442 = STYLED_ITEM ( 'NONE', ( #1347 ), #747 ) ;
#443 = DIRECTION ( 'NONE',  ( 0.0000000000000000000, 3.469446951953614189E-15, -1.000000000000000000 ) ) ;
#444 = LINE ( 'NONE', #310, #349 ) ;
#445 = CIRCLE ( 'NONE', #1184, 0.1594488188976377896 ) ;
#446 = EDGE_CURVE ( 'NONE', #704, #109, #417, .T. ) ;
#447 = CARTESIAN_POINT ( 'NONE',  ( 0.0000000000000000000, -0.1968503937007876903, 0.06692913385826704253 ) ) ;
#448 = CARTESIAN_POINT ( 'NONE',  ( 2.410722045565659999E-18, -0.1968503937007871074, -0.09842519685039438637 ) ) ;
#449 = DIRECTION ( 'NONE',  ( 0.0000000000000000000, 5.782411586589358822E-15, -1.000000000000000000 ) ) ;
#450 = CARTESIAN_POINT ( 'NONE',  ( 0.0000000000000000000, -0.1771653543307084855, -0.05905511811023683721 ) ) ;
#451 = AXIS2_PLACEMENT_3D ( 'NONE', #940, #581, #932 ) ;
#452 = EDGE_CURVE ( 'NONE', #554, #1211, #377, .T. ) ;
#453 = DIRECTION ( 'NONE',  ( -0.0000000000000000000, -1.000000000000000000, -3.491481338843132961E-15 ) ) ;
#454 = FACE_OUTER_BOUND ( 'NONE', #365, .T. ) ;
#455 = DIRECTION ( 'NONE',  ( 0.0000000000000000000, -3.491481338843132961E-15, 1.000000000000000000 ) ) ;
#456 = FACE_BOUND ( 'NONE', #1090, .T. ) ;
#457 = ORIENTED_EDGE ( 'NONE', *, *, #779, .T. ) ;
#458 = AXIS2_PLACEMENT_3D ( 'NONE', #1106, #69, #989 ) ;
#459 = ADVANCED_FACE ( 'NONE', ( #1172 ), #792, .T. ) ;
#460 = CIRCLE ( 'NONE', #208, 0.1594488188976377896 ) ;
#461 = AXIS2_PLACEMENT_3D ( 'NONE', #375, #38, #955 ) ;
#462 = CARTESIAN_POINT ( 'NONE',  ( 0.0000000000000000000, -0.1968503937007872462, -0.05905511811023690660 ) ) ;
#463 = DIRECTION ( 'NONE',  ( 0.0000000000000000000, 1.000000000000000000, 3.491481338843133355E-15 ) ) ;
#464 = DIRECTION ( 'NONE',  ( 0.0000000000000000000, 1.000000000000000000, 3.491481338843133355E-15 ) ) ;
#465 = CARTESIAN_POINT ( 'NONE',  ( -0.1889763779527559029, -0.1968503937007874127, -6.872994761502231387E-16 ) ) ;
#466 = DIRECTION ( 'NONE',  ( 0.0000000000000000000, -1.000000000000000000, -3.491481338843132961E-15 ) ) ;
#467 = DIRECTION ( 'NONE',  ( 0.0000000000000000000, -1.000000000000000000, -3.491481338843132961E-15 ) ) ;
#468 = DIRECTION ( 'NONE',  ( 0.0000000000000000000, -1.000000000000000000, -3.491481338843132961E-15 ) ) ;
#469 = EDGE_CURVE ( 'NONE', #1439, #1068, #537, .T. ) ;
#470 = FILL_AREA_STYLE ('',( #363 ) ) ;
#471 = DIRECTION ( 'NONE',  ( 0.0000000000000000000, 1.000000000000000000, 3.491481338843133355E-15 ) ) ;
#472 = EDGE_LOOP ( 'NONE', ( #285, #1194, #734, #878 ) ) ;
#473 = ORIENTED_EDGE ( 'NONE', *, *, #991, .F. ) ;
#474 = CARTESIAN_POINT ( 'NONE',  ( 0.07874015748031538975, -0.03937007874015796549, 0.1386503279759079554 ) ) ;
#475 = CARTESIAN_POINT ( 'NONE',  ( 0.0000000000000000000, -0.04724409448818858714, -1.649518742760521964E-16 ) ) ;
#476 = UNCERTAINTY_MEASURE_WITH_UNIT (LENGTH_MEASURE( 1.000000000000000082E-05 ), #816, 'distance_accuracy_value', 'NONE');
#477 = DIRECTION ( 'NONE',  ( 1.000000000000000000, -1.138412281109780050E-15, -3.974745235404640140E-30 ) ) ;
#478 = ADVANCED_FACE ( 'NONE', ( #530, #824 ), #34, .T. ) ;
#479 = CARTESIAN_POINT ( 'NONE',  ( 0.07874015748031538975, -3.024117695060982244E-16, 0.08661417322834646937 ) ) ;
#480 = CARTESIAN_POINT ( 'NONE',  ( 0.0000000000000000000, -0.1968503937007871629, -0.07874015748031565343 ) ) ;
#481 = ORIENTED_EDGE ( 'NONE', *, *, #677, .F. ) ;
#482 = ORIENTED_EDGE ( 'NONE', *, *, #1429, .T. ) ;
#483 = CARTESIAN_POINT ( 'NONE',  ( -0.09842519685039338717, -0.1456692913385835286, 0.2440944881889763052 ) ) ;
#484 = AXIS2_PLACEMENT_3D ( 'NONE', #1072, #841, #620 ) ;
#485 = CIRCLE ( 'NONE', #1157, 0.1594488188976377896 ) ;
#486 = CARTESIAN_POINT ( 'NONE',  ( -0.1594488188976377896, -0.1377952755905512139, -3.092847642676024043E-16 ) ) ;
#487 = PRODUCT_DEFINITION_SHAPE ( 'NONE', 'NONE',  #153 ) ;
#488 = EDGE_CURVE ( 'NONE', #922, #1270, #485, .T. ) ;
#489 = CIRCLE ( 'NONE', #1477, 0.01968503937007873988 ) ;
#490 = DIRECTION ( 'NONE',  ( 3.506675885424520338E-15, -3.491481338843132961E-15, 1.000000000000000000 ) ) ;
#491 = CARTESIAN_POINT ( 'NONE',  ( -0.09842519685039338717, -0.1456692913385835286, 0.2440944881889763052 ) ) ;
#492 = CARTESIAN_POINT ( 'NONE',  ( -0.09378363936030445491, -0.0001064911118530012068, 0.1586948581015198145 ) ) ;
#493 = ORIENTED_EDGE ( 'NONE', *, *, #423, .F. ) ;
#494 = EDGE_CURVE ( 'NONE', #1068, #1099, #105, .T. ) ;
#495 = ORIENTED_EDGE ( 'NONE', *, *, #243, .F. ) ;
#496 = DIRECTION ( 'NONE',  ( 0.0000000000000000000, 3.489775742687717791E-15, -1.000000000000000000 ) ) ;
#497 = FILL_AREA_STYLE ('',( #1199 ) ) ;
#498 = UNCERTAINTY_MEASURE_WITH_UNIT (LENGTH_MEASURE( 1.000000000000000082E-05 ), #207, 'distance_accuracy_value', 'NONE');
#499 = CARTESIAN_POINT ( 'NONE',  ( 0.09260975645908042786, -6.869288205519327881E-07, 0.1580232959312531937 ) ) ;
#500 = LINE ( 'NONE', #1275, #72 ) ;
#501 = EDGE_LOOP ( 'NONE', ( #938, #524, #318, #1276 ) ) ;
#502 = EDGE_LOOP ( 'NONE', ( #1250, #850, #786, #397 ) ) ;
#503 = DIRECTION ( 'NONE',  ( 0.0000000000000000000, 3.426614273534433996E-15, -1.000000000000000000 ) ) ;
#504 = EDGE_CURVE ( 'NONE', #401, #195, #691, .T. ) ;
#505 = DIRECTION ( 'NONE',  ( 3.506675885424520338E-15, -3.491481338843133355E-15, 1.000000000000000000 ) ) ;
#506 = ORIENTED_EDGE ( 'NONE', *, *, #95, .T. ) ;
#507 = ORIENTED_EDGE ( 'NONE', *, *, #684, .F. ) ;
#508 = DIRECTION ( 'NONE',  ( 0.0000000000000000000, -1.000000000000000000, -3.491481338843132961E-15 ) ) ;
#509 = CARTESIAN_POINT ( 'NONE',  ( 1.446433227339430859E-18, -0.1968503937007872184, -0.06692913385826840256 ) ) ;
#510 = AXIS2_PLACEMENT_3D ( 'NONE', #905, #1377, #558 ) ;
#511 = AXIS2_PLACEMENT_3D ( 'NONE', #904, #368, #812 ) ;
#512 = CARTESIAN_POINT ( 'NONE',  ( 0.09254970950319046930, -5.507962496555921849E-16, 0.1579888819481958251 ) ) ;
#513 = FACE_OUTER_BOUND ( 'NONE', #253, .T. ) ;
#514 = EDGE_LOOP ( 'NONE', ( #257, #379 ) ) ;
#515 = SURFACE_SIDE_STYLE ('',( #174 ) ) ;
#516 = COLOUR_RGB ( '',0.8274509803921568096, 0.6666666666666666297, 0.1294117647058823373 ) ;
#517 = VERTEX_POINT ( 'NONE', #194 ) ;
#518 = LINE ( 'NONE', #316, #1174 ) ;
#519 = ADVANCED_FACE ( 'NONE', ( #1476 ), #891, .T. ) ;
#520 = CARTESIAN_POINT ( 'NONE',  ( -0.07874015748031455708, -0.01968503937007837906, 0.08661417322834639998 ) ) ;
#521 = ADVANCED_FACE ( 'NONE', ( #1460 ), #1227, .T. ) ;
#522 = DIMENSIONAL_EXPONENTS ( 1.000000000000000000, 0.0000000000000000000, 0.0000000000000000000, 0.0000000000000000000, 0.0000000000000000000, 0.0000000000000000000, 0.0000000000000000000 ) ;
#523 = DIRECTION ( 'NONE',  ( 1.000000000000000000, -1.239088197126309996E-15, -4.326253317447292619E-30 ) ) ;
#524 = ORIENTED_EDGE ( 'NONE', *, *, #594, .F. ) ;
#525 = FILL_AREA_STYLE_COLOUR ( '', #1232 ) ;
#526 = VERTEX_POINT ( 'NONE', #1387 ) ;
#527 = CARTESIAN_POINT ( 'NONE',  ( -0.07874015748031457096, -0.01968503937007837559, 0.08661417322834639998 ) ) ;
#528 = DIRECTION ( 'NONE',  ( 0.0000000000000000000, 3.491481338843132961E-15, -1.000000000000000000 ) ) ;
#529 = AXIS2_PLACEMENT_3D ( 'NONE', #422, #402, #972 ) ;
#530 = FACE_BOUND ( 'NONE', #408, .T. ) ;
#531 = ORIENTED_EDGE ( 'NONE', *, *, #204, .F. ) ;
#532 = EDGE_CURVE ( 'NONE', #31, #952, #1424, .T. ) ;
#533 = CARTESIAN_POINT ( 'NONE',  ( 0.09842519685039413657, -0.1574803149606308073, 0.2440944881889758611 ) ) ;
#534 = ORIENTED_EDGE ( 'NONE', *, *, #892, .F. ) ;
#535 = CARTESIAN_POINT ( 'NONE',  ( 0.09842519685039413657, -0.1456692913385835286, 0.2440944881889758888 ) ) ;
#536 =( NAMED_UNIT ( * ) SI_UNIT ( $, .STERADIAN. ) SOLID_ANGLE_UNIT ( ) );
#537 = B_SPLINE_CURVE_WITH_KNOTS ( 'NONE', 3,
 ( #1208, #512, #394, #499, #276, #1435, #300, #719, #725, #840, #185, #858, #1216, #638, #604, #1064, #1095, #1414, #56, #39, #1087, #967 ),
 .UNSPECIFIED., .F., .F.,
 ( 4, 3, 3, 3, 3, 3, 3, 4 ),
 ( -2.636969706986688695E-06, 0.0000000000000000000, 5.134977540276411813E-05, 0.0001058159924108595883, 0.0001542605539900766354, 0.0001990377547665358906, 0.0002434649301356253258, 0.0002503360113376307413 ),
 .UNSPECIFIED. ) ;
#538 = VECTOR ( 'NONE', #327, 39.37007874015748143 ) ;
#539 = VERTEX_POINT ( 'NONE', #760 ) ;
#540 = VECTOR ( 'NONE', #94, 39.37007874015748143 ) ;
#541 = DIRECTION ( 'NONE',  ( -1.000000000000000000, -0.0000000000000000000, 0.0000000000000000000 ) ) ;
#542 = VERTEX_POINT ( 'NONE', #1334 ) ;
#543 = EDGE_CURVE ( 'NONE', #1056, #1391, #440, .T. ) ;
#544 = CIRCLE ( 'NONE', #1085, 0.1594488188976377896 ) ;
#545 = STYLED_ITEM ( 'NONE', ( #775 ), #1189 ) ;
#546 = PRESENTATION_STYLE_ASSIGNMENT (( #1004 ) ) ;
#547 = EDGE_CURVE ( 'NONE', #1391, #1056, #1034, .T. ) ;
#548 = SURFACE_STYLE_USAGE ( .BOTH. , #424 ) ;
#549 = CARTESIAN_POINT ( 'NONE',  ( 0.09842519685039413657, -0.005905511811024474582, 0.2440944881889764440 ) ) ;
#550 = EDGE_LOOP ( 'NONE', ( #531, #1242, #1196, #971, #1115, #1432, #429, #1418 ) ) ;
#551 = CARTESIAN_POINT ( 'NONE',  ( -0.1594488188976377896, -0.03937007874015747977, -3.092847642675987558E-16 ) ) ;
#552 = ORIENTED_EDGE ( 'NONE', *, *, #1253, .T. ) ;
#553 = CARTESIAN_POINT ( 'NONE',  ( 0.0000000000000000000, -0.3740157480314963423, 0.07874015748031366890 ) ) ;
#554 = VERTEX_POINT ( 'NONE', #754 ) ;
#555 = CIRCLE ( 'NONE', #529, 0.01968503937007873988 ) ;
#556 = PLANE ( 'NONE',  #984 ) ;
#557 = PRODUCT_DEFINITION_FORMATION_WITH_SPECIFIED_SOURCE ( 'ANY', '', #870, .NOT_KNOWN. ) ;
#558 = DIRECTION ( 'NONE',  ( -1.000000000000000000, -7.873781037753954536E-30, 2.255140518769850012E-15 ) ) ;
#559 = DIRECTION ( 'NONE',  ( 0.0000000000000000000, -1.000000000000000000, -3.491481338843133355E-15 ) ) ;
#560 = DIRECTION ( 'NONE',  ( 0.0000000000000000000, -1.000000000000000000, -3.491481338843133355E-15 ) ) ;
#561 = LENGTH_MEASURE_WITH_UNIT ( LENGTH_MEASURE( 0.02539999999999999897 ), #1027 );
#562 = VECTOR ( 'NONE', #12, 39.37007874015748143 ) ;
#563 = CARTESIAN_POINT ( 'NONE',  ( -0.09842519685039338717, -0.1456692913385835286, 0.2440944881889763052 ) ) ;
#564 = SHAPE_DEFINITION_REPRESENTATION ( #487, #141 ) ;
#565 = AXIS2_PLACEMENT_3D ( 'NONE', #1070, #44, #1204 ) ;
#566 =( NAMED_UNIT ( * ) SI_UNIT ( $, .STERADIAN. ) SOLID_ANGLE_UNIT ( ) );
#567 = STYLED_ITEM ( 'NONE', ( #718 ), #1026 ) ;
#568 = CARTESIAN_POINT ( 'NONE',  ( 0.0000000000000000000, -0.1437587347470926369, 0.07874015748031447381 ) ) ;
#569 = EDGE_CURVE ( 'NONE', #729, #606, #664, .T. ) ;
#570 = ORIENTED_EDGE ( 'NONE', *, *, #1268, .F. ) ;
#571 = ORIENTED_EDGE ( 'NONE', *, *, #614, .T. ) ;
#572 = SURFACE_STYLE_FILL_AREA ( #231 ) ;
#573 = DIRECTION ( 'NONE',  ( 0.0000000000000000000, 3.491481338843132961E-15, -1.000000000000000000 ) ) ;
#574 = DIRECTION ( 'NONE',  ( 0.0000000000000000000, 3.489775742687717791E-15, -1.000000000000000000 ) ) ;
#575 = EDGE_CURVE ( 'NONE', #1142, #868, #444, .T. ) ;
#576 = CIRCLE ( 'NONE', #875, 0.1889763779527559029 ) ;
#577 = DIRECTION ( 'NONE',  ( 0.0000000000000000000, 3.491481338843133750E-15, -1.000000000000000000 ) ) ;
#578 = FILL_AREA_STYLE_COLOUR ( '', #633 ) ;
#579 =( NAMED_UNIT ( * ) SI_UNIT ( $, .STERADIAN. ) SOLID_ANGLE_UNIT ( ) );
#580 = VECTOR ( 'NONE', #782, 39.37007874015748143 ) ;
#581 = DIRECTION ( 'NONE',  ( 0.0000000000000000000, -1.000000000000000000, -3.491481338843133355E-15 ) ) ;
#582 = EDGE_CURVE ( 'NONE', #195, #401, #930, .T. ) ;
#583 = UNCERTAINTY_MEASURE_WITH_UNIT (LENGTH_MEASURE( 1.000000000000000082E-05 ), #619, 'distance_accuracy_value', 'NONE');
#584 =( GEOMETRIC_REPRESENTATION_CONTEXT ( 3 ) GLOBAL_UNCERTAINTY_ASSIGNED_CONTEXT ( ( #134 ) ) GLOBAL_UNIT_ASSIGNED_CONTEXT ( ( #1145, #1233, #999 ) ) REPRESENTATION_CONTEXT ( 'NONE', 'WORKASPACE' ) );
#585 = DIRECTION ( 'NONE',  ( -1.000000000000000000, 0.0000000000000000000, -8.881784197001252323E-16 ) ) ;
#586 = ORIENTED_EDGE ( 'NONE', *, *, #1206, .T. ) ;
#587 = EDGE_LOOP ( 'NONE', ( #1293, #1103 ) ) ;
#588 = ADVANCED_FACE ( 'NONE', ( #769 ), #331, .T. ) ;
#589 =( CONVERSION_BASED_UNIT ( 'INCH', #1495 ) LENGTH_UNIT ( ) NAMED_UNIT ( #848 ) );
#590 = LINE ( 'NONE', #926, #155 ) ;
#591 = CARTESIAN_POINT ( 'NONE',  ( 0.07874015748031538975, -0.03937007874015747977, -1.374598952300446228E-16 ) ) ;
#592 = ORIENTED_EDGE ( 'NONE', *, *, #1206, .F. ) ;
#593 = ORIENTED_EDGE ( 'NONE', *, *, #1163, .F. ) ;
#594 = EDGE_CURVE ( 'NONE', #1472, #1402, #1350, .T. ) ;
#595 = CARTESIAN_POINT ( 'NONE',  ( -0.07874015748031457096, -0.08661417322834602528, 0.2047244094488186172 ) ) ;
#596 = CARTESIAN_POINT ( 'NONE',  ( 0.09842519685039413657, -0.005905511811024474582, 0.2440944881889764162 ) ) ;
#597 = CARTESIAN_POINT ( 'NONE',  ( -0.07874015748031455708, -0.1259842519685038520, 0.2440944881889760276 ) ) ;
#598 = ORIENTED_EDGE ( 'NONE', *, *, #494, .T. ) ;
#599 = DIRECTION ( 'NONE',  ( 0.0000000000000000000, 3.491481338843132961E-15, -1.000000000000000000 ) ) ;
#600 = STYLED_ITEM ( 'NONE', ( #632 ), #362 ) ;
#601 = FACE_OUTER_BOUND ( 'NONE', #1456, .T. ) ;
#602 = STYLED_ITEM ( 'NONE', ( #1006 ), #588 ) ;
#603 = CARTESIAN_POINT ( 'NONE',  ( 0.09251968503937049726, -0.005905511811024474582, 0.2440944881889763884 ) ) ;
#604 = CARTESIAN_POINT ( 'NONE',  ( 0.09789235236491167225, -0.003387135768079297966, 0.1610219376462759255 ) ) ;
#605 = CARTESIAN_POINT ( 'NONE',  ( -0.09434713400811074735, -0.0002898640285516855672, 0.1590157389541907440 ) ) ;
#606 = VERTEX_POINT ( 'NONE', #64 ) ;
#607 = SURFACE_SIDE_STYLE ('',( #1038 ) ) ;
#608 = DIRECTION ( 'NONE',  ( 0.0000000000000000000, -1.000000000000000000, -3.491481338843133355E-15 ) ) ;
#609 = CARTESIAN_POINT ( 'NONE',  ( 0.0000000000000000000, -0.1968503937007874127, -6.872994761502231387E-16 ) ) ;
#610 = CARTESIAN_POINT ( 'NONE',  ( 0.1594488188976377896, -0.1968503937007874127, -6.677726275811413672E-16 ) ) ;
#611 = VERTEX_POINT ( 'NONE', #1132 ) ;
#612 = DIRECTION ( 'NONE',  ( -1.000000000000000000, 0.0000000000000000000, 0.0000000000000000000 ) ) ;
#613 = VERTEX_POINT ( 'NONE', #855 ) ;
#614 = EDGE_CURVE ( 'NONE', #1122, #1367, #1327, .T. ) ;
#615 =( LENGTH_UNIT ( ) NAMED_UNIT ( * ) SI_UNIT ( $, .METRE. ) );
#616 = DIRECTION ( 'NONE',  ( 0.0000000000000000000, -1.000000000000000000, -3.491481338843132961E-15 ) ) ;
#617 = STYLED_ITEM ( 'NONE', ( #546 ), #141 ) ;
#618 = CIRCLE ( 'NONE', #1101, 0.1889763779527559306 ) ;
#619 =( CONVERSION_BASED_UNIT ( 'INCH', #1186 ) LENGTH_UNIT ( ) NAMED_UNIT ( #169 ) );
#620 = DIRECTION ( 'NONE',  ( -1.000000000000000000, 0.0000000000000000000, 0.0000000000000000000 ) ) ;
#621 = ORIENTED_EDGE ( 'NONE', *, *, #668, .F. ) ;
#622 = ORIENTED_EDGE ( 'NONE', *, *, #166, .F. ) ;
#623 = ADVANCED_FACE ( 'NONE', ( #454 ), #133, .F. ) ;
#624 = CARTESIAN_POINT ( 'NONE',  ( 0.0000000000000000000, -0.1771653543307090406, 0.09842519685039309574 ) ) ;
#625 = DIRECTION ( 'NONE',  ( 0.0000000000000000000, 1.000000000000000000, 3.491481338843133355E-15 ) ) ;
#626 = UNCERTAINTY_MEASURE_WITH_UNIT (LENGTH_MEASURE( 1.000000000000000082E-05 ), #589, 'distance_accuracy_value', 'NONE');
#627 = MECHANICAL_DESIGN_GEOMETRIC_PRESENTATION_REPRESENTATION (  '', ( #738 ), #954 ) ;
#628 = MECHANICAL_DESIGN_GEOMETRIC_PRESENTATION_REPRESENTATION (  '', ( #602 ), #763 ) ;
#629 = DIRECTION ( 'NONE',  ( 0.0000000000000000000, -1.000000000000000000, -3.491481338843132961E-15 ) ) ;
#630 = ORIENTED_EDGE ( 'NONE', *, *, #446, .T. ) ;
#631 = AXIS2_PLACEMENT_3D ( 'NONE', #1061, #625, #261 ) ;
#632 = PRESENTATION_STYLE_ASSIGNMENT (( #314 ) ) ;
#633 = COLOUR_RGB ( '',0.8274509803921568096, 0.6666666666666666297, 0.1294117647058823373 ) ;
#634 = ORIENTED_EDGE ( 'NONE', *, *, #1067, .T. ) ;
#635 = DIRECTION ( 'NONE',  ( -1.000000000000000000, 0.0000000000000000000, 0.0000000000000000000 ) ) ;
#636 = CARTESIAN_POINT ( 'NONE',  ( 0.0000000000000000000, -0.1771653543307084022, -0.07874015748031558404 ) ) ;
#637 = EDGE_CURVE ( 'NONE', #1258, #613, #460, .T. ) ;
#638 = CARTESIAN_POINT ( 'NONE',  ( 0.09761862790749779861, -0.002874657789836251170, 0.1608680040752192286 ) ) ;
#639 = DIRECTION ( 'NONE',  ( 0.0000000000000000000, -1.000000000000000000, -3.491481338843133355E-15 ) ) ;
#640 = ORIENTED_EDGE ( 'NONE', *, *, #1457, .F. ) ;
#641 = ORIENTED_EDGE ( 'NONE', *, *, #1380, .T. ) ;
#642 = DIRECTION ( 'NONE',  ( -1.000000000000000000, -7.873781037753954536E-30, 2.255140518769850012E-15 ) ) ;
#643 = DIRECTION ( 'NONE',  ( -3.506675885424520338E-15, 3.491481338843132961E-15, -1.000000000000000000 ) ) ;
#644 = DIRECTION ( 'NONE',  ( -1.000000000000000000, -1.224349341533093251E-29, 3.506675885424520338E-15 ) ) ;
#645 = EDGE_LOOP ( 'NONE', ( #199, #324, #1423, #641, #815 ) ) ;
#646 = DIRECTION ( 'NONE',  ( 0.0000000000000000000, 2.891205793294679411E-15, -1.000000000000000000 ) ) ;
#647 = EDGE_LOOP ( 'NONE', ( #851, #433 ) ) ;
#648 = FACE_OUTER_BOUND ( 'NONE', #1361, .T. ) ;
#649 =( CONVERSION_BASED_UNIT ( 'INCH', #1222 ) LENGTH_UNIT ( ) NAMED_UNIT ( #1102 ) );
#650 = CARTESIAN_POINT ( 'NONE',  ( 0.0000000000000000000, -0.1968503937007877735, 0.09842519685039302635 ) ) ;
#651 = AXIS2_PLACEMENT_3D ( 'NONE', #186, #639, #449 ) ;
#652 = EDGE_LOOP ( 'NONE', ( #315, #295, #1437, #203 ) ) ;
#653 = VECTOR ( 'NONE', #150, 39.37007874015748143 ) ;
#654 = DIRECTION ( 'NONE',  ( 0.0000000000000000000, 1.000000000000000000, 3.491481338843133355E-15 ) ) ;
#655 = ORIENTED_EDGE ( 'NONE', *, *, #1245, .T. ) ;
#656 = VECTOR ( 'NONE', #347, 39.37007874015748143 ) ;
#657 = CARTESIAN_POINT ( 'NONE',  ( 0.0000000000000000000, -0.1968503937007871629, -0.07874015748031565343 ) ) ;
#658 = FILL_AREA_STYLE_COLOUR ( '', #831 ) ;
#659 = VERTEX_POINT ( 'NONE', #1169 ) ;
#660 = LINE ( 'NONE', #1471, #182 ) ;
#661 = FILL_AREA_STYLE_COLOUR ( '', #670 ) ;
#662 = LENGTH_MEASURE_WITH_UNIT ( LENGTH_MEASURE( 0.02539999999999999897 ), #615 );
#663 = DIRECTION ( 'NONE',  ( 0.0000000000000000000, 3.469446951953614189E-15, -1.000000000000000000 ) ) ;
#664 = LINE ( 'NONE', #1459, #101 ) ;
#665 = TOROIDAL_SURFACE ( 'NONE', #451, 0.1830708661417322636, 0.005905511811023621965 ) ;
#666 = DIRECTION ( 'NONE',  ( -1.000000000000000000, 0.0000000000000000000, 0.0000000000000000000 ) ) ;
#667 = FILL_AREA_STYLE ('',( #1225 ) ) ;
#668 = EDGE_CURVE ( 'NONE', #659, #22, #901, .T. ) ;
#669 = DIRECTION ( 'NONE',  ( 1.000000000000000000, -3.035766082959410049E-15, -1.059932062774569396E-29 ) ) ;
#670 = COLOUR_RGB ( '',0.8274509803921568096, 0.6666666666666666297, 0.1294117647058823373 ) ;
#671 = VERTEX_POINT ( 'NONE', #1 ) ;
#672 = ORIENTED_EDGE ( 'NONE', *, *, #1253, .F. ) ;
#673 =( GEOMETRIC_REPRESENTATION_CONTEXT ( 3 ) GLOBAL_UNCERTAINTY_ASSIGNED_CONTEXT ( ( #583 ) ) GLOBAL_UNIT_ASSIGNED_CONTEXT ( ( #619, #960, #1318 ) ) REPRESENTATION_CONTEXT ( 'NONE', 'WORKASPACE' ) );
#674 = AXIS2_PLACEMENT_3D ( 'NONE', #1434, #616, #1404 ) ;
#675 = VECTOR ( 'NONE', #643, 39.37007874015748143 ) ;
#676 = DIRECTION ( 'NONE',  ( -0.0000000000000000000, -1.000000000000000000, -3.491481338843133355E-15 ) ) ;
#677 = EDGE_CURVE ( 'NONE', #399, #1073, #1260, .T. ) ;
#678 = ORIENTED_EDGE ( 'NONE', *, *, #1067, .F. ) ;
#679 =( NAMED_UNIT ( * ) SI_UNIT ( $, .STERADIAN. ) SOLID_ANGLE_UNIT ( ) );
#680 = CARTESIAN_POINT ( 'NONE',  ( 0.0000000000000000000, -0.1771653543307087075, -6.185695285352007657E-16 ) ) ;
#681 = DIRECTION ( 'NONE',  ( 0.0000000000000000000, -1.000000000000000000, -3.491481338843133355E-15 ) ) ;
#682 = DIRECTION ( 'NONE',  ( -1.138412281109780050E-15, -1.000000000000000000, -3.491481338843132961E-15 ) ) ;
#683 = CARTESIAN_POINT ( 'NONE',  ( -0.09842519685039329003, -0.08661417322834613630, 0.2440944881889764717 ) ) ;
#684 = EDGE_CURVE ( 'NONE', #109, #704, #393, .T. ) ;
#685 = SURFACE_STYLE_USAGE ( .BOTH. , #237 ) ;
#686 = CARTESIAN_POINT ( 'NONE',  ( 0.0000000000000000000, -0.1968503937007874127, -6.872994761502231387E-16 ) ) ;
#687 = CARTESIAN_POINT ( 'NONE',  ( -0.09789235236491135306, -0.003387135768079252429, 0.1610219376462761198 ) ) ;
#688 = ORIENTED_EDGE ( 'NONE', *, *, #1163, .T. ) ;
#689 = ORIENTED_EDGE ( 'NONE', *, *, #949, .T. ) ;
#690 = VECTOR ( 'NONE', #726, 39.37007874015748143 ) ;
#691 = CIRCLE ( 'NONE', #19, 0.01181102362204724046 ) ;
#692 =( GEOMETRIC_REPRESENTATION_CONTEXT ( 3 ) GLOBAL_UNCERTAINTY_ASSIGNED_CONTEXT ( ( #1078 ) ) GLOBAL_UNIT_ASSIGNED_CONTEXT ( ( #223, #1036, #566 ) ) REPRESENTATION_CONTEXT ( 'NONE', 'WORKASPACE' ) );
#693 = UNCERTAINTY_MEASURE_WITH_UNIT (LENGTH_MEASURE( 1.000000000000000082E-05 ), #29, 'distance_accuracy_value', 'NONE');
#694 = CARTESIAN_POINT ( 'NONE',  ( 0.0000000000000000000, -0.1968503937007871629, -0.07874015748031565343 ) ) ;
#695 = CARTESIAN_POINT ( 'NONE',  ( 0.0000000000000000000, -0.03937007874015747977, -1.374598952300446228E-16 ) ) ;
#696 = DIRECTION ( 'NONE',  ( 0.0000000000000000000, 1.000000000000000000, 3.491481338843132961E-15 ) ) ;
#697 = ORIENTED_EDGE ( 'NONE', *, *, #1379, .F. ) ;
#698 = ORIENTED_EDGE ( 'NONE', *, *, #1478, .F. ) ;
#699 = CARTESIAN_POINT ( 'NONE',  ( 0.0000000000000000000, -0.03937007874015747977, -1.374598952300446228E-16 ) ) ;
#700 = FACE_OUTER_BOUND ( 'NONE', #587, .T. ) ;
#701 = DIRECTION ( 'NONE',  ( 0.0000000000000000000, 1.000000000000000000, 3.491481338843132961E-15 ) ) ;
#702 = CARTESIAN_POINT ( 'NONE',  ( -0.09842519685039342880, -0.1574803149606308073, 0.2440944881889762774 ) ) ;
#703 = ORIENTED_EDGE ( 'NONE', *, *, #898, .T. ) ;
#704 = VERTEX_POINT ( 'NONE', #509 ) ;
#705 = VECTOR ( 'NONE', #508, 39.37007874015748143 ) ;
#706 = FILL_AREA_STYLE_COLOUR ( '', #320 ) ;
#707 = FILL_AREA_STYLE_COLOUR ( '', #330 ) ;
#708 = FACE_OUTER_BOUND ( 'NONE', #175, .T. ) ;
#709 = ADVANCED_FACE ( 'NONE', ( #27 ), #390, .T. ) ;
#710 = CARTESIAN_POINT ( 'NONE',  ( -0.09808523296355785293, -0.003930734341609285962, 0.1611303316763601223 ) ) ;
#711 = VERTEX_POINT ( 'NONE', #16 ) ;
#712 = ORIENTED_EDGE ( 'NONE', *, *, #1490, .F. ) ;
#713 = CARTESIAN_POINT ( 'NONE',  ( 0.1594488188976377896, -0.03937007874015747977, -2.897579156985177732E-16 ) ) ;
#714 =( GEOMETRIC_REPRESENTATION_CONTEXT ( 3 ) GLOBAL_UNCERTAINTY_ASSIGNED_CONTEXT ( ( #1151 ) ) GLOBAL_UNIT_ASSIGNED_CONTEXT ( ( #198, #400, #294 ) ) REPRESENTATION_CONTEXT ( 'NONE', 'WORKASPACE' ) );
#715 = AXIS2_PLACEMENT_3D ( 'NONE', #568, #881, #221 ) ;
#716 = AXIS2_PLACEMENT_3D ( 'NONE', #145, #1179, #1405 ) ;
#717 = ADVANCED_FACE ( 'NONE', ( #601 ), #830, .T. ) ;
#718 = PRESENTATION_STYLE_ASSIGNMENT (( #548 ) ) ;
#719 = CARTESIAN_POINT ( 'NONE',  ( 0.09494358559129652264, -0.0004839618197269298728, 0.1593553870650192550 ) ) ;
#720 = CYLINDRICAL_SURFACE ( 'NONE', #328, 0.1594488188976377896 ) ;
#721 = ORIENTED_EDGE ( 'NONE', *, *, #452, .T. ) ;
#722 = ORIENTED_EDGE ( 'NONE', *, *, #325, .F. ) ;
#723 = UNCERTAINTY_MEASURE_WITH_UNIT (LENGTH_MEASURE( 1.000000000000000082E-05 ), #403, 'distance_accuracy_value', 'NONE');
#724 = DIRECTION ( 'NONE',  ( 0.0000000000000000000, -1.000000000000000000, -3.491481338843132961E-15 ) ) ;
#725 = CARTESIAN_POINT ( 'NONE',  ( 0.09552333457269075734, -0.0007796016745006894514, 0.1596843916283317288 ) ) ;
#726 = DIRECTION ( 'NONE',  ( 0.0000000000000000000, 1.000000000000000000, 3.491481338843132961E-15 ) ) ;
#727 = EDGE_LOOP ( 'NONE', ( #1399, #32, #288, #672, #1343 ) ) ;
#728 = CARTESIAN_POINT ( 'NONE',  ( 0.1889763779527559029, -0.1968503937007874127, -6.641565445127928582E-16 ) ) ;
#729 = VERTEX_POINT ( 'NONE', #168 ) ;
#730 = CARTESIAN_POINT ( 'NONE',  ( 0.0000000000000000000, -0.03937007874015747977, -1.374598952300446228E-16 ) ) ;
#731 =( NAMED_UNIT ( * ) SI_UNIT ( $, .STERADIAN. ) SOLID_ANGLE_UNIT ( ) );
#732 = MECHANICAL_DESIGN_GEOMETRIC_PRESENTATION_REPRESENTATION (  '', ( #847 ), #1247 ) ;
#733 = DIRECTION ( 'NONE',  ( 0.0000000000000000000, -1.000000000000000000, -3.491481338843132961E-15 ) ) ;
#734 = ORIENTED_EDGE ( 'NONE', *, *, #504, .F. ) ;
#735 = EDGE_LOOP ( 'NONE', ( #493, #242, #420, #689 ) ) ;
#736 = DIRECTION ( 'NONE',  ( -1.000000000000000000, 3.794707603699270252E-15, 1.324915078468214688E-29 ) ) ;
#737 = ADVANCED_FACE ( 'NONE', ( #965 ), #933, .F. ) ;
#738 = STYLED_ITEM ( 'NONE', ( #1249 ), #83 ) ;
#739 = AXIS2_PLACEMENT_3D ( 'NONE', #1241, #78, #413 ) ;
#740 = PRESENTATION_LAYER_ASSIGNMENT (  '', '', ( #442 ) ) ;
#741 = ORIENTED_EDGE ( 'NONE', *, *, #33, .F. ) ;
#742 = VECTOR ( 'NONE', #1224, 39.37007874015748143 ) ;
#743 = LINE ( 'NONE', #728, #1254 ) ;
#744 = EDGE_LOOP ( 'NONE', ( #1279, #388, #1201, #976, #35 ) ) ;
#745 = EDGE_CURVE ( 'NONE', #1439, #526, #1113, .T. ) ;
#746 = CARTESIAN_POINT ( 'NONE',  ( 0.0000000000000000000, -0.1968503937007874127, -6.872994761502231387E-16 ) ) ;
#747 = ADVANCED_FACE ( 'NONE', ( #817 ), #1287, .T. ) ;
#748 = DIRECTION ( 'NONE',  ( 0.0000000000000000000, -3.491481338843132961E-15, 1.000000000000000000 ) ) ;
#749 = DIMENSIONAL_EXPONENTS ( 1.000000000000000000, 0.0000000000000000000, 0.0000000000000000000, 0.0000000000000000000, 0.0000000000000000000, 0.0000000000000000000, 0.0000000000000000000 ) ;
#750 = ORIENTED_EDGE ( 'NONE', *, *, #423, .T. ) ;
#751 = PLANE ( 'NONE',  #1205 ) ;
#752 = ORIENTED_EDGE ( 'NONE', *, *, #286, .F. ) ;
#753 = CARTESIAN_POINT ( 'NONE',  ( 0.07874015748031538975, -0.08661417322834602528, 0.2047244094488186172 ) ) ;
#754 = CARTESIAN_POINT ( 'NONE',  ( -0.09842519685039369248, -0.1456692913385832233, 0.1613212696736048557 ) ) ;
#755 = EDGE_CURVE ( 'NONE', #526, #1431, #23, .T. ) ;
#756 = CARTESIAN_POINT ( 'NONE',  ( -0.09842519685039370636, -0.1574803149606304742, 0.1613212696736045781 ) ) ;
#757 = ORIENTED_EDGE ( 'NONE', *, *, #1044, .T. ) ;
#758 = CARTESIAN_POINT ( 'NONE',  ( 0.07874015748031538975, -0.01968503937007896887, 0.08661417322834639998 ) ) ;
#759 = ORIENTED_EDGE ( 'NONE', *, *, #569, .F. ) ;
#760 = CARTESIAN_POINT ( 'NONE',  ( 2.410722045565659999E-18, -0.1968503937007876625, 0.05905511811023553964 ) ) ;
#761 = EDGE_LOOP ( 'NONE', ( #1019, #598, #961, #358 ) ) ;
#762 = ADVANCED_FACE ( 'NONE', ( #337, #1246 ), #1092, .T. ) ;
#763 =( GEOMETRIC_REPRESENTATION_CONTEXT ( 3 ) GLOBAL_UNCERTAINTY_ASSIGNED_CONTEXT ( ( #773 ) ) GLOBAL_UNIT_ASSIGNED_CONTEXT ( ( #873, #1121, #87 ) ) REPRESENTATION_CONTEXT ( 'NONE', 'WORKASPACE' ) );
#764 = FACE_BOUND ( 'NONE', #57, .T. ) ;
#765 = CARTESIAN_POINT ( 'NONE',  ( 0.0000000000000000000, -0.005905511811023654925, -2.061898428450679881E-17 ) ) ;
#766 = AXIS2_PLACEMENT_3D ( 'NONE', #1336, #669, #319 ) ;
#767 = PRESENTATION_LAYER_ASSIGNMENT (  '', '', ( #567 ) ) ;
#768 = APPLICATION_PROTOCOL_DEFINITION ( 'draft international standard', 'automotive_design', 1998, #77 ) ;
#769 = FACE_OUTER_BOUND ( 'NONE', #266, .T. ) ;
#770 = ORIENTED_EDGE ( 'NONE', *, *, #177, .F. ) ;
#771 = DIRECTION ( 'NONE',  ( 3.740497495074990297E-15, 1.000000000000000000, 3.491481338843132961E-15 ) ) ;
#772 = LINE ( 'NONE', #1345, #1134 ) ;
#773 = UNCERTAINTY_MEASURE_WITH_UNIT (LENGTH_MEASURE( 1.000000000000000082E-05 ), #873, 'distance_accuracy_value', 'NONE');
#774 =( NAMED_UNIT ( * ) PLANE_ANGLE_UNIT ( ) SI_UNIT ( $, .RADIAN. ) );
#775 = PRESENTATION_STYLE_ASSIGNMENT (( #1349 ) ) ;
#776 = VECTOR ( 'NONE', #297, 39.37007874015748143 ) ;
#777 = DIRECTION ( 'NONE',  ( -1.000000000000000000, 3.740497495074990297E-15, 1.305987720204381360E-29 ) ) ;
#778 = FACE_OUTER_BOUND ( 'NONE', #1313, .T. ) ;
#779 = EDGE_CURVE ( 'NONE', #147, #395, #1384, .T. ) ;
#780 = DIRECTION ( 'NONE',  ( 0.0000000000000000000, -1.000000000000000000, -3.491481338843132961E-15 ) ) ;
#781 = CARTESIAN_POINT ( 'NONE',  ( 0.0000000000000000000, -7.147914551962321668E-16, 0.2047244094488189503 ) ) ;
#782 = DIRECTION ( 'NONE',  ( 1.237650312502779993E-15, -3.491481338843132961E-15, 1.000000000000000000 ) ) ;
#783 = CARTESIAN_POINT ( 'NONE',  ( -0.07874015748031455708, -0.1259842519685039353, 0.2047244094488184785 ) ) ;
#784 = AXIS2_PLACEMENT_3D ( 'NONE', #1436, #407, #1319 ) ;
#785 = VERTEX_POINT ( 'NONE', #1021 ) ;
#786 = ORIENTED_EDGE ( 'NONE', *, *, #1307, .T. ) ;
#787 =( GEOMETRIC_REPRESENTATION_CONTEXT ( 3 ) GLOBAL_UNCERTAINTY_ASSIGNED_CONTEXT ( ( #626 ) ) GLOBAL_UNIT_ASSIGNED_CONTEXT ( ( #589, #811, #114 ) ) REPRESENTATION_CONTEXT ( 'NONE', 'WORKASPACE' ) );
#788 = FILL_AREA_STYLE_COLOUR ( '', #516 ) ;
#789 = DIRECTION ( 'NONE',  ( 1.000000000000000000, -5.421010862427530059E-16, -1.892735826383164290E-30 ) ) ;
#790 = ADVANCED_FACE ( 'NONE', ( #359, #354, #1139 ), #121, .T. ) ;
#791 =( NAMED_UNIT ( * ) PLANE_ANGLE_UNIT ( ) SI_UNIT ( $, .RADIAN. ) );
#792 = PLANE ( 'NONE',  #1255 ) ;
#793 = DIRECTION ( 'NONE',  ( 0.0000000000000000000, 1.000000000000000000, 3.491481338843132961E-15 ) ) ;
#794 = SURFACE_STYLE_FILL_AREA ( #907 ) ;
#795 = EDGE_CURVE ( 'NONE', #1068, #671, #800, .T. ) ;
#796 = LINE ( 'NONE', #702, #1031 ) ;
#797 = MECHANICAL_DESIGN_GEOMETRIC_PRESENTATION_REPRESENTATION (  '', ( #617 ), #1467 ) ;
#798 = EDGE_LOOP ( 'NONE', ( #280, #108, #929, #1200 ) ) ;
#799 = ORIENTED_EDGE ( 'NONE', *, *, #381, .F. ) ;
#800 = LINE ( 'NONE', #245, #42 ) ;
#801 = DIRECTION ( 'NONE',  ( 0.0000000000000000000, 1.000000000000000000, 3.491481338843133355E-15 ) ) ;
#802 = CARTESIAN_POINT ( 'NONE',  ( -0.09842519685039369248, -0.005905511811024207434, 0.1613212696736053275 ) ) ;
#803 = ORIENTED_EDGE ( 'NONE', *, *, #532, .F. ) ;
#804 = EDGE_CURVE ( 'NONE', #539, #1056, #219, .T. ) ;
#805 = ORIENTED_EDGE ( 'NONE', *, *, #1388, .T. ) ;
#806 = VECTOR ( 'NONE', #1046, 39.37007874015748143 ) ;
#807 = STYLED_ITEM ( 'NONE', ( #171 ), #478 ) ;
#808 = LENGTH_MEASURE_WITH_UNIT ( LENGTH_MEASURE( 0.02539999999999999897 ), #132 );
#809 = AXIS2_PLACEMENT_3D ( 'NONE', #1295, #505, #948 ) ;
#810 = COLOUR_RGB ( '',0.8274509803921568096, 0.6666666666666666297, 0.1294117647058823373 ) ;
#811 =( NAMED_UNIT ( * ) PLANE_ANGLE_UNIT ( ) SI_UNIT ( $, .RADIAN. ) );
#812 = DIRECTION ( 'NONE',  ( 0.0000000000000000000, 2.891205793294679411E-15, -1.000000000000000000 ) ) ;
#813 = DIRECTION ( 'NONE',  ( 0.0000000000000000000, 3.469446951953614189E-15, -1.000000000000000000 ) ) ;
#814 = ORIENTED_EDGE ( 'NONE', *, *, #1133, .T. ) ;
#815 = ORIENTED_EDGE ( 'NONE', *, *, #1430, .T. ) ;
#816 =( CONVERSION_BASED_UNIT ( 'INCH', #808 ) LENGTH_UNIT ( ) NAMED_UNIT ( #201 ) );
#817 = FACE_OUTER_BOUND ( 'NONE', #1299, .T. ) ;
#818 = CARTESIAN_POINT ( 'NONE',  ( -0.07874015748031455708, -0.1259842519685036855, 0.2047244094488184785 ) ) ;
#819 = CARTESIAN_POINT ( 'NONE',  ( -0.09729033653714118379, -0.002424713908681402907, 0.1606829989936759129 ) ) ;
#820 = EDGE_LOOP ( 'NONE', ( #1443, #437, #160, #1392 ) ) ;
#821 = ORIENTED_EDGE ( 'NONE', *, *, #865, .F. ) ;
#822 = CARTESIAN_POINT ( 'NONE',  ( 0.0000000000000000000, -0.1377952755905512139, -4.811096333051562168E-16 ) ) ;
#823 = CARTESIAN_POINT ( 'NONE',  ( -0.09251968503936978949, -8.522513504262768143E-16, 0.2440944881889764440 ) ) ;
#824 = FACE_OUTER_BOUND ( 'NONE', #995, .T. ) ;
#825 = ORIENTED_EDGE ( 'NONE', *, *, #432, .T. ) ;
#826 = ORIENTED_EDGE ( 'NONE', *, *, #234, .F. ) ;
#827 = VECTOR ( 'NONE', #91, 39.37007874015748143 ) ;
#828 = DIRECTION ( 'NONE',  ( -1.000000000000000000, 0.0000000000000000000, 0.0000000000000000000 ) ) ;
#829 = VECTOR ( 'NONE', #1032, 39.37007874015748143 ) ;
#830 = CYLINDRICAL_SURFACE ( 'NONE', #809, 0.005905511811023620231 ) ;
#831 = COLOUR_RGB ( '',0.8274509803921568096, 0.6666666666666666297, 0.1294117647058823373 ) ;
#832 = ADVANCED_FACE ( 'NONE', ( #1014 ), #110, .T. ) ;
#833 =( GEOMETRIC_REPRESENTATION_CONTEXT ( 3 ) GLOBAL_UNCERTAINTY_ASSIGNED_CONTEXT ( ( #723 ) ) GLOBAL_UNIT_ASSIGNED_CONTEXT ( ( #403, #1412, #731 ) ) REPRESENTATION_CONTEXT ( 'NONE', 'WORKASPACE' ) );
#834 = MECHANICAL_DESIGN_GEOMETRIC_PRESENTATION_REPRESENTATION (  '', ( #545 ), #584 ) ;
#835 = ADVANCED_FACE ( 'NONE', ( #1248 ), #341, .T. ) ;
#836 = ORIENTED_EDGE ( 'NONE', *, *, #865, .T. ) ;
#837 = DIRECTION ( 'NONE',  ( 2.255140518769850012E-15, -3.491481338843133355E-15, 1.000000000000000000 ) ) ;
#838 = ORIENTED_EDGE ( 'NONE', *, *, #1077, .T. ) ;
#839 = CARTESIAN_POINT ( 'NONE',  ( -0.07874015748031457096, -0.01968503937007867396, 0.08661417322834639998 ) ) ;
#840 = CARTESIAN_POINT ( 'NONE',  ( 0.09604442595952503159, -0.001167234571769453898, 0.1599793387190702743 ) ) ;
#841 = DIRECTION ( 'NONE',  ( 0.0000000000000000000, 1.000000000000000000, 3.491481338843133355E-15 ) ) ;
#842 = EDGE_LOOP ( 'NONE', ( #244, #1042, #552, #1080, #805, #721, #1321, #148 ) ) ;
#843 = EDGE_CURVE ( 'NONE', #1099, #1454, #1117, .T. ) ;
#844 = CYLINDRICAL_SURFACE ( 'NONE', #224, 0.1889763779527559029 ) ;
#845 = EDGE_LOOP ( 'NONE', ( #1292, #370, #698, #978 ) ) ;
#846 = DIRECTION ( 'NONE',  ( 0.0000000000000000000, 3.523657060577889411E-15, -1.000000000000000000 ) ) ;
#847 = STYLED_ITEM ( 'NONE', ( #1272 ), #1283 ) ;
#848 = DIMENSIONAL_EXPONENTS ( 1.000000000000000000, 0.0000000000000000000, 0.0000000000000000000, 0.0000000000000000000, 0.0000000000000000000, 0.0000000000000000000, 0.0000000000000000000 ) ;
#849 = SURFACE_STYLE_USAGE ( .BOTH. , #311 ) ;
#850 = ORIENTED_EDGE ( 'NONE', *, *, #1363, .T. ) ;
#851 = ORIENTED_EDGE ( 'NONE', *, *, #1491, .T. ) ;
#852 = ADVANCED_FACE ( 'NONE', ( #428 ), #556, .T. ) ;
#853 = CARTESIAN_POINT ( 'NONE',  ( -0.1889763779527559029, -0.1968503937007874127, -6.872994761502231387E-16 ) ) ;
#854 = CARTESIAN_POINT ( 'NONE',  ( 2.410722045565655762E-18, -0.1771653543307089018, 0.05905511811023560903 ) ) ;
#855 = CARTESIAN_POINT ( 'NONE',  ( -0.07874015748031457096, -0.04724409448818887164, 0.1386503279759081497 ) ) ;
#856 = FACE_OUTER_BOUND ( 'NONE', #735, .T. ) ;
#857 = AXIS2_PLACEMENT_3D ( 'NONE', #52, #780, #1265 ) ;
#858 = CARTESIAN_POINT ( 'NONE',  ( 0.09693515632905672086, -0.001937917191601741572, 0.1604828409959554447 ) ) ;
#859 = ORIENTED_EDGE ( 'NONE', *, *, #1197, .F. ) ;
#860 = AXIS2_PLACEMENT_3D ( 'NONE', #609, #1213, #191 ) ;
#861 = DIRECTION ( 'NONE',  ( 0.0000000000000000000, 2.891205793294679411E-15, -1.000000000000000000 ) ) ;
#862 = CARTESIAN_POINT ( 'NONE',  ( 0.0000000000000000000, -0.1377952755905512139, -4.811096333051561182E-16 ) ) ;
#863 = VERTEX_POINT ( 'NONE', #1344 ) ;
#864 = DIRECTION ( 'NONE',  ( 0.0000000000000000000, -1.000000000000000000, -3.491481338843132961E-15 ) ) ;
#865 = EDGE_CURVE ( 'NONE', #399, #884, #1183, .T. ) ;
#866 = LINE ( 'NONE', #1458, #742 ) ;
#867 = PRESENTATION_STYLE_ASSIGNMENT (( #426 ) ) ;
#868 = VERTEX_POINT ( 'NONE', #869 ) ;
#869 = CARTESIAN_POINT ( 'NONE',  ( 0.07874015748031538975, -0.1259842519685042683, 0.2047244094488184785 ) ) ;
#870 = PRODUCT ( 'CUI_DEVICES_CMT-9605-85T', 'CUI_DEVICES_CMT-9605-85T', '', ( #1138 ) ) ;
#871 = VERTEX_POINT ( 'NONE', #1011 ) ;
#872 = DIMENSIONAL_EXPONENTS ( 1.000000000000000000, 0.0000000000000000000, 0.0000000000000000000, 0.0000000000000000000, 0.0000000000000000000, 0.0000000000000000000, 0.0000000000000000000 ) ;
#873 =( CONVERSION_BASED_UNIT ( 'INCH', #210 ) LENGTH_UNIT ( ) NAMED_UNIT ( #749 ) );
#874 = ADVANCED_FACE ( 'NONE', ( #418 ), #222, .T. ) ;
#875 = AXIS2_PLACEMENT_3D ( 'NONE', #281, #980, #1302 ) ;
#876 = ORIENTED_EDGE ( 'NONE', *, *, #381, .T. ) ;
#877 = CARTESIAN_POINT ( 'NONE',  ( 2.410722045565655762E-18, -0.1771653543307083467, -0.09842519685039431698 ) ) ;
#878 = ORIENTED_EDGE ( 'NONE', *, *, #1094, .F. ) ;
#879 = DIRECTION ( 'NONE',  ( 1.000000000000000000, 0.0000000000000000000, 0.0000000000000000000 ) ) ;
#880 = PLANE ( 'NONE',  #1427 ) ;
#881 = DIRECTION ( 'NONE',  ( 0.0000000000000000000, -1.000000000000000000, -3.491481338843132961E-15 ) ) ;
#882 = ADVANCED_FACE ( 'NONE', ( #313 ), #751, .F. ) ;
#883 = VECTOR ( 'NONE', #1098, 39.37007874015748143 ) ;
#884 = VERTEX_POINT ( 'NONE', #447 ) ;
#885 = MECHANICAL_DESIGN_GEOMETRIC_PRESENTATION_REPRESENTATION (  '', ( #807 ), #673 ) ;
#886 = FACE_OUTER_BOUND ( 'NONE', #321, .T. ) ;
#887 = CIRCLE ( 'NONE', #1236, 0.1889763779527559029 ) ;
#888 = CIRCLE ( 'NONE', #1037, 0.005905511811023620231 ) ;
#889 = DIRECTION ( 'NONE',  ( 0.0000000000000000000, 1.000000000000000000, 3.491481338843133355E-15 ) ) ;
#890 = CARTESIAN_POINT ( 'NONE',  ( 0.0000000000000000000, -0.3740157480314957872, -0.07874015748031626405 ) ) ;
#891 = PLANE ( 'NONE',  #180 ) ;
#892 = EDGE_CURVE ( 'NONE', #173, #130, #660, .T. ) ;
#893 = FILL_AREA_STYLE_COLOUR ( '', #1059 ) ;
#894 = AXIS2_PLACEMENT_3D ( 'NONE', #1333, #389, #828 ) ;
#895 = CYLINDRICAL_SURFACE ( 'NONE', #908, 0.01968503937007873988 ) ;
#896 = EDGE_CURVE ( 'NONE', #1470, #785, #887, .T. ) ;
#897 = ORIENTED_EDGE ( 'NONE', *, *, #1170, .T. ) ;
#898 = EDGE_CURVE ( 'NONE', #517, #606, #544, .T. ) ;
#899 = DIRECTION ( 'NONE',  ( 1.000000000000000000, -5.421010862427530059E-16, -1.892735826383164290E-30 ) ) ;
#900 = FILL_AREA_STYLE ('',( #788 ) ) ;
#901 = LINE ( 'NONE', #140, #1301 ) ;
#902 =( NAMED_UNIT ( * ) PLANE_ANGLE_UNIT ( ) SI_UNIT ( $, .RADIAN. ) );
#903 = PRESENTATION_STYLE_ASSIGNMENT (( #1284 ) ) ;
#904 = CARTESIAN_POINT ( 'NONE',  ( 0.0000000000000000000, -0.1968503937007871629, -0.07874015748031565343 ) ) ;
#905 = CARTESIAN_POINT ( 'NONE',  ( -0.09842519685039329003, -0.1574803149606308073, 0.2440944881889762774 ) ) ;
#906 = COLOUR_RGB ( '',0.8274509803921568096, 0.6666666666666666297, 0.1294117647058823373 ) ;
#907 = FILL_AREA_STYLE ('',( #893 ) ) ;
#908 = AXIS2_PLACEMENT_3D ( 'NONE', #694, #1365, #1023 ) ;
#909 = CARTESIAN_POINT ( 'NONE',  ( 0.0000000000000000000, -0.1771653543307084022, -0.07874015748031558404 ) ) ;
#910 =( LENGTH_UNIT ( ) NAMED_UNIT ( * ) SI_UNIT ( $, .METRE. ) );
#911 = DIRECTION ( 'NONE',  ( 0.0000000000000000000, 3.533695969582384676E-15, -1.000000000000000000 ) ) ;
#912 = CARTESIAN_POINT ( 'NONE',  ( -0.07874015748031451545, -0.08661417322834602528, 0.2047244094488186172 ) ) ;
#913 = VERTEX_POINT ( 'NONE', #196 ) ;
#914 = DIRECTION ( 'NONE',  ( 0.0000000000000000000, 3.491481338843132961E-15, -1.000000000000000000 ) ) ;
#915 = LINE ( 'NONE', #161, #1314 ) ;
#916 = EDGE_CURVE ( 'NONE', #884, #181, #1105, .T. ) ;
#917 = DIRECTION ( 'NONE',  ( 0.0000000000000000000, 2.891205793294679411E-15, -1.000000000000000000 ) ) ;
#918 = CARTESIAN_POINT ( 'NONE',  ( 0.07874015748031538975, -0.01968503937007896887, 0.08661417322834639998 ) ) ;
#919 = PRESENTATION_STYLE_ASSIGNMENT (( #1395 ) ) ;
#920 = CARTESIAN_POINT ( 'NONE',  ( -0.09319439598461586038, -9.604943009647413316E-06, 0.1583583085586273698 ) ) ;
#921 = VECTOR ( 'NONE', #864, 39.37007874015748143 ) ;
#922 = VERTEX_POINT ( 'NONE', #551 ) ;
#923 = LINE ( 'NONE', #361, #1267 ) ;
#924 = DIRECTION ( 'NONE',  ( -1.000000000000000000, 0.0000000000000000000, 8.881784197001252323E-16 ) ) ;
#925 = SURFACE_SIDE_STYLE ('',( #1487 ) ) ;
#926 = CARTESIAN_POINT ( 'NONE',  ( 0.07874015748031537587, -0.04724409448818867735, 0.08661417322834628896 ) ) ;
#927 = CARTESIAN_POINT ( 'NONE',  ( -0.09761862790749747942, -0.002874657789836205634, 0.1608680040752193952 ) ) ;
#928 = ORIENTED_EDGE ( 'NONE', *, *, #582, .F. ) ;
#929 = ORIENTED_EDGE ( 'NONE', *, *, #898, .F. ) ;
#930 = CIRCLE ( 'NONE', #1058, 0.01181102362204724046 ) ;
#931 =( GEOMETRIC_REPRESENTATION_CONTEXT ( 3 ) GLOBAL_UNCERTAINTY_ASSIGNED_CONTEXT ( ( #934 ) ) GLOBAL_UNIT_ASSIGNED_CONTEXT ( ( #649, #774, #1338 ) ) REPRESENTATION_CONTEXT ( 'NONE', 'WORKASPACE' ) );
#932 = DIRECTION ( 'NONE',  ( 0.0000000000000000000, 3.491481338843133355E-15, -1.000000000000000000 ) ) ;
#933 = PLANE ( 'NONE',  #674 ) ;
#934 = UNCERTAINTY_MEASURE_WITH_UNIT (LENGTH_MEASURE( 1.000000000000000082E-05 ), #649, 'distance_accuracy_value', 'NONE');
#935 = DIRECTION ( 'NONE',  ( 1.000000000000000000, 0.0000000000000000000, -1.908195823574487409E-15 ) ) ;
#936 = CARTESIAN_POINT ( 'NONE',  ( -0.09494358559129617570, -0.0004839618197269109534, 0.1593553870650194215 ) ) ;
#937 = ORIENTED_EDGE ( 'NONE', *, *, #71, .F. ) ;
#938 = ORIENTED_EDGE ( 'NONE', *, *, #296, .F. ) ;
#939 = PRODUCT_RELATED_PRODUCT_CATEGORY ( 'part', '', ( #870 ) ) ;
#940 = CARTESIAN_POINT ( 'NONE',  ( 0.0000000000000000000, -0.005905511811023620231, -2.061898428450667863E-17 ) ) ;
#941 = LENGTH_MEASURE_WITH_UNIT ( LENGTH_MEASURE( 0.02539999999999999897 ), #269 );
#942 = DIRECTION ( 'NONE',  ( 0.0000000000000000000, 3.469446951953614189E-15, -1.000000000000000000 ) ) ;
#943 = CARTESIAN_POINT ( 'NONE',  ( 0.0000000000000000000, -0.1968503937007877735, 0.09842519685039302635 ) ) ;
#944 = ORIENTED_EDGE ( 'NONE', *, *, #494, .F. ) ;
#945 = EDGE_LOOP ( 'NONE', ( #838, #963, #897, #372, #534 ) ) ;
#946 = CIRCLE ( 'NONE', #1195, 0.1594488188976377896 ) ;
#947 = DIRECTION ( 'NONE',  ( 3.794707603699270252E-15, 1.000000000000000000, 3.491481338843132961E-15 ) ) ;
#948 = DIRECTION ( 'NONE',  ( 1.000000000000000000, 0.0000000000000000000, -5.782411586589358822E-15 ) ) ;
#949 = EDGE_CURVE ( 'NONE', #671, #1454, #90, .T. ) ;
#950 = ORIENTED_EDGE ( 'NONE', *, *, #677, .T. ) ;
#951 = FILL_AREA_STYLE ('',( #525 ) ) ;
#952 = VERTEX_POINT ( 'NONE', #877 ) ;
#953 = LINE ( 'NONE', #753, #776 ) ;
#954 =( GEOMETRIC_REPRESENTATION_CONTEXT ( 3 ) GLOBAL_UNCERTAINTY_ASSIGNED_CONTEXT ( ( #1305 ) ) GLOBAL_UNIT_ASSIGNED_CONTEXT ( ( #1155, #1180, #579 ) ) REPRESENTATION_CONTEXT ( 'NONE', 'WORKASPACE' ) );
#955 = DIRECTION ( 'NONE',  ( 0.0000000000000000000, 3.491481338843133750E-15, -1.000000000000000000 ) ) ;
#956 = CIRCLE ( 'NONE', #1324, 0.1594488188976377896 ) ;
#957 = PRESENTATION_LAYER_ASSIGNMENT (  '', '', ( #227 ) ) ;
#958 = PRESENTATION_LAYER_ASSIGNMENT (  '', '', ( #1116 ) ) ;
#959 = DIMENSIONAL_EXPONENTS ( 1.000000000000000000, 0.0000000000000000000, 0.0000000000000000000, 0.0000000000000000000, 0.0000000000000000000, 0.0000000000000000000, 0.0000000000000000000 ) ;
#960 =( NAMED_UNIT ( * ) PLANE_ANGLE_UNIT ( ) SI_UNIT ( $, .RADIAN. ) );
#961 = ORIENTED_EDGE ( 'NONE', *, *, #843, .T. ) ;
#962 = LENGTH_MEASURE_WITH_UNIT ( LENGTH_MEASURE( 0.02539999999999999897 ), #1074 );
#963 = ORIENTED_EDGE ( 'NONE', *, *, #745, .T. ) ;
#964 = DIRECTION ( 'NONE',  ( 0.0000000000000000000, 3.489775742687717791E-15, -1.000000000000000000 ) ) ;
#965 = FACE_OUTER_BOUND ( 'NONE', #945, .T. ) ;
#966 = ADVANCED_FACE ( 'NONE', ( #764, #213 ), #345, .T. ) ;
#967 = CARTESIAN_POINT ( 'NONE',  ( 0.09842519685039392840, -0.005905511811024210037, 0.1613212696736051888 ) ) ;
#968 = DIRECTION ( 'NONE',  ( 1.239088197126309996E-15, 1.000000000000000000, 3.491481338843132961E-15 ) ) ;
#969 = EDGE_LOOP ( 'NONE', ( #1421, #1118 ) ) ;
#970 = DIRECTION ( 'NONE',  ( 0.0000000000000000000, 1.000000000000000000, 3.491481338843132961E-15 ) ) ;
#971 = ORIENTED_EDGE ( 'NONE', *, *, #1245, .F. ) ;
#972 = DIRECTION ( 'NONE',  ( 0.0000000000000000000, 3.469446951953614189E-15, -1.000000000000000000 ) ) ;
#973 = CIRCLE ( 'NONE', #1416, 0.1889763779527559029 ) ;
#974 = LINE ( 'NONE', #1450, #1238 ) ;
#975 = SURFACE_STYLE_FILL_AREA ( #1193 ) ;
#976 = ORIENTED_EDGE ( 'NONE', *, *, #2, .F. ) ;
#977 = CARTESIAN_POINT ( 'NONE',  ( 0.0000000000000000000, -0.1771653543307087075, -6.185695285352007657E-16 ) ) ;
#978 = ORIENTED_EDGE ( 'NONE', *, *, #1379, .T. ) ;
#979 = ADVANCED_FACE ( 'NONE', ( #1481 ), #895, .T. ) ;
#980 = DIRECTION ( 'NONE',  ( 0.0000000000000000000, -1.000000000000000000, -3.491481338843133355E-15 ) ) ;
#981 = VECTOR ( 'NONE', #404, 39.37007874015748143 ) ;
#982 = CARTESIAN_POINT ( 'NONE',  ( 1.446433227339393110E-18, -0.3740157480314963978, 0.09055118110236090589 ) ) ;
#983 = DIRECTION ( 'NONE',  ( -1.000000000000000000, -0.0000000000000000000, -0.0000000000000000000 ) ) ;
#984 = AXIS2_PLACEMENT_3D ( 'NONE', #1455, #541, #1354 ) ;
#985 = CARTESIAN_POINT ( 'NONE',  ( 0.0000000000000000000, -0.1968503937007874127, -6.872994761502231387E-16 ) ) ;
#986 = ORIENTED_EDGE ( 'NONE', *, *, #991, .T. ) ;
#987 = TOROIDAL_SURFACE ( 'NONE', #352, 0.1830708661417322636, 0.005905511811023621965 ) ;
#988 =( NAMED_UNIT ( * ) PLANE_ANGLE_UNIT ( ) SI_UNIT ( $, .RADIAN. ) );
#989 = DIRECTION ( 'NONE',  ( 0.0000000000000000000, 2.891205793294679411E-15, -1.000000000000000000 ) ) ;
#990 = VERTEX_POINT ( 'NONE', #783 ) ;
#991 = EDGE_CURVE ( 'NONE', #267, #31, #1262, .T. ) ;
#992 =( NAMED_UNIT ( * ) PLANE_ANGLE_UNIT ( ) SI_UNIT ( $, .RADIAN. ) );
#993 = SURFACE_STYLE_USAGE ( .BOTH. , #1015 ) ;
#994 = DIRECTION ( 'NONE',  ( -3.506675885424520338E-15, 3.491481338843132961E-15, -1.000000000000000000 ) ) ;
#995 = EDGE_LOOP ( 'NONE', ( #1190, #163 ) ) ;
#996 = CARTESIAN_POINT ( 'NONE',  ( 0.09842519685039391453, -0.1456692913385832233, 0.1613212696736046892 ) ) ;
#997 = DIRECTION ( 'NONE',  ( -1.237650312502779993E-15, 3.491481338843133355E-15, -1.000000000000000000 ) ) ;
#998 = CARTESIAN_POINT ( 'NONE',  ( 0.0000000000000000000, 0.0000000000000000000, 0.0000000000000000000 ) ) ;
#999 =( NAMED_UNIT ( * ) SI_UNIT ( $, .STERADIAN. ) SOLID_ANGLE_UNIT ( ) );
#1000 = DIRECTION ( 'NONE',  ( 0.0000000000000000000, 1.000000000000000000, 3.491481338843132961E-15 ) ) ;
#1001 = EDGE_CURVE ( 'NONE', #729, #1315, #445, .T. ) ;
#1002 = ORIENTED_EDGE ( 'NONE', *, *, #843, .F. ) ;
#1003 = SURFACE_SIDE_STYLE ('',( #1124 ) ) ;
#1004 = SURFACE_STYLE_USAGE ( .BOTH. , #216 ) ;
#1005 = DIRECTION ( 'NONE',  ( 0.0000000000000000000, -3.469446951953614189E-15, 1.000000000000000000 ) ) ;
#1006 = PRESENTATION_STYLE_ASSIGNMENT (( #993 ) ) ;
#1007 = EDGE_CURVE ( 'NONE', #863, #613, #1152, .T. ) ;
#1008 = DIRECTION ( 'NONE',  ( 0.0000000000000000000, 5.782411586589358822E-15, -1.000000000000000000 ) ) ;
#1009 = AXIS2_PLACEMENT_3D ( 'NONE', #291, #733, #1114 ) ;
#1010 = MECHANICAL_DESIGN_GEOMETRIC_PRESENTATION_REPRESENTATION (  '', ( #1135 ), #692 ) ;
#1011 = CARTESIAN_POINT ( 'NONE',  ( 0.1594488188976377896, -0.1377952755905512139, -2.897579156985205835E-16 ) ) ;
#1012 = ORIENTED_EDGE ( 'NONE', *, *, #234, .T. ) ;
#1013 = CIRCLE ( 'NONE', #45, 0.01181102362204724046 ) ;
#1014 = FACE_OUTER_BOUND ( 'NONE', #1237, .T. ) ;
#1015 = SURFACE_SIDE_STYLE ('',( #217 ) ) ;
#1016 = EDGE_CURVE ( 'NONE', #913, #147, #1040, .T. ) ;
#1017 = CARTESIAN_POINT ( 'NONE',  ( 0.0000000000000000000, -0.1968503937007877180, 0.07874015748031427953 ) ) ;
#1018 = PLANE ( 'NONE',  #1054 ) ;
#1019 = ORIENTED_EDGE ( 'NONE', *, *, #795, .F. ) ;
#1020 = SURFACE_STYLE_FILL_AREA ( #1362 ) ;
#1021 = CARTESIAN_POINT ( 'NONE',  ( 0.1889763779527559029, -0.1968503937007874127, -3.308162985799346990E-16 ) ) ;
#1022 = AXIS2_PLACEMENT_3D ( 'NONE', #1294, #1410, #496 ) ;
#1023 = DIRECTION ( 'NONE',  ( 0.0000000000000000000, -3.469446951953614189E-15, 1.000000000000000000 ) ) ;
#1024 = CARTESIAN_POINT ( 'NONE',  ( -0.09842519685039365085, -0.1968503937007879678, 0.1613212696736046892 ) ) ;
#1025 = ORIENTED_EDGE ( 'NONE', *, *, #296, .T. ) ;
#1026 = ADVANCED_FACE ( 'NONE', ( #700 ), #385, .T. ) ;
#1027 =( LENGTH_UNIT ( ) NAMED_UNIT ( * ) SI_UNIT ( $, .METRE. ) );
#1028 =( NAMED_UNIT ( * ) SI_UNIT ( $, .STERADIAN. ) SOLID_ANGLE_UNIT ( ) );
#1029 = LINE ( 'NONE', #1494, #392 ) ;
#1030 = DIRECTION ( 'NONE',  ( 0.0000000000000000000, 1.000000000000000000, 3.491481338843132961E-15 ) ) ;
#1031 = VECTOR ( 'NONE', #1269, 39.37007874015748143 ) ;
#1032 = DIRECTION ( 'NONE',  ( 0.0000000000000000000, 1.000000000000000000, 3.491481338843132961E-15 ) ) ;
#1033 = LENGTH_MEASURE_WITH_UNIT ( LENGTH_MEASURE( 0.02539999999999999897 ), #96 );
#1034 = CIRCLE ( 'NONE', #1372, 0.01968503937007873988 ) ;
#1035 = AXIS2_PLACEMENT_3D ( 'NONE', #334, #326, #861 ) ;
#1036 =( NAMED_UNIT ( * ) PLANE_ANGLE_UNIT ( ) SI_UNIT ( $, .RADIAN. ) );
#1037 = AXIS2_PLACEMENT_3D ( 'NONE', #603, #18, #76 ) ;
#1038 = SURFACE_STYLE_FILL_AREA ( #238 ) ;
#1039 = CARTESIAN_POINT ( 'NONE',  ( 0.0000000000000000000, -0.1437587347470920818, -0.07874015748031545914 ) ) ;
#1040 = LINE ( 'NONE', #1110, #79 ) ;
#1041 = CARTESIAN_POINT ( 'NONE',  ( 0.0000000000000000000, -0.1968503937007877180, 0.07874015748031427953 ) ) ;
#1042 = ORIENTED_EDGE ( 'NONE', *, *, #336, .T. ) ;
#1043 = ORIENTED_EDGE ( 'NONE', *, *, #1125, .F. ) ;
#1044 = EDGE_CURVE ( 'NONE', #884, #399, #1013, .T. ) ;
#1045 = LENGTH_MEASURE_WITH_UNIT ( LENGTH_MEASURE( 0.02539999999999999897 ), #1257 );
#1046 = DIRECTION ( 'NONE',  ( 0.0000000000000000000, 1.000000000000000000, 3.491481338843132961E-15 ) ) ;
#1047 = ORIENTED_EDGE ( 'NONE', *, *, #1016, .T. ) ;
#1048 = ORIENTED_EDGE ( 'NONE', *, *, #532, .T. ) ;
#1049 =( NAMED_UNIT ( * ) SI_UNIT ( $, .STERADIAN. ) SOLID_ANGLE_UNIT ( ) );
#1050 = SURFACE_SIDE_STYLE ('',( #1317 ) ) ;
#1051 = LINE ( 'NONE', #151, #367 ) ;
#1052 =( LENGTH_UNIT ( ) NAMED_UNIT ( * ) SI_UNIT ( $, .METRE. ) );
#1053 = DIRECTION ( 'NONE',  ( -0.0000000000000000000, -1.000000000000000000, -3.491481338843133355E-15 ) ) ;
#1054 = AXIS2_PLACEMENT_3D ( 'NONE', #438, #1489, #1482 ) ;
#1055 = CARTESIAN_POINT ( 'NONE',  ( -0.09839208814442310103, -0.005052284320586545793, 0.1613026850703749293 ) ) ;
#1056 = VERTEX_POINT ( 'NONE', #854 ) ;
#1057 = ORIENTED_EDGE ( 'NONE', *, *, #113, .T. ) ;
#1058 = AXIS2_PLACEMENT_3D ( 'NONE', #890, #559, #1111 ) ;
#1059 = COLOUR_RGB ( '',0.2980392156862745057, 0.2980392156862745057, 0.2980392156862745057 ) ;
#1060 = DIRECTION ( 'NONE',  ( 0.0000000000000000000, -1.000000000000000000, -3.491481338843132961E-15 ) ) ;
#1061 = CARTESIAN_POINT ( 'NONE',  ( 0.0000000000000000000, -0.1968503937007871629, -0.07874015748031565343 ) ) ;
#1062 = AXIS2_PLACEMENT_3D ( 'NONE', #1486, #889, #577 ) ;
#1063 = LINE ( 'NONE', #263, #675 ) ;
#1064 = CARTESIAN_POINT ( 'NONE',  ( 0.09808523296355818599, -0.003930734341609325860, 0.1611303316763599280 ) ) ;
#1065 = CARTESIAN_POINT ( 'NONE',  ( -0.09693515632905638779, -0.001937917191601701674, 0.1604828409959556390 ) ) ;
#1066 = ORIENTED_EDGE ( 'NONE', *, *, #286, .T. ) ;
#1067 = EDGE_CURVE ( 'NONE', #990, #189, #274, .T. ) ;
#1068 = VERTEX_POINT ( 'NONE', #154 ) ;
#1069 = CARTESIAN_POINT ( 'NONE',  ( -0.09842519685039369248, -0.005905511811024207434, 0.1613212696736053275 ) ) ;
#1070 = CARTESIAN_POINT ( 'NONE',  ( 0.0000000000000000000, -0.1968503937007877180, 0.07874015748031427953 ) ) ;
#1071 = DIMENSIONAL_EXPONENTS ( 1.000000000000000000, 0.0000000000000000000, 0.0000000000000000000, 0.0000000000000000000, 0.0000000000000000000, 0.0000000000000000000, 0.0000000000000000000 ) ;
#1072 = CARTESIAN_POINT ( 'NONE',  ( 0.0000000000000000000, -0.1968503937007874127, -6.872994761502231387E-16 ) ) ;
#1073 = VERTEX_POINT ( 'NONE', #982 ) ;
#1074 =( LENGTH_UNIT ( ) NAMED_UNIT ( * ) SI_UNIT ( $, .METRE. ) );
#1075 = ORIENTED_EDGE ( 'NONE', *, *, #916, .F. ) ;
#1076 = DIRECTION ( 'NONE',  ( 3.035766082959410049E-15, 1.000000000000000000, 3.491481338843132961E-15 ) ) ;
#1077 = EDGE_CURVE ( 'NONE', #173, #1439, #974, .T. ) ;
#1078 = UNCERTAINTY_MEASURE_WITH_UNIT (LENGTH_MEASURE( 1.000000000000000082E-05 ), #223, 'distance_accuracy_value', 'NONE');
#1079 = PLANE ( 'NONE',  #301 ) ;
#1080 = ORIENTED_EDGE ( 'NONE', *, *, #795, .T. ) ;
#1081 = ORIENTED_EDGE ( 'NONE', *, *, #1133, .F. ) ;
#1082 = CARTESIAN_POINT ( 'NONE',  ( -0.09842519685039329003, -0.01968503937007892723, 0.2440944881889767215 ) ) ;
#1083 = AXIS2_PLACEMENT_3D ( 'NONE', #419, #837, #303 ) ;
#1084 = AXIS2_PLACEMENT_3D ( 'NONE', #636, #608, #1359 ) ;
#1085 = AXIS2_PLACEMENT_3D ( 'NONE', #977, #82, #1330 ) ;
#1086 = VECTOR ( 'NONE', #434, 39.37007874015748143 ) ;
#1087 = CARTESIAN_POINT ( 'NONE',  ( 0.09842519685039405331, -0.005814670160294997843, 0.1613212696736051888 ) ) ;
#1088 = ORIENTED_EDGE ( 'NONE', *, *, #896, .F. ) ;
#1089 = DIRECTION ( 'NONE',  ( 0.0000000000000000000, 1.000000000000000000, 3.491481338843133355E-15 ) ) ;
#1090 = EDGE_LOOP ( 'NONE', ( #333, #1066, #1160, #1271 ) ) ;
#1091 = CARTESIAN_POINT ( 'NONE',  ( -0.07874015748031457096, -0.1259842519685034912, 0.2047244094488184785 ) ) ;
#1092 = PLANE ( 'NONE',  #857 ) ;
#1093 = DIRECTION ( 'NONE',  ( 0.0000000000000000000, 2.891205793294679411E-15, -1.000000000000000000 ) ) ;
#1094 = EDGE_CURVE ( 'NONE', #109, #401, #866, .T. ) ;
#1095 = CARTESIAN_POINT ( 'NONE',  ( 0.09827637563817341604, -0.004469434895167746780, 0.1612377490369859556 ) ) ;
#1096 = CARTESIAN_POINT ( 'NONE',  ( 1.446433227339393110E-18, -0.3740157480314958427, -0.06692913385826902706 ) ) ;
#1097 = ORIENTED_EDGE ( 'NONE', *, *, #1094, .T. ) ;
#1098 = DIRECTION ( 'NONE',  ( 1.239088197126309996E-15, 1.000000000000000000, 3.491481338843132961E-15 ) ) ;
#1099 = VERTEX_POINT ( 'NONE', #596 ) ;
#1100 = LINE ( 'NONE', #1091, #92 ) ;
#1101 = AXIS2_PLACEMENT_3D ( 'NONE', #1323, #398, #846 ) ;
#1102 = DIMENSIONAL_EXPONENTS ( 1.000000000000000000, 0.0000000000000000000, 0.0000000000000000000, 0.0000000000000000000, 0.0000000000000000000, 0.0000000000000000000, 0.0000000000000000000 ) ;
#1103 = ORIENTED_EDGE ( 'NONE', *, *, #582, .T. ) ;
#1104 = EDGE_CURVE ( 'NONE', #785, #1470, #1281, .T. ) ;
#1105 = LINE ( 'NONE', #67, #1475 ) ;
#1106 = CARTESIAN_POINT ( 'NONE',  ( 0.0000000000000000000, -0.1437587347470920818, -0.07874015748031545914 ) ) ;
#1107 = ORIENTED_EDGE ( 'NONE', *, *, #684, .T. ) ;
#1108 = FACE_OUTER_BOUND ( 'NONE', #1329, .T. ) ;
#1109 = CIRCLE ( 'NONE', #1492, 0.1594488188976377896 ) ;
#1110 = CARTESIAN_POINT ( 'NONE',  ( -0.07874015748031457096, -0.08661417322834602528, 0.2047244094488186172 ) ) ;
#1111 = DIRECTION ( 'NONE',  ( 0.0000000000000000000, 5.782411586589358822E-15, -1.000000000000000000 ) ) ;
#1112 = AXIS2_PLACEMENT_3D ( 'NONE', #781, #7, #226 ) ;
#1113 = CIRCLE ( 'NONE', #461, 0.1830708661417322636 ) ;
#1114 = DIRECTION ( 'NONE',  ( 0.0000000000000000000, 3.491481338843132961E-15, -1.000000000000000000 ) ) ;
#1115 = ORIENTED_EDGE ( 'NONE', *, *, #1007, .T. ) ;
#1116 = STYLED_ITEM ( 'NONE', ( #903 ), #979 ) ;
#1117 = LINE ( 'NONE', #1360, #75 ) ;
#1118 = ORIENTED_EDGE ( 'NONE', *, *, #1457, .T. ) ;
#1119 = EDGE_CURVE ( 'NONE', #1129, #539, #24, .T. ) ;
#1120 = DIRECTION ( 'NONE',  ( 0.0000000000000000000, 1.000000000000000000, 3.491481338843133355E-15 ) ) ;
#1121 =( NAMED_UNIT ( * ) PLANE_ANGLE_UNIT ( ) SI_UNIT ( $, .RADIAN. ) );
#1122 = VERTEX_POINT ( 'NONE', #1185 ) ;
#1123 = DIRECTION ( 'NONE',  ( 0.0000000000000000000, -1.000000000000000000, -3.491481338843132961E-15 ) ) ;
#1124 = SURFACE_STYLE_FILL_AREA ( #236 ) ;
#1125 = EDGE_CURVE ( 'NONE', #542, #1211, #1063, .T. ) ;
#1126 = CARTESIAN_POINT ( 'NONE',  ( 0.0000000000000000000, -0.005905511811023620231, -2.061898428450667863E-17 ) ) ;
#1127 = CARTESIAN_POINT ( 'NONE',  ( 0.07874015748031538975, -0.01968503937007896887, 0.08661417322834639998 ) ) ;
#1128 = DIRECTION ( 'NONE',  ( 1.000000000000000000, 4.321232970116828107E-30, -1.237650312502779993E-15 ) ) ;
#1129 = VERTEX_POINT ( 'NONE', #650 ) ;
#1130 = APPLICATION_PROTOCOL_DEFINITION ( 'draft international standard', 'automotive_design', 1998, #97 ) ;
#1131 = SURFACE_SIDE_STYLE ('',( #572 ) ) ;
#1132 = CARTESIAN_POINT ( 'NONE',  ( -0.1889763779527559029, -0.005905511811023654925, -3.539592302173639935E-16 ) ) ;
#1133 = EDGE_CURVE ( 'NONE', #1099, #173, #888, .T. ) ;
#1134 = VECTOR ( 'NONE', #793, 39.37007874015748143 ) ;
#1135 = STYLED_ITEM ( 'NONE', ( #116 ), #790 ) ;
#1136 = FACE_OUTER_BOUND ( 'NONE', #41, .T. ) ;
#1137 =( GEOMETRIC_REPRESENTATION_CONTEXT ( 3 ) GLOBAL_UNCERTAINTY_ASSIGNED_CONTEXT ( ( #693 ) ) GLOBAL_UNIT_ASSIGNED_CONTEXT ( ( #29, #992, #536 ) ) REPRESENTATION_CONTEXT ( 'NONE', 'WORKASPACE' ) );
#1138 = PRODUCT_CONTEXT ( 'NONE', #97, 'mechanical' ) ;
#1139 = FACE_BOUND ( 'NONE', #1264, .T. ) ;
#1140 = DIRECTION ( 'NONE',  ( 0.0000000000000000000, -1.000000000000000000, -3.491481338843133355E-15 ) ) ;
#1141 = ORIENTED_EDGE ( 'NONE', *, *, #1104, .F. ) ;
#1142 = VERTEX_POINT ( 'NONE', #431 ) ;
#1143 = LENGTH_MEASURE_WITH_UNIT ( LENGTH_MEASURE( 0.02539999999999999897 ), #1465 );
#1144 = PRESENTATION_STYLE_ASSIGNMENT (( #1480 ) ) ;
#1145 =( CONVERSION_BASED_UNIT ( 'INCH', #1370 ) LENGTH_UNIT ( ) NAMED_UNIT ( #1441 ) );
#1146 = AXIS2_PLACEMENT_3D ( 'NONE', #1316, #947, #736 ) ;
#1147 = CARTESIAN_POINT ( 'NONE',  ( 1.446433227339430859E-18, -0.1968503937007877458, 0.09055118110236151652 ) ) ;
#1148 = DIRECTION ( 'NONE',  ( 0.0000000000000000000, -3.469446951953614189E-15, 1.000000000000000000 ) ) ;
#1149 = EDGE_CURVE ( 'NONE', #1167, #130, #1339, .T. ) ;
#1150 = CARTESIAN_POINT ( 'NONE',  ( -0.07874015748031457096, -0.1574803149606308073, 0.2440944881889761942 ) ) ;
#1151 = UNCERTAINTY_MEASURE_WITH_UNIT (LENGTH_MEASURE( 1.000000000000000082E-05 ), #198, 'distance_accuracy_value', 'NONE');
#1152 = LINE ( 'NONE', #356, #159 ) ;
#1153 = AXIS2_PLACEMENT_3D ( 'NONE', #353, #997, #214 ) ;
#1154 = DIRECTION ( 'NONE',  ( -1.000000000000000000, 0.0000000000000000000, 0.0000000000000000000 ) ) ;
#1155 =( CONVERSION_BASED_UNIT ( 'INCH', #1033 ) LENGTH_UNIT ( ) NAMED_UNIT ( #1071 ) );
#1156 = EDGE_LOOP ( 'NONE', ( #482, #293, #40, #678 ) ) ;
#1157 = AXIS2_PLACEMENT_3D ( 'NONE', #88, #80, #344 ) ;
#1158 = EDGE_CURVE ( 'NONE', #267, #36, #489, .T. ) ;
#1159 = AXIS2_PLACEMENT_3D ( 'NONE', #657, #1120, #1005 ) ;
#1160 = ORIENTED_EDGE ( 'NONE', *, *, #1197, .T. ) ;
#1161 = VECTOR ( 'NONE', #490, 39.37007874015748143 ) ;
#1162 = DIRECTION ( 'NONE',  ( -0.0000000000000000000, -1.000000000000000000, -3.491481338843133355E-15 ) ) ;
#1163 = EDGE_CURVE ( 'NONE', #952, #31, #228, .T. ) ;
#1164 = SURFACE_SIDE_STYLE ('',( #1375 ) ) ;
#1165 = CARTESIAN_POINT ( 'NONE',  ( 0.07874015748031538975, -0.1259842519685042683, 0.2047244094488184785 ) ) ;
#1166 = ORIENTED_EDGE ( 'NONE', *, *, #1429, .F. ) ;
#1167 = VERTEX_POINT ( 'NONE', #111 ) ;
#1168 = FACE_OUTER_BOUND ( 'NONE', #744, .T. ) ;
#1169 = CARTESIAN_POINT ( 'NONE',  ( -0.07874015748031457096, -0.04724409448818917695, 0.2440944881889764162 ) ) ;
#1170 = EDGE_CURVE ( 'NONE', #526, #1167, #1328, .T. ) ;
#1171 = SURFACE_STYLE_FILL_AREA ( #1326 ) ;
#1172 = FACE_OUTER_BOUND ( 'NONE', #128, .T. ) ;
#1173 = LINE ( 'NONE', #465, #178 ) ;
#1174 = VECTOR ( 'NONE', #642, 39.37007874015748143 ) ;
#1175 = ORIENTED_EDGE ( 'NONE', *, *, #204, .T. ) ;
#1176 = DIRECTION ( 'NONE',  ( 0.0000000000000000000, -1.000000000000000000, -3.491481338843133355E-15 ) ) ;
#1177 = ADVANCED_FACE ( 'NONE', ( #322 ), #987, .T. ) ;
#1178 = PRESENTATION_STYLE_ASSIGNMENT (( #298 ) ) ;
#1179 = DIRECTION ( 'NONE',  ( 0.0000000000000000000, -1.000000000000000000, -3.491481338843132961E-15 ) ) ;
#1180 =( NAMED_UNIT ( * ) PLANE_ANGLE_UNIT ( ) SI_UNIT ( $, .RADIAN. ) );
#1181 = ORIENTED_EDGE ( 'NONE', *, *, #1490, .T. ) ;
#1182 = CIRCLE ( 'NONE', #651, 0.01181102362204724046 ) ;
#1183 = CIRCLE ( 'NONE', #1035, 0.01181102362204724046 ) ;
#1184 = AXIS2_PLACEMENT_3D ( 'NONE', #686, #463, #1381 ) ;
#1185 = CARTESIAN_POINT ( 'NONE',  ( 0.07874015748031538975, -0.03937007874015777814, 0.08661417322834633059 ) ) ;
#1186 = LENGTH_MEASURE_WITH_UNIT ( LENGTH_MEASURE( 0.02539999999999999897 ), #1297 );
#1187 = DIRECTION ( 'NONE',  ( 0.0000000000000000000, 1.000000000000000000, 3.491481338843133355E-15 ) ) ;
#1188 = ORIENTED_EDGE ( 'NONE', *, *, #779, .F. ) ;
#1189 = ADVANCED_FACE ( 'NONE', ( #1358 ), #880, .T. ) ;
#1190 = ORIENTED_EDGE ( 'NONE', *, *, #1158, .T. ) ;
#1191 = DIMENSIONAL_EXPONENTS ( 1.000000000000000000, 0.0000000000000000000, 0.0000000000000000000, 0.0000000000000000000, 0.0000000000000000000, 0.0000000000000000000, 0.0000000000000000000 ) ;
#1192 = SURFACE_SIDE_STYLE ('',( #282 ) ) ;
#1193 = FILL_AREA_STYLE ('',( #406 ) ) ;
#1194 = ORIENTED_EDGE ( 'NONE', *, *, #1215, .T. ) ;
#1195 = AXIS2_PLACEMENT_3D ( 'NONE', #699, #1162, #1266 ) ;
#1196 = ORIENTED_EDGE ( 'NONE', *, *, #71, .T. ) ;
#1197 = EDGE_CURVE ( 'NONE', #1217, #659, #260, .T. ) ;
#1198 = DIRECTION ( 'NONE',  ( 1.000000000000000000, 0.0000000000000000000, 0.0000000000000000000 ) ) ;
#1199 = FILL_AREA_STYLE_COLOUR ( '', #279 ) ;
#1200 = ORIENTED_EDGE ( 'NONE', *, *, #113, .F. ) ;
#1201 = ORIENTED_EDGE ( 'NONE', *, *, #1380, .F. ) ;
#1202 = CARTESIAN_POINT ( 'NONE',  ( 0.07874015748031538975, -0.01968503937007896887, 0.08661417322834639998 ) ) ;
#1203 = MECHANICAL_DESIGN_GEOMETRIC_PRESENTATION_REPRESENTATION (  '', ( #329 ), #74 ) ;
#1204 = DIRECTION ( 'NONE',  ( 0.0000000000000000000, -3.469446951953614189E-15, 1.000000000000000000 ) ) ;
#1205 = AXIS2_PLACEMENT_3D ( 'NONE', #758, #771, #777 ) ;
#1206 = EDGE_CURVE ( 'NONE', #659, #613, #915, .T. ) ;
#1207 = PRESENTATION_LAYER_ASSIGNMENT (  '', '', ( #1451 ) ) ;
#1208 = CARTESIAN_POINT ( 'NONE',  ( 0.09251968503937041399, -5.515551532042305447E-16, 0.1579716743916445287 ) ) ;
#1209 = VERTEX_POINT ( 'NONE', #483 ) ;
#1210 = DIRECTION ( 'NONE',  ( 0.0000000000000000000, 3.491481338843132961E-15, -1.000000000000000000 ) ) ;
#1211 = VERTEX_POINT ( 'NONE', #1069 ) ;
#1212 = DIRECTION ( 'NONE',  ( 1.000000000000000000, 7.873781037753954536E-30, -2.255140518769850012E-15 ) ) ;
#1213 = DIRECTION ( 'NONE',  ( 0.0000000000000000000, 1.000000000000000000, 3.491481338843133355E-15 ) ) ;
#1214 = PLANE ( 'NONE',  #100 ) ;
#1215 = EDGE_CURVE ( 'NONE', #704, #195, #254, .T. ) ;
#1216 = CARTESIAN_POINT ( 'NONE',  ( 0.09729033653714151686, -0.002424713908681450612, 0.1606829989936757186 ) ) ;
#1217 = VERTEX_POINT ( 'NONE', #149 ) ;
#1218 = DIRECTION ( 'NONE',  ( 0.0000000000000000000, -1.000000000000000000, -3.491481338843132961E-15 ) ) ;
#1219 = FACE_OUTER_BOUND ( 'NONE', #1230, .T. ) ;
#1220 = VERTEX_POINT ( 'NONE', #15 ) ;
#1221 = PLANE ( 'NONE',  #1223 ) ;
#1222 = LENGTH_MEASURE_WITH_UNIT ( LENGTH_MEASURE( 0.02539999999999999897 ), #1240 );
#1223 = AXIS2_PLACEMENT_3D ( 'NONE', #730, #73, #1198 ) ;
#1224 = DIRECTION ( 'NONE',  ( 0.0000000000000000000, -1.000000000000000000, -3.491481338843132961E-15 ) ) ;
#1225 = FILL_AREA_STYLE_COLOUR ( '', #906 ) ;
#1226 = EDGE_CURVE ( 'NONE', #278, #871, #360, .T. ) ;
#1227 = CYLINDRICAL_SURFACE ( 'NONE', #1277, 0.01181102362204724046 ) ;
#1228 = EDGE_CURVE ( 'NONE', #395, #868, #923, .T. ) ;
#1229 = DIRECTION ( 'NONE',  ( -1.000000000000000000, -0.0000000000000000000, -0.0000000000000000000 ) ) ;
#1230 = EDGE_LOOP ( 'NONE', ( #335, #1310 ) ) ;
#1231 = FILL_AREA_STYLE_COLOUR ( '', #1291 ) ;
#1232 = COLOUR_RGB ( '',0.8274509803921568096, 0.6666666666666666297, 0.1294117647058823373 ) ;
#1233 =( NAMED_UNIT ( * ) PLANE_ANGLE_UNIT ( ) SI_UNIT ( $, .RADIAN. ) );
#1234 =( LENGTH_UNIT ( ) NAMED_UNIT ( * ) SI_UNIT ( $, .METRE. ) );
#1235 = VECTOR ( 'NONE', #935, 39.37007874015748143 ) ;
#1236 = AXIS2_PLACEMENT_3D ( 'NONE', #205, #654, #666 ) ;
#1237 = EDGE_LOOP ( 'NONE', ( #821, #950, #4, #1075 ) ) ;
#1238 = VECTOR ( 'NONE', #1442, 39.37007874015748143 ) ;
#1239 = CYLINDRICAL_SURFACE ( 'NONE', #1153, 0.005905511811023621965 ) ;
#1240 =( LENGTH_UNIT ( ) NAMED_UNIT ( * ) SI_UNIT ( $, .METRE. ) );
#1241 = CARTESIAN_POINT ( 'NONE',  ( 0.0000000000000000000, -0.1771653543307089573, 0.07874015748031434891 ) ) ;
#1242 = ORIENTED_EDGE ( 'NONE', *, *, #1226, .F. ) ;
#1243 = DIRECTION ( 'NONE',  ( 0.0000000000000000000, -1.000000000000000000, -3.491481338843132961E-15 ) ) ;
#1244 = LINE ( 'NONE', #563, #827 ) ;
#1245 = EDGE_CURVE ( 'NONE', #863, #922, #946, .T. ) ;
#1246 = FACE_BOUND ( 'NONE', #647, .T. ) ;
#1247 =( GEOMETRIC_REPRESENTATION_CONTEXT ( 3 ) GLOBAL_UNCERTAINTY_ASSIGNED_CONTEXT ( ( #476 ) ) GLOBAL_UNIT_ASSIGNED_CONTEXT ( ( #816, #1393, #1049 ) ) REPRESENTATION_CONTEXT ( 'NONE', 'WORKASPACE' ) );
#1248 = FACE_OUTER_BOUND ( 'NONE', #1156, .T. ) ;
#1249 = PRESENTATION_STYLE_ASSIGNMENT (( #1355 ) ) ;
#1250 = ORIENTED_EDGE ( 'NONE', *, *, #1478, .T. ) ;
#1251 = CARTESIAN_POINT ( 'NONE',  ( -0.07874015748031457096, -0.08661417322834602528, 0.2047244094488186172 ) ) ;
#1252 = DIRECTION ( 'NONE',  ( 0.0000000000000000000, 3.491481338843133355E-15, -1.000000000000000000 ) ) ;
#1253 = EDGE_CURVE ( 'NONE', #711, #1068, #262, .T. ) ;
#1254 = VECTOR ( 'NONE', #970, 39.37007874015748143 ) ;
#1255 = AXIS2_PLACEMENT_3D ( 'NONE', #1488, #455, #629 ) ;
#1256 = AXIS2_PLACEMENT_3D ( 'NONE', #680, #466, #914 ) ;
#1257 =( LENGTH_UNIT ( ) NAMED_UNIT ( * ) SI_UNIT ( $, .METRE. ) );
#1258 = VERTEX_POINT ( 'NONE', #366 ) ;
#1259 = FILL_AREA_STYLE_COLOUR ( '', #1278 ) ;
#1260 = LINE ( 'NONE', #232, #653 ) ;
#1261 = PLANE ( 'NONE',  #152 ) ;
#1262 = LINE ( 'NONE', #235, #305 ) ;
#1263 = LINE ( 'NONE', #156, #806 ) ;
#1264 = EDGE_LOOP ( 'NONE', ( #803, #593 ) ) ;
#1265 = DIRECTION ( 'NONE',  ( 1.000000000000000000, 0.0000000000000000000, 0.0000000000000000000 ) ) ;
#1266 = DIRECTION ( 'NONE',  ( -1.000000000000000000, 0.0000000000000000000, -8.881784197001252323E-16 ) ) ;
#1267 = VECTOR ( 'NONE', #246, 39.37007874015748143 ) ;
#1268 = EDGE_CURVE ( 'NONE', #606, #517, #384, .T. ) ;
#1269 = DIRECTION ( 'NONE',  ( 0.0000000000000000000, 1.000000000000000000, 3.491481338843132961E-15 ) ) ;
#1270 = VERTEX_POINT ( 'NONE', #713 ) ;
#1271 = ORIENTED_EDGE ( 'NONE', *, *, #668, .T. ) ;
#1272 = PRESENTATION_STYLE_ASSIGNMENT (( #374 ) ) ;
#1273 = VECTOR ( 'NONE', #1407, 39.37007874015748143 ) ;
#1274 =( NAMED_UNIT ( * ) SI_UNIT ( $, .STERADIAN. ) SOLID_ANGLE_UNIT ( ) );
#1275 = CARTESIAN_POINT ( 'NONE',  ( -0.1594488188976377896, -0.1968503937007874127, -6.872994761502231387E-16 ) ) ;
#1276 = ORIENTED_EDGE ( 'NONE', *, *, #1400, .F. ) ;
#1277 = AXIS2_PLACEMENT_3D ( 'NONE', #1039, #468, #917 ) ;
#1278 = COLOUR_RGB ( '',0.8274509803921568096, 0.6666666666666666297, 0.1294117647058823373 ) ;
#1279 = ORIENTED_EDGE ( 'NONE', *, *, #1170, .F. ) ;
#1280 = ADVANCED_FACE ( 'NONE', ( #1168 ), #665, .T. ) ;
#1281 = CIRCLE ( 'NONE', #860, 0.1889763779527559029 ) ;
#1282 = DIRECTION ( 'NONE',  ( -1.000000000000000000, -7.873781037753954536E-30, 2.255140518769850012E-15 ) ) ;
#1283 = MANIFOLD_SOLID_BREP ( 'Fillet1', #68 ) ;
#1284 = SURFACE_STYLE_USAGE ( .BOTH. , #925 ) ;
#1285 = CARTESIAN_POINT ( 'NONE',  ( 0.0000000000000000000, -0.3740157480314962868, 0.06692913385826643191 ) ) ;
#1286 = ORIENTED_EDGE ( 'NONE', *, *, #1044, .F. ) ;
#1287 = CYLINDRICAL_SURFACE ( 'NONE', #1159, 0.01968503937007873988 ) ;
#1288 = CARTESIAN_POINT ( 'NONE',  ( 0.0000000000000000000, -0.1968503937007877180, 0.07874015748031427953 ) ) ;
#1289 = CARTESIAN_POINT ( 'NONE',  ( 0.0000000000000000000, -0.1377952755905512139, -4.811096333051562168E-16 ) ) ;
#1290 = LINE ( 'NONE', #943, #1273 ) ;
#1291 = COLOUR_RGB ( '',0.2980392156862745057, 0.2980392156862745057, 0.2980392156862745057 ) ;
#1292 = ORIENTED_EDGE ( 'NONE', *, *, #1228, .T. ) ;
#1293 = ORIENTED_EDGE ( 'NONE', *, *, #504, .T. ) ;
#1294 = CARTESIAN_POINT ( 'NONE',  ( 0.0000000000000000000, -0.005905511811023654925, -2.061898428450679881E-17 ) ) ;
#1295 = CARTESIAN_POINT ( 'NONE',  ( -0.09251968503937008093, -0.005905511811024184016, 0.1613212696736050500 ) ) ;
#1296 = CARTESIAN_POINT ( 'NONE',  ( 0.0000000000000000000, -0.1968503937007871629, -0.07874015748031565343 ) ) ;
#1297 =( LENGTH_UNIT ( ) NAMED_UNIT ( * ) SI_UNIT ( $, .METRE. ) );
#1298 = CARTESIAN_POINT ( 'NONE',  ( -0.09841890972426006745, -0.005633082247055439667, 0.1613177406106030276 ) ) ;
#1299 = EDGE_LOOP ( 'NONE', ( #427, #187, #986, #1048 ) ) ;
#1300 = EDGE_LOOP ( 'NONE', ( #759, #157, #1057, #570 ) ) ;
#1301 = VECTOR ( 'NONE', #112, 39.37007874015748143 ) ;
#1302 = DIRECTION ( 'NONE',  ( 0.0000000000000000000, 3.489775742687717791E-15, -1.000000000000000000 ) ) ;
#1303 = FILL_AREA_STYLE ('',( #707 ) ) ;
#1304 = MECHANICAL_DESIGN_GEOMETRIC_PRESENTATION_REPRESENTATION (  '', ( #1451 ), #787 ) ;
#1305 = UNCERTAINTY_MEASURE_WITH_UNIT (LENGTH_MEASURE( 1.000000000000000082E-05 ), #1155, 'distance_accuracy_value', 'NONE');
#1306 = LINE ( 'NONE', #520, #981 ) ;
#1307 = EDGE_CURVE ( 'NONE', #189, #913, #6, .T. ) ;
#1308 = VERTEX_POINT ( 'NONE', #474 ) ;
#1309 = LINE ( 'NONE', #188, #883 ) ;
#1310 = ORIENTED_EDGE ( 'NONE', *, *, #391, .T. ) ;
#1311 = CYLINDRICAL_SURFACE ( 'NONE', #142, 0.1889763779527559029 ) ;
#1312 = CARTESIAN_POINT ( 'NONE',  ( 0.07874015748031538975, -0.04724409448818887858, 0.08661417322834628896 ) ) ;
#1313 = EDGE_LOOP ( 'NONE', ( #495, #712, #1025, #621, #586, #165 ) ) ;
#1314 = VECTOR ( 'NONE', #599, 39.37007874015748143 ) ;
#1315 = VERTEX_POINT ( 'NONE', #1403 ) ;
#1316 = CARTESIAN_POINT ( 'NONE',  ( 0.07874015748031538975, -0.1259842519685042683, 0.2047244094488184785 ) ) ;
#1317 = SURFACE_STYLE_FILL_AREA ( #497 ) ;
#1318 =( NAMED_UNIT ( * ) SI_UNIT ( $, .STERADIAN. ) SOLID_ANGLE_UNIT ( ) );
#1319 = DIRECTION ( 'NONE',  ( 0.0000000000000000000, 5.782411586589358822E-15, -1.000000000000000000 ) ) ;
#1320 = ORIENTED_EDGE ( 'NONE', *, *, #916, .T. ) ;
#1321 = ORIENTED_EDGE ( 'NONE', *, *, #2, .T. ) ;
#1322 = AXIS2_PLACEMENT_3D ( 'NONE', #595, #124, #789 ) ;
#1323 = CARTESIAN_POINT ( 'NONE',  ( 0.0000000000000000000, -0.1456692913385826960, -5.086016123511651463E-16 ) ) ;
#1324 = AXIS2_PLACEMENT_3D ( 'NONE', #1289, #264, #911 ) ;
#1325 = MECHANICAL_DESIGN_GEOMETRIC_PRESENTATION_REPRESENTATION (  '', ( #209 ), #158 ) ;
#1326 = FILL_AREA_STYLE ('',( #1413 ) ) ;
#1327 = LINE ( 'NONE', #192, #275 ) ;
#1328 = CIRCLE ( 'NONE', #1062, 0.1830708661417322636 ) ;
#1329 = EDGE_LOOP ( 'NONE', ( #410, #634, #1378, #1461 ) ) ;
#1330 = DIRECTION ( 'NONE',  ( 0.0000000000000000000, 3.426614273534433996E-15, -1.000000000000000000 ) ) ;
#1331 = FACE_OUTER_BOUND ( 'NONE', #472, .T. ) ;
#1332 = ORIENTED_EDGE ( 'NONE', *, *, #1215, .F. ) ;
#1333 = CARTESIAN_POINT ( 'NONE',  ( 0.0000000000000000000, -0.1968503937007874127, -6.872994761502231387E-16 ) ) ;
#1334 = CARTESIAN_POINT ( 'NONE',  ( -0.09842519685039342880, -0.005905511811024474582, 0.2440944881889767493 ) ) ;
#1335 = ORIENTED_EDGE ( 'NONE', *, *, #325, .T. ) ;
#1336 = CARTESIAN_POINT ( 'NONE',  ( -0.07874015748031457096, -0.1259842519685034912, 0.2047244094488184785 ) ) ;
#1337 = ORIENTED_EDGE ( 'NONE', *, *, #225, .T. ) ;
#1338 =( NAMED_UNIT ( * ) SI_UNIT ( $, .STERADIAN. ) SOLID_ANGLE_UNIT ( ) );
#1339 = LINE ( 'NONE', #823, #1161 ) ;
#1340 = DIRECTION ( 'NONE',  ( 0.0000000000000000000, 3.491481338843132961E-15, -1.000000000000000000 ) ) ;
#1341 = ADVANCED_FACE ( 'NONE', ( #648 ), #1221, .T. ) ;
#1342 =( LENGTH_UNIT ( ) NAMED_UNIT ( * ) SI_UNIT ( $, .METRE. ) );
#1343 = ORIENTED_EDGE ( 'NONE', *, *, #1430, .F. ) ;
#1344 = CARTESIAN_POINT ( 'NONE',  ( -0.07874015748031457096, -0.03937007874015796549, 0.1386503279759081775 ) ) ;
#1345 = CARTESIAN_POINT ( 'NONE',  ( -0.1594488188976377896, -0.1968503937007874127, -6.872994761502231387E-16 ) ) ;
#1346 =( NAMED_UNIT ( * ) PLANE_ANGLE_UNIT ( ) SI_UNIT ( $, .RADIAN. ) );
#1347 = PRESENTATION_STYLE_ASSIGNMENT (( #1449 ) ) ;
#1348 = AXIS2_PLACEMENT_3D ( 'NONE', #1041, #471, #1148 ) ;
#1349 = SURFACE_STYLE_USAGE ( .BOTH. , #338 ) ;
#1350 = LINE ( 'NONE', #1127, #540 ) ;
#1351 = PRESENTATION_LAYER_ASSIGNMENT (  '', '', ( #329 ) ) ;
#1352 = ORIENTED_EDGE ( 'NONE', *, *, #131, .F. ) ;
#1353 = PRESENTATION_LAYER_ASSIGNMENT (  '', '', ( #545 ) ) ;
#1354 = DIRECTION ( 'NONE',  ( 0.0000000000000000000, -1.000000000000000000, -3.491481338843132961E-15 ) ) ;
#1355 = SURFACE_STYLE_USAGE ( .BOTH. , #1003 ) ;
#1356 = UNCERTAINTY_MEASURE_WITH_UNIT (LENGTH_MEASURE( 1.000000000000000082E-05 ), #355, 'distance_accuracy_value', 'NONE');
#1357 = DIRECTION ( 'NONE',  ( 0.0000000000000000000, 0.0000000000000000000, 1.000000000000000000 ) ) ;
#1358 = FACE_OUTER_BOUND ( 'NONE', #342, .T. ) ;
#1359 = DIRECTION ( 'NONE',  ( 0.0000000000000000000, 3.469446951953614189E-15, -1.000000000000000000 ) ) ;
#1360 = CARTESIAN_POINT ( 'NONE',  ( 0.09842519685039413657, -0.1574803149606308073, 0.2440944881889758611 ) ) ;
#1361 = EDGE_LOOP ( 'NONE', ( #50, #655, #70, #81, #5, #571 ) ) ;
#1362 = FILL_AREA_STYLE ('',( #1231 ) ) ;
#1363 = EDGE_CURVE ( 'NONE', #1142, #189, #518, .T. ) ;
#1364 =( LENGTH_UNIT ( ) NAMED_UNIT ( * ) SI_UNIT ( $, .METRE. ) );
#1365 = DIRECTION ( 'NONE',  ( 0.0000000000000000000, 1.000000000000000000, 3.491481338843133355E-15 ) ) ;
#1366 = LINE ( 'NONE', #683, #538 ) ;
#1367 = VERTEX_POINT ( 'NONE', #1440 ) ;
#1368 = CARTESIAN_POINT ( 'NONE',  ( 2.410722045565655762E-18, -0.1968503937007876625, 0.05905511811023553964 ) ) ;
#1369 = ADVANCED_FACE ( 'NONE', ( #176 ), #1426, .F. ) ;
#1370 = LENGTH_MEASURE_WITH_UNIT ( LENGTH_MEASURE( 0.02539999999999999897 ), #1364 );
#1371 = VECTOR ( 'NONE', #21, 39.37007874015748143 ) ;
#1372 = AXIS2_PLACEMENT_3D ( 'NONE', #102, #425, #339 ) ;
#1373 = LINE ( 'NONE', #918, #1394 ) ;
#1374 = VECTOR ( 'NONE', #899, 39.37007874015748143 ) ;
#1375 = SURFACE_STYLE_FILL_AREA ( #470 ) ;
#1376 = CARTESIAN_POINT ( 'NONE',  ( 0.07874015748031538975, -0.08661417322834603916, 0.2047244094488186172 ) ) ;
#1377 = DIRECTION ( 'NONE',  ( 2.255140518769850012E-15, -3.491481338843132961E-15, 1.000000000000000000 ) ) ;
#1378 = ORIENTED_EDGE ( 'NONE', *, *, #1363, .F. ) ;
#1379 = EDGE_CURVE ( 'NONE', #1220, #395, #953, .T. ) ;
#1380 = EDGE_CURVE ( 'NONE', #611, #1431, #576, .T. ) ;
#1381 = DIRECTION ( 'NONE',  ( -1.000000000000000000, 0.0000000000000000000, 0.0000000000000000000 ) ) ;
#1382 = CARTESIAN_POINT ( 'NONE',  ( -0.09251968503937010868, -5.515743184212482512E-16, 0.1579716743916446953 ) ) ;
#1383 = ORIENTED_EDGE ( 'NONE', *, *, #543, .T. ) ;
#1384 = LINE ( 'NONE', #1251, #1374 ) ;
#1385 = DIRECTION ( 'NONE',  ( 0.0000000000000000000, 3.533695969582384676E-15, -1.000000000000000000 ) ) ;
#1386 = AXIS2_PLACEMENT_3D ( 'NONE', #822, #801, #1385 ) ;
#1387 = CARTESIAN_POINT ( 'NONE',  ( 0.0000000000000000000, 6.391885128197074874E-16, -0.1830708661417322636 ) ) ;
#1388 = EDGE_CURVE ( 'NONE', #671, #554, #618, .T. ) ;
#1389 = LINE ( 'NONE', #491, #1235 ) ;
#1390 = CARTESIAN_POINT ( 'NONE',  ( -0.09827637563817309685, -0.004469434895167705146, 0.1612377490369861499 ) ) ;
#1391 = VERTEX_POINT ( 'NONE', #624 ) ;
#1392 = ORIENTED_EDGE ( 'NONE', *, *, #547, .T. ) ;
#1393 =( NAMED_UNIT ( * ) PLANE_ANGLE_UNIT ( ) SI_UNIT ( $, .RADIAN. ) );
#1394 = VECTOR ( 'NONE', #28, 39.37007874015748143 ) ;
#1395 = SURFACE_STYLE_USAGE ( .BOTH. , #1164 ) ;
#1396 = COLOUR_RGB ( '',0.8274509803921568096, 0.6666666666666666297, 0.1294117647058823373 ) ;
#1397 = DIRECTION ( 'NONE',  ( 0.0000000000000000000, -3.491481338843132961E-15, 1.000000000000000000 ) ) ;
#1398 = CARTESIAN_POINT ( 'NONE',  ( -0.09650829812255554141, -0.001512302855492855249, 0.1602418987007115658 ) ) ;
#1399 = ORIENTED_EDGE ( 'NONE', *, *, #755, .F. ) ;
#1400 = EDGE_CURVE ( 'NONE', #22, #138, #306, .T. ) ;
#1401 = MECHANICAL_DESIGN_GEOMETRIC_PRESENTATION_REPRESENTATION (  '', ( #227 ), #833 ) ;
#1402 = VERTEX_POINT ( 'NONE', #839 ) ;
#1403 = CARTESIAN_POINT ( 'NONE',  ( -0.1594488188976377896, -0.1968503937007874127, -6.872994761502231387E-16 ) ) ;
#1404 = DIRECTION ( 'NONE',  ( 1.000000000000000000, 0.0000000000000000000, 0.0000000000000000000 ) ) ;
#1405 = DIRECTION ( 'NONE',  ( 0.0000000000000000000, 3.491481338843132961E-15, -1.000000000000000000 ) ) ;
#1406 = FACE_OUTER_BOUND ( 'NONE', #798, .T. ) ;
#1407 = DIRECTION ( 'NONE',  ( 0.0000000000000000000, 1.000000000000000000, 3.491481338843132961E-15 ) ) ;
#1408 = ORIENTED_EDGE ( 'NONE', *, *, #343, .F. ) ;
#1409 = ORIENTED_EDGE ( 'NONE', *, *, #892, .T. ) ;
#1410 = DIRECTION ( 'NONE',  ( 0.0000000000000000000, -1.000000000000000000, -3.491481338843133355E-15 ) ) ;
#1411 = ADVANCED_FACE ( 'NONE', ( #289 ), #1311, .T. ) ;
#1412 =( NAMED_UNIT ( * ) PLANE_ANGLE_UNIT ( ) SI_UNIT ( $, .RADIAN. ) );
#1413 = FILL_AREA_STYLE_COLOUR ( '', #252 ) ;
#1414 = CARTESIAN_POINT ( 'NONE',  ( 0.09839208814442343409, -0.005052284320586586559, 0.1613026850703747628 ) ) ;
#1415 = CARTESIAN_POINT ( 'NONE',  ( -0.09260975645908013643, -6.869288205521037829E-07, 0.1580232959312533603 ) ) ;
#1416 = AXIS2_PLACEMENT_3D ( 'NONE', #1419, #412, #964 ) ;
#1417 = ORIENTED_EDGE ( 'NONE', *, *, #804, .T. ) ;
#1418 = ORIENTED_EDGE ( 'NONE', *, *, #373, .F. ) ;
#1419 = CARTESIAN_POINT ( 'NONE',  ( 0.0000000000000000000, -0.005905511811023654925, -2.061898428450679881E-17 ) ) ;
#1420 = DIMENSIONAL_EXPONENTS ( 1.000000000000000000, 0.0000000000000000000, 0.0000000000000000000, 0.0000000000000000000, 0.0000000000000000000, 0.0000000000000000000, 0.0000000000000000000 ) ;
#1421 = ORIENTED_EDGE ( 'NONE', *, *, #1119, .T. ) ;
#1422 = AXIS2_PLACEMENT_3D ( 'NONE', #480, #369, #813 ) ;
#1423 = ORIENTED_EDGE ( 'NONE', *, *, #144, .T. ) ;
#1424 = CIRCLE ( 'NONE', #1084, 0.01968503937007873988 ) ;
#1425 = PRESENTATION_LAYER_ASSIGNMENT (  '', '', ( #209 ) ) ;
#1426 = CYLINDRICAL_SURFACE ( 'NONE', #1438, 0.1594488188976377896 ) ;
#1427 = AXIS2_PLACEMENT_3D ( 'NONE', #553, #1060, #1497 ) ;
#1428 = UNCERTAINTY_MEASURE_WITH_UNIT (LENGTH_MEASURE( 1.000000000000000082E-05 ), #58, 'distance_accuracy_value', 'NONE');
#1429 = EDGE_CURVE ( 'NONE', #990, #147, #1100, .T. ) ;
#1430 = EDGE_CURVE ( 'NONE', #1431, #711, #973, .T. ) ;
#1431 = VERTEX_POINT ( 'NONE', #1433 ) ;
#1432 = ORIENTED_EDGE ( 'NONE', *, *, #637, .F. ) ;
#1433 = CARTESIAN_POINT ( 'NONE',  ( 0.0000000000000000000, -0.005905511811022994863, -0.1889763779527559306 ) ) ;
#1434 = CARTESIAN_POINT ( 'NONE',  ( 0.0000000000000000000, 0.0000000000000000000, 0.0000000000000000000 ) ) ;
#1435 = CARTESIAN_POINT ( 'NONE',  ( 0.09378363936030480186, -0.0001064911118530074410, 0.1586948581015196480 ) ) ;
#1436 = CARTESIAN_POINT ( 'NONE',  ( 0.0000000000000000000, -0.3740157480314963423, 0.07874015748031366890 ) ) ;
#1437 = ORIENTED_EDGE ( 'NONE', *, *, #452, .F. ) ;
#1438 = AXIS2_PLACEMENT_3D ( 'NONE', #746, #1448, #635 ) ;
#1439 = VERTEX_POINT ( 'NONE', #62 ) ;
#1440 = CARTESIAN_POINT ( 'NONE',  ( -0.07874015748031457096, -0.03937007874015777814, 0.08661417322834633059 ) ) ;
#1441 = DIMENSIONAL_EXPONENTS ( 1.000000000000000000, 0.0000000000000000000, 0.0000000000000000000, 0.0000000000000000000, 0.0000000000000000000, 0.0000000000000000000, 0.0000000000000000000 ) ;
#1442 = DIRECTION ( 'NONE',  ( -1.237650312502779993E-15, 3.491481338843132961E-15, -1.000000000000000000 ) ) ;
#1443 = ORIENTED_EDGE ( 'NONE', *, *, #804, .F. ) ;
#1444 = DIRECTION ( 'NONE',  ( 1.237650312502779993E-15, -3.491481338843132961E-15, 1.000000000000000000 ) ) ;
#1445 = CARTESIAN_POINT ( 'NONE',  ( 0.0000000000000000000, -0.1968503937007874127, -6.872994761502231387E-16 ) ) ;
#1446 = ORIENTED_EDGE ( 'NONE', *, *, #432, .F. ) ;
#1447 = MECHANICAL_DESIGN_GEOMETRIC_PRESENTATION_REPRESENTATION (  '', ( #600 ), #714 ) ;
#1448 = DIRECTION ( 'NONE',  ( 0.0000000000000000000, 1.000000000000000000, 3.491481338843133355E-15 ) ) ;
#1449 = SURFACE_STYLE_USAGE ( .BOTH. , #1192 ) ;
#1450 = CARTESIAN_POINT ( 'NONE',  ( 0.09251968503937041399, -5.632502026238732450E-16, 0.1613212696736051888 ) ) ;
#1451 = STYLED_ITEM ( 'NONE', ( #919 ), #966 ) ;
#1452 = SURFACE_SIDE_STYLE ('',( #340 ) ) ;
#1453 = DIRECTION ( 'NONE',  ( -1.000000000000000000, 0.0000000000000000000, 0.0000000000000000000 ) ) ;
#1454 = VERTEX_POINT ( 'NONE', #535 ) ;
#1455 = CARTESIAN_POINT ( 'NONE',  ( 0.07874015748031538975, -0.08661417322834678856, 0.2047244094488186172 ) ) ;
#1456 = EDGE_LOOP ( 'NONE', ( #722, #13, #506, #1043 ) ) ;
#1457 = EDGE_CURVE ( 'NONE', #539, #1129, #555, .T. ) ;
#1458 = CARTESIAN_POINT ( 'NONE',  ( 0.0000000000000000000, -0.1437587347470920540, -0.09055118110236269613 ) ) ;
#1459 = CARTESIAN_POINT ( 'NONE',  ( 0.1594488188976377896, -0.1968503937007874127, -6.677726275811413672E-16 ) ) ;
#1460 = FACE_OUTER_BOUND ( 'NONE', #380, .T. ) ;
#1461 = ORIENTED_EDGE ( 'NONE', *, *, #575, .T. ) ;
#1462 = CARTESIAN_POINT ( 'NONE',  ( 0.0000000000000000000, -0.1437587347470926369, 0.07874015748031447381 ) ) ;
#1463 = DIRECTION ( 'NONE',  ( 0.0000000000000000000, -1.000000000000000000, -3.491481338843133355E-15 ) ) ;
#1464 = VECTOR ( 'NONE', #122, 39.37007874015748143 ) ;
#1465 =( LENGTH_UNIT ( ) NAMED_UNIT ( * ) SI_UNIT ( $, .METRE. ) );
#1466 = VECTOR ( 'NONE', #1212, 39.37007874015748143 ) ;
#1467 =( GEOMETRIC_REPRESENTATION_CONTEXT ( 3 ) GLOBAL_UNCERTAINTY_ASSIGNED_CONTEXT ( ( #376 ) ) GLOBAL_UNIT_ASSIGNED_CONTEXT ( ( #1484, #230, #679 ) ) REPRESENTATION_CONTEXT ( 'NONE', 'WORKASPACE' ) );
#1468 = ADVANCED_FACE ( 'NONE', ( #1108 ), #200, .T. ) ;
#1469 = CARTESIAN_POINT ( 'NONE',  ( 0.0000000000000000000, -0.3740157480314957872, -0.07874015748031626405 ) ) ;
#1470 = VERTEX_POINT ( 'NONE', #853 ) ;
#1471 = CARTESIAN_POINT ( 'NONE',  ( 0.0000000000000000000, -8.522513504262768143E-16, 0.2440944881889764440 ) ) ;
#1472 = VERTEX_POINT ( 'NONE', #1202 ) ;
#1473 = PRESENTATION_LAYER_ASSIGNMENT (  '', '', ( #807 ) ) ;
#1474 = PRESENTATION_LAYER_ASSIGNMENT (  '', '', ( #602 ) ) ;
#1475 = VECTOR ( 'NONE', #1123, 39.37007874015748143 ) ;
#1476 = FACE_OUTER_BOUND ( 'NONE', #652, .T. ) ;
#1477 = AXIS2_PLACEMENT_3D ( 'NONE', #1296, #86, #443 ) ;
#1478 = EDGE_CURVE ( 'NONE', #1220, #1142, #183, .T. ) ;
#1479 = CARTESIAN_POINT ( 'NONE',  ( -0.07874015748031455708, -0.01968503937007892723, 0.2440944881889764162 ) ) ;
#1480 = SURFACE_STYLE_USAGE ( .BOTH. , #1131 ) ;
#1481 = FACE_OUTER_BOUND ( 'NONE', #304, .T. ) ;
#1482 = DIRECTION ( 'NONE',  ( 0.0000000000000000000, -1.000000000000000000, -3.491481338843132961E-15 ) ) ;
#1483 = EDGE_LOOP ( 'NONE', ( #1088, #1141 ) ) ;
#1484 =( CONVERSION_BASED_UNIT ( 'INCH', #1143 ) LENGTH_UNIT ( ) NAMED_UNIT ( #872 ) );
#1485 =( LENGTH_UNIT ( ) NAMED_UNIT ( * ) SI_UNIT ( $, .METRE. ) );
#1486 = CARTESIAN_POINT ( 'NONE',  ( 0.0000000000000000000, 0.0000000000000000000, 1.137360203378288922E-32 ) ) ;
#1487 = SURFACE_STYLE_FILL_AREA ( #119 ) ;
#1488 = CARTESIAN_POINT ( 'NONE',  ( 0.0000000000000000000, -3.024117695060982244E-16, 0.08661417322834646937 ) ) ;
#1489 = DIRECTION ( 'NONE',  ( -1.000000000000000000, -0.0000000000000000000, 0.0000000000000000000 ) ) ;
#1490 = EDGE_CURVE ( 'NONE', #1402, #1367, #51, .T. ) ;
#1491 = EDGE_CURVE ( 'NONE', #1315, #729, #59, .T. ) ;
#1492 = AXIS2_PLACEMENT_3D ( 'NONE', #695, #1053, #585 ) ;
#1493 = VECTOR ( 'NONE', #701, 39.37007874015748143 ) ;
#1494 = CARTESIAN_POINT ( 'NONE',  ( 0.07874015748031538975, -0.04724409448818943369, 0.2440944881889762774 ) ) ;
#1495 = LENGTH_MEASURE_WITH_UNIT ( LENGTH_MEASURE( 0.02539999999999999897 ), #910 );
#1496 = CARTESIAN_POINT ( 'NONE',  ( -0.09251968503936978949, -8.522513504262768143E-16, 0.2440944881889764440 ) ) ;
#1497 = DIRECTION ( 'NONE',  ( 0.0000000000000000000, 3.491481338843132961E-15, -1.000000000000000000 ) ) ;
ENDSEC;
END-ISO-10303-21;
