ISO-10303-21;
HEADER;
FILE_DESCRIPTION(('FreeCAD Model'),'2;1');
FILE_NAME('Open CASCADE Shape Model','2026-09-02T17:22:06',('Author'),(
    ''),'Open CASCADE STEP processor 7.8','FreeCAD','Unknown');
FILE_SCHEMA(('AUTOMOTIVE_DESIGN { 1 0 10303 214 1 1 1 1 }'));
ENDSEC;
DATA;
#1 = APPLICATION_PROTOCOL_DEFINITION('international standard',
  'automotive_design',2000,#2);
#2 = APPLICATION_CONTEXT(
  'core data for automotive mechanical design processes');
#3 = SHAPE_DEFINITION_REPRESENTATION(#4,#10);
#4 = PRODUCT_DEFINITION_SHAPE('','',#5);
#5 = PRODUCT_DEFINITION('design','',#6,#9);
#6 = PRODUCT_DEFINITION_FORMATION('','',#7);
#7 = PRODUCT('TF-SMD_TF-PUSH024','TF-SMD_TF-PUSH024','',(#8));
#8 = PRODUCT_CONTEXT('',#2,'mechanical');
#9 = PRODUCT_DEFINITION_CONTEXT('part definition',#2,'design');
#10 = SHAPE_REPRESENTATION('',(#11,#15,#19,#23,#27,#31,#35,#39,#43,#47,
    #51,#55),#59);
#11 = AXIS2_PLACEMENT_3D('',#12,#13,#14);
#12 = CARTESIAN_POINT('',(0.,0.,0.));
#13 = DIRECTION('',(0.,0.,1.));
#14 = DIRECTION('',(1.,0.,-0.));
#15 = AXIS2_PLACEMENT_3D('',#16,#17,#18);
#16 = CARTESIAN_POINT('',(0.,0.,0.));
#17 = DIRECTION('',(0.,0.,1.));
#18 = DIRECTION('',(1.,0.,0.));
#19 = AXIS2_PLACEMENT_3D('',#20,#21,#22);
#20 = CARTESIAN_POINT('',(0.,0.,0.));
#21 = DIRECTION('',(0.,0.,1.));
#22 = DIRECTION('',(1.,0.,0.));
#23 = AXIS2_PLACEMENT_3D('',#24,#25,#26);
#24 = CARTESIAN_POINT('',(0.,0.,0.));
#25 = DIRECTION('',(0.,0.,1.));
#26 = DIRECTION('',(1.,0.,0.));
#27 = AXIS2_PLACEMENT_3D('',#28,#29,#30);
#28 = CARTESIAN_POINT('',(0.,0.,0.));
#29 = DIRECTION('',(0.,0.,1.));
#30 = DIRECTION('',(1.,0.,0.));
#31 = AXIS2_PLACEMENT_3D('',#32,#33,#34);
#32 = CARTESIAN_POINT('',(0.,0.,0.));
#33 = DIRECTION('',(0.,0.,1.));
#34 = DIRECTION('',(1.,0.,0.));
#35 = AXIS2_PLACEMENT_3D('',#36,#37,#38);
#36 = CARTESIAN_POINT('',(0.,0.,0.));
#37 = DIRECTION('',(0.,0.,1.));
#38 = DIRECTION('',(1.,0.,0.));
#39 = AXIS2_PLACEMENT_3D('',#40,#41,#42);
#40 = CARTESIAN_POINT('',(0.,0.,0.));
#41 = DIRECTION('',(0.,0.,1.));
#42 = DIRECTION('',(1.,0.,0.));
#43 = AXIS2_PLACEMENT_3D('',#44,#45,#46);
#44 = CARTESIAN_POINT('',(0.,0.,0.));
#45 = DIRECTION('',(0.,0.,1.));
#46 = DIRECTION('',(1.,0.,0.));
#47 = AXIS2_PLACEMENT_3D('',#48,#49,#50);
#48 = CARTESIAN_POINT('',(0.,0.,0.));
#49 = DIRECTION('',(0.,0.,1.));
#50 = DIRECTION('',(1.,0.,0.));
#51 = AXIS2_PLACEMENT_3D('',#52,#53,#54);
#52 = CARTESIAN_POINT('',(0.,0.,0.));
#53 = DIRECTION('',(0.,0.,1.));
#54 = DIRECTION('',(1.,0.,0.));
#55 = AXIS2_PLACEMENT_3D('',#56,#57,#58);
#56 = CARTESIAN_POINT('',(0.,0.,0.));
#57 = DIRECTION('',(0.,0.,1.));
#58 = DIRECTION('',(1.,0.,0.));
#59 = ( GEOMETRIC_REPRESENTATION_CONTEXT(3) 
GLOBAL_UNCERTAINTY_ASSIGNED_CONTEXT((#63)) GLOBAL_UNIT_ASSIGNED_CONTEXT(
(#60,#61,#62)) REPRESENTATION_CONTEXT('Context #1',
  '3D Context with UNIT and UNCERTAINTY') );
#60 = ( LENGTH_UNIT() NAMED_UNIT(*) SI_UNIT(.MILLI.,.METRE.) );
#61 = ( NAMED_UNIT(*) PLANE_ANGLE_UNIT() SI_UNIT($,.RADIAN.) );
#62 = ( NAMED_UNIT(*) SI_UNIT($,.STERADIAN.) SOLID_ANGLE_UNIT() );
#63 = UNCERTAINTY_MEASURE_WITH_UNIT(LENGTH_MEASURE(2.E-05),#60,
  'distance_accuracy_value','confusion accuracy');
#64 = PRODUCT_RELATED_PRODUCT_CATEGORY('part',$,(#7));
#65 = SHAPE_DEFINITION_REPRESENTATION(#66,#72);
#66 = PRODUCT_DEFINITION_SHAPE('','',#67);
#67 = PRODUCT_DEFINITION('design','',#68,#71);
#68 = PRODUCT_DEFINITION_FORMATION('','',#69);
#69 = PRODUCT('TF-SMD_TF-PUSH','TF-SMD_TF-PUSH','',(#70));
#70 = PRODUCT_CONTEXT('',#2,'mechanical');
#71 = PRODUCT_DEFINITION_CONTEXT('part definition',#2,'design');
#72 = ADVANCED_BREP_SHAPE_REPRESENTATION('',(#11,#73),#223);
#73 = MANIFOLD_SOLID_BREP('',#74);
#74 = CLOSED_SHELL('',(#75,#115,#146,#177,#199,#211));
#75 = ADVANCED_FACE('',(#76),#110,.F.);
#76 = FACE_BOUND('',#77,.T.);
#77 = EDGE_LOOP('',(#78,#88,#96,#104));
#78 = ORIENTED_EDGE('',*,*,#79,.T.);
#79 = EDGE_CURVE('',#80,#82,#84,.T.);
#80 = VERTEX_POINT('',#81);
#81 = CARTESIAN_POINT('',(-6.7,7.25,0.));
#82 = VERTEX_POINT('',#83);
#83 = CARTESIAN_POINT('',(-6.7,7.95,0.));
#84 = LINE('',#85,#86);
#85 = CARTESIAN_POINT('',(-6.7,7.25,0.));
#86 = VECTOR('',#87,1.);
#87 = DIRECTION('',(0.,1.,0.));
#88 = ORIENTED_EDGE('',*,*,#89,.F.);
#89 = EDGE_CURVE('',#90,#82,#92,.T.);
#90 = VERTEX_POINT('',#91);
#91 = CARTESIAN_POINT('',(-6.4,7.95,0.));
#92 = LINE('',#93,#94);
#93 = CARTESIAN_POINT('',(-6.4,7.95,0.));
#94 = VECTOR('',#95,1.);
#95 = DIRECTION('',(-1.,-0.,-0.));
#96 = ORIENTED_EDGE('',*,*,#97,.F.);
#97 = EDGE_CURVE('',#98,#90,#100,.T.);
#98 = VERTEX_POINT('',#99);
#99 = CARTESIAN_POINT('',(-6.4,7.25,0.));
#100 = LINE('',#101,#102);
#101 = CARTESIAN_POINT('',(-6.4,7.25,0.));
#102 = VECTOR('',#103,1.);
#103 = DIRECTION('',(0.,1.,0.));
#104 = ORIENTED_EDGE('',*,*,#105,.T.);
#105 = EDGE_CURVE('',#98,#80,#106,.T.);
#106 = LINE('',#107,#108);
#107 = CARTESIAN_POINT('',(-6.4,7.25,0.));
#108 = VECTOR('',#109,1.);
#109 = DIRECTION('',(-1.,-0.,-0.));
#110 = PLANE('',#111);
#111 = AXIS2_PLACEMENT_3D('',#112,#113,#114);
#112 = CARTESIAN_POINT('',(-6.4,7.25,0.));
#113 = DIRECTION('',(0.,0.,1.));
#114 = DIRECTION('',(1.,0.,-0.));
#115 = ADVANCED_FACE('',(#116),#141,.F.);
#116 = FACE_BOUND('',#117,.T.);
#117 = EDGE_LOOP('',(#118,#126,#134,#140));
#118 = ORIENTED_EDGE('',*,*,#119,.T.);
#119 = EDGE_CURVE('',#82,#120,#122,.T.);
#120 = VERTEX_POINT('',#121);
#121 = CARTESIAN_POINT('',(-6.7,7.95,0.15));
#122 = LINE('',#123,#124);
#123 = CARTESIAN_POINT('',(-6.7,7.95,0.));
#124 = VECTOR('',#125,1.);
#125 = DIRECTION('',(0.,0.,1.));
#126 = ORIENTED_EDGE('',*,*,#127,.F.);
#127 = EDGE_CURVE('',#128,#120,#130,.T.);
#128 = VERTEX_POINT('',#129);
#129 = CARTESIAN_POINT('',(-6.4,7.95,0.15));
#130 = LINE('',#131,#132);
#131 = CARTESIAN_POINT('',(-6.4,7.95,0.15));
#132 = VECTOR('',#133,1.);
#133 = DIRECTION('',(-1.,-0.,-0.));
#134 = ORIENTED_EDGE('',*,*,#135,.F.);
#135 = EDGE_CURVE('',#90,#128,#136,.T.);
#136 = LINE('',#137,#138);
#137 = CARTESIAN_POINT('',(-6.4,7.95,0.));
#138 = VECTOR('',#139,1.);
#139 = DIRECTION('',(0.,0.,1.));
#140 = ORIENTED_EDGE('',*,*,#89,.T.);
#141 = PLANE('',#142);
#142 = AXIS2_PLACEMENT_3D('',#143,#144,#145);
#143 = CARTESIAN_POINT('',(-6.4,7.95,0.));
#144 = DIRECTION('',(0.,-1.,0.));
#145 = DIRECTION('',(0.,-0.,-1.));
#146 = ADVANCED_FACE('',(#147),#172,.F.);
#147 = FACE_BOUND('',#148,.T.);
#148 = EDGE_LOOP('',(#149,#157,#165,#171));
#149 = ORIENTED_EDGE('',*,*,#150,.T.);
#150 = EDGE_CURVE('',#120,#151,#153,.T.);
#151 = VERTEX_POINT('',#152);
#152 = CARTESIAN_POINT('',(-6.7,7.25,0.15));
#153 = LINE('',#154,#155);
#154 = CARTESIAN_POINT('',(-6.7,7.25,0.15));
#155 = VECTOR('',#156,1.);
#156 = DIRECTION('',(-0.,-1.,-0.));
#157 = ORIENTED_EDGE('',*,*,#158,.F.);
#158 = EDGE_CURVE('',#159,#151,#161,.T.);
#159 = VERTEX_POINT('',#160);
#160 = CARTESIAN_POINT('',(-6.4,7.25,0.15));
#161 = LINE('',#162,#163);
#162 = CARTESIAN_POINT('',(-6.4,7.25,0.15));
#163 = VECTOR('',#164,1.);
#164 = DIRECTION('',(-1.,-0.,-0.));
#165 = ORIENTED_EDGE('',*,*,#166,.F.);
#166 = EDGE_CURVE('',#128,#159,#167,.T.);
#167 = LINE('',#168,#169);
#168 = CARTESIAN_POINT('',(-6.4,7.25,0.15));
#169 = VECTOR('',#170,1.);
#170 = DIRECTION('',(-0.,-1.,-0.));
#171 = ORIENTED_EDGE('',*,*,#127,.T.);
#172 = PLANE('',#173);
#173 = AXIS2_PLACEMENT_3D('',#174,#175,#176);
#174 = CARTESIAN_POINT('',(-6.4,7.25,0.15));
#175 = DIRECTION('',(0.,0.,-1.));
#176 = DIRECTION('',(-1.,0.,-0.));
#177 = ADVANCED_FACE('',(#178),#194,.F.);
#178 = FACE_BOUND('',#179,.T.);
#179 = EDGE_LOOP('',(#180,#186,#187,#193));
#180 = ORIENTED_EDGE('',*,*,#181,.T.);
#181 = EDGE_CURVE('',#151,#80,#182,.T.);
#182 = LINE('',#183,#184);
#183 = CARTESIAN_POINT('',(-6.7,7.25,0.));
#184 = VECTOR('',#185,1.);
#185 = DIRECTION('',(-0.,-0.,-1.));
#186 = ORIENTED_EDGE('',*,*,#105,.F.);
#187 = ORIENTED_EDGE('',*,*,#188,.F.);
#188 = EDGE_CURVE('',#159,#98,#189,.T.);
#189 = LINE('',#190,#191);
#190 = CARTESIAN_POINT('',(-6.4,7.25,0.));
#191 = VECTOR('',#192,1.);
#192 = DIRECTION('',(-0.,-0.,-1.));
#193 = ORIENTED_EDGE('',*,*,#158,.T.);
#194 = PLANE('',#195);
#195 = AXIS2_PLACEMENT_3D('',#196,#197,#198);
#196 = CARTESIAN_POINT('',(-6.4,7.25,0.));
#197 = DIRECTION('',(0.,1.,0.));
#198 = DIRECTION('',(0.,-0.,1.));
#199 = ADVANCED_FACE('',(#200),#206,.T.);
#200 = FACE_BOUND('',#201,.T.);
#201 = EDGE_LOOP('',(#202,#203,#204,#205));
#202 = ORIENTED_EDGE('',*,*,#97,.T.);
#203 = ORIENTED_EDGE('',*,*,#135,.T.);
#204 = ORIENTED_EDGE('',*,*,#166,.T.);
#205 = ORIENTED_EDGE('',*,*,#188,.T.);
#206 = PLANE('',#207);
#207 = AXIS2_PLACEMENT_3D('',#208,#209,#210);
#208 = CARTESIAN_POINT('',(-6.4,0.,0.));
#209 = DIRECTION('',(1.,0.,0.));
#210 = DIRECTION('',(0.,0.,-1.));
#211 = ADVANCED_FACE('',(#212),#218,.F.);
#212 = FACE_BOUND('',#213,.T.);
#213 = EDGE_LOOP('',(#214,#215,#216,#217));
#214 = ORIENTED_EDGE('',*,*,#79,.F.);
#215 = ORIENTED_EDGE('',*,*,#181,.F.);
#216 = ORIENTED_EDGE('',*,*,#150,.F.);
#217 = ORIENTED_EDGE('',*,*,#119,.F.);
#218 = PLANE('',#219);
#219 = AXIS2_PLACEMENT_3D('',#220,#221,#222);
#220 = CARTESIAN_POINT('',(-6.7,0.,0.));
#221 = DIRECTION('',(1.,0.,0.));
#222 = DIRECTION('',(0.,0.,-1.));
#223 = ( GEOMETRIC_REPRESENTATION_CONTEXT(3) 
GLOBAL_UNCERTAINTY_ASSIGNED_CONTEXT((#227)) GLOBAL_UNIT_ASSIGNED_CONTEXT
((#224,#225,#226)) REPRESENTATION_CONTEXT('Context #1',
  '3D Context with UNIT and UNCERTAINTY') );
#224 = ( LENGTH_UNIT() NAMED_UNIT(*) SI_UNIT(.MILLI.,.METRE.) );
#225 = ( NAMED_UNIT(*) PLANE_ANGLE_UNIT() SI_UNIT($,.RADIAN.) );
#226 = ( NAMED_UNIT(*) SI_UNIT($,.STERADIAN.) SOLID_ANGLE_UNIT() );
#227 = UNCERTAINTY_MEASURE_WITH_UNIT(LENGTH_MEASURE(1.E-07),#224,
  'distance_accuracy_value','confusion accuracy');
#228 = CONTEXT_DEPENDENT_SHAPE_REPRESENTATION(#229,#231);
#229 = ( REPRESENTATION_RELATIONSHIP('','',#72,#10) 
REPRESENTATION_RELATIONSHIP_WITH_TRANSFORMATION(#230) 
SHAPE_REPRESENTATION_RELATIONSHIP() );
#230 = ITEM_DEFINED_TRANSFORMATION('','',#11,#15);
#231 = PRODUCT_DEFINITION_SHAPE('Placement','Placement of an item',#232
  );
#232 = NEXT_ASSEMBLY_USAGE_OCCURRENCE('1','TF-SMD_TF-PUSH','',#5,#67,$);
#233 = PRODUCT_RELATED_PRODUCT_CATEGORY('part',$,(#69));
#234 = SHAPE_DEFINITION_REPRESENTATION(#235,#241);
#235 = PRODUCT_DEFINITION_SHAPE('','',#236);
#236 = PRODUCT_DEFINITION('design','',#237,#240);
#237 = PRODUCT_DEFINITION_FORMATION('','',#238);
#238 = PRODUCT('TF-SMD_TF-PUSH001','TF-SMD_TF-PUSH001','',(#239));
#239 = PRODUCT_CONTEXT('',#2,'mechanical');
#240 = PRODUCT_DEFINITION_CONTEXT('part definition',#2,'design');
#241 = ADVANCED_BREP_SHAPE_REPRESENTATION('',(#11,#242),#392);
#242 = MANIFOLD_SOLID_BREP('',#243);
#243 = CLOSED_SHELL('',(#244,#284,#315,#346,#368,#380));
#244 = ADVANCED_FACE('',(#245),#279,.F.);
#245 = FACE_BOUND('',#246,.T.);
#246 = EDGE_LOOP('',(#247,#257,#265,#273));
#247 = ORIENTED_EDGE('',*,*,#248,.T.);
#248 = EDGE_CURVE('',#249,#251,#253,.T.);
#249 = VERTEX_POINT('',#250);
#250 = CARTESIAN_POINT('',(-5.6,7.25,0.));
#251 = VERTEX_POINT('',#252);
#252 = CARTESIAN_POINT('',(-5.6,7.95,0.));
#253 = LINE('',#254,#255);
#254 = CARTESIAN_POINT('',(-5.6,7.25,0.));
#255 = VECTOR('',#256,1.);
#256 = DIRECTION('',(0.,1.,0.));
#257 = ORIENTED_EDGE('',*,*,#258,.F.);
#258 = EDGE_CURVE('',#259,#251,#261,.T.);
#259 = VERTEX_POINT('',#260);
#260 = CARTESIAN_POINT('',(-5.3,7.95,0.));
#261 = LINE('',#262,#263);
#262 = CARTESIAN_POINT('',(-5.3,7.95,0.));
#263 = VECTOR('',#264,1.);
#264 = DIRECTION('',(-1.,-0.,-0.));
#265 = ORIENTED_EDGE('',*,*,#266,.F.);
#266 = EDGE_CURVE('',#267,#259,#269,.T.);
#267 = VERTEX_POINT('',#268);
#268 = CARTESIAN_POINT('',(-5.3,7.25,0.));
#269 = LINE('',#270,#271);
#270 = CARTESIAN_POINT('',(-5.3,7.25,0.));
#271 = VECTOR('',#272,1.);
#272 = DIRECTION('',(0.,1.,0.));
#273 = ORIENTED_EDGE('',*,*,#274,.T.);
#274 = EDGE_CURVE('',#267,#249,#275,.T.);
#275 = LINE('',#276,#277);
#276 = CARTESIAN_POINT('',(-5.3,7.25,0.));
#277 = VECTOR('',#278,1.);
#278 = DIRECTION('',(-1.,-0.,-0.));
#279 = PLANE('',#280);
#280 = AXIS2_PLACEMENT_3D('',#281,#282,#283);
#281 = CARTESIAN_POINT('',(-5.3,7.25,0.));
#282 = DIRECTION('',(0.,0.,1.));
#283 = DIRECTION('',(1.,0.,-0.));
#284 = ADVANCED_FACE('',(#285),#310,.F.);
#285 = FACE_BOUND('',#286,.T.);
#286 = EDGE_LOOP('',(#287,#295,#303,#309));
#287 = ORIENTED_EDGE('',*,*,#288,.T.);
#288 = EDGE_CURVE('',#251,#289,#291,.T.);
#289 = VERTEX_POINT('',#290);
#290 = CARTESIAN_POINT('',(-5.6,7.95,0.15));
#291 = LINE('',#292,#293);
#292 = CARTESIAN_POINT('',(-5.6,7.95,0.));
#293 = VECTOR('',#294,1.);
#294 = DIRECTION('',(0.,0.,1.));
#295 = ORIENTED_EDGE('',*,*,#296,.F.);
#296 = EDGE_CURVE('',#297,#289,#299,.T.);
#297 = VERTEX_POINT('',#298);
#298 = CARTESIAN_POINT('',(-5.3,7.95,0.15));
#299 = LINE('',#300,#301);
#300 = CARTESIAN_POINT('',(-5.3,7.95,0.15));
#301 = VECTOR('',#302,1.);
#302 = DIRECTION('',(-1.,-0.,-0.));
#303 = ORIENTED_EDGE('',*,*,#304,.F.);
#304 = EDGE_CURVE('',#259,#297,#305,.T.);
#305 = LINE('',#306,#307);
#306 = CARTESIAN_POINT('',(-5.3,7.95,0.));
#307 = VECTOR('',#308,1.);
#308 = DIRECTION('',(0.,0.,1.));
#309 = ORIENTED_EDGE('',*,*,#258,.T.);
#310 = PLANE('',#311);
#311 = AXIS2_PLACEMENT_3D('',#312,#313,#314);
#312 = CARTESIAN_POINT('',(-5.3,7.95,0.));
#313 = DIRECTION('',(0.,-1.,0.));
#314 = DIRECTION('',(0.,-0.,-1.));
#315 = ADVANCED_FACE('',(#316),#341,.F.);
#316 = FACE_BOUND('',#317,.T.);
#317 = EDGE_LOOP('',(#318,#326,#334,#340));
#318 = ORIENTED_EDGE('',*,*,#319,.T.);
#319 = EDGE_CURVE('',#289,#320,#322,.T.);
#320 = VERTEX_POINT('',#321);
#321 = CARTESIAN_POINT('',(-5.6,7.25,0.15));
#322 = LINE('',#323,#324);
#323 = CARTESIAN_POINT('',(-5.6,7.25,0.15));
#324 = VECTOR('',#325,1.);
#325 = DIRECTION('',(-0.,-1.,-0.));
#326 = ORIENTED_EDGE('',*,*,#327,.F.);
#327 = EDGE_CURVE('',#328,#320,#330,.T.);
#328 = VERTEX_POINT('',#329);
#329 = CARTESIAN_POINT('',(-5.3,7.25,0.15));
#330 = LINE('',#331,#332);
#331 = CARTESIAN_POINT('',(-5.3,7.25,0.15));
#332 = VECTOR('',#333,1.);
#333 = DIRECTION('',(-1.,-0.,-0.));
#334 = ORIENTED_EDGE('',*,*,#335,.F.);
#335 = EDGE_CURVE('',#297,#328,#336,.T.);
#336 = LINE('',#337,#338);
#337 = CARTESIAN_POINT('',(-5.3,7.25,0.15));
#338 = VECTOR('',#339,1.);
#339 = DIRECTION('',(-0.,-1.,-0.));
#340 = ORIENTED_EDGE('',*,*,#296,.T.);
#341 = PLANE('',#342);
#342 = AXIS2_PLACEMENT_3D('',#343,#344,#345);
#343 = CARTESIAN_POINT('',(-5.3,7.25,0.15));
#344 = DIRECTION('',(0.,0.,-1.));
#345 = DIRECTION('',(-1.,0.,-0.));
#346 = ADVANCED_FACE('',(#347),#363,.F.);
#347 = FACE_BOUND('',#348,.T.);
#348 = EDGE_LOOP('',(#349,#355,#356,#362));
#349 = ORIENTED_EDGE('',*,*,#350,.T.);
#350 = EDGE_CURVE('',#320,#249,#351,.T.);
#351 = LINE('',#352,#353);
#352 = CARTESIAN_POINT('',(-5.6,7.25,0.));
#353 = VECTOR('',#354,1.);
#354 = DIRECTION('',(-0.,-0.,-1.));
#355 = ORIENTED_EDGE('',*,*,#274,.F.);
#356 = ORIENTED_EDGE('',*,*,#357,.F.);
#357 = EDGE_CURVE('',#328,#267,#358,.T.);
#358 = LINE('',#359,#360);
#359 = CARTESIAN_POINT('',(-5.3,7.25,0.));
#360 = VECTOR('',#361,1.);
#361 = DIRECTION('',(-0.,-0.,-1.));
#362 = ORIENTED_EDGE('',*,*,#327,.T.);
#363 = PLANE('',#364);
#364 = AXIS2_PLACEMENT_3D('',#365,#366,#367);
#365 = CARTESIAN_POINT('',(-5.3,7.25,0.));
#366 = DIRECTION('',(0.,1.,0.));
#367 = DIRECTION('',(0.,-0.,1.));
#368 = ADVANCED_FACE('',(#369),#375,.T.);
#369 = FACE_BOUND('',#370,.T.);
#370 = EDGE_LOOP('',(#371,#372,#373,#374));
#371 = ORIENTED_EDGE('',*,*,#266,.T.);
#372 = ORIENTED_EDGE('',*,*,#304,.T.);
#373 = ORIENTED_EDGE('',*,*,#335,.T.);
#374 = ORIENTED_EDGE('',*,*,#357,.T.);
#375 = PLANE('',#376);
#376 = AXIS2_PLACEMENT_3D('',#377,#378,#379);
#377 = CARTESIAN_POINT('',(-5.3,0.,0.));
#378 = DIRECTION('',(1.,0.,0.));
#379 = DIRECTION('',(0.,0.,-1.));
#380 = ADVANCED_FACE('',(#381),#387,.F.);
#381 = FACE_BOUND('',#382,.T.);
#382 = EDGE_LOOP('',(#383,#384,#385,#386));
#383 = ORIENTED_EDGE('',*,*,#248,.F.);
#384 = ORIENTED_EDGE('',*,*,#350,.F.);
#385 = ORIENTED_EDGE('',*,*,#319,.F.);
#386 = ORIENTED_EDGE('',*,*,#288,.F.);
#387 = PLANE('',#388);
#388 = AXIS2_PLACEMENT_3D('',#389,#390,#391);
#389 = CARTESIAN_POINT('',(-5.6,0.,0.));
#390 = DIRECTION('',(1.,0.,0.));
#391 = DIRECTION('',(0.,0.,-1.));
#392 = ( GEOMETRIC_REPRESENTATION_CONTEXT(3) 
GLOBAL_UNCERTAINTY_ASSIGNED_CONTEXT((#396)) GLOBAL_UNIT_ASSIGNED_CONTEXT
((#393,#394,#395)) REPRESENTATION_CONTEXT('Context #1',
  '3D Context with UNIT and UNCERTAINTY') );
#393 = ( LENGTH_UNIT() NAMED_UNIT(*) SI_UNIT(.MILLI.,.METRE.) );
#394 = ( NAMED_UNIT(*) PLANE_ANGLE_UNIT() SI_UNIT($,.RADIAN.) );
#395 = ( NAMED_UNIT(*) SI_UNIT($,.STERADIAN.) SOLID_ANGLE_UNIT() );
#396 = UNCERTAINTY_MEASURE_WITH_UNIT(LENGTH_MEASURE(1.E-07),#393,
  'distance_accuracy_value','confusion accuracy');
#397 = CONTEXT_DEPENDENT_SHAPE_REPRESENTATION(#398,#400);
#398 = ( REPRESENTATION_RELATIONSHIP('','',#241,#10) 
REPRESENTATION_RELATIONSHIP_WITH_TRANSFORMATION(#399) 
SHAPE_REPRESENTATION_RELATIONSHIP() );
#399 = ITEM_DEFINED_TRANSFORMATION('','',#11,#19);
#400 = PRODUCT_DEFINITION_SHAPE('Placement','Placement of an item',#401
  );
#401 = NEXT_ASSEMBLY_USAGE_OCCURRENCE('2','TF-SMD_TF-PUSH001','',#5,#236
  ,$);
#402 = PRODUCT_RELATED_PRODUCT_CATEGORY('part',$,(#238));
#403 = SHAPE_DEFINITION_REPRESENTATION(#404,#410);
#404 = PRODUCT_DEFINITION_SHAPE('','',#405);
#405 = PRODUCT_DEFINITION('design','',#406,#409);
#406 = PRODUCT_DEFINITION_FORMATION('','',#407);
#407 = PRODUCT('TF-SMD_TF-PUSH002','TF-SMD_TF-PUSH002','',(#408));
#408 = PRODUCT_CONTEXT('',#2,'mechanical');
#409 = PRODUCT_DEFINITION_CONTEXT('part definition',#2,'design');
#410 = ADVANCED_BREP_SHAPE_REPRESENTATION('',(#11,#411),#561);
#411 = MANIFOLD_SOLID_BREP('',#412);
#412 = CLOSED_SHELL('',(#413,#453,#484,#515,#537,#549));
#413 = ADVANCED_FACE('',(#414),#448,.F.);
#414 = FACE_BOUND('',#415,.T.);
#415 = EDGE_LOOP('',(#416,#426,#434,#442));
#416 = ORIENTED_EDGE('',*,*,#417,.T.);
#417 = EDGE_CURVE('',#418,#420,#422,.T.);
#418 = VERTEX_POINT('',#419);
#419 = CARTESIAN_POINT('',(-4.5,7.25,0.));
#420 = VERTEX_POINT('',#421);
#421 = CARTESIAN_POINT('',(-4.5,7.95,0.));
#422 = LINE('',#423,#424);
#423 = CARTESIAN_POINT('',(-4.5,7.25,0.));
#424 = VECTOR('',#425,1.);
#425 = DIRECTION('',(0.,1.,0.));
#426 = ORIENTED_EDGE('',*,*,#427,.F.);
#427 = EDGE_CURVE('',#428,#420,#430,.T.);
#428 = VERTEX_POINT('',#429);
#429 = CARTESIAN_POINT('',(-4.2,7.95,0.));
#430 = LINE('',#431,#432);
#431 = CARTESIAN_POINT('',(-4.2,7.95,0.));
#432 = VECTOR('',#433,1.);
#433 = DIRECTION('',(-1.,-0.,-0.));
#434 = ORIENTED_EDGE('',*,*,#435,.F.);
#435 = EDGE_CURVE('',#436,#428,#438,.T.);
#436 = VERTEX_POINT('',#437);
#437 = CARTESIAN_POINT('',(-4.2,7.25,0.));
#438 = LINE('',#439,#440);
#439 = CARTESIAN_POINT('',(-4.2,7.25,0.));
#440 = VECTOR('',#441,1.);
#441 = DIRECTION('',(0.,1.,0.));
#442 = ORIENTED_EDGE('',*,*,#443,.T.);
#443 = EDGE_CURVE('',#436,#418,#444,.T.);
#444 = LINE('',#445,#446);
#445 = CARTESIAN_POINT('',(-4.2,7.25,0.));
#446 = VECTOR('',#447,1.);
#447 = DIRECTION('',(-1.,-0.,-0.));
#448 = PLANE('',#449);
#449 = AXIS2_PLACEMENT_3D('',#450,#451,#452);
#450 = CARTESIAN_POINT('',(-4.2,7.25,0.));
#451 = DIRECTION('',(0.,0.,1.));
#452 = DIRECTION('',(1.,0.,-0.));
#453 = ADVANCED_FACE('',(#454),#479,.F.);
#454 = FACE_BOUND('',#455,.T.);
#455 = EDGE_LOOP('',(#456,#464,#472,#478));
#456 = ORIENTED_EDGE('',*,*,#457,.T.);
#457 = EDGE_CURVE('',#420,#458,#460,.T.);
#458 = VERTEX_POINT('',#459);
#459 = CARTESIAN_POINT('',(-4.5,7.95,0.15));
#460 = LINE('',#461,#462);
#461 = CARTESIAN_POINT('',(-4.5,7.95,0.));
#462 = VECTOR('',#463,1.);
#463 = DIRECTION('',(0.,0.,1.));
#464 = ORIENTED_EDGE('',*,*,#465,.F.);
#465 = EDGE_CURVE('',#466,#458,#468,.T.);
#466 = VERTEX_POINT('',#467);
#467 = CARTESIAN_POINT('',(-4.2,7.95,0.15));
#468 = LINE('',#469,#470);
#469 = CARTESIAN_POINT('',(-4.2,7.95,0.15));
#470 = VECTOR('',#471,1.);
#471 = DIRECTION('',(-1.,-0.,-0.));
#472 = ORIENTED_EDGE('',*,*,#473,.F.);
#473 = EDGE_CURVE('',#428,#466,#474,.T.);
#474 = LINE('',#475,#476);
#475 = CARTESIAN_POINT('',(-4.2,7.95,0.));
#476 = VECTOR('',#477,1.);
#477 = DIRECTION('',(0.,0.,1.));
#478 = ORIENTED_EDGE('',*,*,#427,.T.);
#479 = PLANE('',#480);
#480 = AXIS2_PLACEMENT_3D('',#481,#482,#483);
#481 = CARTESIAN_POINT('',(-4.2,7.95,0.));
#482 = DIRECTION('',(0.,-1.,0.));
#483 = DIRECTION('',(0.,-0.,-1.));
#484 = ADVANCED_FACE('',(#485),#510,.F.);
#485 = FACE_BOUND('',#486,.T.);
#486 = EDGE_LOOP('',(#487,#495,#503,#509));
#487 = ORIENTED_EDGE('',*,*,#488,.T.);
#488 = EDGE_CURVE('',#458,#489,#491,.T.);
#489 = VERTEX_POINT('',#490);
#490 = CARTESIAN_POINT('',(-4.5,7.25,0.15));
#491 = LINE('',#492,#493);
#492 = CARTESIAN_POINT('',(-4.5,7.25,0.15));
#493 = VECTOR('',#494,1.);
#494 = DIRECTION('',(-0.,-1.,-0.));
#495 = ORIENTED_EDGE('',*,*,#496,.F.);
#496 = EDGE_CURVE('',#497,#489,#499,.T.);
#497 = VERTEX_POINT('',#498);
#498 = CARTESIAN_POINT('',(-4.2,7.25,0.15));
#499 = LINE('',#500,#501);
#500 = CARTESIAN_POINT('',(-4.2,7.25,0.15));
#501 = VECTOR('',#502,1.);
#502 = DIRECTION('',(-1.,-0.,-0.));
#503 = ORIENTED_EDGE('',*,*,#504,.F.);
#504 = EDGE_CURVE('',#466,#497,#505,.T.);
#505 = LINE('',#506,#507);
#506 = CARTESIAN_POINT('',(-4.2,7.25,0.15));
#507 = VECTOR('',#508,1.);
#508 = DIRECTION('',(-0.,-1.,-0.));
#509 = ORIENTED_EDGE('',*,*,#465,.T.);
#510 = PLANE('',#511);
#511 = AXIS2_PLACEMENT_3D('',#512,#513,#514);
#512 = CARTESIAN_POINT('',(-4.2,7.25,0.15));
#513 = DIRECTION('',(0.,0.,-1.));
#514 = DIRECTION('',(-1.,0.,-0.));
#515 = ADVANCED_FACE('',(#516),#532,.F.);
#516 = FACE_BOUND('',#517,.T.);
#517 = EDGE_LOOP('',(#518,#524,#525,#531));
#518 = ORIENTED_EDGE('',*,*,#519,.T.);
#519 = EDGE_CURVE('',#489,#418,#520,.T.);
#520 = LINE('',#521,#522);
#521 = CARTESIAN_POINT('',(-4.5,7.25,0.));
#522 = VECTOR('',#523,1.);
#523 = DIRECTION('',(-0.,-0.,-1.));
#524 = ORIENTED_EDGE('',*,*,#443,.F.);
#525 = ORIENTED_EDGE('',*,*,#526,.F.);
#526 = EDGE_CURVE('',#497,#436,#527,.T.);
#527 = LINE('',#528,#529);
#528 = CARTESIAN_POINT('',(-4.2,7.25,0.));
#529 = VECTOR('',#530,1.);
#530 = DIRECTION('',(-0.,-0.,-1.));
#531 = ORIENTED_EDGE('',*,*,#496,.T.);
#532 = PLANE('',#533);
#533 = AXIS2_PLACEMENT_3D('',#534,#535,#536);
#534 = CARTESIAN_POINT('',(-4.2,7.25,0.));
#535 = DIRECTION('',(0.,1.,0.));
#536 = DIRECTION('',(0.,-0.,1.));
#537 = ADVANCED_FACE('',(#538),#544,.T.);
#538 = FACE_BOUND('',#539,.T.);
#539 = EDGE_LOOP('',(#540,#541,#542,#543));
#540 = ORIENTED_EDGE('',*,*,#435,.T.);
#541 = ORIENTED_EDGE('',*,*,#473,.T.);
#542 = ORIENTED_EDGE('',*,*,#504,.T.);
#543 = ORIENTED_EDGE('',*,*,#526,.T.);
#544 = PLANE('',#545);
#545 = AXIS2_PLACEMENT_3D('',#546,#547,#548);
#546 = CARTESIAN_POINT('',(-4.2,0.,0.));
#547 = DIRECTION('',(1.,0.,0.));
#548 = DIRECTION('',(0.,0.,-1.));
#549 = ADVANCED_FACE('',(#550),#556,.F.);
#550 = FACE_BOUND('',#551,.T.);
#551 = EDGE_LOOP('',(#552,#553,#554,#555));
#552 = ORIENTED_EDGE('',*,*,#417,.F.);
#553 = ORIENTED_EDGE('',*,*,#519,.F.);
#554 = ORIENTED_EDGE('',*,*,#488,.F.);
#555 = ORIENTED_EDGE('',*,*,#457,.F.);
#556 = PLANE('',#557);
#557 = AXIS2_PLACEMENT_3D('',#558,#559,#560);
#558 = CARTESIAN_POINT('',(-4.5,0.,0.));
#559 = DIRECTION('',(1.,0.,0.));
#560 = DIRECTION('',(0.,0.,-1.));
#561 = ( GEOMETRIC_REPRESENTATION_CONTEXT(3) 
GLOBAL_UNCERTAINTY_ASSIGNED_CONTEXT((#565)) GLOBAL_UNIT_ASSIGNED_CONTEXT
((#562,#563,#564)) REPRESENTATION_CONTEXT('Context #1',
  '3D Context with UNIT and UNCERTAINTY') );
#562 = ( LENGTH_UNIT() NAMED_UNIT(*) SI_UNIT(.MILLI.,.METRE.) );
#563 = ( NAMED_UNIT(*) PLANE_ANGLE_UNIT() SI_UNIT($,.RADIAN.) );
#564 = ( NAMED_UNIT(*) SI_UNIT($,.STERADIAN.) SOLID_ANGLE_UNIT() );
#565 = UNCERTAINTY_MEASURE_WITH_UNIT(LENGTH_MEASURE(1.E-07),#562,
  'distance_accuracy_value','confusion accuracy');
#566 = CONTEXT_DEPENDENT_SHAPE_REPRESENTATION(#567,#569);
#567 = ( REPRESENTATION_RELATIONSHIP('','',#410,#10) 
REPRESENTATION_RELATIONSHIP_WITH_TRANSFORMATION(#568) 
SHAPE_REPRESENTATION_RELATIONSHIP() );
#568 = ITEM_DEFINED_TRANSFORMATION('','',#11,#23);
#569 = PRODUCT_DEFINITION_SHAPE('Placement','Placement of an item',#570
  );
#570 = NEXT_ASSEMBLY_USAGE_OCCURRENCE('3','TF-SMD_TF-PUSH002','',#5,#405
  ,$);
#571 = PRODUCT_RELATED_PRODUCT_CATEGORY('part',$,(#407));
#572 = SHAPE_DEFINITION_REPRESENTATION(#573,#579);
#573 = PRODUCT_DEFINITION_SHAPE('','',#574);
#574 = PRODUCT_DEFINITION('design','',#575,#578);
#575 = PRODUCT_DEFINITION_FORMATION('','',#576);
#576 = PRODUCT('TF-SMD_TF-PUSH003','TF-SMD_TF-PUSH003','',(#577));
#577 = PRODUCT_CONTEXT('',#2,'mechanical');
#578 = PRODUCT_DEFINITION_CONTEXT('part definition',#2,'design');
#579 = ADVANCED_BREP_SHAPE_REPRESENTATION('',(#11,#580),#730);
#580 = MANIFOLD_SOLID_BREP('',#581);
#581 = CLOSED_SHELL('',(#582,#622,#653,#684,#706,#718));
#582 = ADVANCED_FACE('',(#583),#617,.F.);
#583 = FACE_BOUND('',#584,.T.);
#584 = EDGE_LOOP('',(#585,#595,#603,#611));
#585 = ORIENTED_EDGE('',*,*,#586,.T.);
#586 = EDGE_CURVE('',#587,#589,#591,.T.);
#587 = VERTEX_POINT('',#588);
#588 = CARTESIAN_POINT('',(-3.4,7.25,0.));
#589 = VERTEX_POINT('',#590);
#590 = CARTESIAN_POINT('',(-3.4,7.95,0.));
#591 = LINE('',#592,#593);
#592 = CARTESIAN_POINT('',(-3.4,7.25,0.));
#593 = VECTOR('',#594,1.);
#594 = DIRECTION('',(0.,1.,0.));
#595 = ORIENTED_EDGE('',*,*,#596,.F.);
#596 = EDGE_CURVE('',#597,#589,#599,.T.);
#597 = VERTEX_POINT('',#598);
#598 = CARTESIAN_POINT('',(-3.1,7.95,0.));
#599 = LINE('',#600,#601);
#600 = CARTESIAN_POINT('',(-3.1,7.95,0.));
#601 = VECTOR('',#602,1.);
#602 = DIRECTION('',(-1.,-0.,-0.));
#603 = ORIENTED_EDGE('',*,*,#604,.F.);
#604 = EDGE_CURVE('',#605,#597,#607,.T.);
#605 = VERTEX_POINT('',#606);
#606 = CARTESIAN_POINT('',(-3.1,7.25,0.));
#607 = LINE('',#608,#609);
#608 = CARTESIAN_POINT('',(-3.1,7.25,0.));
#609 = VECTOR('',#610,1.);
#610 = DIRECTION('',(0.,1.,0.));
#611 = ORIENTED_EDGE('',*,*,#612,.T.);
#612 = EDGE_CURVE('',#605,#587,#613,.T.);
#613 = LINE('',#614,#615);
#614 = CARTESIAN_POINT('',(-3.1,7.25,0.));
#615 = VECTOR('',#616,1.);
#616 = DIRECTION('',(-1.,-0.,-0.));
#617 = PLANE('',#618);
#618 = AXIS2_PLACEMENT_3D('',#619,#620,#621);
#619 = CARTESIAN_POINT('',(-3.1,7.25,0.));
#620 = DIRECTION('',(0.,0.,1.));
#621 = DIRECTION('',(1.,0.,-0.));
#622 = ADVANCED_FACE('',(#623),#648,.F.);
#623 = FACE_BOUND('',#624,.T.);
#624 = EDGE_LOOP('',(#625,#633,#641,#647));
#625 = ORIENTED_EDGE('',*,*,#626,.T.);
#626 = EDGE_CURVE('',#589,#627,#629,.T.);
#627 = VERTEX_POINT('',#628);
#628 = CARTESIAN_POINT('',(-3.4,7.95,0.15));
#629 = LINE('',#630,#631);
#630 = CARTESIAN_POINT('',(-3.4,7.95,0.));
#631 = VECTOR('',#632,1.);
#632 = DIRECTION('',(0.,0.,1.));
#633 = ORIENTED_EDGE('',*,*,#634,.F.);
#634 = EDGE_CURVE('',#635,#627,#637,.T.);
#635 = VERTEX_POINT('',#636);
#636 = CARTESIAN_POINT('',(-3.1,7.95,0.15));
#637 = LINE('',#638,#639);
#638 = CARTESIAN_POINT('',(-3.1,7.95,0.15));
#639 = VECTOR('',#640,1.);
#640 = DIRECTION('',(-1.,-0.,-0.));
#641 = ORIENTED_EDGE('',*,*,#642,.F.);
#642 = EDGE_CURVE('',#597,#635,#643,.T.);
#643 = LINE('',#644,#645);
#644 = CARTESIAN_POINT('',(-3.1,7.95,0.));
#645 = VECTOR('',#646,1.);
#646 = DIRECTION('',(0.,0.,1.));
#647 = ORIENTED_EDGE('',*,*,#596,.T.);
#648 = PLANE('',#649);
#649 = AXIS2_PLACEMENT_3D('',#650,#651,#652);
#650 = CARTESIAN_POINT('',(-3.1,7.95,0.));
#651 = DIRECTION('',(0.,-1.,0.));
#652 = DIRECTION('',(0.,-0.,-1.));
#653 = ADVANCED_FACE('',(#654),#679,.F.);
#654 = FACE_BOUND('',#655,.T.);
#655 = EDGE_LOOP('',(#656,#664,#672,#678));
#656 = ORIENTED_EDGE('',*,*,#657,.T.);
#657 = EDGE_CURVE('',#627,#658,#660,.T.);
#658 = VERTEX_POINT('',#659);
#659 = CARTESIAN_POINT('',(-3.4,7.25,0.15));
#660 = LINE('',#661,#662);
#661 = CARTESIAN_POINT('',(-3.4,7.25,0.15));
#662 = VECTOR('',#663,1.);
#663 = DIRECTION('',(-0.,-1.,-0.));
#664 = ORIENTED_EDGE('',*,*,#665,.F.);
#665 = EDGE_CURVE('',#666,#658,#668,.T.);
#666 = VERTEX_POINT('',#667);
#667 = CARTESIAN_POINT('',(-3.1,7.25,0.15));
#668 = LINE('',#669,#670);
#669 = CARTESIAN_POINT('',(-3.1,7.25,0.15));
#670 = VECTOR('',#671,1.);
#671 = DIRECTION('',(-1.,-0.,-0.));
#672 = ORIENTED_EDGE('',*,*,#673,.F.);
#673 = EDGE_CURVE('',#635,#666,#674,.T.);
#674 = LINE('',#675,#676);
#675 = CARTESIAN_POINT('',(-3.1,7.25,0.15));
#676 = VECTOR('',#677,1.);
#677 = DIRECTION('',(-0.,-1.,-0.));
#678 = ORIENTED_EDGE('',*,*,#634,.T.);
#679 = PLANE('',#680);
#680 = AXIS2_PLACEMENT_3D('',#681,#682,#683);
#681 = CARTESIAN_POINT('',(-3.1,7.25,0.15));
#682 = DIRECTION('',(0.,0.,-1.));
#683 = DIRECTION('',(-1.,0.,-0.));
#684 = ADVANCED_FACE('',(#685),#701,.F.);
#685 = FACE_BOUND('',#686,.T.);
#686 = EDGE_LOOP('',(#687,#693,#694,#700));
#687 = ORIENTED_EDGE('',*,*,#688,.T.);
#688 = EDGE_CURVE('',#658,#587,#689,.T.);
#689 = LINE('',#690,#691);
#690 = CARTESIAN_POINT('',(-3.4,7.25,0.));
#691 = VECTOR('',#692,1.);
#692 = DIRECTION('',(-0.,-0.,-1.));
#693 = ORIENTED_EDGE('',*,*,#612,.F.);
#694 = ORIENTED_EDGE('',*,*,#695,.F.);
#695 = EDGE_CURVE('',#666,#605,#696,.T.);
#696 = LINE('',#697,#698);
#697 = CARTESIAN_POINT('',(-3.1,7.25,0.));
#698 = VECTOR('',#699,1.);
#699 = DIRECTION('',(-0.,-0.,-1.));
#700 = ORIENTED_EDGE('',*,*,#665,.T.);
#701 = PLANE('',#702);
#702 = AXIS2_PLACEMENT_3D('',#703,#704,#705);
#703 = CARTESIAN_POINT('',(-3.1,7.25,0.));
#704 = DIRECTION('',(0.,1.,0.));
#705 = DIRECTION('',(0.,-0.,1.));
#706 = ADVANCED_FACE('',(#707),#713,.T.);
#707 = FACE_BOUND('',#708,.T.);
#708 = EDGE_LOOP('',(#709,#710,#711,#712));
#709 = ORIENTED_EDGE('',*,*,#604,.T.);
#710 = ORIENTED_EDGE('',*,*,#642,.T.);
#711 = ORIENTED_EDGE('',*,*,#673,.T.);
#712 = ORIENTED_EDGE('',*,*,#695,.T.);
#713 = PLANE('',#714);
#714 = AXIS2_PLACEMENT_3D('',#715,#716,#717);
#715 = CARTESIAN_POINT('',(-3.1,0.,0.));
#716 = DIRECTION('',(1.,0.,0.));
#717 = DIRECTION('',(0.,0.,-1.));
#718 = ADVANCED_FACE('',(#719),#725,.F.);
#719 = FACE_BOUND('',#720,.T.);
#720 = EDGE_LOOP('',(#721,#722,#723,#724));
#721 = ORIENTED_EDGE('',*,*,#586,.F.);
#722 = ORIENTED_EDGE('',*,*,#688,.F.);
#723 = ORIENTED_EDGE('',*,*,#657,.F.);
#724 = ORIENTED_EDGE('',*,*,#626,.F.);
#725 = PLANE('',#726);
#726 = AXIS2_PLACEMENT_3D('',#727,#728,#729);
#727 = CARTESIAN_POINT('',(-3.4,0.,0.));
#728 = DIRECTION('',(1.,0.,0.));
#729 = DIRECTION('',(0.,0.,-1.));
#730 = ( GEOMETRIC_REPRESENTATION_CONTEXT(3) 
GLOBAL_UNCERTAINTY_ASSIGNED_CONTEXT((#734)) GLOBAL_UNIT_ASSIGNED_CONTEXT
((#731,#732,#733)) REPRESENTATION_CONTEXT('Context #1',
  '3D Context with UNIT and UNCERTAINTY') );
#731 = ( LENGTH_UNIT() NAMED_UNIT(*) SI_UNIT(.MILLI.,.METRE.) );
#732 = ( NAMED_UNIT(*) PLANE_ANGLE_UNIT() SI_UNIT($,.RADIAN.) );
#733 = ( NAMED_UNIT(*) SI_UNIT($,.STERADIAN.) SOLID_ANGLE_UNIT() );
#734 = UNCERTAINTY_MEASURE_WITH_UNIT(LENGTH_MEASURE(1.E-07),#731,
  'distance_accuracy_value','confusion accuracy');
#735 = CONTEXT_DEPENDENT_SHAPE_REPRESENTATION(#736,#738);
#736 = ( REPRESENTATION_RELATIONSHIP('','',#579,#10) 
REPRESENTATION_RELATIONSHIP_WITH_TRANSFORMATION(#737) 
SHAPE_REPRESENTATION_RELATIONSHIP() );
#737 = ITEM_DEFINED_TRANSFORMATION('','',#11,#27);
#738 = PRODUCT_DEFINITION_SHAPE('Placement','Placement of an item',#739
  );
#739 = NEXT_ASSEMBLY_USAGE_OCCURRENCE('4','TF-SMD_TF-PUSH003','',#5,#574
  ,$);
#740 = PRODUCT_RELATED_PRODUCT_CATEGORY('part',$,(#576));
#741 = SHAPE_DEFINITION_REPRESENTATION(#742,#748);
#742 = PRODUCT_DEFINITION_SHAPE('','',#743);
#743 = PRODUCT_DEFINITION('design','',#744,#747);
#744 = PRODUCT_DEFINITION_FORMATION('','',#745);
#745 = PRODUCT('TF-SMD_TF-PUSH004','TF-SMD_TF-PUSH004','',(#746));
#746 = PRODUCT_CONTEXT('',#2,'mechanical');
#747 = PRODUCT_DEFINITION_CONTEXT('part definition',#2,'design');
#748 = ADVANCED_BREP_SHAPE_REPRESENTATION('',(#11,#749),#899);
#749 = MANIFOLD_SOLID_BREP('',#750);
#750 = CLOSED_SHELL('',(#751,#791,#822,#853,#875,#887));
#751 = ADVANCED_FACE('',(#752),#786,.F.);
#752 = FACE_BOUND('',#753,.T.);
#753 = EDGE_LOOP('',(#754,#764,#772,#780));
#754 = ORIENTED_EDGE('',*,*,#755,.T.);
#755 = EDGE_CURVE('',#756,#758,#760,.T.);
#756 = VERTEX_POINT('',#757);
#757 = CARTESIAN_POINT('',(-2.3,7.25,0.));
#758 = VERTEX_POINT('',#759);
#759 = CARTESIAN_POINT('',(-2.3,7.95,0.));
#760 = LINE('',#761,#762);
#761 = CARTESIAN_POINT('',(-2.3,7.25,0.));
#762 = VECTOR('',#763,1.);
#763 = DIRECTION('',(0.,1.,0.));
#764 = ORIENTED_EDGE('',*,*,#765,.F.);
#765 = EDGE_CURVE('',#766,#758,#768,.T.);
#766 = VERTEX_POINT('',#767);
#767 = CARTESIAN_POINT('',(-2.,7.95,0.));
#768 = LINE('',#769,#770);
#769 = CARTESIAN_POINT('',(-2.,7.95,0.));
#770 = VECTOR('',#771,1.);
#771 = DIRECTION('',(-1.,-0.,-0.));
#772 = ORIENTED_EDGE('',*,*,#773,.F.);
#773 = EDGE_CURVE('',#774,#766,#776,.T.);
#774 = VERTEX_POINT('',#775);
#775 = CARTESIAN_POINT('',(-2.,7.25,0.));
#776 = LINE('',#777,#778);
#777 = CARTESIAN_POINT('',(-2.,7.25,0.));
#778 = VECTOR('',#779,1.);
#779 = DIRECTION('',(0.,1.,0.));
#780 = ORIENTED_EDGE('',*,*,#781,.T.);
#781 = EDGE_CURVE('',#774,#756,#782,.T.);
#782 = LINE('',#783,#784);
#783 = CARTESIAN_POINT('',(-2.,7.25,0.));
#784 = VECTOR('',#785,1.);
#785 = DIRECTION('',(-1.,-0.,-0.));
#786 = PLANE('',#787);
#787 = AXIS2_PLACEMENT_3D('',#788,#789,#790);
#788 = CARTESIAN_POINT('',(-2.,7.25,0.));
#789 = DIRECTION('',(0.,0.,1.));
#790 = DIRECTION('',(1.,0.,-0.));
#791 = ADVANCED_FACE('',(#792),#817,.F.);
#792 = FACE_BOUND('',#793,.T.);
#793 = EDGE_LOOP('',(#794,#802,#810,#816));
#794 = ORIENTED_EDGE('',*,*,#795,.T.);
#795 = EDGE_CURVE('',#758,#796,#798,.T.);
#796 = VERTEX_POINT('',#797);
#797 = CARTESIAN_POINT('',(-2.3,7.95,0.15));
#798 = LINE('',#799,#800);
#799 = CARTESIAN_POINT('',(-2.3,7.95,0.));
#800 = VECTOR('',#801,1.);
#801 = DIRECTION('',(0.,0.,1.));
#802 = ORIENTED_EDGE('',*,*,#803,.F.);
#803 = EDGE_CURVE('',#804,#796,#806,.T.);
#804 = VERTEX_POINT('',#805);
#805 = CARTESIAN_POINT('',(-2.,7.95,0.15));
#806 = LINE('',#807,#808);
#807 = CARTESIAN_POINT('',(-2.,7.95,0.15));
#808 = VECTOR('',#809,1.);
#809 = DIRECTION('',(-1.,-0.,-0.));
#810 = ORIENTED_EDGE('',*,*,#811,.F.);
#811 = EDGE_CURVE('',#766,#804,#812,.T.);
#812 = LINE('',#813,#814);
#813 = CARTESIAN_POINT('',(-2.,7.95,0.));
#814 = VECTOR('',#815,1.);
#815 = DIRECTION('',(0.,0.,1.));
#816 = ORIENTED_EDGE('',*,*,#765,.T.);
#817 = PLANE('',#818);
#818 = AXIS2_PLACEMENT_3D('',#819,#820,#821);
#819 = CARTESIAN_POINT('',(-2.,7.95,0.));
#820 = DIRECTION('',(0.,-1.,0.));
#821 = DIRECTION('',(0.,-0.,-1.));
#822 = ADVANCED_FACE('',(#823),#848,.F.);
#823 = FACE_BOUND('',#824,.T.);
#824 = EDGE_LOOP('',(#825,#833,#841,#847));
#825 = ORIENTED_EDGE('',*,*,#826,.T.);
#826 = EDGE_CURVE('',#796,#827,#829,.T.);
#827 = VERTEX_POINT('',#828);
#828 = CARTESIAN_POINT('',(-2.3,7.25,0.15));
#829 = LINE('',#830,#831);
#830 = CARTESIAN_POINT('',(-2.3,7.25,0.15));
#831 = VECTOR('',#832,1.);
#832 = DIRECTION('',(-0.,-1.,-0.));
#833 = ORIENTED_EDGE('',*,*,#834,.F.);
#834 = EDGE_CURVE('',#835,#827,#837,.T.);
#835 = VERTEX_POINT('',#836);
#836 = CARTESIAN_POINT('',(-2.,7.25,0.15));
#837 = LINE('',#838,#839);
#838 = CARTESIAN_POINT('',(-2.,7.25,0.15));
#839 = VECTOR('',#840,1.);
#840 = DIRECTION('',(-1.,-0.,-0.));
#841 = ORIENTED_EDGE('',*,*,#842,.F.);
#842 = EDGE_CURVE('',#804,#835,#843,.T.);
#843 = LINE('',#844,#845);
#844 = CARTESIAN_POINT('',(-2.,7.25,0.15));
#845 = VECTOR('',#846,1.);
#846 = DIRECTION('',(-0.,-1.,-0.));
#847 = ORIENTED_EDGE('',*,*,#803,.T.);
#848 = PLANE('',#849);
#849 = AXIS2_PLACEMENT_3D('',#850,#851,#852);
#850 = CARTESIAN_POINT('',(-2.,7.25,0.15));
#851 = DIRECTION('',(0.,0.,-1.));
#852 = DIRECTION('',(-1.,0.,-0.));
#853 = ADVANCED_FACE('',(#854),#870,.F.);
#854 = FACE_BOUND('',#855,.T.);
#855 = EDGE_LOOP('',(#856,#862,#863,#869));
#856 = ORIENTED_EDGE('',*,*,#857,.T.);
#857 = EDGE_CURVE('',#827,#756,#858,.T.);
#858 = LINE('',#859,#860);
#859 = CARTESIAN_POINT('',(-2.3,7.25,0.));
#860 = VECTOR('',#861,1.);
#861 = DIRECTION('',(-0.,-0.,-1.));
#862 = ORIENTED_EDGE('',*,*,#781,.F.);
#863 = ORIENTED_EDGE('',*,*,#864,.F.);
#864 = EDGE_CURVE('',#835,#774,#865,.T.);
#865 = LINE('',#866,#867);
#866 = CARTESIAN_POINT('',(-2.,7.25,0.));
#867 = VECTOR('',#868,1.);
#868 = DIRECTION('',(-0.,-0.,-1.));
#869 = ORIENTED_EDGE('',*,*,#834,.T.);
#870 = PLANE('',#871);
#871 = AXIS2_PLACEMENT_3D('',#872,#873,#874);
#872 = CARTESIAN_POINT('',(-2.,7.25,0.));
#873 = DIRECTION('',(0.,1.,0.));
#874 = DIRECTION('',(0.,-0.,1.));
#875 = ADVANCED_FACE('',(#876),#882,.T.);
#876 = FACE_BOUND('',#877,.T.);
#877 = EDGE_LOOP('',(#878,#879,#880,#881));
#878 = ORIENTED_EDGE('',*,*,#773,.T.);
#879 = ORIENTED_EDGE('',*,*,#811,.T.);
#880 = ORIENTED_EDGE('',*,*,#842,.T.);
#881 = ORIENTED_EDGE('',*,*,#864,.T.);
#882 = PLANE('',#883);
#883 = AXIS2_PLACEMENT_3D('',#884,#885,#886);
#884 = CARTESIAN_POINT('',(-2.,0.,0.));
#885 = DIRECTION('',(1.,0.,0.));
#886 = DIRECTION('',(0.,0.,-1.));
#887 = ADVANCED_FACE('',(#888),#894,.F.);
#888 = FACE_BOUND('',#889,.T.);
#889 = EDGE_LOOP('',(#890,#891,#892,#893));
#890 = ORIENTED_EDGE('',*,*,#755,.F.);
#891 = ORIENTED_EDGE('',*,*,#857,.F.);
#892 = ORIENTED_EDGE('',*,*,#826,.F.);
#893 = ORIENTED_EDGE('',*,*,#795,.F.);
#894 = PLANE('',#895);
#895 = AXIS2_PLACEMENT_3D('',#896,#897,#898);
#896 = CARTESIAN_POINT('',(-2.3,0.,0.));
#897 = DIRECTION('',(1.,0.,0.));
#898 = DIRECTION('',(0.,0.,-1.));
#899 = ( GEOMETRIC_REPRESENTATION_CONTEXT(3) 
GLOBAL_UNCERTAINTY_ASSIGNED_CONTEXT((#903)) GLOBAL_UNIT_ASSIGNED_CONTEXT
((#900,#901,#902)) REPRESENTATION_CONTEXT('Context #1',
  '3D Context with UNIT and UNCERTAINTY') );
#900 = ( LENGTH_UNIT() NAMED_UNIT(*) SI_UNIT(.MILLI.,.METRE.) );
#901 = ( NAMED_UNIT(*) PLANE_ANGLE_UNIT() SI_UNIT($,.RADIAN.) );
#902 = ( NAMED_UNIT(*) SI_UNIT($,.STERADIAN.) SOLID_ANGLE_UNIT() );
#903 = UNCERTAINTY_MEASURE_WITH_UNIT(LENGTH_MEASURE(1.E-07),#900,
  'distance_accuracy_value','confusion accuracy');
#904 = CONTEXT_DEPENDENT_SHAPE_REPRESENTATION(#905,#907);
#905 = ( REPRESENTATION_RELATIONSHIP('','',#748,#10) 
REPRESENTATION_RELATIONSHIP_WITH_TRANSFORMATION(#906) 
SHAPE_REPRESENTATION_RELATIONSHIP() );
#906 = ITEM_DEFINED_TRANSFORMATION('','',#11,#31);
#907 = PRODUCT_DEFINITION_SHAPE('Placement','Placement of an item',#908
  );
#908 = NEXT_ASSEMBLY_USAGE_OCCURRENCE('5','TF-SMD_TF-PUSH004','',#5,#743
  ,$);
#909 = PRODUCT_RELATED_PRODUCT_CATEGORY('part',$,(#745));
#910 = SHAPE_DEFINITION_REPRESENTATION(#911,#917);
#911 = PRODUCT_DEFINITION_SHAPE('','',#912);
#912 = PRODUCT_DEFINITION('design','',#913,#916);
#913 = PRODUCT_DEFINITION_FORMATION('','',#914);
#914 = PRODUCT('TF-SMD_TF-PUSH005','TF-SMD_TF-PUSH005','',(#915));
#915 = PRODUCT_CONTEXT('',#2,'mechanical');
#916 = PRODUCT_DEFINITION_CONTEXT('part definition',#2,'design');
#917 = ADVANCED_BREP_SHAPE_REPRESENTATION('',(#11,#918),#1068);
#918 = MANIFOLD_SOLID_BREP('',#919);
#919 = CLOSED_SHELL('',(#920,#960,#991,#1022,#1044,#1056));
#920 = ADVANCED_FACE('',(#921),#955,.F.);
#921 = FACE_BOUND('',#922,.T.);
#922 = EDGE_LOOP('',(#923,#933,#941,#949));
#923 = ORIENTED_EDGE('',*,*,#924,.T.);
#924 = EDGE_CURVE('',#925,#927,#929,.T.);
#925 = VERTEX_POINT('',#926);
#926 = CARTESIAN_POINT('',(-1.2,7.25,0.));
#927 = VERTEX_POINT('',#928);
#928 = CARTESIAN_POINT('',(-1.2,7.95,0.));
#929 = LINE('',#930,#931);
#930 = CARTESIAN_POINT('',(-1.2,7.25,0.));
#931 = VECTOR('',#932,1.);
#932 = DIRECTION('',(0.,1.,0.));
#933 = ORIENTED_EDGE('',*,*,#934,.F.);
#934 = EDGE_CURVE('',#935,#927,#937,.T.);
#935 = VERTEX_POINT('',#936);
#936 = CARTESIAN_POINT('',(-0.9,7.95,0.));
#937 = LINE('',#938,#939);
#938 = CARTESIAN_POINT('',(-0.9,7.95,0.));
#939 = VECTOR('',#940,1.);
#940 = DIRECTION('',(-1.,-0.,-0.));
#941 = ORIENTED_EDGE('',*,*,#942,.F.);
#942 = EDGE_CURVE('',#943,#935,#945,.T.);
#943 = VERTEX_POINT('',#944);
#944 = CARTESIAN_POINT('',(-0.9,7.25,0.));
#945 = LINE('',#946,#947);
#946 = CARTESIAN_POINT('',(-0.9,7.25,0.));
#947 = VECTOR('',#948,1.);
#948 = DIRECTION('',(0.,1.,0.));
#949 = ORIENTED_EDGE('',*,*,#950,.T.);
#950 = EDGE_CURVE('',#943,#925,#951,.T.);
#951 = LINE('',#952,#953);
#952 = CARTESIAN_POINT('',(-0.9,7.25,0.));
#953 = VECTOR('',#954,1.);
#954 = DIRECTION('',(-1.,-0.,-0.));
#955 = PLANE('',#956);
#956 = AXIS2_PLACEMENT_3D('',#957,#958,#959);
#957 = CARTESIAN_POINT('',(-0.9,7.25,0.));
#958 = DIRECTION('',(0.,0.,1.));
#959 = DIRECTION('',(1.,0.,-0.));
#960 = ADVANCED_FACE('',(#961),#986,.F.);
#961 = FACE_BOUND('',#962,.T.);
#962 = EDGE_LOOP('',(#963,#971,#979,#985));
#963 = ORIENTED_EDGE('',*,*,#964,.T.);
#964 = EDGE_CURVE('',#927,#965,#967,.T.);
#965 = VERTEX_POINT('',#966);
#966 = CARTESIAN_POINT('',(-1.2,7.95,0.15));
#967 = LINE('',#968,#969);
#968 = CARTESIAN_POINT('',(-1.2,7.95,0.));
#969 = VECTOR('',#970,1.);
#970 = DIRECTION('',(0.,0.,1.));
#971 = ORIENTED_EDGE('',*,*,#972,.F.);
#972 = EDGE_CURVE('',#973,#965,#975,.T.);
#973 = VERTEX_POINT('',#974);
#974 = CARTESIAN_POINT('',(-0.9,7.95,0.15));
#975 = LINE('',#976,#977);
#976 = CARTESIAN_POINT('',(-0.9,7.95,0.15));
#977 = VECTOR('',#978,1.);
#978 = DIRECTION('',(-1.,-0.,-0.));
#979 = ORIENTED_EDGE('',*,*,#980,.F.);
#980 = EDGE_CURVE('',#935,#973,#981,.T.);
#981 = LINE('',#982,#983);
#982 = CARTESIAN_POINT('',(-0.9,7.95,0.));
#983 = VECTOR('',#984,1.);
#984 = DIRECTION('',(0.,0.,1.));
#985 = ORIENTED_EDGE('',*,*,#934,.T.);
#986 = PLANE('',#987);
#987 = AXIS2_PLACEMENT_3D('',#988,#989,#990);
#988 = CARTESIAN_POINT('',(-0.9,7.95,0.));
#989 = DIRECTION('',(0.,-1.,0.));
#990 = DIRECTION('',(0.,-0.,-1.));
#991 = ADVANCED_FACE('',(#992),#1017,.F.);
#992 = FACE_BOUND('',#993,.T.);
#993 = EDGE_LOOP('',(#994,#1002,#1010,#1016));
#994 = ORIENTED_EDGE('',*,*,#995,.T.);
#995 = EDGE_CURVE('',#965,#996,#998,.T.);
#996 = VERTEX_POINT('',#997);
#997 = CARTESIAN_POINT('',(-1.2,7.25,0.15));
#998 = LINE('',#999,#1000);
#999 = CARTESIAN_POINT('',(-1.2,7.25,0.15));
#1000 = VECTOR('',#1001,1.);
#1001 = DIRECTION('',(-0.,-1.,-0.));
#1002 = ORIENTED_EDGE('',*,*,#1003,.F.);
#1003 = EDGE_CURVE('',#1004,#996,#1006,.T.);
#1004 = VERTEX_POINT('',#1005);
#1005 = CARTESIAN_POINT('',(-0.9,7.25,0.15));
#1006 = LINE('',#1007,#1008);
#1007 = CARTESIAN_POINT('',(-0.9,7.25,0.15));
#1008 = VECTOR('',#1009,1.);
#1009 = DIRECTION('',(-1.,-0.,-0.));
#1010 = ORIENTED_EDGE('',*,*,#1011,.F.);
#1011 = EDGE_CURVE('',#973,#1004,#1012,.T.);
#1012 = LINE('',#1013,#1014);
#1013 = CARTESIAN_POINT('',(-0.9,7.25,0.15));
#1014 = VECTOR('',#1015,1.);
#1015 = DIRECTION('',(-0.,-1.,-0.));
#1016 = ORIENTED_EDGE('',*,*,#972,.T.);
#1017 = PLANE('',#1018);
#1018 = AXIS2_PLACEMENT_3D('',#1019,#1020,#1021);
#1019 = CARTESIAN_POINT('',(-0.9,7.25,0.15));
#1020 = DIRECTION('',(0.,0.,-1.));
#1021 = DIRECTION('',(-1.,0.,-0.));
#1022 = ADVANCED_FACE('',(#1023),#1039,.F.);
#1023 = FACE_BOUND('',#1024,.T.);
#1024 = EDGE_LOOP('',(#1025,#1031,#1032,#1038));
#1025 = ORIENTED_EDGE('',*,*,#1026,.T.);
#1026 = EDGE_CURVE('',#996,#925,#1027,.T.);
#1027 = LINE('',#1028,#1029);
#1028 = CARTESIAN_POINT('',(-1.2,7.25,0.));
#1029 = VECTOR('',#1030,1.);
#1030 = DIRECTION('',(-0.,-0.,-1.));
#1031 = ORIENTED_EDGE('',*,*,#950,.F.);
#1032 = ORIENTED_EDGE('',*,*,#1033,.F.);
#1033 = EDGE_CURVE('',#1004,#943,#1034,.T.);
#1034 = LINE('',#1035,#1036);
#1035 = CARTESIAN_POINT('',(-0.9,7.25,0.));
#1036 = VECTOR('',#1037,1.);
#1037 = DIRECTION('',(-0.,-0.,-1.));
#1038 = ORIENTED_EDGE('',*,*,#1003,.T.);
#1039 = PLANE('',#1040);
#1040 = AXIS2_PLACEMENT_3D('',#1041,#1042,#1043);
#1041 = CARTESIAN_POINT('',(-0.9,7.25,0.));
#1042 = DIRECTION('',(0.,1.,0.));
#1043 = DIRECTION('',(0.,-0.,1.));
#1044 = ADVANCED_FACE('',(#1045),#1051,.T.);
#1045 = FACE_BOUND('',#1046,.T.);
#1046 = EDGE_LOOP('',(#1047,#1048,#1049,#1050));
#1047 = ORIENTED_EDGE('',*,*,#942,.T.);
#1048 = ORIENTED_EDGE('',*,*,#980,.T.);
#1049 = ORIENTED_EDGE('',*,*,#1011,.T.);
#1050 = ORIENTED_EDGE('',*,*,#1033,.T.);
#1051 = PLANE('',#1052);
#1052 = AXIS2_PLACEMENT_3D('',#1053,#1054,#1055);
#1053 = CARTESIAN_POINT('',(-0.9,0.,0.));
#1054 = DIRECTION('',(1.,0.,0.));
#1055 = DIRECTION('',(0.,0.,-1.));
#1056 = ADVANCED_FACE('',(#1057),#1063,.F.);
#1057 = FACE_BOUND('',#1058,.T.);
#1058 = EDGE_LOOP('',(#1059,#1060,#1061,#1062));
#1059 = ORIENTED_EDGE('',*,*,#924,.F.);
#1060 = ORIENTED_EDGE('',*,*,#1026,.F.);
#1061 = ORIENTED_EDGE('',*,*,#995,.F.);
#1062 = ORIENTED_EDGE('',*,*,#964,.F.);
#1063 = PLANE('',#1064);
#1064 = AXIS2_PLACEMENT_3D('',#1065,#1066,#1067);
#1065 = CARTESIAN_POINT('',(-1.2,0.,0.));
#1066 = DIRECTION('',(1.,0.,0.));
#1067 = DIRECTION('',(0.,0.,-1.));
#1068 = ( GEOMETRIC_REPRESENTATION_CONTEXT(3) 
GLOBAL_UNCERTAINTY_ASSIGNED_CONTEXT((#1072)) 
GLOBAL_UNIT_ASSIGNED_CONTEXT((#1069,#1070,#1071)) REPRESENTATION_CONTEXT
('Context #1','3D Context with UNIT and UNCERTAINTY') );
#1069 = ( LENGTH_UNIT() NAMED_UNIT(*) SI_UNIT(.MILLI.,.METRE.) );
#1070 = ( NAMED_UNIT(*) PLANE_ANGLE_UNIT() SI_UNIT($,.RADIAN.) );
#1071 = ( NAMED_UNIT(*) SI_UNIT($,.STERADIAN.) SOLID_ANGLE_UNIT() );
#1072 = UNCERTAINTY_MEASURE_WITH_UNIT(LENGTH_MEASURE(1.E-07),#1069,
  'distance_accuracy_value','confusion accuracy');
#1073 = CONTEXT_DEPENDENT_SHAPE_REPRESENTATION(#1074,#1076);
#1074 = ( REPRESENTATION_RELATIONSHIP('','',#917,#10) 
REPRESENTATION_RELATIONSHIP_WITH_TRANSFORMATION(#1075) 
SHAPE_REPRESENTATION_RELATIONSHIP() );
#1075 = ITEM_DEFINED_TRANSFORMATION('','',#11,#35);
#1076 = PRODUCT_DEFINITION_SHAPE('Placement','Placement of an item',
  #1077);
#1077 = NEXT_ASSEMBLY_USAGE_OCCURRENCE('6','TF-SMD_TF-PUSH005','',#5,
  #912,$);
#1078 = PRODUCT_RELATED_PRODUCT_CATEGORY('part',$,(#914));
#1079 = SHAPE_DEFINITION_REPRESENTATION(#1080,#1086);
#1080 = PRODUCT_DEFINITION_SHAPE('','',#1081);
#1081 = PRODUCT_DEFINITION('design','',#1082,#1085);
#1082 = PRODUCT_DEFINITION_FORMATION('','',#1083);
#1083 = PRODUCT('TF-SMD_TF-PUSH006','TF-SMD_TF-PUSH006','',(#1084));
#1084 = PRODUCT_CONTEXT('',#2,'mechanical');
#1085 = PRODUCT_DEFINITION_CONTEXT('part definition',#2,'design');
#1086 = ADVANCED_BREP_SHAPE_REPRESENTATION('',(#11,#1087),#1237);
#1087 = MANIFOLD_SOLID_BREP('',#1088);
#1088 = CLOSED_SHELL('',(#1089,#1129,#1160,#1191,#1213,#1225));
#1089 = ADVANCED_FACE('',(#1090),#1124,.F.);
#1090 = FACE_BOUND('',#1091,.T.);
#1091 = EDGE_LOOP('',(#1092,#1102,#1110,#1118));
#1092 = ORIENTED_EDGE('',*,*,#1093,.T.);
#1093 = EDGE_CURVE('',#1094,#1096,#1098,.T.);
#1094 = VERTEX_POINT('',#1095);
#1095 = CARTESIAN_POINT('',(-1.E-01,7.25,0.));
#1096 = VERTEX_POINT('',#1097);
#1097 = CARTESIAN_POINT('',(-1.E-01,7.95,0.));
#1098 = LINE('',#1099,#1100);
#1099 = CARTESIAN_POINT('',(-1.E-01,7.25,0.));
#1100 = VECTOR('',#1101,1.);
#1101 = DIRECTION('',(0.,1.,0.));
#1102 = ORIENTED_EDGE('',*,*,#1103,.F.);
#1103 = EDGE_CURVE('',#1104,#1096,#1106,.T.);
#1104 = VERTEX_POINT('',#1105);
#1105 = CARTESIAN_POINT('',(0.2,7.95,0.));
#1106 = LINE('',#1107,#1108);
#1107 = CARTESIAN_POINT('',(0.2,7.95,0.));
#1108 = VECTOR('',#1109,1.);
#1109 = DIRECTION('',(-1.,-0.,-0.));
#1110 = ORIENTED_EDGE('',*,*,#1111,.F.);
#1111 = EDGE_CURVE('',#1112,#1104,#1114,.T.);
#1112 = VERTEX_POINT('',#1113);
#1113 = CARTESIAN_POINT('',(0.2,7.25,0.));
#1114 = LINE('',#1115,#1116);
#1115 = CARTESIAN_POINT('',(0.2,7.25,0.));
#1116 = VECTOR('',#1117,1.);
#1117 = DIRECTION('',(0.,1.,0.));
#1118 = ORIENTED_EDGE('',*,*,#1119,.T.);
#1119 = EDGE_CURVE('',#1112,#1094,#1120,.T.);
#1120 = LINE('',#1121,#1122);
#1121 = CARTESIAN_POINT('',(0.2,7.25,0.));
#1122 = VECTOR('',#1123,1.);
#1123 = DIRECTION('',(-1.,-0.,-0.));
#1124 = PLANE('',#1125);
#1125 = AXIS2_PLACEMENT_3D('',#1126,#1127,#1128);
#1126 = CARTESIAN_POINT('',(0.2,7.25,0.));
#1127 = DIRECTION('',(0.,0.,1.));
#1128 = DIRECTION('',(1.,0.,-0.));
#1129 = ADVANCED_FACE('',(#1130),#1155,.F.);
#1130 = FACE_BOUND('',#1131,.T.);
#1131 = EDGE_LOOP('',(#1132,#1140,#1148,#1154));
#1132 = ORIENTED_EDGE('',*,*,#1133,.T.);
#1133 = EDGE_CURVE('',#1096,#1134,#1136,.T.);
#1134 = VERTEX_POINT('',#1135);
#1135 = CARTESIAN_POINT('',(-1.E-01,7.95,0.15));
#1136 = LINE('',#1137,#1138);
#1137 = CARTESIAN_POINT('',(-1.E-01,7.95,0.));
#1138 = VECTOR('',#1139,1.);
#1139 = DIRECTION('',(0.,0.,1.));
#1140 = ORIENTED_EDGE('',*,*,#1141,.F.);
#1141 = EDGE_CURVE('',#1142,#1134,#1144,.T.);
#1142 = VERTEX_POINT('',#1143);
#1143 = CARTESIAN_POINT('',(0.2,7.95,0.15));
#1144 = LINE('',#1145,#1146);
#1145 = CARTESIAN_POINT('',(0.2,7.95,0.15));
#1146 = VECTOR('',#1147,1.);
#1147 = DIRECTION('',(-1.,-0.,-0.));
#1148 = ORIENTED_EDGE('',*,*,#1149,.F.);
#1149 = EDGE_CURVE('',#1104,#1142,#1150,.T.);
#1150 = LINE('',#1151,#1152);
#1151 = CARTESIAN_POINT('',(0.2,7.95,0.));
#1152 = VECTOR('',#1153,1.);
#1153 = DIRECTION('',(0.,0.,1.));
#1154 = ORIENTED_EDGE('',*,*,#1103,.T.);
#1155 = PLANE('',#1156);
#1156 = AXIS2_PLACEMENT_3D('',#1157,#1158,#1159);
#1157 = CARTESIAN_POINT('',(0.2,7.95,0.));
#1158 = DIRECTION('',(0.,-1.,0.));
#1159 = DIRECTION('',(0.,-0.,-1.));
#1160 = ADVANCED_FACE('',(#1161),#1186,.F.);
#1161 = FACE_BOUND('',#1162,.T.);
#1162 = EDGE_LOOP('',(#1163,#1171,#1179,#1185));
#1163 = ORIENTED_EDGE('',*,*,#1164,.T.);
#1164 = EDGE_CURVE('',#1134,#1165,#1167,.T.);
#1165 = VERTEX_POINT('',#1166);
#1166 = CARTESIAN_POINT('',(-1.E-01,7.25,0.15));
#1167 = LINE('',#1168,#1169);
#1168 = CARTESIAN_POINT('',(-1.E-01,7.25,0.15));
#1169 = VECTOR('',#1170,1.);
#1170 = DIRECTION('',(-0.,-1.,-0.));
#1171 = ORIENTED_EDGE('',*,*,#1172,.F.);
#1172 = EDGE_CURVE('',#1173,#1165,#1175,.T.);
#1173 = VERTEX_POINT('',#1174);
#1174 = CARTESIAN_POINT('',(0.2,7.25,0.15));
#1175 = LINE('',#1176,#1177);
#1176 = CARTESIAN_POINT('',(0.2,7.25,0.15));
#1177 = VECTOR('',#1178,1.);
#1178 = DIRECTION('',(-1.,-0.,-0.));
#1179 = ORIENTED_EDGE('',*,*,#1180,.F.);
#1180 = EDGE_CURVE('',#1142,#1173,#1181,.T.);
#1181 = LINE('',#1182,#1183);
#1182 = CARTESIAN_POINT('',(0.2,7.25,0.15));
#1183 = VECTOR('',#1184,1.);
#1184 = DIRECTION('',(-0.,-1.,-0.));
#1185 = ORIENTED_EDGE('',*,*,#1141,.T.);
#1186 = PLANE('',#1187);
#1187 = AXIS2_PLACEMENT_3D('',#1188,#1189,#1190);
#1188 = CARTESIAN_POINT('',(0.2,7.25,0.15));
#1189 = DIRECTION('',(0.,0.,-1.));
#1190 = DIRECTION('',(-1.,0.,-0.));
#1191 = ADVANCED_FACE('',(#1192),#1208,.F.);
#1192 = FACE_BOUND('',#1193,.T.);
#1193 = EDGE_LOOP('',(#1194,#1200,#1201,#1207));
#1194 = ORIENTED_EDGE('',*,*,#1195,.T.);
#1195 = EDGE_CURVE('',#1165,#1094,#1196,.T.);
#1196 = LINE('',#1197,#1198);
#1197 = CARTESIAN_POINT('',(-1.E-01,7.25,0.));
#1198 = VECTOR('',#1199,1.);
#1199 = DIRECTION('',(-0.,-0.,-1.));
#1200 = ORIENTED_EDGE('',*,*,#1119,.F.);
#1201 = ORIENTED_EDGE('',*,*,#1202,.F.);
#1202 = EDGE_CURVE('',#1173,#1112,#1203,.T.);
#1203 = LINE('',#1204,#1205);
#1204 = CARTESIAN_POINT('',(0.2,7.25,0.));
#1205 = VECTOR('',#1206,1.);
#1206 = DIRECTION('',(-0.,-0.,-1.));
#1207 = ORIENTED_EDGE('',*,*,#1172,.T.);
#1208 = PLANE('',#1209);
#1209 = AXIS2_PLACEMENT_3D('',#1210,#1211,#1212);
#1210 = CARTESIAN_POINT('',(0.2,7.25,0.));
#1211 = DIRECTION('',(0.,1.,0.));
#1212 = DIRECTION('',(0.,-0.,1.));
#1213 = ADVANCED_FACE('',(#1214),#1220,.T.);
#1214 = FACE_BOUND('',#1215,.T.);
#1215 = EDGE_LOOP('',(#1216,#1217,#1218,#1219));
#1216 = ORIENTED_EDGE('',*,*,#1111,.T.);
#1217 = ORIENTED_EDGE('',*,*,#1149,.T.);
#1218 = ORIENTED_EDGE('',*,*,#1180,.T.);
#1219 = ORIENTED_EDGE('',*,*,#1202,.T.);
#1220 = PLANE('',#1221);
#1221 = AXIS2_PLACEMENT_3D('',#1222,#1223,#1224);
#1222 = CARTESIAN_POINT('',(0.2,0.,0.));
#1223 = DIRECTION('',(1.,0.,0.));
#1224 = DIRECTION('',(0.,0.,-1.));
#1225 = ADVANCED_FACE('',(#1226),#1232,.F.);
#1226 = FACE_BOUND('',#1227,.T.);
#1227 = EDGE_LOOP('',(#1228,#1229,#1230,#1231));
#1228 = ORIENTED_EDGE('',*,*,#1093,.F.);
#1229 = ORIENTED_EDGE('',*,*,#1195,.F.);
#1230 = ORIENTED_EDGE('',*,*,#1164,.F.);
#1231 = ORIENTED_EDGE('',*,*,#1133,.F.);
#1232 = PLANE('',#1233);
#1233 = AXIS2_PLACEMENT_3D('',#1234,#1235,#1236);
#1234 = CARTESIAN_POINT('',(-1.E-01,0.,0.));
#1235 = DIRECTION('',(1.,0.,0.));
#1236 = DIRECTION('',(0.,0.,-1.));
#1237 = ( GEOMETRIC_REPRESENTATION_CONTEXT(3) 
GLOBAL_UNCERTAINTY_ASSIGNED_CONTEXT((#1241)) 
GLOBAL_UNIT_ASSIGNED_CONTEXT((#1238,#1239,#1240)) REPRESENTATION_CONTEXT
('Context #1','3D Context with UNIT and UNCERTAINTY') );
#1238 = ( LENGTH_UNIT() NAMED_UNIT(*) SI_UNIT(.MILLI.,.METRE.) );
#1239 = ( NAMED_UNIT(*) PLANE_ANGLE_UNIT() SI_UNIT($,.RADIAN.) );
#1240 = ( NAMED_UNIT(*) SI_UNIT($,.STERADIAN.) SOLID_ANGLE_UNIT() );
#1241 = UNCERTAINTY_MEASURE_WITH_UNIT(LENGTH_MEASURE(1.E-07),#1238,
  'distance_accuracy_value','confusion accuracy');
#1242 = CONTEXT_DEPENDENT_SHAPE_REPRESENTATION(#1243,#1245);
#1243 = ( REPRESENTATION_RELATIONSHIP('','',#1086,#10) 
REPRESENTATION_RELATIONSHIP_WITH_TRANSFORMATION(#1244) 
SHAPE_REPRESENTATION_RELATIONSHIP() );
#1244 = ITEM_DEFINED_TRANSFORMATION('','',#11,#39);
#1245 = PRODUCT_DEFINITION_SHAPE('Placement','Placement of an item',
  #1246);
#1246 = NEXT_ASSEMBLY_USAGE_OCCURRENCE('7','TF-SMD_TF-PUSH006','',#5,
  #1081,$);
#1247 = PRODUCT_RELATED_PRODUCT_CATEGORY('part',$,(#1083));
#1248 = SHAPE_DEFINITION_REPRESENTATION(#1249,#1255);
#1249 = PRODUCT_DEFINITION_SHAPE('','',#1250);
#1250 = PRODUCT_DEFINITION('design','',#1251,#1254);
#1251 = PRODUCT_DEFINITION_FORMATION('','',#1252);
#1252 = PRODUCT('TF-SMD_TF-PUSH007','TF-SMD_TF-PUSH007','',(#1253));
#1253 = PRODUCT_CONTEXT('',#2,'mechanical');
#1254 = PRODUCT_DEFINITION_CONTEXT('part definition',#2,'design');
#1255 = ADVANCED_BREP_SHAPE_REPRESENTATION('',(#11,#1256),#1406);
#1256 = MANIFOLD_SOLID_BREP('',#1257);
#1257 = CLOSED_SHELL('',(#1258,#1298,#1329,#1360,#1382,#1394));
#1258 = ADVANCED_FACE('',(#1259),#1293,.F.);
#1259 = FACE_BOUND('',#1260,.T.);
#1260 = EDGE_LOOP('',(#1261,#1271,#1279,#1287));
#1261 = ORIENTED_EDGE('',*,*,#1262,.T.);
#1262 = EDGE_CURVE('',#1263,#1265,#1267,.T.);
#1263 = VERTEX_POINT('',#1264);
#1264 = CARTESIAN_POINT('',(1.,7.25,0.));
#1265 = VERTEX_POINT('',#1266);
#1266 = CARTESIAN_POINT('',(1.,7.95,0.));
#1267 = LINE('',#1268,#1269);
#1268 = CARTESIAN_POINT('',(1.,7.25,0.));
#1269 = VECTOR('',#1270,1.);
#1270 = DIRECTION('',(0.,1.,0.));
#1271 = ORIENTED_EDGE('',*,*,#1272,.F.);
#1272 = EDGE_CURVE('',#1273,#1265,#1275,.T.);
#1273 = VERTEX_POINT('',#1274);
#1274 = CARTESIAN_POINT('',(1.3,7.95,0.));
#1275 = LINE('',#1276,#1277);
#1276 = CARTESIAN_POINT('',(1.3,7.95,0.));
#1277 = VECTOR('',#1278,1.);
#1278 = DIRECTION('',(-1.,-0.,-0.));
#1279 = ORIENTED_EDGE('',*,*,#1280,.F.);
#1280 = EDGE_CURVE('',#1281,#1273,#1283,.T.);
#1281 = VERTEX_POINT('',#1282);
#1282 = CARTESIAN_POINT('',(1.3,7.25,0.));
#1283 = LINE('',#1284,#1285);
#1284 = CARTESIAN_POINT('',(1.3,7.25,0.));
#1285 = VECTOR('',#1286,1.);
#1286 = DIRECTION('',(0.,1.,0.));
#1287 = ORIENTED_EDGE('',*,*,#1288,.T.);
#1288 = EDGE_CURVE('',#1281,#1263,#1289,.T.);
#1289 = LINE('',#1290,#1291);
#1290 = CARTESIAN_POINT('',(1.3,7.25,0.));
#1291 = VECTOR('',#1292,1.);
#1292 = DIRECTION('',(-1.,-0.,-0.));
#1293 = PLANE('',#1294);
#1294 = AXIS2_PLACEMENT_3D('',#1295,#1296,#1297);
#1295 = CARTESIAN_POINT('',(1.3,7.25,0.));
#1296 = DIRECTION('',(0.,0.,1.));
#1297 = DIRECTION('',(1.,0.,-0.));
#1298 = ADVANCED_FACE('',(#1299),#1324,.F.);
#1299 = FACE_BOUND('',#1300,.T.);
#1300 = EDGE_LOOP('',(#1301,#1309,#1317,#1323));
#1301 = ORIENTED_EDGE('',*,*,#1302,.T.);
#1302 = EDGE_CURVE('',#1265,#1303,#1305,.T.);
#1303 = VERTEX_POINT('',#1304);
#1304 = CARTESIAN_POINT('',(1.,7.95,0.15));
#1305 = LINE('',#1306,#1307);
#1306 = CARTESIAN_POINT('',(1.,7.95,0.));
#1307 = VECTOR('',#1308,1.);
#1308 = DIRECTION('',(0.,0.,1.));
#1309 = ORIENTED_EDGE('',*,*,#1310,.F.);
#1310 = EDGE_CURVE('',#1311,#1303,#1313,.T.);
#1311 = VERTEX_POINT('',#1312);
#1312 = CARTESIAN_POINT('',(1.3,7.95,0.15));
#1313 = LINE('',#1314,#1315);
#1314 = CARTESIAN_POINT('',(1.3,7.95,0.15));
#1315 = VECTOR('',#1316,1.);
#1316 = DIRECTION('',(-1.,-0.,-0.));
#1317 = ORIENTED_EDGE('',*,*,#1318,.F.);
#1318 = EDGE_CURVE('',#1273,#1311,#1319,.T.);
#1319 = LINE('',#1320,#1321);
#1320 = CARTESIAN_POINT('',(1.3,7.95,0.));
#1321 = VECTOR('',#1322,1.);
#1322 = DIRECTION('',(0.,0.,1.));
#1323 = ORIENTED_EDGE('',*,*,#1272,.T.);
#1324 = PLANE('',#1325);
#1325 = AXIS2_PLACEMENT_3D('',#1326,#1327,#1328);
#1326 = CARTESIAN_POINT('',(1.3,7.95,0.));
#1327 = DIRECTION('',(0.,-1.,0.));
#1328 = DIRECTION('',(0.,-0.,-1.));
#1329 = ADVANCED_FACE('',(#1330),#1355,.F.);
#1330 = FACE_BOUND('',#1331,.T.);
#1331 = EDGE_LOOP('',(#1332,#1340,#1348,#1354));
#1332 = ORIENTED_EDGE('',*,*,#1333,.T.);
#1333 = EDGE_CURVE('',#1303,#1334,#1336,.T.);
#1334 = VERTEX_POINT('',#1335);
#1335 = CARTESIAN_POINT('',(1.,7.25,0.15));
#1336 = LINE('',#1337,#1338);
#1337 = CARTESIAN_POINT('',(1.,7.25,0.15));
#1338 = VECTOR('',#1339,1.);
#1339 = DIRECTION('',(-0.,-1.,-0.));
#1340 = ORIENTED_EDGE('',*,*,#1341,.F.);
#1341 = EDGE_CURVE('',#1342,#1334,#1344,.T.);
#1342 = VERTEX_POINT('',#1343);
#1343 = CARTESIAN_POINT('',(1.3,7.25,0.15));
#1344 = LINE('',#1345,#1346);
#1345 = CARTESIAN_POINT('',(1.3,7.25,0.15));
#1346 = VECTOR('',#1347,1.);
#1347 = DIRECTION('',(-1.,-0.,-0.));
#1348 = ORIENTED_EDGE('',*,*,#1349,.F.);
#1349 = EDGE_CURVE('',#1311,#1342,#1350,.T.);
#1350 = LINE('',#1351,#1352);
#1351 = CARTESIAN_POINT('',(1.3,7.25,0.15));
#1352 = VECTOR('',#1353,1.);
#1353 = DIRECTION('',(-0.,-1.,-0.));
#1354 = ORIENTED_EDGE('',*,*,#1310,.T.);
#1355 = PLANE('',#1356);
#1356 = AXIS2_PLACEMENT_3D('',#1357,#1358,#1359);
#1357 = CARTESIAN_POINT('',(1.3,7.25,0.15));
#1358 = DIRECTION('',(0.,0.,-1.));
#1359 = DIRECTION('',(-1.,0.,-0.));
#1360 = ADVANCED_FACE('',(#1361),#1377,.F.);
#1361 = FACE_BOUND('',#1362,.T.);
#1362 = EDGE_LOOP('',(#1363,#1369,#1370,#1376));
#1363 = ORIENTED_EDGE('',*,*,#1364,.T.);
#1364 = EDGE_CURVE('',#1334,#1263,#1365,.T.);
#1365 = LINE('',#1366,#1367);
#1366 = CARTESIAN_POINT('',(1.,7.25,0.));
#1367 = VECTOR('',#1368,1.);
#1368 = DIRECTION('',(-0.,-0.,-1.));
#1369 = ORIENTED_EDGE('',*,*,#1288,.F.);
#1370 = ORIENTED_EDGE('',*,*,#1371,.F.);
#1371 = EDGE_CURVE('',#1342,#1281,#1372,.T.);
#1372 = LINE('',#1373,#1374);
#1373 = CARTESIAN_POINT('',(1.3,7.25,0.));
#1374 = VECTOR('',#1375,1.);
#1375 = DIRECTION('',(-0.,-0.,-1.));
#1376 = ORIENTED_EDGE('',*,*,#1341,.T.);
#1377 = PLANE('',#1378);
#1378 = AXIS2_PLACEMENT_3D('',#1379,#1380,#1381);
#1379 = CARTESIAN_POINT('',(1.3,7.25,0.));
#1380 = DIRECTION('',(0.,1.,0.));
#1381 = DIRECTION('',(0.,-0.,1.));
#1382 = ADVANCED_FACE('',(#1383),#1389,.T.);
#1383 = FACE_BOUND('',#1384,.T.);
#1384 = EDGE_LOOP('',(#1385,#1386,#1387,#1388));
#1385 = ORIENTED_EDGE('',*,*,#1280,.T.);
#1386 = ORIENTED_EDGE('',*,*,#1318,.T.);
#1387 = ORIENTED_EDGE('',*,*,#1349,.T.);
#1388 = ORIENTED_EDGE('',*,*,#1371,.T.);
#1389 = PLANE('',#1390);
#1390 = AXIS2_PLACEMENT_3D('',#1391,#1392,#1393);
#1391 = CARTESIAN_POINT('',(1.3,0.,0.));
#1392 = DIRECTION('',(1.,0.,0.));
#1393 = DIRECTION('',(0.,0.,-1.));
#1394 = ADVANCED_FACE('',(#1395),#1401,.F.);
#1395 = FACE_BOUND('',#1396,.T.);
#1396 = EDGE_LOOP('',(#1397,#1398,#1399,#1400));
#1397 = ORIENTED_EDGE('',*,*,#1262,.F.);
#1398 = ORIENTED_EDGE('',*,*,#1364,.F.);
#1399 = ORIENTED_EDGE('',*,*,#1333,.F.);
#1400 = ORIENTED_EDGE('',*,*,#1302,.F.);
#1401 = PLANE('',#1402);
#1402 = AXIS2_PLACEMENT_3D('',#1403,#1404,#1405);
#1403 = CARTESIAN_POINT('',(1.,0.,0.));
#1404 = DIRECTION('',(1.,0.,0.));
#1405 = DIRECTION('',(0.,0.,-1.));
#1406 = ( GEOMETRIC_REPRESENTATION_CONTEXT(3) 
GLOBAL_UNCERTAINTY_ASSIGNED_CONTEXT((#1410)) 
GLOBAL_UNIT_ASSIGNED_CONTEXT((#1407,#1408,#1409)) REPRESENTATION_CONTEXT
('Context #1','3D Context with UNIT and UNCERTAINTY') );
#1407 = ( LENGTH_UNIT() NAMED_UNIT(*) SI_UNIT(.MILLI.,.METRE.) );
#1408 = ( NAMED_UNIT(*) PLANE_ANGLE_UNIT() SI_UNIT($,.RADIAN.) );
#1409 = ( NAMED_UNIT(*) SI_UNIT($,.STERADIAN.) SOLID_ANGLE_UNIT() );
#1410 = UNCERTAINTY_MEASURE_WITH_UNIT(LENGTH_MEASURE(1.E-07),#1407,
  'distance_accuracy_value','confusion accuracy');
#1411 = CONTEXT_DEPENDENT_SHAPE_REPRESENTATION(#1412,#1414);
#1412 = ( REPRESENTATION_RELATIONSHIP('','',#1255,#10) 
REPRESENTATION_RELATIONSHIP_WITH_TRANSFORMATION(#1413) 
SHAPE_REPRESENTATION_RELATIONSHIP() );
#1413 = ITEM_DEFINED_TRANSFORMATION('','',#11,#43);
#1414 = PRODUCT_DEFINITION_SHAPE('Placement','Placement of an item',
  #1415);
#1415 = NEXT_ASSEMBLY_USAGE_OCCURRENCE('8','TF-SMD_TF-PUSH007','',#5,
  #1250,$);
#1416 = PRODUCT_RELATED_PRODUCT_CATEGORY('part',$,(#1252));
#1417 = SHAPE_DEFINITION_REPRESENTATION(#1418,#1424);
#1418 = PRODUCT_DEFINITION_SHAPE('','',#1419);
#1419 = PRODUCT_DEFINITION('design','',#1420,#1423);
#1420 = PRODUCT_DEFINITION_FORMATION('','',#1421);
#1421 = PRODUCT('TF-SMD_TF-PUSH008','TF-SMD_TF-PUSH008','',(#1422));
#1422 = PRODUCT_CONTEXT('',#2,'mechanical');
#1423 = PRODUCT_DEFINITION_CONTEXT('part definition',#2,'design');
#1424 = ADVANCED_BREP_SHAPE_REPRESENTATION('',(#11,#1425),#1575);
#1425 = MANIFOLD_SOLID_BREP('',#1426);
#1426 = CLOSED_SHELL('',(#1427,#1467,#1498,#1529,#1551,#1563));
#1427 = ADVANCED_FACE('',(#1428),#1462,.F.);
#1428 = FACE_BOUND('',#1429,.T.);
#1429 = EDGE_LOOP('',(#1430,#1440,#1448,#1456));
#1430 = ORIENTED_EDGE('',*,*,#1431,.T.);
#1431 = EDGE_CURVE('',#1432,#1434,#1436,.T.);
#1432 = VERTEX_POINT('',#1433);
#1433 = CARTESIAN_POINT('',(2.1,7.25,0.));
#1434 = VERTEX_POINT('',#1435);
#1435 = CARTESIAN_POINT('',(2.1,7.95,0.));
#1436 = LINE('',#1437,#1438);
#1437 = CARTESIAN_POINT('',(2.1,7.25,0.));
#1438 = VECTOR('',#1439,1.);
#1439 = DIRECTION('',(0.,1.,0.));
#1440 = ORIENTED_EDGE('',*,*,#1441,.F.);
#1441 = EDGE_CURVE('',#1442,#1434,#1444,.T.);
#1442 = VERTEX_POINT('',#1443);
#1443 = CARTESIAN_POINT('',(2.4,7.95,0.));
#1444 = LINE('',#1445,#1446);
#1445 = CARTESIAN_POINT('',(2.4,7.95,0.));
#1446 = VECTOR('',#1447,1.);
#1447 = DIRECTION('',(-1.,-0.,-0.));
#1448 = ORIENTED_EDGE('',*,*,#1449,.F.);
#1449 = EDGE_CURVE('',#1450,#1442,#1452,.T.);
#1450 = VERTEX_POINT('',#1451);
#1451 = CARTESIAN_POINT('',(2.4,7.25,0.));
#1452 = LINE('',#1453,#1454);
#1453 = CARTESIAN_POINT('',(2.4,7.25,0.));
#1454 = VECTOR('',#1455,1.);
#1455 = DIRECTION('',(0.,1.,0.));
#1456 = ORIENTED_EDGE('',*,*,#1457,.T.);
#1457 = EDGE_CURVE('',#1450,#1432,#1458,.T.);
#1458 = LINE('',#1459,#1460);
#1459 = CARTESIAN_POINT('',(2.4,7.25,0.));
#1460 = VECTOR('',#1461,1.);
#1461 = DIRECTION('',(-1.,-0.,-0.));
#1462 = PLANE('',#1463);
#1463 = AXIS2_PLACEMENT_3D('',#1464,#1465,#1466);
#1464 = CARTESIAN_POINT('',(2.4,7.25,0.));
#1465 = DIRECTION('',(0.,0.,1.));
#1466 = DIRECTION('',(1.,0.,-0.));
#1467 = ADVANCED_FACE('',(#1468),#1493,.F.);
#1468 = FACE_BOUND('',#1469,.T.);
#1469 = EDGE_LOOP('',(#1470,#1478,#1486,#1492));
#1470 = ORIENTED_EDGE('',*,*,#1471,.T.);
#1471 = EDGE_CURVE('',#1434,#1472,#1474,.T.);
#1472 = VERTEX_POINT('',#1473);
#1473 = CARTESIAN_POINT('',(2.1,7.95,0.15));
#1474 = LINE('',#1475,#1476);
#1475 = CARTESIAN_POINT('',(2.1,7.95,0.));
#1476 = VECTOR('',#1477,1.);
#1477 = DIRECTION('',(0.,0.,1.));
#1478 = ORIENTED_EDGE('',*,*,#1479,.F.);
#1479 = EDGE_CURVE('',#1480,#1472,#1482,.T.);
#1480 = VERTEX_POINT('',#1481);
#1481 = CARTESIAN_POINT('',(2.4,7.95,0.15));
#1482 = LINE('',#1483,#1484);
#1483 = CARTESIAN_POINT('',(2.4,7.95,0.15));
#1484 = VECTOR('',#1485,1.);
#1485 = DIRECTION('',(-1.,-0.,-0.));
#1486 = ORIENTED_EDGE('',*,*,#1487,.F.);
#1487 = EDGE_CURVE('',#1442,#1480,#1488,.T.);
#1488 = LINE('',#1489,#1490);
#1489 = CARTESIAN_POINT('',(2.4,7.95,0.));
#1490 = VECTOR('',#1491,1.);
#1491 = DIRECTION('',(0.,0.,1.));
#1492 = ORIENTED_EDGE('',*,*,#1441,.T.);
#1493 = PLANE('',#1494);
#1494 = AXIS2_PLACEMENT_3D('',#1495,#1496,#1497);
#1495 = CARTESIAN_POINT('',(2.4,7.95,0.));
#1496 = DIRECTION('',(0.,-1.,0.));
#1497 = DIRECTION('',(0.,-0.,-1.));
#1498 = ADVANCED_FACE('',(#1499),#1524,.F.);
#1499 = FACE_BOUND('',#1500,.T.);
#1500 = EDGE_LOOP('',(#1501,#1509,#1517,#1523));
#1501 = ORIENTED_EDGE('',*,*,#1502,.T.);
#1502 = EDGE_CURVE('',#1472,#1503,#1505,.T.);
#1503 = VERTEX_POINT('',#1504);
#1504 = CARTESIAN_POINT('',(2.1,7.25,0.15));
#1505 = LINE('',#1506,#1507);
#1506 = CARTESIAN_POINT('',(2.1,7.25,0.15));
#1507 = VECTOR('',#1508,1.);
#1508 = DIRECTION('',(-0.,-1.,-0.));
#1509 = ORIENTED_EDGE('',*,*,#1510,.F.);
#1510 = EDGE_CURVE('',#1511,#1503,#1513,.T.);
#1511 = VERTEX_POINT('',#1512);
#1512 = CARTESIAN_POINT('',(2.4,7.25,0.15));
#1513 = LINE('',#1514,#1515);
#1514 = CARTESIAN_POINT('',(2.4,7.25,0.15));
#1515 = VECTOR('',#1516,1.);
#1516 = DIRECTION('',(-1.,-0.,-0.));
#1517 = ORIENTED_EDGE('',*,*,#1518,.F.);
#1518 = EDGE_CURVE('',#1480,#1511,#1519,.T.);
#1519 = LINE('',#1520,#1521);
#1520 = CARTESIAN_POINT('',(2.4,7.25,0.15));
#1521 = VECTOR('',#1522,1.);
#1522 = DIRECTION('',(-0.,-1.,-0.));
#1523 = ORIENTED_EDGE('',*,*,#1479,.T.);
#1524 = PLANE('',#1525);
#1525 = AXIS2_PLACEMENT_3D('',#1526,#1527,#1528);
#1526 = CARTESIAN_POINT('',(2.4,7.25,0.15));
#1527 = DIRECTION('',(0.,0.,-1.));
#1528 = DIRECTION('',(-1.,0.,-0.));
#1529 = ADVANCED_FACE('',(#1530),#1546,.F.);
#1530 = FACE_BOUND('',#1531,.T.);
#1531 = EDGE_LOOP('',(#1532,#1538,#1539,#1545));
#1532 = ORIENTED_EDGE('',*,*,#1533,.T.);
#1533 = EDGE_CURVE('',#1503,#1432,#1534,.T.);
#1534 = LINE('',#1535,#1536);
#1535 = CARTESIAN_POINT('',(2.1,7.25,0.));
#1536 = VECTOR('',#1537,1.);
#1537 = DIRECTION('',(-0.,-0.,-1.));
#1538 = ORIENTED_EDGE('',*,*,#1457,.F.);
#1539 = ORIENTED_EDGE('',*,*,#1540,.F.);
#1540 = EDGE_CURVE('',#1511,#1450,#1541,.T.);
#1541 = LINE('',#1542,#1543);
#1542 = CARTESIAN_POINT('',(2.4,7.25,0.));
#1543 = VECTOR('',#1544,1.);
#1544 = DIRECTION('',(-0.,-0.,-1.));
#1545 = ORIENTED_EDGE('',*,*,#1510,.T.);
#1546 = PLANE('',#1547);
#1547 = AXIS2_PLACEMENT_3D('',#1548,#1549,#1550);
#1548 = CARTESIAN_POINT('',(2.4,7.25,0.));
#1549 = DIRECTION('',(0.,1.,0.));
#1550 = DIRECTION('',(0.,-0.,1.));
#1551 = ADVANCED_FACE('',(#1552),#1558,.T.);
#1552 = FACE_BOUND('',#1553,.T.);
#1553 = EDGE_LOOP('',(#1554,#1555,#1556,#1557));
#1554 = ORIENTED_EDGE('',*,*,#1449,.T.);
#1555 = ORIENTED_EDGE('',*,*,#1487,.T.);
#1556 = ORIENTED_EDGE('',*,*,#1518,.T.);
#1557 = ORIENTED_EDGE('',*,*,#1540,.T.);
#1558 = PLANE('',#1559);
#1559 = AXIS2_PLACEMENT_3D('',#1560,#1561,#1562);
#1560 = CARTESIAN_POINT('',(2.4,0.,0.));
#1561 = DIRECTION('',(1.,0.,0.));
#1562 = DIRECTION('',(0.,0.,-1.));
#1563 = ADVANCED_FACE('',(#1564),#1570,.F.);
#1564 = FACE_BOUND('',#1565,.T.);
#1565 = EDGE_LOOP('',(#1566,#1567,#1568,#1569));
#1566 = ORIENTED_EDGE('',*,*,#1431,.F.);
#1567 = ORIENTED_EDGE('',*,*,#1533,.F.);
#1568 = ORIENTED_EDGE('',*,*,#1502,.F.);
#1569 = ORIENTED_EDGE('',*,*,#1471,.F.);
#1570 = PLANE('',#1571);
#1571 = AXIS2_PLACEMENT_3D('',#1572,#1573,#1574);
#1572 = CARTESIAN_POINT('',(2.1,0.,0.));
#1573 = DIRECTION('',(1.,0.,0.));
#1574 = DIRECTION('',(0.,0.,-1.));
#1575 = ( GEOMETRIC_REPRESENTATION_CONTEXT(3) 
GLOBAL_UNCERTAINTY_ASSIGNED_CONTEXT((#1579)) 
GLOBAL_UNIT_ASSIGNED_CONTEXT((#1576,#1577,#1578)) REPRESENTATION_CONTEXT
('Context #1','3D Context with UNIT and UNCERTAINTY') );
#1576 = ( LENGTH_UNIT() NAMED_UNIT(*) SI_UNIT(.MILLI.,.METRE.) );
#1577 = ( NAMED_UNIT(*) PLANE_ANGLE_UNIT() SI_UNIT($,.RADIAN.) );
#1578 = ( NAMED_UNIT(*) SI_UNIT($,.STERADIAN.) SOLID_ANGLE_UNIT() );
#1579 = UNCERTAINTY_MEASURE_WITH_UNIT(LENGTH_MEASURE(1.E-07),#1576,
  'distance_accuracy_value','confusion accuracy');
#1580 = CONTEXT_DEPENDENT_SHAPE_REPRESENTATION(#1581,#1583);
#1581 = ( REPRESENTATION_RELATIONSHIP('','',#1424,#10) 
REPRESENTATION_RELATIONSHIP_WITH_TRANSFORMATION(#1582) 
SHAPE_REPRESENTATION_RELATIONSHIP() );
#1582 = ITEM_DEFINED_TRANSFORMATION('','',#11,#47);
#1583 = PRODUCT_DEFINITION_SHAPE('Placement','Placement of an item',
  #1584);
#1584 = NEXT_ASSEMBLY_USAGE_OCCURRENCE('9','TF-SMD_TF-PUSH008','',#5,
  #1419,$);
#1585 = PRODUCT_RELATED_PRODUCT_CATEGORY('part',$,(#1421));
#1586 = SHAPE_DEFINITION_REPRESENTATION(#1587,#1593);
#1587 = PRODUCT_DEFINITION_SHAPE('','',#1588);
#1588 = PRODUCT_DEFINITION('design','',#1589,#1592);
#1589 = PRODUCT_DEFINITION_FORMATION('','',#1590);
#1590 = PRODUCT('TF-SMD_TF-PUSH009','TF-SMD_TF-PUSH009','',(#1591));
#1591 = PRODUCT_CONTEXT('',#2,'mechanical');
#1592 = PRODUCT_DEFINITION_CONTEXT('part definition',#2,'design');
#1593 = ADVANCED_BREP_SHAPE_REPRESENTATION('',(#11,#1594),#6165);
#1594 = MANIFOLD_SOLID_BREP('',#1595);
#1595 = CLOSED_SHELL('',(#1596,#1638,#1680,#1712,#1744,#1784,#1815,#1839
    ,#1863,#1880,#1920,#1951,#1975,#1999,#2016,#2056,#2087,#2111,#2135,
    #2152,#2192,#2223,#2247,#2271,#2288,#2328,#2359,#2383,#2407,#2424,
    #2464,#2495,#2519,#2543,#2560,#3223,#3254,#3285,#3309,#3349,#3455,
    #3472,#3484,#3517,#3535,#3566,#3614,#3636,#3648,#3665,#3682,#3700,
    #3717,#3729,#3747,#3763,#3781,#3797,#3809,#3821,#3852,#3876,#3900,
    #3924,#3948,#3972,#3996,#4013,#4087,#4118,#4142,#4180,#4204,#4242,
    #4259,#4290,#4314,#4338,#4412,#4479,#4566,#4597,#4671,#4745,#4769,
    #4786,#4817,#4841,#4865,#4889,#4913,#4937,#4961,#4985,#5009,#5033,
    #5057,#5074,#5094,#5125,#5175,#5249,#5323,#5373,#5397,#5447,#5521,
    #5595,#5638,#5656,#5687,#5711,#5735,#5759,#5783,#5800,#5814,#5828,
    #5841,#5872,#5896,#5920,#5937,#5949,#5980,#6004,#6028,#6045,#6057,
    #6097,#6119,#6136,#6153));
#1596 = ADVANCED_FACE('',(#1597),#1633,.T.);
#1597 = FACE_BOUND('',#1598,.T.);
#1598 = EDGE_LOOP('',(#1599,#1610,#1618,#1627));
#1599 = ORIENTED_EDGE('',*,*,#1600,.F.);
#1600 = EDGE_CURVE('',#1601,#1603,#1605,.T.);
#1601 = VERTEX_POINT('',#1602);
#1602 = CARTESIAN_POINT('',(2.75,-3.25,-0.6));
#1603 = VERTEX_POINT('',#1604);
#1604 = CARTESIAN_POINT('',(3.35,-3.25,-0.6));
#1605 = CIRCLE('',#1606,0.3);
#1606 = AXIS2_PLACEMENT_3D('',#1607,#1608,#1609);
#1607 = CARTESIAN_POINT('',(3.05,-3.25,-0.6));
#1608 = DIRECTION('',(0.,0.,-1.));
#1609 = DIRECTION('',(-1.,0.,0.));
#1610 = ORIENTED_EDGE('',*,*,#1611,.T.);
#1611 = EDGE_CURVE('',#1601,#1612,#1614,.T.);
#1612 = VERTEX_POINT('',#1613);
#1613 = CARTESIAN_POINT('',(2.65,-3.25,-0.5));
#1614 = LINE('',#1615,#1616);
#1615 = CARTESIAN_POINT('',(2.75,-3.25,-0.6));
#1616 = VECTOR('',#1617,1.);
#1617 = DIRECTION('',(-0.707106781187,8.659560562355E-17,0.707106781187)
  );
#1618 = ORIENTED_EDGE('',*,*,#1619,.F.);
#1619 = EDGE_CURVE('',#1620,#1612,#1622,.T.);
#1620 = VERTEX_POINT('',#1621);
#1621 = CARTESIAN_POINT('',(3.45,-3.25,-0.5));
#1622 = CIRCLE('',#1623,0.4);
#1623 = AXIS2_PLACEMENT_3D('',#1624,#1625,#1626);
#1624 = CARTESIAN_POINT('',(3.05,-3.25,-0.5));
#1625 = DIRECTION('',(0.,0.,1.));
#1626 = DIRECTION('',(-1.,0.,0.));
#1627 = ORIENTED_EDGE('',*,*,#1628,.F.);
#1628 = EDGE_CURVE('',#1603,#1620,#1629,.T.);
#1629 = LINE('',#1630,#1631);
#1630 = CARTESIAN_POINT('',(3.35,-3.25,-0.6));
#1631 = VECTOR('',#1632,1.);
#1632 = DIRECTION('',(0.707106781187,0.,0.707106781187));
#1633 = CONICAL_SURFACE('',#1634,0.3,0.785398163397);
#1634 = AXIS2_PLACEMENT_3D('',#1635,#1636,#1637);
#1635 = CARTESIAN_POINT('',(3.05,-3.25,-0.6));
#1636 = DIRECTION('',(0.,0.,1.));
#1637 = DIRECTION('',(1.,0.,-0.));
#1638 = ADVANCED_FACE('',(#1639),#1675,.T.);
#1639 = FACE_BOUND('',#1640,.T.);
#1640 = EDGE_LOOP('',(#1641,#1652,#1660,#1669));
#1641 = ORIENTED_EDGE('',*,*,#1642,.F.);
#1642 = EDGE_CURVE('',#1643,#1645,#1647,.T.);
#1643 = VERTEX_POINT('',#1644);
#1644 = CARTESIAN_POINT('',(-5.25,-3.25,-0.6));
#1645 = VERTEX_POINT('',#1646);
#1646 = CARTESIAN_POINT('',(-4.65,-3.25,-0.6));
#1647 = CIRCLE('',#1648,0.3);
#1648 = AXIS2_PLACEMENT_3D('',#1649,#1650,#1651);
#1649 = CARTESIAN_POINT('',(-4.95,-3.25,-0.6));
#1650 = DIRECTION('',(0.,0.,-1.));
#1651 = DIRECTION('',(-1.,0.,0.));
#1652 = ORIENTED_EDGE('',*,*,#1653,.T.);
#1653 = EDGE_CURVE('',#1643,#1654,#1656,.T.);
#1654 = VERTEX_POINT('',#1655);
#1655 = CARTESIAN_POINT('',(-5.35,-3.25,-0.5));
#1656 = LINE('',#1657,#1658);
#1657 = CARTESIAN_POINT('',(-5.25,-3.25,-0.6));
#1658 = VECTOR('',#1659,1.);
#1659 = DIRECTION('',(-0.707106781187,8.659560562355E-17,0.707106781187)
  );
#1660 = ORIENTED_EDGE('',*,*,#1661,.F.);
#1661 = EDGE_CURVE('',#1662,#1654,#1664,.T.);
#1662 = VERTEX_POINT('',#1663);
#1663 = CARTESIAN_POINT('',(-4.55,-3.25,-0.5));
#1664 = CIRCLE('',#1665,0.4);
#1665 = AXIS2_PLACEMENT_3D('',#1666,#1667,#1668);
#1666 = CARTESIAN_POINT('',(-4.95,-3.25,-0.5));
#1667 = DIRECTION('',(0.,0.,1.));
#1668 = DIRECTION('',(-1.,0.,0.));
#1669 = ORIENTED_EDGE('',*,*,#1670,.F.);
#1670 = EDGE_CURVE('',#1645,#1662,#1671,.T.);
#1671 = LINE('',#1672,#1673);
#1672 = CARTESIAN_POINT('',(-4.65,-3.25,-0.6));
#1673 = VECTOR('',#1674,1.);
#1674 = DIRECTION('',(0.707106781187,0.,0.707106781187));
#1675 = CONICAL_SURFACE('',#1676,0.3,0.785398163397);
#1676 = AXIS2_PLACEMENT_3D('',#1677,#1678,#1679);
#1677 = CARTESIAN_POINT('',(-4.95,-3.25,-0.6));
#1678 = DIRECTION('',(0.,0.,1.));
#1679 = DIRECTION('',(1.,0.,-0.));
#1680 = ADVANCED_FACE('',(#1681),#1707,.T.);
#1681 = FACE_BOUND('',#1682,.T.);
#1682 = EDGE_LOOP('',(#1683,#1684,#1692,#1701));
#1683 = ORIENTED_EDGE('',*,*,#1619,.T.);
#1684 = ORIENTED_EDGE('',*,*,#1685,.T.);
#1685 = EDGE_CURVE('',#1612,#1686,#1688,.T.);
#1686 = VERTEX_POINT('',#1687);
#1687 = CARTESIAN_POINT('',(2.65,-3.25,0.));
#1688 = LINE('',#1689,#1690);
#1689 = CARTESIAN_POINT('',(2.65,-3.25,-0.6));
#1690 = VECTOR('',#1691,1.);
#1691 = DIRECTION('',(-0.,-0.,1.));
#1692 = ORIENTED_EDGE('',*,*,#1693,.T.);
#1693 = EDGE_CURVE('',#1686,#1694,#1696,.T.);
#1694 = VERTEX_POINT('',#1695);
#1695 = CARTESIAN_POINT('',(3.45,-3.25,0.));
#1696 = CIRCLE('',#1697,0.4);
#1697 = AXIS2_PLACEMENT_3D('',#1698,#1699,#1700);
#1698 = CARTESIAN_POINT('',(3.05,-3.25,-0.));
#1699 = DIRECTION('',(0.,0.,-1.));
#1700 = DIRECTION('',(-1.,0.,0.));
#1701 = ORIENTED_EDGE('',*,*,#1702,.F.);
#1702 = EDGE_CURVE('',#1620,#1694,#1703,.T.);
#1703 = LINE('',#1704,#1705);
#1704 = CARTESIAN_POINT('',(3.45,-3.25,-0.6));
#1705 = VECTOR('',#1706,1.);
#1706 = DIRECTION('',(-0.,-0.,1.));
#1707 = CYLINDRICAL_SURFACE('',#1708,0.4);
#1708 = AXIS2_PLACEMENT_3D('',#1709,#1710,#1711);
#1709 = CARTESIAN_POINT('',(3.05,-3.25,-0.6));
#1710 = DIRECTION('',(-0.,-0.,1.));
#1711 = DIRECTION('',(1.,0.,0.));
#1712 = ADVANCED_FACE('',(#1713),#1739,.T.);
#1713 = FACE_BOUND('',#1714,.T.);
#1714 = EDGE_LOOP('',(#1715,#1716,#1724,#1733));
#1715 = ORIENTED_EDGE('',*,*,#1661,.T.);
#1716 = ORIENTED_EDGE('',*,*,#1717,.T.);
#1717 = EDGE_CURVE('',#1654,#1718,#1720,.T.);
#1718 = VERTEX_POINT('',#1719);
#1719 = CARTESIAN_POINT('',(-5.35,-3.25,0.));
#1720 = LINE('',#1721,#1722);
#1721 = CARTESIAN_POINT('',(-5.35,-3.25,-0.6));
#1722 = VECTOR('',#1723,1.);
#1723 = DIRECTION('',(-0.,-0.,1.));
#1724 = ORIENTED_EDGE('',*,*,#1725,.T.);
#1725 = EDGE_CURVE('',#1718,#1726,#1728,.T.);
#1726 = VERTEX_POINT('',#1727);
#1727 = CARTESIAN_POINT('',(-4.55,-3.25,0.));
#1728 = CIRCLE('',#1729,0.4);
#1729 = AXIS2_PLACEMENT_3D('',#1730,#1731,#1732);
#1730 = CARTESIAN_POINT('',(-4.95,-3.25,0.));
#1731 = DIRECTION('',(0.,0.,-1.));
#1732 = DIRECTION('',(-1.,0.,0.));
#1733 = ORIENTED_EDGE('',*,*,#1734,.F.);
#1734 = EDGE_CURVE('',#1662,#1726,#1735,.T.);
#1735 = LINE('',#1736,#1737);
#1736 = CARTESIAN_POINT('',(-4.55,-3.25,-0.6));
#1737 = VECTOR('',#1738,1.);
#1738 = DIRECTION('',(-0.,-0.,1.));
#1739 = CYLINDRICAL_SURFACE('',#1740,0.4);
#1740 = AXIS2_PLACEMENT_3D('',#1741,#1742,#1743);
#1741 = CARTESIAN_POINT('',(-4.95,-3.25,-0.6));
#1742 = DIRECTION('',(-0.,-0.,1.));
#1743 = DIRECTION('',(1.,0.,0.));
#1744 = ADVANCED_FACE('',(#1745),#1779,.T.);
#1745 = FACE_BOUND('',#1746,.T.);
#1746 = EDGE_LOOP('',(#1747,#1757,#1765,#1773));
#1747 = ORIENTED_EDGE('',*,*,#1748,.T.);
#1748 = EDGE_CURVE('',#1749,#1751,#1753,.T.);
#1749 = VERTEX_POINT('',#1750);
#1750 = CARTESIAN_POINT('',(-5.1,5.25,0.5));
#1751 = VERTEX_POINT('',#1752);
#1752 = CARTESIAN_POINT('',(-5.1,0.25,0.5));
#1753 = LINE('',#1754,#1755);
#1754 = CARTESIAN_POINT('',(-5.1,5.25,0.5));
#1755 = VECTOR('',#1756,1.);
#1756 = DIRECTION('',(-1.734723475977E-16,-1.,0.));
#1757 = ORIENTED_EDGE('',*,*,#1758,.T.);
#1758 = EDGE_CURVE('',#1751,#1759,#1761,.T.);
#1759 = VERTEX_POINT('',#1760);
#1760 = CARTESIAN_POINT('',(-5.8,0.25,0.5));
#1761 = LINE('',#1762,#1763);
#1762 = CARTESIAN_POINT('',(-5.1,0.25,0.5));
#1763 = VECTOR('',#1764,1.);
#1764 = DIRECTION('',(-1.,0.,0.));
#1765 = ORIENTED_EDGE('',*,*,#1766,.T.);
#1766 = EDGE_CURVE('',#1759,#1767,#1769,.T.);
#1767 = VERTEX_POINT('',#1768);
#1768 = CARTESIAN_POINT('',(-5.8,5.25,0.5));
#1769 = LINE('',#1770,#1771);
#1770 = CARTESIAN_POINT('',(-5.8,5.25,0.5));
#1771 = VECTOR('',#1772,1.);
#1772 = DIRECTION('',(4.336808689942E-17,1.,-0.));
#1773 = ORIENTED_EDGE('',*,*,#1774,.T.);
#1774 = EDGE_CURVE('',#1767,#1749,#1775,.T.);
#1775 = LINE('',#1776,#1777);
#1776 = CARTESIAN_POINT('',(-5.1,5.25,0.5));
#1777 = VECTOR('',#1778,1.);
#1778 = DIRECTION('',(1.,-0.,-0.));
#1779 = PLANE('',#1780);
#1780 = AXIS2_PLACEMENT_3D('',#1781,#1782,#1783);
#1781 = CARTESIAN_POINT('',(-7.7,0.,0.5));
#1782 = DIRECTION('',(0.,0.,-1.));
#1783 = DIRECTION('',(-1.,0.,0.));
#1784 = ADVANCED_FACE('',(#1785),#1810,.F.);
#1785 = FACE_BOUND('',#1786,.T.);
#1786 = EDGE_LOOP('',(#1787,#1797,#1803,#1804));
#1787 = ORIENTED_EDGE('',*,*,#1788,.T.);
#1788 = EDGE_CURVE('',#1789,#1791,#1793,.T.);
#1789 = VERTEX_POINT('',#1790);
#1790 = CARTESIAN_POINT('',(-5.1,0.25,0.));
#1791 = VERTEX_POINT('',#1792);
#1792 = CARTESIAN_POINT('',(-5.8,0.25,0.));
#1793 = LINE('',#1794,#1795);
#1794 = CARTESIAN_POINT('',(-5.1,0.25,0.));
#1795 = VECTOR('',#1796,1.);
#1796 = DIRECTION('',(-1.,0.,0.));
#1797 = ORIENTED_EDGE('',*,*,#1798,.F.);
#1798 = EDGE_CURVE('',#1759,#1791,#1799,.T.);
#1799 = LINE('',#1800,#1801);
#1800 = CARTESIAN_POINT('',(-5.8,0.25,0.5));
#1801 = VECTOR('',#1802,1.);
#1802 = DIRECTION('',(-0.,-0.,-1.));
#1803 = ORIENTED_EDGE('',*,*,#1758,.F.);
#1804 = ORIENTED_EDGE('',*,*,#1805,.T.);
#1805 = EDGE_CURVE('',#1751,#1789,#1806,.T.);
#1806 = LINE('',#1807,#1808);
#1807 = CARTESIAN_POINT('',(-5.1,0.25,0.5));
#1808 = VECTOR('',#1809,1.);
#1809 = DIRECTION('',(-0.,-0.,-1.));
#1810 = PLANE('',#1811);
#1811 = AXIS2_PLACEMENT_3D('',#1812,#1813,#1814);
#1812 = CARTESIAN_POINT('',(-5.1,0.25,0.5));
#1813 = DIRECTION('',(0.,-1.,0.));
#1814 = DIRECTION('',(0.,-0.,-1.));
#1815 = ADVANCED_FACE('',(#1816),#1834,.F.);
#1816 = FACE_BOUND('',#1817,.T.);
#1817 = EDGE_LOOP('',(#1818,#1826,#1832,#1833));
#1818 = ORIENTED_EDGE('',*,*,#1819,.T.);
#1819 = EDGE_CURVE('',#1791,#1820,#1822,.T.);
#1820 = VERTEX_POINT('',#1821);
#1821 = CARTESIAN_POINT('',(-5.8,5.25,0.));
#1822 = LINE('',#1823,#1824);
#1823 = CARTESIAN_POINT('',(-5.8,5.25,0.));
#1824 = VECTOR('',#1825,1.);
#1825 = DIRECTION('',(4.336808689942E-17,1.,-0.));
#1826 = ORIENTED_EDGE('',*,*,#1827,.F.);
#1827 = EDGE_CURVE('',#1767,#1820,#1828,.T.);
#1828 = LINE('',#1829,#1830);
#1829 = CARTESIAN_POINT('',(-5.8,5.25,0.5));
#1830 = VECTOR('',#1831,1.);
#1831 = DIRECTION('',(-0.,-0.,-1.));
#1832 = ORIENTED_EDGE('',*,*,#1766,.F.);
#1833 = ORIENTED_EDGE('',*,*,#1798,.T.);
#1834 = PLANE('',#1835);
#1835 = AXIS2_PLACEMENT_3D('',#1836,#1837,#1838);
#1836 = CARTESIAN_POINT('',(-5.8,5.25,0.5));
#1837 = DIRECTION('',(-1.,4.336808689942E-17,0.));
#1838 = DIRECTION('',(-4.336808689942E-17,-1.,0.));
#1839 = ADVANCED_FACE('',(#1840),#1858,.F.);
#1840 = FACE_BOUND('',#1841,.T.);
#1841 = EDGE_LOOP('',(#1842,#1850,#1856,#1857));
#1842 = ORIENTED_EDGE('',*,*,#1843,.T.);
#1843 = EDGE_CURVE('',#1820,#1844,#1846,.T.);
#1844 = VERTEX_POINT('',#1845);
#1845 = CARTESIAN_POINT('',(-5.1,5.25,0.));
#1846 = LINE('',#1847,#1848);
#1847 = CARTESIAN_POINT('',(-5.1,5.25,0.));
#1848 = VECTOR('',#1849,1.);
#1849 = DIRECTION('',(1.,-0.,-0.));
#1850 = ORIENTED_EDGE('',*,*,#1851,.F.);
#1851 = EDGE_CURVE('',#1749,#1844,#1852,.T.);
#1852 = LINE('',#1853,#1854);
#1853 = CARTESIAN_POINT('',(-5.1,5.25,0.5));
#1854 = VECTOR('',#1855,1.);
#1855 = DIRECTION('',(-0.,-0.,-1.));
#1856 = ORIENTED_EDGE('',*,*,#1774,.F.);
#1857 = ORIENTED_EDGE('',*,*,#1827,.T.);
#1858 = PLANE('',#1859);
#1859 = AXIS2_PLACEMENT_3D('',#1860,#1861,#1862);
#1860 = CARTESIAN_POINT('',(-5.1,5.25,0.5));
#1861 = DIRECTION('',(0.,1.,-0.));
#1862 = DIRECTION('',(0.,0.,1.));
#1863 = ADVANCED_FACE('',(#1864),#1875,.F.);
#1864 = FACE_BOUND('',#1865,.T.);
#1865 = EDGE_LOOP('',(#1866,#1872,#1873,#1874));
#1866 = ORIENTED_EDGE('',*,*,#1867,.T.);
#1867 = EDGE_CURVE('',#1844,#1789,#1868,.T.);
#1868 = LINE('',#1869,#1870);
#1869 = CARTESIAN_POINT('',(-5.1,5.25,0.));
#1870 = VECTOR('',#1871,1.);
#1871 = DIRECTION('',(-1.734723475977E-16,-1.,0.));
#1872 = ORIENTED_EDGE('',*,*,#1805,.F.);
#1873 = ORIENTED_EDGE('',*,*,#1748,.F.);
#1874 = ORIENTED_EDGE('',*,*,#1851,.T.);
#1875 = PLANE('',#1876);
#1876 = AXIS2_PLACEMENT_3D('',#1877,#1878,#1879);
#1877 = CARTESIAN_POINT('',(-5.1,5.25,0.5));
#1878 = DIRECTION('',(1.,-1.734723475977E-16,0.));
#1879 = DIRECTION('',(1.734723475977E-16,1.,0.));
#1880 = ADVANCED_FACE('',(#1881),#1915,.T.);
#1881 = FACE_BOUND('',#1882,.T.);
#1882 = EDGE_LOOP('',(#1883,#1893,#1901,#1909));
#1883 = ORIENTED_EDGE('',*,*,#1884,.T.);
#1884 = EDGE_CURVE('',#1885,#1887,#1889,.T.);
#1885 = VERTEX_POINT('',#1886);
#1886 = CARTESIAN_POINT('',(-4.,5.25,0.5));
#1887 = VERTEX_POINT('',#1888);
#1888 = CARTESIAN_POINT('',(-4.,0.25,0.5));
#1889 = LINE('',#1890,#1891);
#1890 = CARTESIAN_POINT('',(-4.,5.25,0.5));
#1891 = VECTOR('',#1892,1.);
#1892 = DIRECTION('',(-1.734723475977E-16,-1.,0.));
#1893 = ORIENTED_EDGE('',*,*,#1894,.T.);
#1894 = EDGE_CURVE('',#1887,#1895,#1897,.T.);
#1895 = VERTEX_POINT('',#1896);
#1896 = CARTESIAN_POINT('',(-4.7,0.25,0.5));
#1897 = LINE('',#1898,#1899);
#1898 = CARTESIAN_POINT('',(-4.,0.25,0.5));
#1899 = VECTOR('',#1900,1.);
#1900 = DIRECTION('',(-1.,0.,0.));
#1901 = ORIENTED_EDGE('',*,*,#1902,.T.);
#1902 = EDGE_CURVE('',#1895,#1903,#1905,.T.);
#1903 = VERTEX_POINT('',#1904);
#1904 = CARTESIAN_POINT('',(-4.7,5.25,0.5));
#1905 = LINE('',#1906,#1907);
#1906 = CARTESIAN_POINT('',(-4.7,5.25,0.5));
#1907 = VECTOR('',#1908,1.);
#1908 = DIRECTION('',(4.336808689942E-17,1.,-0.));
#1909 = ORIENTED_EDGE('',*,*,#1910,.T.);
#1910 = EDGE_CURVE('',#1903,#1885,#1911,.T.);
#1911 = LINE('',#1912,#1913);
#1912 = CARTESIAN_POINT('',(-4.,5.25,0.5));
#1913 = VECTOR('',#1914,1.);
#1914 = DIRECTION('',(1.,-0.,-0.));
#1915 = PLANE('',#1916);
#1916 = AXIS2_PLACEMENT_3D('',#1917,#1918,#1919);
#1917 = CARTESIAN_POINT('',(-6.6,0.,0.5));
#1918 = DIRECTION('',(0.,0.,-1.));
#1919 = DIRECTION('',(-1.,0.,0.));
#1920 = ADVANCED_FACE('',(#1921),#1946,.F.);
#1921 = FACE_BOUND('',#1922,.T.);
#1922 = EDGE_LOOP('',(#1923,#1933,#1939,#1940));
#1923 = ORIENTED_EDGE('',*,*,#1924,.T.);
#1924 = EDGE_CURVE('',#1925,#1927,#1929,.T.);
#1925 = VERTEX_POINT('',#1926);
#1926 = CARTESIAN_POINT('',(-4.,0.25,0.));
#1927 = VERTEX_POINT('',#1928);
#1928 = CARTESIAN_POINT('',(-4.7,0.25,0.));
#1929 = LINE('',#1930,#1931);
#1930 = CARTESIAN_POINT('',(-4.,0.25,0.));
#1931 = VECTOR('',#1932,1.);
#1932 = DIRECTION('',(-1.,0.,0.));
#1933 = ORIENTED_EDGE('',*,*,#1934,.F.);
#1934 = EDGE_CURVE('',#1895,#1927,#1935,.T.);
#1935 = LINE('',#1936,#1937);
#1936 = CARTESIAN_POINT('',(-4.7,0.25,0.5));
#1937 = VECTOR('',#1938,1.);
#1938 = DIRECTION('',(-0.,-0.,-1.));
#1939 = ORIENTED_EDGE('',*,*,#1894,.F.);
#1940 = ORIENTED_EDGE('',*,*,#1941,.T.);
#1941 = EDGE_CURVE('',#1887,#1925,#1942,.T.);
#1942 = LINE('',#1943,#1944);
#1943 = CARTESIAN_POINT('',(-4.,0.25,0.5));
#1944 = VECTOR('',#1945,1.);
#1945 = DIRECTION('',(-0.,-0.,-1.));
#1946 = PLANE('',#1947);
#1947 = AXIS2_PLACEMENT_3D('',#1948,#1949,#1950);
#1948 = CARTESIAN_POINT('',(-4.,0.25,0.5));
#1949 = DIRECTION('',(0.,-1.,0.));
#1950 = DIRECTION('',(0.,-0.,-1.));
#1951 = ADVANCED_FACE('',(#1952),#1970,.F.);
#1952 = FACE_BOUND('',#1953,.T.);
#1953 = EDGE_LOOP('',(#1954,#1962,#1968,#1969));
#1954 = ORIENTED_EDGE('',*,*,#1955,.T.);
#1955 = EDGE_CURVE('',#1927,#1956,#1958,.T.);
#1956 = VERTEX_POINT('',#1957);
#1957 = CARTESIAN_POINT('',(-4.7,5.25,0.));
#1958 = LINE('',#1959,#1960);
#1959 = CARTESIAN_POINT('',(-4.7,5.25,0.));
#1960 = VECTOR('',#1961,1.);
#1961 = DIRECTION('',(4.336808689942E-17,1.,-0.));
#1962 = ORIENTED_EDGE('',*,*,#1963,.F.);
#1963 = EDGE_CURVE('',#1903,#1956,#1964,.T.);
#1964 = LINE('',#1965,#1966);
#1965 = CARTESIAN_POINT('',(-4.7,5.25,0.5));
#1966 = VECTOR('',#1967,1.);
#1967 = DIRECTION('',(-0.,-0.,-1.));
#1968 = ORIENTED_EDGE('',*,*,#1902,.F.);
#1969 = ORIENTED_EDGE('',*,*,#1934,.T.);
#1970 = PLANE('',#1971);
#1971 = AXIS2_PLACEMENT_3D('',#1972,#1973,#1974);
#1972 = CARTESIAN_POINT('',(-4.7,5.25,0.5));
#1973 = DIRECTION('',(-1.,4.336808689942E-17,0.));
#1974 = DIRECTION('',(-4.336808689942E-17,-1.,0.));
#1975 = ADVANCED_FACE('',(#1976),#1994,.F.);
#1976 = FACE_BOUND('',#1977,.T.);
#1977 = EDGE_LOOP('',(#1978,#1986,#1992,#1993));
#1978 = ORIENTED_EDGE('',*,*,#1979,.T.);
#1979 = EDGE_CURVE('',#1956,#1980,#1982,.T.);
#1980 = VERTEX_POINT('',#1981);
#1981 = CARTESIAN_POINT('',(-4.,5.25,0.));
#1982 = LINE('',#1983,#1984);
#1983 = CARTESIAN_POINT('',(-4.,5.25,0.));
#1984 = VECTOR('',#1985,1.);
#1985 = DIRECTION('',(1.,-0.,-0.));
#1986 = ORIENTED_EDGE('',*,*,#1987,.F.);
#1987 = EDGE_CURVE('',#1885,#1980,#1988,.T.);
#1988 = LINE('',#1989,#1990);
#1989 = CARTESIAN_POINT('',(-4.,5.25,0.5));
#1990 = VECTOR('',#1991,1.);
#1991 = DIRECTION('',(-0.,-0.,-1.));
#1992 = ORIENTED_EDGE('',*,*,#1910,.F.);
#1993 = ORIENTED_EDGE('',*,*,#1963,.T.);
#1994 = PLANE('',#1995);
#1995 = AXIS2_PLACEMENT_3D('',#1996,#1997,#1998);
#1996 = CARTESIAN_POINT('',(-4.,5.25,0.5));
#1997 = DIRECTION('',(0.,1.,-0.));
#1998 = DIRECTION('',(0.,0.,1.));
#1999 = ADVANCED_FACE('',(#2000),#2011,.F.);
#2000 = FACE_BOUND('',#2001,.T.);
#2001 = EDGE_LOOP('',(#2002,#2008,#2009,#2010));
#2002 = ORIENTED_EDGE('',*,*,#2003,.T.);
#2003 = EDGE_CURVE('',#1980,#1925,#2004,.T.);
#2004 = LINE('',#2005,#2006);
#2005 = CARTESIAN_POINT('',(-4.,5.25,0.));
#2006 = VECTOR('',#2007,1.);
#2007 = DIRECTION('',(-1.734723475977E-16,-1.,0.));
#2008 = ORIENTED_EDGE('',*,*,#1941,.F.);
#2009 = ORIENTED_EDGE('',*,*,#1884,.F.);
#2010 = ORIENTED_EDGE('',*,*,#1987,.T.);
#2011 = PLANE('',#2012);
#2012 = AXIS2_PLACEMENT_3D('',#2013,#2014,#2015);
#2013 = CARTESIAN_POINT('',(-4.,5.25,0.5));
#2014 = DIRECTION('',(1.,-1.734723475977E-16,0.));
#2015 = DIRECTION('',(1.734723475977E-16,1.,0.));
#2016 = ADVANCED_FACE('',(#2017),#2051,.T.);
#2017 = FACE_BOUND('',#2018,.T.);
#2018 = EDGE_LOOP('',(#2019,#2029,#2037,#2045));
#2019 = ORIENTED_EDGE('',*,*,#2020,.T.);
#2020 = EDGE_CURVE('',#2021,#2023,#2025,.T.);
#2021 = VERTEX_POINT('',#2022);
#2022 = CARTESIAN_POINT('',(-2.9,5.25,0.5));
#2023 = VERTEX_POINT('',#2024);
#2024 = CARTESIAN_POINT('',(-2.9,0.25,0.5));
#2025 = LINE('',#2026,#2027);
#2026 = CARTESIAN_POINT('',(-2.9,5.25,0.5));
#2027 = VECTOR('',#2028,1.);
#2028 = DIRECTION('',(-1.734723475977E-16,-1.,0.));
#2029 = ORIENTED_EDGE('',*,*,#2030,.T.);
#2030 = EDGE_CURVE('',#2023,#2031,#2033,.T.);
#2031 = VERTEX_POINT('',#2032);
#2032 = CARTESIAN_POINT('',(-3.6,0.25,0.5));
#2033 = LINE('',#2034,#2035);
#2034 = CARTESIAN_POINT('',(-2.9,0.25,0.5));
#2035 = VECTOR('',#2036,1.);
#2036 = DIRECTION('',(-1.,0.,0.));
#2037 = ORIENTED_EDGE('',*,*,#2038,.T.);
#2038 = EDGE_CURVE('',#2031,#2039,#2041,.T.);
#2039 = VERTEX_POINT('',#2040);
#2040 = CARTESIAN_POINT('',(-3.6,5.25,0.5));
#2041 = LINE('',#2042,#2043);
#2042 = CARTESIAN_POINT('',(-3.6,5.25,0.5));
#2043 = VECTOR('',#2044,1.);
#2044 = DIRECTION('',(4.336808689942E-17,1.,-0.));
#2045 = ORIENTED_EDGE('',*,*,#2046,.T.);
#2046 = EDGE_CURVE('',#2039,#2021,#2047,.T.);
#2047 = LINE('',#2048,#2049);
#2048 = CARTESIAN_POINT('',(-2.9,5.25,0.5));
#2049 = VECTOR('',#2050,1.);
#2050 = DIRECTION('',(1.,-0.,-0.));
#2051 = PLANE('',#2052);
#2052 = AXIS2_PLACEMENT_3D('',#2053,#2054,#2055);
#2053 = CARTESIAN_POINT('',(-5.5,0.,0.5));
#2054 = DIRECTION('',(0.,0.,-1.));
#2055 = DIRECTION('',(-1.,0.,0.));
#2056 = ADVANCED_FACE('',(#2057),#2082,.F.);
#2057 = FACE_BOUND('',#2058,.T.);
#2058 = EDGE_LOOP('',(#2059,#2069,#2075,#2076));
#2059 = ORIENTED_EDGE('',*,*,#2060,.T.);
#2060 = EDGE_CURVE('',#2061,#2063,#2065,.T.);
#2061 = VERTEX_POINT('',#2062);
#2062 = CARTESIAN_POINT('',(-2.9,0.25,0.));
#2063 = VERTEX_POINT('',#2064);
#2064 = CARTESIAN_POINT('',(-3.6,0.25,0.));
#2065 = LINE('',#2066,#2067);
#2066 = CARTESIAN_POINT('',(-2.9,0.25,0.));
#2067 = VECTOR('',#2068,1.);
#2068 = DIRECTION('',(-1.,0.,0.));
#2069 = ORIENTED_EDGE('',*,*,#2070,.F.);
#2070 = EDGE_CURVE('',#2031,#2063,#2071,.T.);
#2071 = LINE('',#2072,#2073);
#2072 = CARTESIAN_POINT('',(-3.6,0.25,0.5));
#2073 = VECTOR('',#2074,1.);
#2074 = DIRECTION('',(-0.,-0.,-1.));
#2075 = ORIENTED_EDGE('',*,*,#2030,.F.);
#2076 = ORIENTED_EDGE('',*,*,#2077,.T.);
#2077 = EDGE_CURVE('',#2023,#2061,#2078,.T.);
#2078 = LINE('',#2079,#2080);
#2079 = CARTESIAN_POINT('',(-2.9,0.25,0.5));
#2080 = VECTOR('',#2081,1.);
#2081 = DIRECTION('',(-0.,-0.,-1.));
#2082 = PLANE('',#2083);
#2083 = AXIS2_PLACEMENT_3D('',#2084,#2085,#2086);
#2084 = CARTESIAN_POINT('',(-2.9,0.25,0.5));
#2085 = DIRECTION('',(0.,-1.,0.));
#2086 = DIRECTION('',(0.,-0.,-1.));
#2087 = ADVANCED_FACE('',(#2088),#2106,.F.);
#2088 = FACE_BOUND('',#2089,.T.);
#2089 = EDGE_LOOP('',(#2090,#2098,#2104,#2105));
#2090 = ORIENTED_EDGE('',*,*,#2091,.T.);
#2091 = EDGE_CURVE('',#2063,#2092,#2094,.T.);
#2092 = VERTEX_POINT('',#2093);
#2093 = CARTESIAN_POINT('',(-3.6,5.25,0.));
#2094 = LINE('',#2095,#2096);
#2095 = CARTESIAN_POINT('',(-3.6,5.25,0.));
#2096 = VECTOR('',#2097,1.);
#2097 = DIRECTION('',(4.336808689942E-17,1.,-0.));
#2098 = ORIENTED_EDGE('',*,*,#2099,.F.);
#2099 = EDGE_CURVE('',#2039,#2092,#2100,.T.);
#2100 = LINE('',#2101,#2102);
#2101 = CARTESIAN_POINT('',(-3.6,5.25,0.5));
#2102 = VECTOR('',#2103,1.);
#2103 = DIRECTION('',(-0.,-0.,-1.));
#2104 = ORIENTED_EDGE('',*,*,#2038,.F.);
#2105 = ORIENTED_EDGE('',*,*,#2070,.T.);
#2106 = PLANE('',#2107);
#2107 = AXIS2_PLACEMENT_3D('',#2108,#2109,#2110);
#2108 = CARTESIAN_POINT('',(-3.6,5.25,0.5));
#2109 = DIRECTION('',(-1.,4.336808689942E-17,0.));
#2110 = DIRECTION('',(-4.336808689942E-17,-1.,0.));
#2111 = ADVANCED_FACE('',(#2112),#2130,.F.);
#2112 = FACE_BOUND('',#2113,.T.);
#2113 = EDGE_LOOP('',(#2114,#2122,#2128,#2129));
#2114 = ORIENTED_EDGE('',*,*,#2115,.T.);
#2115 = EDGE_CURVE('',#2092,#2116,#2118,.T.);
#2116 = VERTEX_POINT('',#2117);
#2117 = CARTESIAN_POINT('',(-2.9,5.25,0.));
#2118 = LINE('',#2119,#2120);
#2119 = CARTESIAN_POINT('',(-2.9,5.25,0.));
#2120 = VECTOR('',#2121,1.);
#2121 = DIRECTION('',(1.,-0.,-0.));
#2122 = ORIENTED_EDGE('',*,*,#2123,.F.);
#2123 = EDGE_CURVE('',#2021,#2116,#2124,.T.);
#2124 = LINE('',#2125,#2126);
#2125 = CARTESIAN_POINT('',(-2.9,5.25,0.5));
#2126 = VECTOR('',#2127,1.);
#2127 = DIRECTION('',(-0.,-0.,-1.));
#2128 = ORIENTED_EDGE('',*,*,#2046,.F.);
#2129 = ORIENTED_EDGE('',*,*,#2099,.T.);
#2130 = PLANE('',#2131);
#2131 = AXIS2_PLACEMENT_3D('',#2132,#2133,#2134);
#2132 = CARTESIAN_POINT('',(-2.9,5.25,0.5));
#2133 = DIRECTION('',(0.,1.,-0.));
#2134 = DIRECTION('',(0.,0.,1.));
#2135 = ADVANCED_FACE('',(#2136),#2147,.F.);
#2136 = FACE_BOUND('',#2137,.T.);
#2137 = EDGE_LOOP('',(#2138,#2144,#2145,#2146));
#2138 = ORIENTED_EDGE('',*,*,#2139,.T.);
#2139 = EDGE_CURVE('',#2116,#2061,#2140,.T.);
#2140 = LINE('',#2141,#2142);
#2141 = CARTESIAN_POINT('',(-2.9,5.25,0.));
#2142 = VECTOR('',#2143,1.);
#2143 = DIRECTION('',(-1.734723475977E-16,-1.,0.));
#2144 = ORIENTED_EDGE('',*,*,#2077,.F.);
#2145 = ORIENTED_EDGE('',*,*,#2020,.F.);
#2146 = ORIENTED_EDGE('',*,*,#2123,.T.);
#2147 = PLANE('',#2148);
#2148 = AXIS2_PLACEMENT_3D('',#2149,#2150,#2151);
#2149 = CARTESIAN_POINT('',(-2.9,5.25,0.5));
#2150 = DIRECTION('',(1.,-1.734723475977E-16,0.));
#2151 = DIRECTION('',(1.734723475977E-16,1.,0.));
#2152 = ADVANCED_FACE('',(#2153),#2187,.T.);
#2153 = FACE_BOUND('',#2154,.T.);
#2154 = EDGE_LOOP('',(#2155,#2165,#2173,#2181));
#2155 = ORIENTED_EDGE('',*,*,#2156,.T.);
#2156 = EDGE_CURVE('',#2157,#2159,#2161,.T.);
#2157 = VERTEX_POINT('',#2158);
#2158 = CARTESIAN_POINT('',(-1.8,5.25,0.5));
#2159 = VERTEX_POINT('',#2160);
#2160 = CARTESIAN_POINT('',(-1.8,0.25,0.5));
#2161 = LINE('',#2162,#2163);
#2162 = CARTESIAN_POINT('',(-1.8,5.25,0.5));
#2163 = VECTOR('',#2164,1.);
#2164 = DIRECTION('',(-1.734723475977E-16,-1.,0.));
#2165 = ORIENTED_EDGE('',*,*,#2166,.T.);
#2166 = EDGE_CURVE('',#2159,#2167,#2169,.T.);
#2167 = VERTEX_POINT('',#2168);
#2168 = CARTESIAN_POINT('',(-2.5,0.25,0.5));
#2169 = LINE('',#2170,#2171);
#2170 = CARTESIAN_POINT('',(-1.8,0.25,0.5));
#2171 = VECTOR('',#2172,1.);
#2172 = DIRECTION('',(-1.,0.,0.));
#2173 = ORIENTED_EDGE('',*,*,#2174,.T.);
#2174 = EDGE_CURVE('',#2167,#2175,#2177,.T.);
#2175 = VERTEX_POINT('',#2176);
#2176 = CARTESIAN_POINT('',(-2.5,5.25,0.5));
#2177 = LINE('',#2178,#2179);
#2178 = CARTESIAN_POINT('',(-2.5,5.25,0.5));
#2179 = VECTOR('',#2180,1.);
#2180 = DIRECTION('',(4.336808689942E-17,1.,-0.));
#2181 = ORIENTED_EDGE('',*,*,#2182,.T.);
#2182 = EDGE_CURVE('',#2175,#2157,#2183,.T.);
#2183 = LINE('',#2184,#2185);
#2184 = CARTESIAN_POINT('',(-1.8,5.25,0.5));
#2185 = VECTOR('',#2186,1.);
#2186 = DIRECTION('',(1.,-0.,-0.));
#2187 = PLANE('',#2188);
#2188 = AXIS2_PLACEMENT_3D('',#2189,#2190,#2191);
#2189 = CARTESIAN_POINT('',(-4.4,0.,0.5));
#2190 = DIRECTION('',(0.,0.,-1.));
#2191 = DIRECTION('',(-1.,0.,0.));
#2192 = ADVANCED_FACE('',(#2193),#2218,.F.);
#2193 = FACE_BOUND('',#2194,.T.);
#2194 = EDGE_LOOP('',(#2195,#2205,#2211,#2212));
#2195 = ORIENTED_EDGE('',*,*,#2196,.T.);
#2196 = EDGE_CURVE('',#2197,#2199,#2201,.T.);
#2197 = VERTEX_POINT('',#2198);
#2198 = CARTESIAN_POINT('',(-1.8,0.25,0.));
#2199 = VERTEX_POINT('',#2200);
#2200 = CARTESIAN_POINT('',(-2.5,0.25,0.));
#2201 = LINE('',#2202,#2203);
#2202 = CARTESIAN_POINT('',(-1.8,0.25,0.));
#2203 = VECTOR('',#2204,1.);
#2204 = DIRECTION('',(-1.,0.,0.));
#2205 = ORIENTED_EDGE('',*,*,#2206,.F.);
#2206 = EDGE_CURVE('',#2167,#2199,#2207,.T.);
#2207 = LINE('',#2208,#2209);
#2208 = CARTESIAN_POINT('',(-2.5,0.25,0.5));
#2209 = VECTOR('',#2210,1.);
#2210 = DIRECTION('',(-0.,-0.,-1.));
#2211 = ORIENTED_EDGE('',*,*,#2166,.F.);
#2212 = ORIENTED_EDGE('',*,*,#2213,.T.);
#2213 = EDGE_CURVE('',#2159,#2197,#2214,.T.);
#2214 = LINE('',#2215,#2216);
#2215 = CARTESIAN_POINT('',(-1.8,0.25,0.5));
#2216 = VECTOR('',#2217,1.);
#2217 = DIRECTION('',(-0.,-0.,-1.));
#2218 = PLANE('',#2219);
#2219 = AXIS2_PLACEMENT_3D('',#2220,#2221,#2222);
#2220 = CARTESIAN_POINT('',(-1.8,0.25,0.5));
#2221 = DIRECTION('',(0.,-1.,0.));
#2222 = DIRECTION('',(0.,-0.,-1.));
#2223 = ADVANCED_FACE('',(#2224),#2242,.F.);
#2224 = FACE_BOUND('',#2225,.T.);
#2225 = EDGE_LOOP('',(#2226,#2234,#2240,#2241));
#2226 = ORIENTED_EDGE('',*,*,#2227,.T.);
#2227 = EDGE_CURVE('',#2199,#2228,#2230,.T.);
#2228 = VERTEX_POINT('',#2229);
#2229 = CARTESIAN_POINT('',(-2.5,5.25,0.));
#2230 = LINE('',#2231,#2232);
#2231 = CARTESIAN_POINT('',(-2.5,5.25,0.));
#2232 = VECTOR('',#2233,1.);
#2233 = DIRECTION('',(4.336808689942E-17,1.,-0.));
#2234 = ORIENTED_EDGE('',*,*,#2235,.F.);
#2235 = EDGE_CURVE('',#2175,#2228,#2236,.T.);
#2236 = LINE('',#2237,#2238);
#2237 = CARTESIAN_POINT('',(-2.5,5.25,0.5));
#2238 = VECTOR('',#2239,1.);
#2239 = DIRECTION('',(-0.,-0.,-1.));
#2240 = ORIENTED_EDGE('',*,*,#2174,.F.);
#2241 = ORIENTED_EDGE('',*,*,#2206,.T.);
#2242 = PLANE('',#2243);
#2243 = AXIS2_PLACEMENT_3D('',#2244,#2245,#2246);
#2244 = CARTESIAN_POINT('',(-2.5,5.25,0.5));
#2245 = DIRECTION('',(-1.,4.336808689942E-17,0.));
#2246 = DIRECTION('',(-4.336808689942E-17,-1.,0.));
#2247 = ADVANCED_FACE('',(#2248),#2266,.F.);
#2248 = FACE_BOUND('',#2249,.T.);
#2249 = EDGE_LOOP('',(#2250,#2258,#2264,#2265));
#2250 = ORIENTED_EDGE('',*,*,#2251,.T.);
#2251 = EDGE_CURVE('',#2228,#2252,#2254,.T.);
#2252 = VERTEX_POINT('',#2253);
#2253 = CARTESIAN_POINT('',(-1.8,5.25,0.));
#2254 = LINE('',#2255,#2256);
#2255 = CARTESIAN_POINT('',(-1.8,5.25,0.));
#2256 = VECTOR('',#2257,1.);
#2257 = DIRECTION('',(1.,-0.,-0.));
#2258 = ORIENTED_EDGE('',*,*,#2259,.F.);
#2259 = EDGE_CURVE('',#2157,#2252,#2260,.T.);
#2260 = LINE('',#2261,#2262);
#2261 = CARTESIAN_POINT('',(-1.8,5.25,0.5));
#2262 = VECTOR('',#2263,1.);
#2263 = DIRECTION('',(-0.,-0.,-1.));
#2264 = ORIENTED_EDGE('',*,*,#2182,.F.);
#2265 = ORIENTED_EDGE('',*,*,#2235,.T.);
#2266 = PLANE('',#2267);
#2267 = AXIS2_PLACEMENT_3D('',#2268,#2269,#2270);
#2268 = CARTESIAN_POINT('',(-1.8,5.25,0.5));
#2269 = DIRECTION('',(0.,1.,-0.));
#2270 = DIRECTION('',(0.,0.,1.));
#2271 = ADVANCED_FACE('',(#2272),#2283,.F.);
#2272 = FACE_BOUND('',#2273,.T.);
#2273 = EDGE_LOOP('',(#2274,#2280,#2281,#2282));
#2274 = ORIENTED_EDGE('',*,*,#2275,.T.);
#2275 = EDGE_CURVE('',#2252,#2197,#2276,.T.);
#2276 = LINE('',#2277,#2278);
#2277 = CARTESIAN_POINT('',(-1.8,5.25,0.));
#2278 = VECTOR('',#2279,1.);
#2279 = DIRECTION('',(-1.734723475977E-16,-1.,0.));
#2280 = ORIENTED_EDGE('',*,*,#2213,.F.);
#2281 = ORIENTED_EDGE('',*,*,#2156,.F.);
#2282 = ORIENTED_EDGE('',*,*,#2259,.T.);
#2283 = PLANE('',#2284);
#2284 = AXIS2_PLACEMENT_3D('',#2285,#2286,#2287);
#2285 = CARTESIAN_POINT('',(-1.8,5.25,0.5));
#2286 = DIRECTION('',(1.,-1.734723475977E-16,0.));
#2287 = DIRECTION('',(1.734723475977E-16,1.,0.));
#2288 = ADVANCED_FACE('',(#2289),#2323,.T.);
#2289 = FACE_BOUND('',#2290,.T.);
#2290 = EDGE_LOOP('',(#2291,#2301,#2309,#2317));
#2291 = ORIENTED_EDGE('',*,*,#2292,.T.);
#2292 = EDGE_CURVE('',#2293,#2295,#2297,.T.);
#2293 = VERTEX_POINT('',#2294);
#2294 = CARTESIAN_POINT('',(-0.7,5.25,0.5));
#2295 = VERTEX_POINT('',#2296);
#2296 = CARTESIAN_POINT('',(-0.7,0.25,0.5));
#2297 = LINE('',#2298,#2299);
#2298 = CARTESIAN_POINT('',(-0.7,5.25,0.5));
#2299 = VECTOR('',#2300,1.);
#2300 = DIRECTION('',(-1.734723475977E-16,-1.,0.));
#2301 = ORIENTED_EDGE('',*,*,#2302,.T.);
#2302 = EDGE_CURVE('',#2295,#2303,#2305,.T.);
#2303 = VERTEX_POINT('',#2304);
#2304 = CARTESIAN_POINT('',(-1.4,0.25,0.5));
#2305 = LINE('',#2306,#2307);
#2306 = CARTESIAN_POINT('',(-0.7,0.25,0.5));
#2307 = VECTOR('',#2308,1.);
#2308 = DIRECTION('',(-1.,0.,0.));
#2309 = ORIENTED_EDGE('',*,*,#2310,.T.);
#2310 = EDGE_CURVE('',#2303,#2311,#2313,.T.);
#2311 = VERTEX_POINT('',#2312);
#2312 = CARTESIAN_POINT('',(-1.4,5.25,0.5));
#2313 = LINE('',#2314,#2315);
#2314 = CARTESIAN_POINT('',(-1.4,5.25,0.5));
#2315 = VECTOR('',#2316,1.);
#2316 = DIRECTION('',(4.336808689942E-17,1.,-0.));
#2317 = ORIENTED_EDGE('',*,*,#2318,.T.);
#2318 = EDGE_CURVE('',#2311,#2293,#2319,.T.);
#2319 = LINE('',#2320,#2321);
#2320 = CARTESIAN_POINT('',(-0.7,5.25,0.5));
#2321 = VECTOR('',#2322,1.);
#2322 = DIRECTION('',(1.,-0.,-0.));
#2323 = PLANE('',#2324);
#2324 = AXIS2_PLACEMENT_3D('',#2325,#2326,#2327);
#2325 = CARTESIAN_POINT('',(-3.3,0.,0.5));
#2326 = DIRECTION('',(0.,0.,-1.));
#2327 = DIRECTION('',(-1.,0.,0.));
#2328 = ADVANCED_FACE('',(#2329),#2354,.F.);
#2329 = FACE_BOUND('',#2330,.T.);
#2330 = EDGE_LOOP('',(#2331,#2341,#2347,#2348));
#2331 = ORIENTED_EDGE('',*,*,#2332,.T.);
#2332 = EDGE_CURVE('',#2333,#2335,#2337,.T.);
#2333 = VERTEX_POINT('',#2334);
#2334 = CARTESIAN_POINT('',(-0.7,0.25,0.));
#2335 = VERTEX_POINT('',#2336);
#2336 = CARTESIAN_POINT('',(-1.4,0.25,0.));
#2337 = LINE('',#2338,#2339);
#2338 = CARTESIAN_POINT('',(-0.7,0.25,0.));
#2339 = VECTOR('',#2340,1.);
#2340 = DIRECTION('',(-1.,0.,0.));
#2341 = ORIENTED_EDGE('',*,*,#2342,.F.);
#2342 = EDGE_CURVE('',#2303,#2335,#2343,.T.);
#2343 = LINE('',#2344,#2345);
#2344 = CARTESIAN_POINT('',(-1.4,0.25,0.5));
#2345 = VECTOR('',#2346,1.);
#2346 = DIRECTION('',(-0.,-0.,-1.));
#2347 = ORIENTED_EDGE('',*,*,#2302,.F.);
#2348 = ORIENTED_EDGE('',*,*,#2349,.T.);
#2349 = EDGE_CURVE('',#2295,#2333,#2350,.T.);
#2350 = LINE('',#2351,#2352);
#2351 = CARTESIAN_POINT('',(-0.7,0.25,0.5));
#2352 = VECTOR('',#2353,1.);
#2353 = DIRECTION('',(-0.,-0.,-1.));
#2354 = PLANE('',#2355);
#2355 = AXIS2_PLACEMENT_3D('',#2356,#2357,#2358);
#2356 = CARTESIAN_POINT('',(-0.7,0.25,0.5));
#2357 = DIRECTION('',(0.,-1.,0.));
#2358 = DIRECTION('',(0.,-0.,-1.));
#2359 = ADVANCED_FACE('',(#2360),#2378,.F.);
#2360 = FACE_BOUND('',#2361,.T.);
#2361 = EDGE_LOOP('',(#2362,#2370,#2376,#2377));
#2362 = ORIENTED_EDGE('',*,*,#2363,.T.);
#2363 = EDGE_CURVE('',#2335,#2364,#2366,.T.);
#2364 = VERTEX_POINT('',#2365);
#2365 = CARTESIAN_POINT('',(-1.4,5.25,0.));
#2366 = LINE('',#2367,#2368);
#2367 = CARTESIAN_POINT('',(-1.4,5.25,0.));
#2368 = VECTOR('',#2369,1.);
#2369 = DIRECTION('',(4.336808689942E-17,1.,-0.));
#2370 = ORIENTED_EDGE('',*,*,#2371,.F.);
#2371 = EDGE_CURVE('',#2311,#2364,#2372,.T.);
#2372 = LINE('',#2373,#2374);
#2373 = CARTESIAN_POINT('',(-1.4,5.25,0.5));
#2374 = VECTOR('',#2375,1.);
#2375 = DIRECTION('',(-0.,-0.,-1.));
#2376 = ORIENTED_EDGE('',*,*,#2310,.F.);
#2377 = ORIENTED_EDGE('',*,*,#2342,.T.);
#2378 = PLANE('',#2379);
#2379 = AXIS2_PLACEMENT_3D('',#2380,#2381,#2382);
#2380 = CARTESIAN_POINT('',(-1.4,5.25,0.5));
#2381 = DIRECTION('',(-1.,4.336808689942E-17,0.));
#2382 = DIRECTION('',(-4.336808689942E-17,-1.,0.));
#2383 = ADVANCED_FACE('',(#2384),#2402,.F.);
#2384 = FACE_BOUND('',#2385,.T.);
#2385 = EDGE_LOOP('',(#2386,#2394,#2400,#2401));
#2386 = ORIENTED_EDGE('',*,*,#2387,.T.);
#2387 = EDGE_CURVE('',#2364,#2388,#2390,.T.);
#2388 = VERTEX_POINT('',#2389);
#2389 = CARTESIAN_POINT('',(-0.7,5.25,0.));
#2390 = LINE('',#2391,#2392);
#2391 = CARTESIAN_POINT('',(-0.7,5.25,0.));
#2392 = VECTOR('',#2393,1.);
#2393 = DIRECTION('',(1.,-0.,-0.));
#2394 = ORIENTED_EDGE('',*,*,#2395,.F.);
#2395 = EDGE_CURVE('',#2293,#2388,#2396,.T.);
#2396 = LINE('',#2397,#2398);
#2397 = CARTESIAN_POINT('',(-0.7,5.25,0.5));
#2398 = VECTOR('',#2399,1.);
#2399 = DIRECTION('',(-0.,-0.,-1.));
#2400 = ORIENTED_EDGE('',*,*,#2318,.F.);
#2401 = ORIENTED_EDGE('',*,*,#2371,.T.);
#2402 = PLANE('',#2403);
#2403 = AXIS2_PLACEMENT_3D('',#2404,#2405,#2406);
#2404 = CARTESIAN_POINT('',(-0.7,5.25,0.5));
#2405 = DIRECTION('',(0.,1.,-0.));
#2406 = DIRECTION('',(0.,0.,1.));
#2407 = ADVANCED_FACE('',(#2408),#2419,.F.);
#2408 = FACE_BOUND('',#2409,.T.);
#2409 = EDGE_LOOP('',(#2410,#2416,#2417,#2418));
#2410 = ORIENTED_EDGE('',*,*,#2411,.T.);
#2411 = EDGE_CURVE('',#2388,#2333,#2412,.T.);
#2412 = LINE('',#2413,#2414);
#2413 = CARTESIAN_POINT('',(-0.7,5.25,0.));
#2414 = VECTOR('',#2415,1.);
#2415 = DIRECTION('',(-1.734723475977E-16,-1.,0.));
#2416 = ORIENTED_EDGE('',*,*,#2349,.F.);
#2417 = ORIENTED_EDGE('',*,*,#2292,.F.);
#2418 = ORIENTED_EDGE('',*,*,#2395,.T.);
#2419 = PLANE('',#2420);
#2420 = AXIS2_PLACEMENT_3D('',#2421,#2422,#2423);
#2421 = CARTESIAN_POINT('',(-0.7,5.25,0.5));
#2422 = DIRECTION('',(1.,-1.734723475977E-16,0.));
#2423 = DIRECTION('',(1.734723475977E-16,1.,0.));
#2424 = ADVANCED_FACE('',(#2425),#2459,.T.);
#2425 = FACE_BOUND('',#2426,.T.);
#2426 = EDGE_LOOP('',(#2427,#2437,#2445,#2453));
#2427 = ORIENTED_EDGE('',*,*,#2428,.T.);
#2428 = EDGE_CURVE('',#2429,#2431,#2433,.T.);
#2429 = VERTEX_POINT('',#2430);
#2430 = CARTESIAN_POINT('',(0.4,5.25,0.5));
#2431 = VERTEX_POINT('',#2432);
#2432 = CARTESIAN_POINT('',(0.4,0.25,0.5));
#2433 = LINE('',#2434,#2435);
#2434 = CARTESIAN_POINT('',(0.4,5.25,0.5));
#2435 = VECTOR('',#2436,1.);
#2436 = DIRECTION('',(-1.734723475977E-16,-1.,0.));
#2437 = ORIENTED_EDGE('',*,*,#2438,.T.);
#2438 = EDGE_CURVE('',#2431,#2439,#2441,.T.);
#2439 = VERTEX_POINT('',#2440);
#2440 = CARTESIAN_POINT('',(-0.3,0.25,0.5));
#2441 = LINE('',#2442,#2443);
#2442 = CARTESIAN_POINT('',(0.4,0.25,0.5));
#2443 = VECTOR('',#2444,1.);
#2444 = DIRECTION('',(-1.,0.,0.));
#2445 = ORIENTED_EDGE('',*,*,#2446,.T.);
#2446 = EDGE_CURVE('',#2439,#2447,#2449,.T.);
#2447 = VERTEX_POINT('',#2448);
#2448 = CARTESIAN_POINT('',(-0.3,5.25,0.5));
#2449 = LINE('',#2450,#2451);
#2450 = CARTESIAN_POINT('',(-0.3,5.25,0.5));
#2451 = VECTOR('',#2452,1.);
#2452 = DIRECTION('',(4.336808689942E-17,1.,-0.));
#2453 = ORIENTED_EDGE('',*,*,#2454,.T.);
#2454 = EDGE_CURVE('',#2447,#2429,#2455,.T.);
#2455 = LINE('',#2456,#2457);
#2456 = CARTESIAN_POINT('',(0.4,5.25,0.5));
#2457 = VECTOR('',#2458,1.);
#2458 = DIRECTION('',(1.,-0.,-0.));
#2459 = PLANE('',#2460);
#2460 = AXIS2_PLACEMENT_3D('',#2461,#2462,#2463);
#2461 = CARTESIAN_POINT('',(-2.2,0.,0.5));
#2462 = DIRECTION('',(0.,0.,-1.));
#2463 = DIRECTION('',(-1.,0.,0.));
#2464 = ADVANCED_FACE('',(#2465),#2490,.F.);
#2465 = FACE_BOUND('',#2466,.T.);
#2466 = EDGE_LOOP('',(#2467,#2477,#2483,#2484));
#2467 = ORIENTED_EDGE('',*,*,#2468,.T.);
#2468 = EDGE_CURVE('',#2469,#2471,#2473,.T.);
#2469 = VERTEX_POINT('',#2470);
#2470 = CARTESIAN_POINT('',(0.4,0.25,0.));
#2471 = VERTEX_POINT('',#2472);
#2472 = CARTESIAN_POINT('',(-0.3,0.25,0.));
#2473 = LINE('',#2474,#2475);
#2474 = CARTESIAN_POINT('',(0.4,0.25,0.));
#2475 = VECTOR('',#2476,1.);
#2476 = DIRECTION('',(-1.,0.,0.));
#2477 = ORIENTED_EDGE('',*,*,#2478,.F.);
#2478 = EDGE_CURVE('',#2439,#2471,#2479,.T.);
#2479 = LINE('',#2480,#2481);
#2480 = CARTESIAN_POINT('',(-0.3,0.25,0.5));
#2481 = VECTOR('',#2482,1.);
#2482 = DIRECTION('',(-0.,-0.,-1.));
#2483 = ORIENTED_EDGE('',*,*,#2438,.F.);
#2484 = ORIENTED_EDGE('',*,*,#2485,.T.);
#2485 = EDGE_CURVE('',#2431,#2469,#2486,.T.);
#2486 = LINE('',#2487,#2488);
#2487 = CARTESIAN_POINT('',(0.4,0.25,0.5));
#2488 = VECTOR('',#2489,1.);
#2489 = DIRECTION('',(-0.,-0.,-1.));
#2490 = PLANE('',#2491);
#2491 = AXIS2_PLACEMENT_3D('',#2492,#2493,#2494);
#2492 = CARTESIAN_POINT('',(0.4,0.25,0.5));
#2493 = DIRECTION('',(0.,-1.,0.));
#2494 = DIRECTION('',(0.,-0.,-1.));
#2495 = ADVANCED_FACE('',(#2496),#2514,.F.);
#2496 = FACE_BOUND('',#2497,.T.);
#2497 = EDGE_LOOP('',(#2498,#2506,#2512,#2513));
#2498 = ORIENTED_EDGE('',*,*,#2499,.T.);
#2499 = EDGE_CURVE('',#2471,#2500,#2502,.T.);
#2500 = VERTEX_POINT('',#2501);
#2501 = CARTESIAN_POINT('',(-0.3,5.25,0.));
#2502 = LINE('',#2503,#2504);
#2503 = CARTESIAN_POINT('',(-0.3,5.25,0.));
#2504 = VECTOR('',#2505,1.);
#2505 = DIRECTION('',(4.336808689942E-17,1.,-0.));
#2506 = ORIENTED_EDGE('',*,*,#2507,.F.);
#2507 = EDGE_CURVE('',#2447,#2500,#2508,.T.);
#2508 = LINE('',#2509,#2510);
#2509 = CARTESIAN_POINT('',(-0.3,5.25,0.5));
#2510 = VECTOR('',#2511,1.);
#2511 = DIRECTION('',(-0.,-0.,-1.));
#2512 = ORIENTED_EDGE('',*,*,#2446,.F.);
#2513 = ORIENTED_EDGE('',*,*,#2478,.T.);
#2514 = PLANE('',#2515);
#2515 = AXIS2_PLACEMENT_3D('',#2516,#2517,#2518);
#2516 = CARTESIAN_POINT('',(-0.3,5.25,0.5));
#2517 = DIRECTION('',(-1.,4.336808689942E-17,0.));
#2518 = DIRECTION('',(-4.336808689942E-17,-1.,0.));
#2519 = ADVANCED_FACE('',(#2520),#2538,.F.);
#2520 = FACE_BOUND('',#2521,.T.);
#2521 = EDGE_LOOP('',(#2522,#2530,#2536,#2537));
#2522 = ORIENTED_EDGE('',*,*,#2523,.T.);
#2523 = EDGE_CURVE('',#2500,#2524,#2526,.T.);
#2524 = VERTEX_POINT('',#2525);
#2525 = CARTESIAN_POINT('',(0.4,5.25,0.));
#2526 = LINE('',#2527,#2528);
#2527 = CARTESIAN_POINT('',(0.4,5.25,0.));
#2528 = VECTOR('',#2529,1.);
#2529 = DIRECTION('',(1.,-0.,-0.));
#2530 = ORIENTED_EDGE('',*,*,#2531,.F.);
#2531 = EDGE_CURVE('',#2429,#2524,#2532,.T.);
#2532 = LINE('',#2533,#2534);
#2533 = CARTESIAN_POINT('',(0.4,5.25,0.5));
#2534 = VECTOR('',#2535,1.);
#2535 = DIRECTION('',(-0.,-0.,-1.));
#2536 = ORIENTED_EDGE('',*,*,#2454,.F.);
#2537 = ORIENTED_EDGE('',*,*,#2507,.T.);
#2538 = PLANE('',#2539);
#2539 = AXIS2_PLACEMENT_3D('',#2540,#2541,#2542);
#2540 = CARTESIAN_POINT('',(0.4,5.25,0.5));
#2541 = DIRECTION('',(0.,1.,-0.));
#2542 = DIRECTION('',(0.,0.,1.));
#2543 = ADVANCED_FACE('',(#2544),#2555,.F.);
#2544 = FACE_BOUND('',#2545,.T.);
#2545 = EDGE_LOOP('',(#2546,#2552,#2553,#2554));
#2546 = ORIENTED_EDGE('',*,*,#2547,.T.);
#2547 = EDGE_CURVE('',#2524,#2469,#2548,.T.);
#2548 = LINE('',#2549,#2550);
#2549 = CARTESIAN_POINT('',(0.4,5.25,0.));
#2550 = VECTOR('',#2551,1.);
#2551 = DIRECTION('',(-1.734723475977E-16,-1.,0.));
#2552 = ORIENTED_EDGE('',*,*,#2485,.F.);
#2553 = ORIENTED_EDGE('',*,*,#2428,.F.);
#2554 = ORIENTED_EDGE('',*,*,#2531,.T.);
#2555 = PLANE('',#2556);
#2556 = AXIS2_PLACEMENT_3D('',#2557,#2558,#2559);
#2557 = CARTESIAN_POINT('',(0.4,5.25,0.5));
#2558 = DIRECTION('',(1.,-1.734723475977E-16,0.));
#2559 = DIRECTION('',(1.734723475977E-16,1.,0.));
#2560 = ADVANCED_FACE('',(#2561,#2595,#2629,#2695,#2705,#2715,#2782,
    #2856,#2954,#3132,#3182,#3188,#3194,#3200,#3206,#3212),#3218,.T.);
#2561 = FACE_BOUND('',#2562,.T.);
#2562 = EDGE_LOOP('',(#2563,#2573,#2581,#2589));
#2563 = ORIENTED_EDGE('',*,*,#2564,.F.);
#2564 = EDGE_CURVE('',#2565,#2567,#2569,.T.);
#2565 = VERTEX_POINT('',#2566);
#2566 = CARTESIAN_POINT('',(1.5,5.25,0.));
#2567 = VERTEX_POINT('',#2568);
#2568 = CARTESIAN_POINT('',(1.5,0.25,0.));
#2569 = LINE('',#2570,#2571);
#2570 = CARTESIAN_POINT('',(1.5,5.25,0.));
#2571 = VECTOR('',#2572,1.);
#2572 = DIRECTION('',(-1.734723475977E-16,-1.,0.));
#2573 = ORIENTED_EDGE('',*,*,#2574,.F.);
#2574 = EDGE_CURVE('',#2575,#2565,#2577,.T.);
#2575 = VERTEX_POINT('',#2576);
#2576 = CARTESIAN_POINT('',(0.8,5.25,0.));
#2577 = LINE('',#2578,#2579);
#2578 = CARTESIAN_POINT('',(1.5,5.25,0.));
#2579 = VECTOR('',#2580,1.);
#2580 = DIRECTION('',(1.,-0.,-0.));
#2581 = ORIENTED_EDGE('',*,*,#2582,.F.);
#2582 = EDGE_CURVE('',#2583,#2575,#2585,.T.);
#2583 = VERTEX_POINT('',#2584);
#2584 = CARTESIAN_POINT('',(0.8,0.25,0.));
#2585 = LINE('',#2586,#2587);
#2586 = CARTESIAN_POINT('',(0.8,5.25,0.));
#2587 = VECTOR('',#2588,1.);
#2588 = DIRECTION('',(4.336808689942E-17,1.,-0.));
#2589 = ORIENTED_EDGE('',*,*,#2590,.F.);
#2590 = EDGE_CURVE('',#2567,#2583,#2591,.T.);
#2591 = LINE('',#2592,#2593);
#2592 = CARTESIAN_POINT('',(1.5,0.25,0.));
#2593 = VECTOR('',#2594,1.);
#2594 = DIRECTION('',(-1.,0.,0.));
#2595 = FACE_BOUND('',#2596,.T.);
#2596 = EDGE_LOOP('',(#2597,#2607,#2615,#2623));
#2597 = ORIENTED_EDGE('',*,*,#2598,.F.);
#2598 = EDGE_CURVE('',#2599,#2601,#2603,.T.);
#2599 = VERTEX_POINT('',#2600);
#2600 = CARTESIAN_POINT('',(2.6,5.25,0.));
#2601 = VERTEX_POINT('',#2602);
#2602 = CARTESIAN_POINT('',(2.6,0.25,0.));
#2603 = LINE('',#2604,#2605);
#2604 = CARTESIAN_POINT('',(2.6,5.25,0.));
#2605 = VECTOR('',#2606,1.);
#2606 = DIRECTION('',(-1.734723475977E-16,-1.,0.));
#2607 = ORIENTED_EDGE('',*,*,#2608,.F.);
#2608 = EDGE_CURVE('',#2609,#2599,#2611,.T.);
#2609 = VERTEX_POINT('',#2610);
#2610 = CARTESIAN_POINT('',(1.9,5.25,0.));
#2611 = LINE('',#2612,#2613);
#2612 = CARTESIAN_POINT('',(2.6,5.25,0.));
#2613 = VECTOR('',#2614,1.);
#2614 = DIRECTION('',(1.,-0.,-0.));
#2615 = ORIENTED_EDGE('',*,*,#2616,.F.);
#2616 = EDGE_CURVE('',#2617,#2609,#2619,.T.);
#2617 = VERTEX_POINT('',#2618);
#2618 = CARTESIAN_POINT('',(1.9,0.25,0.));
#2619 = LINE('',#2620,#2621);
#2620 = CARTESIAN_POINT('',(1.9,5.25,0.));
#2621 = VECTOR('',#2622,1.);
#2622 = DIRECTION('',(4.336808689942E-17,1.,-0.));
#2623 = ORIENTED_EDGE('',*,*,#2624,.F.);
#2624 = EDGE_CURVE('',#2601,#2617,#2625,.T.);
#2625 = LINE('',#2626,#2627);
#2626 = CARTESIAN_POINT('',(2.6,0.25,0.));
#2627 = VECTOR('',#2628,1.);
#2628 = DIRECTION('',(-1.,0.,0.));
#2629 = FACE_BOUND('',#2630,.T.);
#2630 = EDGE_LOOP('',(#2631,#2641,#2649,#2657,#2665,#2673,#2681,#2689));
#2631 = ORIENTED_EDGE('',*,*,#2632,.T.);
#2632 = EDGE_CURVE('',#2633,#2635,#2637,.T.);
#2633 = VERTEX_POINT('',#2634);
#2634 = CARTESIAN_POINT('',(-1.560975609756,-0.969872968019,0.));
#2635 = VERTEX_POINT('',#2636);
#2636 = CARTESIAN_POINT('',(-1.69512195122,-0.969872968019,0.));
#2637 = LINE('',#2638,#2639);
#2638 = CARTESIAN_POINT('',(-1.560975609756,-0.969872968019,0.));
#2639 = VECTOR('',#2640,1.);
#2640 = DIRECTION('',(-1.,0.,0.));
#2641 = ORIENTED_EDGE('',*,*,#2642,.T.);
#2642 = EDGE_CURVE('',#2635,#2643,#2645,.T.);
#2643 = VERTEX_POINT('',#2644);
#2644 = CARTESIAN_POINT('',(-2.085365853659,-1.969872968019,0.));
#2645 = LINE('',#2646,#2647);
#2646 = CARTESIAN_POINT('',(-1.69512195122,-0.969872968019,0.));
#2647 = VECTOR('',#2648,1.);
#2648 = DIRECTION('',(-0.363542485653,-0.931577619485,0.));
#2649 = ORIENTED_EDGE('',*,*,#2650,.T.);
#2650 = EDGE_CURVE('',#2643,#2651,#2653,.T.);
#2651 = VERTEX_POINT('',#2652);
#2652 = CARTESIAN_POINT('',(-1.939024390244,-1.969872968019,0.));
#2653 = LINE('',#2654,#2655);
#2654 = CARTESIAN_POINT('',(-2.085365853659,-1.969872968019,0.));
#2655 = VECTOR('',#2656,1.);
#2656 = DIRECTION('',(1.,0.,0.));
#2657 = ORIENTED_EDGE('',*,*,#2658,.T.);
#2658 = EDGE_CURVE('',#2651,#2659,#2661,.T.);
#2659 = VERTEX_POINT('',#2660);
#2660 = CARTESIAN_POINT('',(-1.837842987805,-1.689385163141,0.));
#2661 = LINE('',#2662,#2663);
#2662 = CARTESIAN_POINT('',(-1.939024390244,-1.969872968019,0.));
#2663 = VECTOR('',#2664,1.);
#2664 = DIRECTION('',(0.339330377275,0.940667260544,0.));
#2665 = ORIENTED_EDGE('',*,*,#2666,.T.);
#2666 = EDGE_CURVE('',#2659,#2667,#2669,.T.);
#2667 = VERTEX_POINT('',#2668);
#2668 = CARTESIAN_POINT('',(-1.424733231707,-1.689385163141,0.));
#2669 = LINE('',#2670,#2671);
#2670 = CARTESIAN_POINT('',(-1.837842987805,-1.689385163141,0.));
#2671 = VECTOR('',#2672,1.);
#2672 = DIRECTION('',(1.,0.,0.));
#2673 = ORIENTED_EDGE('',*,*,#2674,.T.);
#2674 = EDGE_CURVE('',#2667,#2675,#2677,.T.);
#2675 = VERTEX_POINT('',#2676);
#2676 = CARTESIAN_POINT('',(-1.329268292683,-1.969872968019,0.));
#2677 = LINE('',#2678,#2679);
#2678 = CARTESIAN_POINT('',(-1.424733231707,-1.689385163141,0.));
#2679 = VECTOR('',#2680,1.);
#2680 = DIRECTION('',(0.322202485606,-0.946670776072,0.));
#2681 = ORIENTED_EDGE('',*,*,#2682,.T.);
#2682 = EDGE_CURVE('',#2675,#2683,#2685,.T.);
#2683 = VERTEX_POINT('',#2684);
#2684 = CARTESIAN_POINT('',(-1.182926829268,-1.969872968019,0.));
#2685 = LINE('',#2686,#2687);
#2686 = CARTESIAN_POINT('',(-1.329268292683,-1.969872968019,0.));
#2687 = VECTOR('',#2688,1.);
#2688 = DIRECTION('',(1.,0.,0.));
#2689 = ORIENTED_EDGE('',*,*,#2690,.T.);
#2690 = EDGE_CURVE('',#2683,#2633,#2691,.T.);
#2691 = LINE('',#2692,#2693);
#2692 = CARTESIAN_POINT('',(-1.182926829268,-1.969872968019,0.));
#2693 = VECTOR('',#2694,1.);
#2694 = DIRECTION('',(-0.353622392329,0.93538826358,0.));
#2695 = FACE_BOUND('',#2696,.T.);
#2696 = EDGE_LOOP('',(#2697,#2704));
#2697 = ORIENTED_EDGE('',*,*,#2698,.F.);
#2698 = EDGE_CURVE('',#1694,#1686,#2699,.T.);
#2699 = CIRCLE('',#2700,0.4);
#2700 = AXIS2_PLACEMENT_3D('',#2701,#2702,#2703);
#2701 = CARTESIAN_POINT('',(3.05,-3.25,-0.));
#2702 = DIRECTION('',(0.,0.,-1.));
#2703 = DIRECTION('',(-1.,0.,0.));
#2704 = ORIENTED_EDGE('',*,*,#1693,.F.);
#2705 = FACE_BOUND('',#2706,.T.);
#2706 = EDGE_LOOP('',(#2707,#2714));
#2707 = ORIENTED_EDGE('',*,*,#2708,.F.);
#2708 = EDGE_CURVE('',#1726,#1718,#2709,.T.);
#2709 = CIRCLE('',#2710,0.4);
#2710 = AXIS2_PLACEMENT_3D('',#2711,#2712,#2713);
#2711 = CARTESIAN_POINT('',(-4.95,-3.25,0.));
#2712 = DIRECTION('',(0.,0.,-1.));
#2713 = DIRECTION('',(-1.,0.,0.));
#2714 = ORIENTED_EDGE('',*,*,#1725,.F.);
#2715 = FACE_BOUND('',#2716,.T.);
#2716 = EDGE_LOOP('',(#2717,#2727,#2735,#2743,#2751,#2759,#2767,#2775));
#2717 = ORIENTED_EDGE('',*,*,#2718,.T.);
#2718 = EDGE_CURVE('',#2719,#2721,#2723,.T.);
#2719 = VERTEX_POINT('',#2720);
#2720 = CARTESIAN_POINT('',(0.,-6.55,0.));
#2721 = VERTEX_POINT('',#2722);
#2722 = CARTESIAN_POINT('',(-7.225,-6.55,0.));
#2723 = LINE('',#2724,#2725);
#2724 = CARTESIAN_POINT('',(-7.375,-6.55,0.));
#2725 = VECTOR('',#2726,1.);
#2726 = DIRECTION('',(-1.,-0.,-0.));
#2727 = ORIENTED_EDGE('',*,*,#2728,.F.);
#2728 = EDGE_CURVE('',#2729,#2721,#2731,.T.);
#2729 = VERTEX_POINT('',#2730);
#2730 = CARTESIAN_POINT('',(-7.225,7.25,0.));
#2731 = LINE('',#2732,#2733);
#2732 = CARTESIAN_POINT('',(-7.225,-7.25,0.));
#2733 = VECTOR('',#2734,1.);
#2734 = DIRECTION('',(-0.,-1.,-0.));
#2735 = ORIENTED_EDGE('',*,*,#2736,.F.);
#2736 = EDGE_CURVE('',#2737,#2729,#2739,.T.);
#2737 = VERTEX_POINT('',#2738);
#2738 = CARTESIAN_POINT('',(6.325,7.25,0.));
#2739 = LINE('',#2740,#2741);
#2740 = CARTESIAN_POINT('',(-7.225,7.25,0.));
#2741 = VECTOR('',#2742,1.);
#2742 = DIRECTION('',(-1.,-0.,-0.));
#2743 = ORIENTED_EDGE('',*,*,#2744,.T.);
#2744 = EDGE_CURVE('',#2737,#2745,#2747,.T.);
#2745 = VERTEX_POINT('',#2746);
#2746 = CARTESIAN_POINT('',(6.325,5.75,0.));
#2747 = LINE('',#2748,#2749);
#2748 = CARTESIAN_POINT('',(6.325,7.25,0.));
#2749 = VECTOR('',#2750,1.);
#2750 = DIRECTION('',(0.,-1.,0.));
#2751 = ORIENTED_EDGE('',*,*,#2752,.T.);
#2752 = EDGE_CURVE('',#2745,#2753,#2755,.T.);
#2753 = VERTEX_POINT('',#2754);
#2754 = CARTESIAN_POINT('',(7.225,5.75,0.));
#2755 = LINE('',#2756,#2757);
#2756 = CARTESIAN_POINT('',(6.325,5.75,0.));
#2757 = VECTOR('',#2758,1.);
#2758 = DIRECTION('',(1.,0.,0.));
#2759 = ORIENTED_EDGE('',*,*,#2760,.F.);
#2760 = EDGE_CURVE('',#2761,#2753,#2763,.T.);
#2761 = VERTEX_POINT('',#2762);
#2762 = CARTESIAN_POINT('',(7.225,-7.25,0.));
#2763 = LINE('',#2764,#2765);
#2764 = CARTESIAN_POINT('',(7.225,-7.25,0.));
#2765 = VECTOR('',#2766,1.);
#2766 = DIRECTION('',(0.,1.,0.));
#2767 = ORIENTED_EDGE('',*,*,#2768,.F.);
#2768 = EDGE_CURVE('',#2769,#2761,#2771,.T.);
#2769 = VERTEX_POINT('',#2770);
#2770 = CARTESIAN_POINT('',(4.375,-7.25,0.));
#2771 = LINE('',#2772,#2773);
#2772 = CARTESIAN_POINT('',(-7.225,-7.25,0.));
#2773 = VECTOR('',#2774,1.);
#2774 = DIRECTION('',(1.,0.,0.));
#2775 = ORIENTED_EDGE('',*,*,#2776,.T.);
#2776 = EDGE_CURVE('',#2769,#2719,#2777,.T.);
#2777 = CIRCLE('',#2778,14.021875);
#2778 = AXIS2_PLACEMENT_3D('',#2779,#2780,#2781);
#2779 = CARTESIAN_POINT('',(0.,-20.571875,0.));
#2780 = DIRECTION('',(0.,0.,1.));
#2781 = DIRECTION('',(-1.,0.,0.));
#2782 = FACE_BOUND('',#2783,.T.);
#2783 = EDGE_LOOP('',(#2784,#2810,#2818,#2826,#2834));
#2784 = ORIENTED_EDGE('',*,*,#2785,.T.);
#2785 = EDGE_CURVE('',#2786,#2788,#2790,.T.);
#2786 = VERTEX_POINT('',#2787);
#2787 = CARTESIAN_POINT('',(-1.109756097561,-1.457296748506,0.));
#2788 = VERTEX_POINT('',#2789);
#2789 = CARTESIAN_POINT('',(-0.576791158537,-1.969872968019,
    6.776263578034E-18));
#2790 = B_SPLINE_CURVE_WITH_KNOTS('',3,(#2791,#2792,#2793,#2794,#2795,
    #2796,#2797,#2798,#2799,#2800,#2801,#2802,#2803,#2804,#2805,#2806,
    #2807,#2808,#2809),.UNSPECIFIED.,.F.,.F.,(4,1,1,1,1,1,1,1,1,1,1,1,1,
    1,1,1,4),(0.,6.806869584499E-02,0.133427432819,0.196146033813,
    0.257048592449,0.316882663159,0.376187208666,0.435960335364,
    0.496535236863,0.557465343481,0.61768686341,0.677943640697,
    0.738805284806,0.800949336767,0.86481466747,0.931024781079,1.),
  .UNSPECIFIED.);
#2791 = CARTESIAN_POINT('',(-1.109756097561,-1.457296748506,0.));
#2792 = CARTESIAN_POINT('',(-1.109352230358,-1.476184333013,-0.));
#2793 = CARTESIAN_POINT('',(-1.108560574761,-1.513207547305,0.));
#2794 = CARTESIAN_POINT('',(-1.101324796129,-1.567239742383,0.));
#2795 = CARTESIAN_POINT('',(-1.089774100046,-1.618436775326,0.));
#2796 = CARTESIAN_POINT('',(-1.073560338186,-1.666769560164,0.));
#2797 = CARTESIAN_POINT('',(-1.052568252075,-1.712203235514,0.));
#2798 = CARTESIAN_POINT('',(-1.026541192412,-1.754571812537,0.));
#2799 = CARTESIAN_POINT('',(-0.996180641973,-1.794198337635,0.));
#2800 = CARTESIAN_POINT('',(-0.961278592404,-1.830539894903,0.));
#2801 = CARTESIAN_POINT('',(-0.922679440836,-1.863065459051,0.));
#2802 = CARTESIAN_POINT('',(-0.881404604556,-1.891992271311,0.));
#2803 = CARTESIAN_POINT('',(-0.837099427296,-1.916026596974,0.));
#2804 = CARTESIAN_POINT('',(-0.790142318833,-1.935663784587,0.));
#2805 = CARTESIAN_POINT('',(-0.74061540726,-1.95125453765,0.));
#2806 = CARTESIAN_POINT('',(-0.688304049527,-1.961869516106,0.));
#2807 = CARTESIAN_POINT('',(-0.633445988992,-1.968847934714,0.));
#2808 = CARTESIAN_POINT('',(-0.595931875516,-1.969526662642,-0.));
#2809 = CARTESIAN_POINT('',(-0.576791158537,-1.969872968019,
    6.776263578034E-18));
#2810 = ORIENTED_EDGE('',*,*,#2811,.T.);
#2811 = EDGE_CURVE('',#2788,#2812,#2814,.T.);
#2812 = VERTEX_POINT('',#2813);
#2813 = CARTESIAN_POINT('',(-0.30487804878,-1.969872968019,0.));
#2814 = LINE('',#2815,#2816);
#2815 = CARTESIAN_POINT('',(-0.576791158537,-1.969872968019,0.));
#2816 = VECTOR('',#2817,1.);
#2817 = DIRECTION('',(1.,0.,0.));
#2818 = ORIENTED_EDGE('',*,*,#2819,.T.);
#2819 = EDGE_CURVE('',#2812,#2820,#2822,.T.);
#2820 = VERTEX_POINT('',#2821);
#2821 = CARTESIAN_POINT('',(-0.30487804878,-0.969872968019,0.));
#2822 = LINE('',#2823,#2824);
#2823 = CARTESIAN_POINT('',(-0.30487804878,-1.969872968019,0.));
#2824 = VECTOR('',#2825,1.);
#2825 = DIRECTION('',(0.,1.,0.));
#2826 = ORIENTED_EDGE('',*,*,#2827,.T.);
#2827 = EDGE_CURVE('',#2820,#2828,#2830,.T.);
#2828 = VERTEX_POINT('',#2829);
#2829 = CARTESIAN_POINT('',(-0.587080792683,-0.969872968019,0.));
#2830 = LINE('',#2831,#2832);
#2831 = CARTESIAN_POINT('',(-0.30487804878,-0.969872968019,0.));
#2832 = VECTOR('',#2833,1.);
#2833 = DIRECTION('',(-1.,0.,0.));
#2834 = ORIENTED_EDGE('',*,*,#2835,.T.);
#2835 = EDGE_CURVE('',#2828,#2786,#2836,.T.);
#2836 = B_SPLINE_CURVE_WITH_KNOTS('',3,(#2837,#2838,#2839,#2840,#2841,
    #2842,#2843,#2844,#2845,#2846,#2847,#2848,#2849,#2850,#2851,#2852,
    #2853,#2854,#2855),.UNSPECIFIED.,.F.,.F.,(4,1,1,1,1,1,1,1,1,1,1,1,1,
    1,1,1,4),(0.,6.86311786766E-02,0.134566466039,0.198328154011,
    0.260789766641,0.321999151484,0.382721746503,0.443537474036,
    0.505133429485,0.566213874765,0.626105864618,0.685349322161,
    0.744995870348,0.805415841815,0.867636266346,0.932307782302,1.),
  .UNSPECIFIED.);
#2837 = CARTESIAN_POINT('',(-0.587080792683,-0.969872968019,0.));
#2838 = CARTESIAN_POINT('',(-0.605452656749,-0.970282459971,-0.));
#2839 = CARTESIAN_POINT('',(-0.641474722371,-0.971085358683,0.));
#2840 = CARTESIAN_POINT('',(-0.694298866557,-0.977184313926,0.));
#2841 = CARTESIAN_POINT('',(-0.744694709566,-0.987767983735,0.));
#2842 = CARTESIAN_POINT('',(-0.792800836597,-1.002206482464,0.));
#2843 = CARTESIAN_POINT('',(-0.838672970646,-1.020651507009,0.));
#2844 = CARTESIAN_POINT('',(-0.88187895845,-1.043758198735,0.));
#2845 = CARTESIAN_POINT('',(-0.922892862505,-1.070723487333,0.));
#2846 = CARTESIAN_POINT('',(-0.961180974973,-1.101605855617,0.));
#2847 = CARTESIAN_POINT('',(-0.996079250531,-1.135944010105,0.));
#2848 = CARTESIAN_POINT('',(-1.02650137144,-1.173498683768,0.));
#2849 = CARTESIAN_POINT('',(-1.052547431779,-1.213767588371,0.));
#2850 = CARTESIAN_POINT('',(-1.07350765607,-1.257069126224,0.));
#2851 = CARTESIAN_POINT('',(-1.08978264452,-1.303169988645,0.));
#2852 = CARTESIAN_POINT('',(-1.101307458672,-1.352036746593,0.));
#2853 = CARTESIAN_POINT('',(-1.108576406373,-1.403724747679,0.));
#2854 = CARTESIAN_POINT('',(-1.109356929667,-1.439169781935,-0.));
#2855 = CARTESIAN_POINT('',(-1.109756097561,-1.457296748506,0.));
#2856 = FACE_BOUND('',#2857,.T.);
#2857 = EDGE_LOOP('',(#2858,#2868,#2876,#2884,#2892,#2900,#2908,#2916,
    #2924,#2932,#2940,#2948));
#2858 = ORIENTED_EDGE('',*,*,#2859,.T.);
#2859 = EDGE_CURVE('',#2860,#2862,#2864,.T.);
#2860 = VERTEX_POINT('',#2861);
#2861 = CARTESIAN_POINT('',(0.292682926829,-1.860116870458,-0.));
#2862 = VERTEX_POINT('',#2863);
#2863 = CARTESIAN_POINT('',(-0.109756097561,-1.860116870458,0.));
#2864 = LINE('',#2865,#2866);
#2865 = CARTESIAN_POINT('',(0.292682926829,-1.860116870458,-0.));
#2866 = VECTOR('',#2867,1.);
#2867 = DIRECTION('',(-1.,0.,0.));
#2868 = ORIENTED_EDGE('',*,*,#2869,.T.);
#2869 = EDGE_CURVE('',#2862,#2870,#2872,.T.);
#2870 = VERTEX_POINT('',#2871);
#2871 = CARTESIAN_POINT('',(-0.109756097561,-1.969872968019,0.));
#2872 = LINE('',#2873,#2874);
#2873 = CARTESIAN_POINT('',(-0.109756097561,-1.860116870458,0.));
#2874 = VECTOR('',#2875,1.);
#2875 = DIRECTION('',(0.,-1.,0.));
#2876 = ORIENTED_EDGE('',*,*,#2877,.T.);
#2877 = EDGE_CURVE('',#2870,#2878,#2880,.T.);
#2878 = VERTEX_POINT('',#2879);
#2879 = CARTESIAN_POINT('',(0.426829268293,-1.969872968019,-0.));
#2880 = LINE('',#2881,#2882);
#2881 = CARTESIAN_POINT('',(-0.109756097561,-1.969872968019,0.));
#2882 = VECTOR('',#2883,1.);
#2883 = DIRECTION('',(1.,0.,-0.));
#2884 = ORIENTED_EDGE('',*,*,#2885,.T.);
#2885 = EDGE_CURVE('',#2878,#2886,#2888,.T.);
#2886 = VERTEX_POINT('',#2887);
#2887 = CARTESIAN_POINT('',(0.426829268293,-0.969872968019,-0.));
#2888 = LINE('',#2889,#2890);
#2889 = CARTESIAN_POINT('',(0.426829268293,-1.969872968019,-0.));
#2890 = VECTOR('',#2891,1.);
#2891 = DIRECTION('',(0.,1.,0.));
#2892 = ORIENTED_EDGE('',*,*,#2893,.T.);
#2893 = EDGE_CURVE('',#2886,#2894,#2896,.T.);
#2894 = VERTEX_POINT('',#2895);
#2895 = CARTESIAN_POINT('',(-8.536585365854E-02,-0.969872968019,0.));
#2896 = LINE('',#2897,#2898);
#2897 = CARTESIAN_POINT('',(0.426829268293,-0.969872968019,-0.));
#2898 = VECTOR('',#2899,1.);
#2899 = DIRECTION('',(-1.,0.,0.));
#2900 = ORIENTED_EDGE('',*,*,#2901,.T.);
#2901 = EDGE_CURVE('',#2894,#2902,#2904,.T.);
#2902 = VERTEX_POINT('',#2903);
#2903 = CARTESIAN_POINT('',(-8.536585365854E-02,-1.07962906558,0.));
#2904 = LINE('',#2905,#2906);
#2905 = CARTESIAN_POINT('',(-8.536585365854E-02,-0.969872968019,0.));
#2906 = VECTOR('',#2907,1.);
#2907 = DIRECTION('',(0.,-1.,0.));
#2908 = ORIENTED_EDGE('',*,*,#2909,.T.);
#2909 = EDGE_CURVE('',#2902,#2910,#2912,.T.);
#2910 = VERTEX_POINT('',#2911);
#2911 = CARTESIAN_POINT('',(0.292682926829,-1.07962906558,-0.));
#2912 = LINE('',#2913,#2914);
#2913 = CARTESIAN_POINT('',(-8.536585365854E-02,-1.07962906558,0.));
#2914 = VECTOR('',#2915,1.);
#2915 = DIRECTION('',(1.,0.,-0.));
#2916 = ORIENTED_EDGE('',*,*,#2917,.T.);
#2917 = EDGE_CURVE('',#2910,#2918,#2920,.T.);
#2918 = VERTEX_POINT('',#2919);
#2919 = CARTESIAN_POINT('',(0.292682926829,-1.408897358263,-0.));
#2920 = LINE('',#2921,#2922);
#2921 = CARTESIAN_POINT('',(0.292682926829,-1.07962906558,-0.));
#2922 = VECTOR('',#2923,1.);
#2923 = DIRECTION('',(0.,-1.,0.));
#2924 = ORIENTED_EDGE('',*,*,#2925,.T.);
#2925 = EDGE_CURVE('',#2918,#2926,#2928,.T.);
#2926 = VERTEX_POINT('',#2927);
#2927 = CARTESIAN_POINT('',(-6.09756097561E-02,-1.408897358263,0.));
#2928 = LINE('',#2929,#2930);
#2929 = CARTESIAN_POINT('',(0.292682926829,-1.408897358263,-0.));
#2930 = VECTOR('',#2931,1.);
#2931 = DIRECTION('',(-1.,0.,0.));
#2932 = ORIENTED_EDGE('',*,*,#2933,.T.);
#2933 = EDGE_CURVE('',#2926,#2934,#2936,.T.);
#2934 = VERTEX_POINT('',#2935);
#2935 = CARTESIAN_POINT('',(-6.09756097561E-02,-1.518653455824,0.));
#2936 = LINE('',#2937,#2938);
#2937 = CARTESIAN_POINT('',(-6.09756097561E-02,-1.408897358263,0.));
#2938 = VECTOR('',#2939,1.);
#2939 = DIRECTION('',(0.,-1.,0.));
#2940 = ORIENTED_EDGE('',*,*,#2941,.T.);
#2941 = EDGE_CURVE('',#2934,#2942,#2944,.T.);
#2942 = VERTEX_POINT('',#2943);
#2943 = CARTESIAN_POINT('',(0.292682926829,-1.518653455824,-0.));
#2944 = LINE('',#2945,#2946);
#2945 = CARTESIAN_POINT('',(-6.09756097561E-02,-1.518653455824,0.));
#2946 = VECTOR('',#2947,1.);
#2947 = DIRECTION('',(1.,0.,-0.));
#2948 = ORIENTED_EDGE('',*,*,#2949,.T.);
#2949 = EDGE_CURVE('',#2942,#2860,#2950,.T.);
#2950 = LINE('',#2951,#2952);
#2951 = CARTESIAN_POINT('',(0.292682926829,-1.518653455824,-0.));
#2952 = VECTOR('',#2953,1.);
#2953 = DIRECTION('',(0.,-1.,0.));
#2954 = FACE_BOUND('',#2955,.T.);
#2955 = EDGE_LOOP('',(#2956,#2974,#2982,#2998,#3022,#3046,#3062,#3070,
    #3086,#3110));
#2956 = ORIENTED_EDGE('',*,*,#2957,.T.);
#2957 = EDGE_CURVE('',#2958,#2960,#2962,.T.);
#2958 = VERTEX_POINT('',#2959);
#2959 = CARTESIAN_POINT('',(0.878620426829,-1.872311992409,0.));
#2960 = VERTEX_POINT('',#2961);
#2961 = CARTESIAN_POINT('',(0.621951219512,-1.808287602165,
    3.388131789017E-18));
#2962 = B_SPLINE_CURVE_WITH_KNOTS('',3,(#2963,#2964,#2965,#2966,#2967,
    #2968,#2969,#2970,#2971,#2972,#2973),.UNSPECIFIED.,.F.,.F.,(4,1,1,1,
    1,1,1,1,4),(0.,0.135294604763,0.266765657925,0.394816018836,
    0.520051654434,0.642175702971,0.762651820558,0.881834004381,1.),
  .UNSPECIFIED.);
#2963 = CARTESIAN_POINT('',(0.878620426829,-1.872311992409,0.));
#2964 = CARTESIAN_POINT('',(0.866545006264,-1.872153451861,-0.));
#2965 = CARTESIAN_POINT('',(0.842735427769,-1.87184085127,0.));
#2966 = CARTESIAN_POINT('',(0.807623545928,-1.868632876321,-0.));
#2967 = CARTESIAN_POINT('',(0.773613317147,-1.863804657006,0.));
#2968 = CARTESIAN_POINT('',(0.740852566293,-1.856697942284,-0.));
#2969 = CARTESIAN_POINT('',(0.709228972315,-1.847801939434,0.));
#2970 = CARTESIAN_POINT('',(0.678921819331,-1.836627878327,-0.));
#2971 = CARTESIAN_POINT('',(0.649607260876,-1.82386478994,0.));
#2972 = CARTESIAN_POINT('',(0.631143549641,-1.813465156343,-0.));
#2973 = CARTESIAN_POINT('',(0.621951219512,-1.808287602165,
    3.388131789017E-18));
#2974 = ORIENTED_EDGE('',*,*,#2975,.T.);
#2975 = EDGE_CURVE('',#2960,#2976,#2978,.T.);
#2976 = VERTEX_POINT('',#2977);
#2977 = CARTESIAN_POINT('',(0.621951219512,-1.918043699726,0.));
#2978 = LINE('',#2979,#2980);
#2979 = CARTESIAN_POINT('',(0.621951219512,-1.808287602165,-0.));
#2980 = VECTOR('',#2981,1.);
#2981 = DIRECTION('',(0.,-1.,0.));
#2982 = ORIENTED_EDGE('',*,*,#2983,.T.);
#2983 = EDGE_CURVE('',#2976,#2984,#2986,.T.);
#2984 = VERTEX_POINT('',#2985);
#2985 = CARTESIAN_POINT('',(0.897103658537,-1.98206808997,0.));
#2986 = B_SPLINE_CURVE_WITH_KNOTS('',3,(#2987,#2988,#2989,#2990,#2991,
    #2992,#2993,#2994,#2995,#2996,#2997),.UNSPECIFIED.,.F.,.F.,(4,1,1,1,
    1,1,1,1,4),(0.,0.112448389909,0.226527675213,0.344401949326,
    0.465864972487,0.591659449352,0.722168487025,0.858606387555,1.),
  .UNSPECIFIED.);
#2987 = CARTESIAN_POINT('',(0.621951219512,-1.918043699726,0.));
#2988 = CARTESIAN_POINT('',(0.631334610287,-1.923222949396,-0.));
#2989 = CARTESIAN_POINT('',(0.65023748386,-1.933656565991,0.));
#2990 = CARTESIAN_POINT('',(0.680467148344,-1.946530656103,-0.));
#2991 = CARTESIAN_POINT('',(0.712276081267,-1.957635164714,0.));
#2992 = CARTESIAN_POINT('',(0.745942693746,-1.966490014275,-0.));
#2993 = CARTESIAN_POINT('',(0.781243180059,-1.973606430024,0.));
#2994 = CARTESIAN_POINT('',(0.818364589295,-1.978426633411,-0.));
#2995 = CARTESIAN_POINT('',(0.857159858226,-1.981599616422,0.));
#2996 = CARTESIAN_POINT('',(0.883631664903,-1.981910086159,-0.));
#2997 = CARTESIAN_POINT('',(0.897103658537,-1.98206808997,0.));
#2998 = ORIENTED_EDGE('',*,*,#2999,.T.);
#2999 = EDGE_CURVE('',#2984,#3000,#3002,.T.);
#3000 = VERTEX_POINT('',#3001);
#3001 = CARTESIAN_POINT('',(1.365853658537,-1.488737297287,0.));
#3002 = B_SPLINE_CURVE_WITH_KNOTS('',3,(#3003,#3004,#3005,#3006,#3007,
    #3008,#3009,#3010,#3011,#3012,#3013,#3014,#3015,#3016,#3017,#3018,
    #3019,#3020,#3021),.UNSPECIFIED.,.F.,.F.,(4,1,1,1,1,1,1,1,1,1,1,1,1,
    1,1,1,4),(0.,6.783324845577E-02,0.132655536508,0.195050884051,
    0.255582933069,0.314799834147,0.373600472826,0.432545595327,
    0.492430629284,0.552671255963,0.612513044188,0.672610250357,
    0.733838369314,0.796594238568,0.861449799291,0.929198942351,1.),
  .UNSPECIFIED.);
#3003 = CARTESIAN_POINT('',(0.897103658537,-1.98206808997,0.));
#3004 = CARTESIAN_POINT('',(0.914462720088,-1.981680932885,-0.));
#3005 = CARTESIAN_POINT('',(0.948410314753,-1.980923803719,0.));
#3006 = CARTESIAN_POINT('',(0.998002776619,-1.97455525146,-0.));
#3007 = CARTESIAN_POINT('',(1.044919053399,-1.963922736564,0.));
#3008 = CARTESIAN_POINT('',(1.089142849636,-1.948983662252,-0.));
#3009 = CARTESIAN_POINT('',(1.130828880895,-1.930106584552,0.));
#3010 = CARTESIAN_POINT('',(1.169761209376,-1.906772654158,-0.));
#3011 = CARTESIAN_POINT('',(1.205682198048,-1.878798108777,0.));
#3012 = CARTESIAN_POINT('',(1.239067176039,-1.847310617745,-0.));
#3013 = CARTESIAN_POINT('',(1.268855527674,-1.812080510684,0.));
#3014 = CARTESIAN_POINT('',(1.294929607997,-1.773973825866,-0.));
#3015 = CARTESIAN_POINT('',(1.316988156575,-1.733109088239,0.));
#3016 = CARTESIAN_POINT('',(1.334887178074,-1.689463863551,-0.));
#3017 = CARTESIAN_POINT('',(1.348835811493,-1.643126747959,0.));
#3018 = CARTESIAN_POINT('',(1.358590348318,-1.594056031526,-0.));
#3019 = CARTESIAN_POINT('',(1.364929485618,-1.542320559641,0.));
#3020 = CARTESIAN_POINT('',(1.365541110045,-1.506858762984,-0.));
#3021 = CARTESIAN_POINT('',(1.365853658537,-1.488737297287,0.));
#3022 = ORIENTED_EDGE('',*,*,#3023,.T.);
#3023 = EDGE_CURVE('',#3000,#3024,#3026,.T.);
#3024 = VERTEX_POINT('',#3025);
#3025 = CARTESIAN_POINT('',(0.857278963415,-0.957677846067,0.));
#3026 = B_SPLINE_CURVE_WITH_KNOTS('',3,(#3027,#3028,#3029,#3030,#3031,
    #3032,#3033,#3034,#3035,#3036,#3037,#3038,#3039,#3040,#3041,#3042,
    #3043,#3044,#3045),.UNSPECIFIED.,.F.,.F.,(4,1,1,1,1,1,1,1,1,1,1,1,1,
    1,1,1,4),(0.,7.064371857535E-02,0.138256715509,0.203364124218,
    0.266324093803,0.327904761543,0.388737715173,0.449423528109,
    0.510861011459,0.572079396048,0.631734428731,0.691117210579,
    0.75036002949,0.810032900531,0.871362450829,0.934427141231,1.),
  .UNSPECIFIED.);
#3027 = CARTESIAN_POINT('',(1.365853658537,-1.488737297287,0.));
#3028 = CARTESIAN_POINT('',(1.365418135081,-1.469281786177,-0.));
#3029 = CARTESIAN_POINT('',(1.364565772782,-1.431205434609,0.));
#3030 = CARTESIAN_POINT('',(1.357790657096,-1.375528476231,-0.));
#3031 = CARTESIAN_POINT('',(1.346673798692,-1.322734480776,0.));
#3032 = CARTESIAN_POINT('',(1.330764114353,-1.272903588097,-0.));
#3033 = CARTESIAN_POINT('',(1.310504424134,-1.225968448513,0.));
#3034 = CARTESIAN_POINT('',(1.285877509321,-1.181866610619,-0.));
#3035 = CARTESIAN_POINT('',(1.256483208146,-1.140825300832,0.));
#3036 = CARTESIAN_POINT('',(1.222789633656,-1.103123474812,-0.));
#3037 = CARTESIAN_POINT('',(1.185911678933,-1.06894996831,0.));
#3038 = CARTESIAN_POINT('',(1.146120521756,-1.039129545503,-0.));
#3039 = CARTESIAN_POINT('',(1.103896141848,-1.013928796613,0.));
#3040 = CARTESIAN_POINT('',(1.059298305749,-0.993181540203,-0.));
#3041 = CARTESIAN_POINT('',(1.012163064415,-0.977344277338,0.));
#3042 = CARTESIAN_POINT('',(0.962710950634,-0.965970375851,-0.));
#3043 = CARTESIAN_POINT('',(0.910771652509,-0.958922447459,0.));
#3044 = CARTESIAN_POINT('',(0.875340140384,-0.958098071081,-0.));
#3045 = CARTESIAN_POINT('',(0.857278963415,-0.957677846067,0.));
#3046 = ORIENTED_EDGE('',*,*,#3047,.T.);
#3047 = EDGE_CURVE('',#3024,#3048,#3050,.T.);
#3048 = VERTEX_POINT('',#3049);
#3049 = CARTESIAN_POINT('',(0.621951219512,-0.997311992409,0.));
#3050 = B_SPLINE_CURVE_WITH_KNOTS('',3,(#3051,#3052,#3053,#3054,#3055,
    #3056,#3057,#3058,#3059,#3060,#3061),.UNSPECIFIED.,.F.,.F.,(4,1,1,1,
    1,1,1,1,4),(0.,0.145186866472,0.28344261092,0.416524365929,
    0.543181123535,0.665153082638,0.781360206313,0.892756655642,1.),
  .UNSPECIFIED.);
#3051 = CARTESIAN_POINT('',(0.857278963415,-0.957677846067,0.));
#3052 = CARTESIAN_POINT('',(0.845652102791,-0.957761190503,-0.));
#3053 = CARTESIAN_POINT('',(0.822953439943,-0.957923900568,0.));
#3054 = CARTESIAN_POINT('',(0.789654194974,-0.959964299834,-0.));
#3055 = CARTESIAN_POINT('',(0.757906917846,-0.962848008552,0.));
#3056 = CARTESIAN_POINT('',(0.727665666506,-0.967344630288,-0.));
#3057 = CARTESIAN_POINT('',(0.698931997025,-0.972697389679,0.));
#3058 = CARTESIAN_POINT('',(0.671813550064,-0.979674968205,-0.));
#3059 = CARTESIAN_POINT('',(0.646139853729,-0.98749329249,0.));
#3060 = CARTESIAN_POINT('',(0.629911343023,-0.994080802778,-0.));
#3061 = CARTESIAN_POINT('',(0.621951219512,-0.997311992409,0.));
#3062 = ORIENTED_EDGE('',*,*,#3063,.T.);
#3063 = EDGE_CURVE('',#3048,#3064,#3066,.T.);
#3064 = VERTEX_POINT('',#3065);
#3065 = CARTESIAN_POINT('',(0.621951219512,-1.131458333872,-0.));
#3066 = LINE('',#3067,#3068);
#3067 = CARTESIAN_POINT('',(0.621951219512,-0.997311992409,-0.));
#3068 = VECTOR('',#3069,1.);
#3069 = DIRECTION('',(0.,-1.,0.));
#3070 = ORIENTED_EDGE('',*,*,#3071,.T.);
#3071 = EDGE_CURVE('',#3064,#3072,#3074,.T.);
#3072 = VERTEX_POINT('',#3073);
#3073 = CARTESIAN_POINT('',(0.856135670732,-1.067433943628,0.));
#3074 = B_SPLINE_CURVE_WITH_KNOTS('',3,(#3075,#3076,#3077,#3078,#3079,
    #3080,#3081,#3082,#3083,#3084,#3085),.UNSPECIFIED.,.F.,.F.,(4,1,1,1,
    1,1,1,1,4),(0.,0.125279696736,0.249419970742,0.373356799493,
    0.496681278782,0.620202915744,0.745086320161,0.871269195019,1.),
  .UNSPECIFIED.);
#3075 = CARTESIAN_POINT('',(0.621951219512,-1.131458333872,-0.));
#3076 = CARTESIAN_POINT('',(0.63083160514,-1.126298160881,-0.));
#3077 = CARTESIAN_POINT('',(0.648511609013,-1.116024746831,0.));
#3078 = CARTESIAN_POINT('',(0.676319040626,-1.103180957405,-0.));
#3079 = CARTESIAN_POINT('',(0.704662283777,-1.092040819231,0.));
#3080 = CARTESIAN_POINT('',(0.733739755332,-1.083147818401,-0.));
#3081 = CARTESIAN_POINT('',(0.763368450326,-1.07596665198,0.));
#3082 = CARTESIAN_POINT('',(0.793703735667,-1.071150041267,-0.));
#3083 = CARTESIAN_POINT('',(0.824688136735,-1.067909407678,0.));
#3084 = CARTESIAN_POINT('',(0.845583541022,-1.067593484225,-0.));
#3085 = CARTESIAN_POINT('',(0.856135670732,-1.067433943628,0.));
#3086 = ORIENTED_EDGE('',*,*,#3087,.T.);
#3087 = EDGE_CURVE('',#3072,#3088,#3090,.T.);
#3088 = VERTEX_POINT('',#3089);
#3089 = CARTESIAN_POINT('',(1.231707317073,-1.480543699726,0.));
#3090 = B_SPLINE_CURVE_WITH_KNOTS('',3,(#3091,#3092,#3093,#3094,#3095,
    #3096,#3097,#3098,#3099,#3100,#3101,#3102,#3103,#3104,#3105,#3106,
    #3107,#3108,#3109),.UNSPECIFIED.,.F.,.F.,(4,1,1,1,1,1,1,1,1,1,1,1,1,
    1,1,1,4),(0.,6.460397028839E-02,0.126702413963,0.186756814036,
    0.245505687365,0.30365202445,0.361503073971,0.420240222928,
    0.480033340777,0.540678134776,0.601191806381,0.662333502477,
    0.724739510297,0.789467736173,0.856504860044,0.926312095839,1.),
  .UNSPECIFIED.);
#3091 = CARTESIAN_POINT('',(0.856135670732,-1.067433943628,0.));
#3092 = CARTESIAN_POINT('',(0.869685032596,-1.067725279714,-0.));
#3093 = CARTESIAN_POINT('',(0.896258273346,-1.06829665304,0.));
#3094 = CARTESIAN_POINT('',(0.935079751058,-1.073906482726,-0.));
#3095 = CARTESIAN_POINT('',(0.97210714424,-1.082299421958,0.));
#3096 = CARTESIAN_POINT('',(1.007191975558,-1.094583139237,-0.));
#3097 = CARTESIAN_POINT('',(1.040294406025,-1.110437169582,0.));
#3098 = CARTESIAN_POINT('',(1.071385730024,-1.129920976894,-0.));
#3099 = CARTESIAN_POINT('',(1.100656891081,-1.152616829269,0.));
#3100 = CARTESIAN_POINT('',(1.12766136758,-1.178807866523,-0.));
#3101 = CARTESIAN_POINT('',(1.152269957356,-1.207770970299,0.));
#3102 = CARTESIAN_POINT('',(1.173392787692,-1.23969768097,-0.));
#3103 = CARTESIAN_POINT('',(1.191709487913,-1.273723861057,0.));
#3104 = CARTESIAN_POINT('',(1.206377465837,-1.310446491291,-0.));
#3105 = CARTESIAN_POINT('',(1.217736965081,-1.34958381516,0.));
#3106 = CARTESIAN_POINT('',(1.22593612911,-1.391082429826,-0.));
#3107 = CARTESIAN_POINT('',(1.230686611793,-1.435018873245,0.));
#3108 = CARTESIAN_POINT('',(1.231361002594,-1.465097608783,-0.));
#3109 = CARTESIAN_POINT('',(1.231707317073,-1.480543699726,0.));
#3110 = ORIENTED_EDGE('',*,*,#3111,.T.);
#3111 = EDGE_CURVE('',#3088,#2958,#3112,.T.);
#3112 = B_SPLINE_CURVE_WITH_KNOTS('',3,(#3113,#3114,#3115,#3116,#3117,
    #3118,#3119,#3120,#3121,#3122,#3123,#3124,#3125,#3126,#3127,#3128,
    #3129,#3130,#3131),.UNSPECIFIED.,.F.,.F.,(4,1,1,1,1,1,1,1,1,1,1,1,1,
    1,1,1,4),(0.,7.377411937406E-02,0.144079114726,0.211348518309,
    0.27607688574,0.33852091582,0.399885116693,0.460254067465,
    0.520588964391,0.580207684563,0.638632908553,0.696364549491,
    0.75400177466,0.812805681374,0.872754425526,0.935181996978,1.),
  .UNSPECIFIED.);
#3113 = CARTESIAN_POINT('',(1.231707317073,-1.480543699726,0.));
#3114 = CARTESIAN_POINT('',(1.231429497223,-1.495164905422,-0.));
#3115 = CARTESIAN_POINT('',(1.23088692161,-1.523719775215,0.));
#3116 = CARTESIAN_POINT('',(1.226225334987,-1.565397453138,-0.));
#3117 = CARTESIAN_POINT('',(1.218674090743,-1.604804174983,0.));
#3118 = CARTESIAN_POINT('',(1.208061749046,-1.641905206163,-0.));
#3119 = CARTESIAN_POINT('',(1.194223643857,-1.676666212239,0.));
#3120 = CARTESIAN_POINT('',(1.177507697771,-1.709179553093,-0.));
#3121 = CARTESIAN_POINT('',(1.157521680018,-1.739298404727,0.));
#3122 = CARTESIAN_POINT('',(1.13470678022,-1.766881763974,-0.));
#3123 = CARTESIAN_POINT('',(1.109376231866,-1.791617416084,0.));
#3124 = CARTESIAN_POINT('',(1.082060473926,-1.813340876407,-0.));
#3125 = CARTESIAN_POINT('',(1.052699993789,-1.831473203237,0.));
#3126 = CARTESIAN_POINT('',(1.021568573112,-1.846509104119,-0.));
#3127 = CARTESIAN_POINT('',(0.98852555406,-1.858133929312,0.));
#3128 = CARTESIAN_POINT('',(0.953509083749,-1.866283339459,-0.));
#3129 = CARTESIAN_POINT('',(0.916686677663,-1.871330908767,0.));
#3130 = CARTESIAN_POINT('',(0.89146710184,-1.871980894325,-0.));
#3131 = CARTESIAN_POINT('',(0.878620426829,-1.872311992409,0.));
#3132 = FACE_BOUND('',#3133,.T.);
#3133 = EDGE_LOOP('',(#3134,#3144,#3152,#3160,#3168,#3176));
#3134 = ORIENTED_EDGE('',*,*,#3135,.T.);
#3135 = EDGE_CURVE('',#3136,#3138,#3140,.T.);
#3136 = VERTEX_POINT('',#3137);
#3137 = CARTESIAN_POINT('',(1.829268292683,-1.860116870458,-0.));
#3138 = VERTEX_POINT('',#3139);
#3139 = CARTESIAN_POINT('',(1.451219512195,-1.860116870458,-0.));
#3140 = LINE('',#3141,#3142);
#3141 = CARTESIAN_POINT('',(1.829268292683,-1.860116870458,-0.));
#3142 = VECTOR('',#3143,1.);
#3143 = DIRECTION('',(-1.,0.,0.));
#3144 = ORIENTED_EDGE('',*,*,#3145,.T.);
#3145 = EDGE_CURVE('',#3138,#3146,#3148,.T.);
#3146 = VERTEX_POINT('',#3147);
#3147 = CARTESIAN_POINT('',(1.451219512195,-1.969872968019,-0.));
#3148 = LINE('',#3149,#3150);
#3149 = CARTESIAN_POINT('',(1.451219512195,-1.860116870458,-0.));
#3150 = VECTOR('',#3151,1.);
#3151 = DIRECTION('',(0.,-1.,0.));
#3152 = ORIENTED_EDGE('',*,*,#3153,.T.);
#3153 = EDGE_CURVE('',#3146,#3154,#3156,.T.);
#3154 = VERTEX_POINT('',#3155);
#3155 = CARTESIAN_POINT('',(1.963414634146,-1.969872968019,-0.));
#3156 = LINE('',#3157,#3158);
#3157 = CARTESIAN_POINT('',(1.451219512195,-1.969872968019,-0.));
#3158 = VECTOR('',#3159,1.);
#3159 = DIRECTION('',(1.,0.,0.));
#3160 = ORIENTED_EDGE('',*,*,#3161,.T.);
#3161 = EDGE_CURVE('',#3154,#3162,#3164,.T.);
#3162 = VERTEX_POINT('',#3163);
#3163 = CARTESIAN_POINT('',(1.963414634146,-0.969872968019,-0.));
#3164 = LINE('',#3165,#3166);
#3165 = CARTESIAN_POINT('',(1.963414634146,-1.969872968019,-0.));
#3166 = VECTOR('',#3167,1.);
#3167 = DIRECTION('',(0.,1.,0.));
#3168 = ORIENTED_EDGE('',*,*,#3169,.T.);
#3169 = EDGE_CURVE('',#3162,#3170,#3172,.T.);
#3170 = VERTEX_POINT('',#3171);
#3171 = CARTESIAN_POINT('',(1.829268292683,-0.969872968019,-0.));
#3172 = LINE('',#3173,#3174);
#3173 = CARTESIAN_POINT('',(1.963414634146,-0.969872968019,-0.));
#3174 = VECTOR('',#3175,1.);
#3175 = DIRECTION('',(-1.,0.,0.));
#3176 = ORIENTED_EDGE('',*,*,#3177,.T.);
#3177 = EDGE_CURVE('',#3170,#3136,#3178,.T.);
#3178 = LINE('',#3179,#3180);
#3179 = CARTESIAN_POINT('',(1.829268292683,-0.969872968019,-0.));
#3180 = VECTOR('',#3181,1.);
#3181 = DIRECTION('',(0.,-1.,0.));
#3182 = FACE_BOUND('',#3183,.T.);
#3183 = EDGE_LOOP('',(#3184,#3185,#3186,#3187));
#3184 = ORIENTED_EDGE('',*,*,#2547,.F.);
#3185 = ORIENTED_EDGE('',*,*,#2523,.F.);
#3186 = ORIENTED_EDGE('',*,*,#2499,.F.);
#3187 = ORIENTED_EDGE('',*,*,#2468,.F.);
#3188 = FACE_BOUND('',#3189,.T.);
#3189 = EDGE_LOOP('',(#3190,#3191,#3192,#3193));
#3190 = ORIENTED_EDGE('',*,*,#2411,.F.);
#3191 = ORIENTED_EDGE('',*,*,#2387,.F.);
#3192 = ORIENTED_EDGE('',*,*,#2363,.F.);
#3193 = ORIENTED_EDGE('',*,*,#2332,.F.);
#3194 = FACE_BOUND('',#3195,.T.);
#3195 = EDGE_LOOP('',(#3196,#3197,#3198,#3199));
#3196 = ORIENTED_EDGE('',*,*,#2275,.F.);
#3197 = ORIENTED_EDGE('',*,*,#2251,.F.);
#3198 = ORIENTED_EDGE('',*,*,#2227,.F.);
#3199 = ORIENTED_EDGE('',*,*,#2196,.F.);
#3200 = FACE_BOUND('',#3201,.T.);
#3201 = EDGE_LOOP('',(#3202,#3203,#3204,#3205));
#3202 = ORIENTED_EDGE('',*,*,#2139,.F.);
#3203 = ORIENTED_EDGE('',*,*,#2115,.F.);
#3204 = ORIENTED_EDGE('',*,*,#2091,.F.);
#3205 = ORIENTED_EDGE('',*,*,#2060,.F.);
#3206 = FACE_BOUND('',#3207,.T.);
#3207 = EDGE_LOOP('',(#3208,#3209,#3210,#3211));
#3208 = ORIENTED_EDGE('',*,*,#2003,.F.);
#3209 = ORIENTED_EDGE('',*,*,#1979,.F.);
#3210 = ORIENTED_EDGE('',*,*,#1955,.F.);
#3211 = ORIENTED_EDGE('',*,*,#1924,.F.);
#3212 = FACE_BOUND('',#3213,.T.);
#3213 = EDGE_LOOP('',(#3214,#3215,#3216,#3217));
#3214 = ORIENTED_EDGE('',*,*,#1867,.F.);
#3215 = ORIENTED_EDGE('',*,*,#1843,.F.);
#3216 = ORIENTED_EDGE('',*,*,#1819,.F.);
#3217 = ORIENTED_EDGE('',*,*,#1788,.F.);
#3218 = PLANE('',#3219);
#3219 = AXIS2_PLACEMENT_3D('',#3220,#3221,#3222);
#3220 = CARTESIAN_POINT('',(0.,0.,0.));
#3221 = DIRECTION('',(0.,0.,-1.));
#3222 = DIRECTION('',(-1.,0.,-0.));
#3223 = ADVANCED_FACE('',(#3224),#3249,.F.);
#3224 = FACE_BOUND('',#3225,.T.);
#3225 = EDGE_LOOP('',(#3226,#3227,#3235,#3243));
#3226 = ORIENTED_EDGE('',*,*,#2760,.T.);
#3227 = ORIENTED_EDGE('',*,*,#3228,.T.);
#3228 = EDGE_CURVE('',#2753,#3229,#3231,.T.);
#3229 = VERTEX_POINT('',#3230);
#3230 = CARTESIAN_POINT('',(7.225,5.75,1.9));
#3231 = LINE('',#3232,#3233);
#3232 = CARTESIAN_POINT('',(7.225,5.75,0.));
#3233 = VECTOR('',#3234,1.);
#3234 = DIRECTION('',(-0.,-0.,1.));
#3235 = ORIENTED_EDGE('',*,*,#3236,.F.);
#3236 = EDGE_CURVE('',#3237,#3229,#3239,.T.);
#3237 = VERTEX_POINT('',#3238);
#3238 = CARTESIAN_POINT('',(7.225,-7.25,1.9));
#3239 = LINE('',#3240,#3241);
#3240 = CARTESIAN_POINT('',(7.225,-7.25,1.9));
#3241 = VECTOR('',#3242,1.);
#3242 = DIRECTION('',(0.,1.,0.));
#3243 = ORIENTED_EDGE('',*,*,#3244,.T.);
#3244 = EDGE_CURVE('',#3237,#2761,#3245,.T.);
#3245 = LINE('',#3246,#3247);
#3246 = CARTESIAN_POINT('',(7.225,-7.25,1.9));
#3247 = VECTOR('',#3248,1.);
#3248 = DIRECTION('',(-0.,-0.,-1.));
#3249 = PLANE('',#3250);
#3250 = AXIS2_PLACEMENT_3D('',#3251,#3252,#3253);
#3251 = CARTESIAN_POINT('',(7.225,-7.25,1.9));
#3252 = DIRECTION('',(-1.,0.,0.));
#3253 = DIRECTION('',(0.,0.,1.));
#3254 = ADVANCED_FACE('',(#3255),#3280,.F.);
#3255 = FACE_BOUND('',#3256,.T.);
#3256 = EDGE_LOOP('',(#3257,#3267,#3273,#3274));
#3257 = ORIENTED_EDGE('',*,*,#3258,.F.);
#3258 = EDGE_CURVE('',#3259,#3261,#3263,.T.);
#3259 = VERTEX_POINT('',#3260);
#3260 = CARTESIAN_POINT('',(6.325,7.25,1.9));
#3261 = VERTEX_POINT('',#3262);
#3262 = CARTESIAN_POINT('',(-7.225,7.25,1.9));
#3263 = LINE('',#3264,#3265);
#3264 = CARTESIAN_POINT('',(-7.225,7.25,1.9));
#3265 = VECTOR('',#3266,1.);
#3266 = DIRECTION('',(-1.,-0.,-0.));
#3267 = ORIENTED_EDGE('',*,*,#3268,.F.);
#3268 = EDGE_CURVE('',#2737,#3259,#3269,.T.);
#3269 = LINE('',#3270,#3271);
#3270 = CARTESIAN_POINT('',(6.325,7.25,0.));
#3271 = VECTOR('',#3272,1.);
#3272 = DIRECTION('',(-0.,-0.,1.));
#3273 = ORIENTED_EDGE('',*,*,#2736,.T.);
#3274 = ORIENTED_EDGE('',*,*,#3275,.F.);
#3275 = EDGE_CURVE('',#3261,#2729,#3276,.T.);
#3276 = LINE('',#3277,#3278);
#3277 = CARTESIAN_POINT('',(-7.225,7.25,1.9));
#3278 = VECTOR('',#3279,1.);
#3279 = DIRECTION('',(-0.,-0.,-1.));
#3280 = PLANE('',#3281);
#3281 = AXIS2_PLACEMENT_3D('',#3282,#3283,#3284);
#3282 = CARTESIAN_POINT('',(-7.225,7.25,1.9));
#3283 = DIRECTION('',(0.,-1.,0.));
#3284 = DIRECTION('',(0.,-0.,-1.));
#3285 = ADVANCED_FACE('',(#3286),#3304,.F.);
#3286 = FACE_BOUND('',#3287,.T.);
#3287 = EDGE_LOOP('',(#3288,#3289,#3297,#3303));
#3288 = ORIENTED_EDGE('',*,*,#2728,.T.);
#3289 = ORIENTED_EDGE('',*,*,#3290,.T.);
#3290 = EDGE_CURVE('',#2721,#3291,#3293,.T.);
#3291 = VERTEX_POINT('',#3292);
#3292 = CARTESIAN_POINT('',(-7.225,-6.55,1.9));
#3293 = LINE('',#3294,#3295);
#3294 = CARTESIAN_POINT('',(-7.225,-6.55,1.9));
#3295 = VECTOR('',#3296,1.);
#3296 = DIRECTION('',(0.,-0.,1.));
#3297 = ORIENTED_EDGE('',*,*,#3298,.F.);
#3298 = EDGE_CURVE('',#3261,#3291,#3299,.T.);
#3299 = LINE('',#3300,#3301);
#3300 = CARTESIAN_POINT('',(-7.225,-7.25,1.9));
#3301 = VECTOR('',#3302,1.);
#3302 = DIRECTION('',(-0.,-1.,-0.));
#3303 = ORIENTED_EDGE('',*,*,#3275,.T.);
#3304 = PLANE('',#3305);
#3305 = AXIS2_PLACEMENT_3D('',#3306,#3307,#3308);
#3306 = CARTESIAN_POINT('',(-7.225,-7.25,1.9));
#3307 = DIRECTION('',(1.,0.,0.));
#3308 = DIRECTION('',(0.,0.,-1.));
#3309 = ADVANCED_FACE('',(#3310),#3344,.F.);
#3310 = FACE_BOUND('',#3311,.T.);
#3311 = EDGE_LOOP('',(#3312,#3320,#3328,#3336,#3342,#3343));
#3312 = ORIENTED_EDGE('',*,*,#3313,.F.);
#3313 = EDGE_CURVE('',#3314,#3237,#3316,.T.);
#3314 = VERTEX_POINT('',#3315);
#3315 = CARTESIAN_POINT('',(4.825,-7.25,1.9));
#3316 = LINE('',#3317,#3318);
#3317 = CARTESIAN_POINT('',(-7.225,-7.25,1.9));
#3318 = VECTOR('',#3319,1.);
#3319 = DIRECTION('',(1.,0.,0.));
#3320 = ORIENTED_EDGE('',*,*,#3321,.T.);
#3321 = EDGE_CURVE('',#3314,#3322,#3324,.T.);
#3322 = VERTEX_POINT('',#3323);
#3323 = CARTESIAN_POINT('',(4.825,-7.25,0.75));
#3324 = LINE('',#3325,#3326);
#3325 = CARTESIAN_POINT('',(4.825,-7.25,1.9));
#3326 = VECTOR('',#3327,1.);
#3327 = DIRECTION('',(0.,0.,-1.));
#3328 = ORIENTED_EDGE('',*,*,#3329,.T.);
#3329 = EDGE_CURVE('',#3322,#3330,#3332,.T.);
#3330 = VERTEX_POINT('',#3331);
#3331 = CARTESIAN_POINT('',(4.375,-7.25,0.75));
#3332 = LINE('',#3333,#3334);
#3333 = CARTESIAN_POINT('',(-7.225,-7.25,0.75));
#3334 = VECTOR('',#3335,1.);
#3335 = DIRECTION('',(-1.,0.,-1.269786328136E-16));
#3336 = ORIENTED_EDGE('',*,*,#3337,.F.);
#3337 = EDGE_CURVE('',#2769,#3330,#3338,.T.);
#3338 = LINE('',#3339,#3340);
#3339 = CARTESIAN_POINT('',(4.375,-7.25,0.));
#3340 = VECTOR('',#3341,1.);
#3341 = DIRECTION('',(-0.,-0.,1.));
#3342 = ORIENTED_EDGE('',*,*,#2768,.T.);
#3343 = ORIENTED_EDGE('',*,*,#3244,.F.);
#3344 = PLANE('',#3345);
#3345 = AXIS2_PLACEMENT_3D('',#3346,#3347,#3348);
#3346 = CARTESIAN_POINT('',(-7.225,-7.25,1.9));
#3347 = DIRECTION('',(0.,1.,0.));
#3348 = DIRECTION('',(0.,-0.,1.));
#3349 = ADVANCED_FACE('',(#3350,#3384),#3450,.F.);
#3350 = FACE_BOUND('',#3351,.T.);
#3351 = EDGE_LOOP('',(#3352,#3362,#3370,#3378));
#3352 = ORIENTED_EDGE('',*,*,#3353,.F.);
#3353 = EDGE_CURVE('',#3354,#3356,#3358,.T.);
#3354 = VERTEX_POINT('',#3355);
#3355 = CARTESIAN_POINT('',(6.825,-6.090336444337,1.9));
#3356 = VERTEX_POINT('',#3357);
#3357 = CARTESIAN_POINT('',(6.825,-0.329253102891,1.9));
#3358 = LINE('',#3359,#3360);
#3359 = CARTESIAN_POINT('',(6.825,-0.329253102891,1.9));
#3360 = VECTOR('',#3361,1.);
#3361 = DIRECTION('',(-1.505553186062E-16,1.,-0.));
#3362 = ORIENTED_EDGE('',*,*,#3363,.F.);
#3363 = EDGE_CURVE('',#3364,#3354,#3366,.T.);
#3364 = VERTEX_POINT('',#3365);
#3365 = CARTESIAN_POINT('',(4.875,-6.090336444337,1.9));
#3366 = LINE('',#3367,#3368);
#3367 = CARTESIAN_POINT('',(4.875,-6.090336444337,1.9));
#3368 = VECTOR('',#3369,1.);
#3369 = DIRECTION('',(1.,0.,0.));
#3370 = ORIENTED_EDGE('',*,*,#3371,.F.);
#3371 = EDGE_CURVE('',#3372,#3364,#3374,.T.);
#3372 = VERTEX_POINT('',#3373);
#3373 = CARTESIAN_POINT('',(4.875,-0.329253102891,1.9));
#3374 = LINE('',#3375,#3376);
#3375 = CARTESIAN_POINT('',(4.875,-0.329253102891,1.9));
#3376 = VECTOR('',#3377,1.);
#3377 = DIRECTION('',(1.505553186062E-16,-1.,0.));
#3378 = ORIENTED_EDGE('',*,*,#3379,.F.);
#3379 = EDGE_CURVE('',#3356,#3372,#3380,.T.);
#3380 = LINE('',#3381,#3382);
#3381 = CARTESIAN_POINT('',(4.875,-0.329253102891,1.9));
#3382 = VECTOR('',#3383,1.);
#3383 = DIRECTION('',(-1.,-2.780005570476E-17,-0.));
#3384 = FACE_BOUND('',#3385,.T.);
#3385 = EDGE_LOOP('',(#3386,#3396,#3402,#3403,#3404,#3412,#3418,#3419,
    #3420,#3428,#3436,#3444));
#3386 = ORIENTED_EDGE('',*,*,#3387,.T.);
#3387 = EDGE_CURVE('',#3388,#3390,#3392,.T.);
#3388 = VERTEX_POINT('',#3389);
#3389 = CARTESIAN_POINT('',(4.625,5.75,1.9));
#3390 = VERTEX_POINT('',#3391);
#3391 = CARTESIAN_POINT('',(4.625,-7.05,1.9));
#3392 = LINE('',#3393,#3394);
#3393 = CARTESIAN_POINT('',(4.625,5.75,1.9));
#3394 = VECTOR('',#3395,1.);
#3395 = DIRECTION('',(-0.,-1.,-0.));
#3396 = ORIENTED_EDGE('',*,*,#3397,.T.);
#3397 = EDGE_CURVE('',#3390,#3314,#3398,.T.);
#3398 = LINE('',#3399,#3400);
#3399 = CARTESIAN_POINT('',(4.625,-7.05,1.9));
#3400 = VECTOR('',#3401,1.);
#3401 = DIRECTION('',(0.707106781187,-0.707106781187,-0.));
#3402 = ORIENTED_EDGE('',*,*,#3313,.T.);
#3403 = ORIENTED_EDGE('',*,*,#3236,.T.);
#3404 = ORIENTED_EDGE('',*,*,#3405,.F.);
#3405 = EDGE_CURVE('',#3406,#3229,#3408,.T.);
#3406 = VERTEX_POINT('',#3407);
#3407 = CARTESIAN_POINT('',(6.325,5.75,1.9));
#3408 = LINE('',#3409,#3410);
#3409 = CARTESIAN_POINT('',(6.325,5.75,1.9));
#3410 = VECTOR('',#3411,1.);
#3411 = DIRECTION('',(1.,0.,0.));
#3412 = ORIENTED_EDGE('',*,*,#3413,.F.);
#3413 = EDGE_CURVE('',#3259,#3406,#3414,.T.);
#3414 = LINE('',#3415,#3416);
#3415 = CARTESIAN_POINT('',(6.325,7.25,1.9));
#3416 = VECTOR('',#3417,1.);
#3417 = DIRECTION('',(0.,-1.,0.));
#3418 = ORIENTED_EDGE('',*,*,#3258,.T.);
#3419 = ORIENTED_EDGE('',*,*,#3298,.T.);
#3420 = ORIENTED_EDGE('',*,*,#3421,.T.);
#3421 = EDGE_CURVE('',#3291,#3422,#3424,.T.);
#3422 = VERTEX_POINT('',#3423);
#3423 = CARTESIAN_POINT('',(-6.675,-6.55,1.9));
#3424 = LINE('',#3425,#3426);
#3425 = CARTESIAN_POINT('',(0.,-6.55,1.9));
#3426 = VECTOR('',#3427,1.);
#3427 = DIRECTION('',(1.,0.,0.));
#3428 = ORIENTED_EDGE('',*,*,#3429,.T.);
#3429 = EDGE_CURVE('',#3422,#3430,#3432,.T.);
#3430 = VERTEX_POINT('',#3431);
#3431 = CARTESIAN_POINT('',(-6.475,-6.35,1.9));
#3432 = LINE('',#3433,#3434);
#3433 = CARTESIAN_POINT('',(-6.675,-6.55,1.9));
#3434 = VECTOR('',#3435,1.);
#3435 = DIRECTION('',(0.707106781187,0.707106781187,-0.));
#3436 = ORIENTED_EDGE('',*,*,#3437,.F.);
#3437 = EDGE_CURVE('',#3438,#3430,#3440,.T.);
#3438 = VERTEX_POINT('',#3439);
#3439 = CARTESIAN_POINT('',(-6.475,5.75,1.9));
#3440 = LINE('',#3441,#3442);
#3441 = CARTESIAN_POINT('',(-6.475,5.75,1.9));
#3442 = VECTOR('',#3443,1.);
#3443 = DIRECTION('',(-0.,-1.,-0.));
#3444 = ORIENTED_EDGE('',*,*,#3445,.F.);
#3445 = EDGE_CURVE('',#3388,#3438,#3446,.T.);
#3446 = LINE('',#3447,#3448);
#3447 = CARTESIAN_POINT('',(4.625,5.75,1.9));
#3448 = VECTOR('',#3449,1.);
#3449 = DIRECTION('',(-1.,0.,-1.172110456741E-16));
#3450 = PLANE('',#3451);
#3451 = AXIS2_PLACEMENT_3D('',#3452,#3453,#3454);
#3452 = CARTESIAN_POINT('',(0.,0.,1.9));
#3453 = DIRECTION('',(0.,0.,-1.));
#3454 = DIRECTION('',(-1.,0.,-0.));
#3455 = ADVANCED_FACE('',(#3456),#3467,.F.);
#3456 = FACE_BOUND('',#3457,.T.);
#3457 = EDGE_LOOP('',(#3458,#3459,#3465,#3466));
#3458 = ORIENTED_EDGE('',*,*,#3413,.T.);
#3459 = ORIENTED_EDGE('',*,*,#3460,.F.);
#3460 = EDGE_CURVE('',#2745,#3406,#3461,.T.);
#3461 = LINE('',#3462,#3463);
#3462 = CARTESIAN_POINT('',(6.325,5.75,0.));
#3463 = VECTOR('',#3464,1.);
#3464 = DIRECTION('',(-0.,-0.,1.));
#3465 = ORIENTED_EDGE('',*,*,#2744,.F.);
#3466 = ORIENTED_EDGE('',*,*,#3268,.T.);
#3467 = PLANE('',#3468);
#3468 = AXIS2_PLACEMENT_3D('',#3469,#3470,#3471);
#3469 = CARTESIAN_POINT('',(6.325,7.25,0.));
#3470 = DIRECTION('',(-1.,0.,-0.));
#3471 = DIRECTION('',(0.,0.,1.));
#3472 = ADVANCED_FACE('',(#3473),#3479,.F.);
#3473 = FACE_BOUND('',#3474,.T.);
#3474 = EDGE_LOOP('',(#3475,#3476,#3477,#3478));
#3475 = ORIENTED_EDGE('',*,*,#3405,.T.);
#3476 = ORIENTED_EDGE('',*,*,#3228,.F.);
#3477 = ORIENTED_EDGE('',*,*,#2752,.F.);
#3478 = ORIENTED_EDGE('',*,*,#3460,.T.);
#3479 = PLANE('',#3480);
#3480 = AXIS2_PLACEMENT_3D('',#3481,#3482,#3483);
#3481 = CARTESIAN_POINT('',(6.325,5.75,0.));
#3482 = DIRECTION('',(0.,-1.,0.));
#3483 = DIRECTION('',(0.,-0.,-1.));
#3484 = ADVANCED_FACE('',(#3485),#3512,.F.);
#3485 = FACE_BOUND('',#3486,.T.);
#3486 = EDGE_LOOP('',(#3487,#3495,#3503,#3509,#3510,#3511));
#3487 = ORIENTED_EDGE('',*,*,#3488,.T.);
#3488 = EDGE_CURVE('',#2719,#3489,#3491,.T.);
#3489 = VERTEX_POINT('',#3490);
#3490 = CARTESIAN_POINT('',(0.,-6.55,0.75));
#3491 = LINE('',#3492,#3493);
#3492 = CARTESIAN_POINT('',(0.,-6.55,0.));
#3493 = VECTOR('',#3494,1.);
#3494 = DIRECTION('',(-0.,-0.,1.));
#3495 = ORIENTED_EDGE('',*,*,#3496,.T.);
#3496 = EDGE_CURVE('',#3489,#3497,#3499,.T.);
#3497 = VERTEX_POINT('',#3498);
#3498 = CARTESIAN_POINT('',(-6.675,-6.55,0.75));
#3499 = LINE('',#3500,#3501);
#3500 = CARTESIAN_POINT('',(-7.375,-6.55,0.75));
#3501 = VECTOR('',#3502,1.);
#3502 = DIRECTION('',(-1.,0.,-1.269786328136E-16));
#3503 = ORIENTED_EDGE('',*,*,#3504,.T.);
#3504 = EDGE_CURVE('',#3497,#3422,#3505,.T.);
#3505 = LINE('',#3506,#3507);
#3506 = CARTESIAN_POINT('',(-6.675,-6.55,-6.391086490441E-16));
#3507 = VECTOR('',#3508,1.);
#3508 = DIRECTION('',(9.130123557773E-16,0.,1.));
#3509 = ORIENTED_EDGE('',*,*,#3421,.F.);
#3510 = ORIENTED_EDGE('',*,*,#3290,.F.);
#3511 = ORIENTED_EDGE('',*,*,#2718,.F.);
#3512 = PLANE('',#3513);
#3513 = AXIS2_PLACEMENT_3D('',#3514,#3515,#3516);
#3514 = CARTESIAN_POINT('',(-7.375,-6.55,0.));
#3515 = DIRECTION('',(-0.,1.,0.));
#3516 = DIRECTION('',(0.,0.,1.));
#3517 = ADVANCED_FACE('',(#3518),#3530,.F.);
#3518 = FACE_BOUND('',#3519,.F.);
#3519 = EDGE_LOOP('',(#3520,#3521,#3522,#3529));
#3520 = ORIENTED_EDGE('',*,*,#2776,.T.);
#3521 = ORIENTED_EDGE('',*,*,#3488,.T.);
#3522 = ORIENTED_EDGE('',*,*,#3523,.F.);
#3523 = EDGE_CURVE('',#3330,#3489,#3524,.T.);
#3524 = CIRCLE('',#3525,14.021875);
#3525 = AXIS2_PLACEMENT_3D('',#3526,#3527,#3528);
#3526 = CARTESIAN_POINT('',(0.,-20.571875,0.75));
#3527 = DIRECTION('',(0.,0.,1.));
#3528 = DIRECTION('',(-1.,0.,0.));
#3529 = ORIENTED_EDGE('',*,*,#3337,.F.);
#3530 = CYLINDRICAL_SURFACE('',#3531,14.021875);
#3531 = AXIS2_PLACEMENT_3D('',#3532,#3533,#3534);
#3532 = CARTESIAN_POINT('',(0.,-20.571875,0.));
#3533 = DIRECTION('',(-0.,-0.,1.));
#3534 = DIRECTION('',(1.,0.,0.));
#3535 = ADVANCED_FACE('',(#3536),#3561,.F.);
#3536 = FACE_BOUND('',#3537,.T.);
#3537 = EDGE_LOOP('',(#3538,#3539,#3547,#3555));
#3538 = ORIENTED_EDGE('',*,*,#3437,.T.);
#3539 = ORIENTED_EDGE('',*,*,#3540,.T.);
#3540 = EDGE_CURVE('',#3430,#3541,#3543,.T.);
#3541 = VERTEX_POINT('',#3542);
#3542 = CARTESIAN_POINT('',(-6.475,-6.35,0.95));
#3543 = LINE('',#3544,#3545);
#3544 = CARTESIAN_POINT('',(-6.475,-6.35,1.9));
#3545 = VECTOR('',#3546,1.);
#3546 = DIRECTION('',(-9.130123557773E-16,0.,-1.));
#3547 = ORIENTED_EDGE('',*,*,#3548,.F.);
#3548 = EDGE_CURVE('',#3549,#3541,#3551,.T.);
#3549 = VERTEX_POINT('',#3550);
#3550 = CARTESIAN_POINT('',(-6.475,5.75,0.95));
#3551 = LINE('',#3552,#3553);
#3552 = CARTESIAN_POINT('',(-6.475,5.75,0.95));
#3553 = VECTOR('',#3554,1.);
#3554 = DIRECTION('',(-0.,-1.,-0.));
#3555 = ORIENTED_EDGE('',*,*,#3556,.F.);
#3556 = EDGE_CURVE('',#3438,#3549,#3557,.T.);
#3557 = LINE('',#3558,#3559);
#3558 = CARTESIAN_POINT('',(-6.475,5.75,1.9));
#3559 = VECTOR('',#3560,1.);
#3560 = DIRECTION('',(-9.130123557773E-16,0.,-1.));
#3561 = PLANE('',#3562);
#3562 = AXIS2_PLACEMENT_3D('',#3563,#3564,#3565);
#3563 = CARTESIAN_POINT('',(-6.475,5.75,1.9));
#3564 = DIRECTION('',(-1.,0.,9.130123557773E-16));
#3565 = DIRECTION('',(9.130123557773E-16,0.,1.));
#3566 = ADVANCED_FACE('',(#3567),#3609,.F.);
#3567 = FACE_BOUND('',#3568,.T.);
#3568 = EDGE_LOOP('',(#3569,#3580,#3588,#3596,#3602,#3603));
#3569 = ORIENTED_EDGE('',*,*,#3570,.T.);
#3570 = EDGE_CURVE('',#3571,#3573,#3575,.T.);
#3571 = VERTEX_POINT('',#3572);
#3572 = CARTESIAN_POINT('',(-2.539572656272E-17,-6.35,0.95));
#3573 = VERTEX_POINT('',#3574);
#3574 = CARTESIAN_POINT('',(4.4374024961,-7.05,0.95));
#3575 = CIRCLE('',#3576,14.221875);
#3576 = AXIS2_PLACEMENT_3D('',#3577,#3578,#3579);
#3577 = CARTESIAN_POINT('',(0.,-20.571875,0.95));
#3578 = DIRECTION('',(1.269786328136E-16,0.,-1.));
#3579 = DIRECTION('',(-1.,0.,-1.269786328136E-16));
#3580 = ORIENTED_EDGE('',*,*,#3581,.T.);
#3581 = EDGE_CURVE('',#3573,#3582,#3584,.T.);
#3582 = VERTEX_POINT('',#3583);
#3583 = CARTESIAN_POINT('',(4.625,-7.05,0.95));
#3584 = LINE('',#3585,#3586);
#3585 = CARTESIAN_POINT('',(4.625,-7.05,0.95));
#3586 = VECTOR('',#3587,1.);
#3587 = DIRECTION('',(1.,0.,1.269786328136E-16));
#3588 = ORIENTED_EDGE('',*,*,#3589,.F.);
#3589 = EDGE_CURVE('',#3590,#3582,#3592,.T.);
#3590 = VERTEX_POINT('',#3591);
#3591 = CARTESIAN_POINT('',(4.625,5.75,0.95));
#3592 = LINE('',#3593,#3594);
#3593 = CARTESIAN_POINT('',(4.625,5.75,0.95));
#3594 = VECTOR('',#3595,1.);
#3595 = DIRECTION('',(-0.,-1.,-0.));
#3596 = ORIENTED_EDGE('',*,*,#3597,.F.);
#3597 = EDGE_CURVE('',#3549,#3590,#3598,.T.);
#3598 = LINE('',#3599,#3600);
#3599 = CARTESIAN_POINT('',(4.625,5.75,0.95));
#3600 = VECTOR('',#3601,1.);
#3601 = DIRECTION('',(1.,-0.,1.269786328136E-16));
#3602 = ORIENTED_EDGE('',*,*,#3548,.T.);
#3603 = ORIENTED_EDGE('',*,*,#3604,.T.);
#3604 = EDGE_CURVE('',#3541,#3571,#3605,.T.);
#3605 = LINE('',#3606,#3607);
#3606 = CARTESIAN_POINT('',(4.625,-6.35,0.95));
#3607 = VECTOR('',#3608,1.);
#3608 = DIRECTION('',(1.,0.,1.269786328136E-16));
#3609 = PLANE('',#3610);
#3610 = AXIS2_PLACEMENT_3D('',#3611,#3612,#3613);
#3611 = CARTESIAN_POINT('',(4.625,5.75,0.95));
#3612 = DIRECTION('',(1.269786328136E-16,0.,-1.));
#3613 = DIRECTION('',(-1.,0.,-1.269786328136E-16));
#3614 = ADVANCED_FACE('',(#3615),#3631,.F.);
#3615 = FACE_BOUND('',#3616,.T.);
#3616 = EDGE_LOOP('',(#3617,#3618,#3624,#3625));
#3617 = ORIENTED_EDGE('',*,*,#3589,.T.);
#3618 = ORIENTED_EDGE('',*,*,#3619,.T.);
#3619 = EDGE_CURVE('',#3582,#3390,#3620,.T.);
#3620 = LINE('',#3621,#3622);
#3621 = CARTESIAN_POINT('',(4.625,-7.05,1.9));
#3622 = VECTOR('',#3623,1.);
#3623 = DIRECTION('',(0.,0.,1.));
#3624 = ORIENTED_EDGE('',*,*,#3387,.F.);
#3625 = ORIENTED_EDGE('',*,*,#3626,.F.);
#3626 = EDGE_CURVE('',#3590,#3388,#3627,.T.);
#3627 = LINE('',#3628,#3629);
#3628 = CARTESIAN_POINT('',(4.625,5.75,1.9));
#3629 = VECTOR('',#3630,1.);
#3630 = DIRECTION('',(-0.,-0.,1.));
#3631 = PLANE('',#3632);
#3632 = AXIS2_PLACEMENT_3D('',#3633,#3634,#3635);
#3633 = CARTESIAN_POINT('',(4.625,5.75,1.9));
#3634 = DIRECTION('',(1.,-0.,0.));
#3635 = DIRECTION('',(0.,0.,-1.));
#3636 = ADVANCED_FACE('',(#3637),#3643,.F.);
#3637 = FACE_BOUND('',#3638,.T.);
#3638 = EDGE_LOOP('',(#3639,#3640,#3641,#3642));
#3639 = ORIENTED_EDGE('',*,*,#3626,.T.);
#3640 = ORIENTED_EDGE('',*,*,#3445,.T.);
#3641 = ORIENTED_EDGE('',*,*,#3556,.T.);
#3642 = ORIENTED_EDGE('',*,*,#3597,.T.);
#3643 = PLANE('',#3644);
#3644 = AXIS2_PLACEMENT_3D('',#3645,#3646,#3647);
#3645 = CARTESIAN_POINT('',(0.,5.75,0.));
#3646 = DIRECTION('',(0.,1.,0.));
#3647 = DIRECTION('',(0.,-0.,1.));
#3648 = ADVANCED_FACE('',(#3649),#3660,.F.);
#3649 = FACE_BOUND('',#3650,.T.);
#3650 = EDGE_LOOP('',(#3651,#3652,#3653,#3659));
#3651 = ORIENTED_EDGE('',*,*,#3429,.F.);
#3652 = ORIENTED_EDGE('',*,*,#3504,.F.);
#3653 = ORIENTED_EDGE('',*,*,#3654,.F.);
#3654 = EDGE_CURVE('',#3541,#3497,#3655,.T.);
#3655 = LINE('',#3656,#3657);
#3656 = CARTESIAN_POINT('',(-6.908333333333,-6.783333333333,
    0.516666666667));
#3657 = VECTOR('',#3658,1.);
#3658 = DIRECTION('',(-0.57735026919,-0.57735026919,-0.57735026919));
#3659 = ORIENTED_EDGE('',*,*,#3540,.F.);
#3660 = PLANE('',#3661);
#3661 = AXIS2_PLACEMENT_3D('',#3662,#3663,#3664);
#3662 = CARTESIAN_POINT('',(-6.675,-6.55,-6.391086490441E-16));
#3663 = DIRECTION('',(-0.707106781187,0.707106781187,6.455972280772E-16)
  );
#3664 = DIRECTION('',(9.130123557773E-16,3.632421893644E-32,1.));
#3665 = ADVANCED_FACE('',(#3666),#3677,.F.);
#3666 = FACE_BOUND('',#3667,.T.);
#3667 = EDGE_LOOP('',(#3668,#3669,#3670,#3676));
#3668 = ORIENTED_EDGE('',*,*,#3654,.T.);
#3669 = ORIENTED_EDGE('',*,*,#3496,.F.);
#3670 = ORIENTED_EDGE('',*,*,#3671,.F.);
#3671 = EDGE_CURVE('',#3571,#3489,#3672,.T.);
#3672 = LINE('',#3673,#3674);
#3673 = CARTESIAN_POINT('',(-2.539572656272E-17,-6.35,0.95));
#3674 = VECTOR('',#3675,1.);
#3675 = DIRECTION('',(8.978745232831E-17,-0.707106781187,-0.707106781187
    ));
#3676 = ORIENTED_EDGE('',*,*,#3604,.F.);
#3677 = PLANE('',#3678);
#3678 = AXIS2_PLACEMENT_3D('',#3679,#3680,#3681);
#3679 = CARTESIAN_POINT('',(-7.375,-6.55,0.75));
#3680 = DIRECTION('',(8.978745232831E-17,0.707106781187,-0.707106781187)
  );
#3681 = DIRECTION('',(-1.,-1.05270267033E-32,-1.269786328136E-16));
#3682 = ADVANCED_FACE('',(#3683),#3695,.F.);
#3683 = FACE_BOUND('',#3684,.F.);
#3684 = EDGE_LOOP('',(#3685,#3686,#3693,#3694));
#3685 = ORIENTED_EDGE('',*,*,#3570,.T.);
#3686 = ORIENTED_EDGE('',*,*,#3687,.T.);
#3687 = EDGE_CURVE('',#3573,#3330,#3688,.T.);
#3688 = B_SPLINE_CURVE_WITH_KNOTS('',3,(#3689,#3690,#3691,#3692),
  .UNSPECIFIED.,.F.,.F.,(4,4),(0.,1.),.PIECEWISE_BEZIER_KNOTS.);
#3689 = CARTESIAN_POINT('',(4.4374024961,-7.05,0.95));
#3690 = CARTESIAN_POINT('',(4.416601664067,-7.119994799792,
    0.880005200208));
#3691 = CARTESIAN_POINT('',(4.395800832033,-7.184997399896,
    0.815002600104));
#3692 = CARTESIAN_POINT('',(4.375,-7.25,0.75));
#3693 = ORIENTED_EDGE('',*,*,#3523,.T.);
#3694 = ORIENTED_EDGE('',*,*,#3671,.F.);
#3695 = CONICAL_SURFACE('',#3696,14.021875,0.785398163397);
#3696 = AXIS2_PLACEMENT_3D('',#3697,#3698,#3699);
#3697 = CARTESIAN_POINT('',(0.,-20.571875,0.75));
#3698 = DIRECTION('',(0.,0.,1.));
#3699 = DIRECTION('',(1.,0.,-0.));
#3700 = ADVANCED_FACE('',(#3701),#3712,.F.);
#3701 = FACE_BOUND('',#3702,.T.);
#3702 = EDGE_LOOP('',(#3703,#3704,#3705,#3711));
#3703 = ORIENTED_EDGE('',*,*,#3687,.T.);
#3704 = ORIENTED_EDGE('',*,*,#3329,.F.);
#3705 = ORIENTED_EDGE('',*,*,#3706,.F.);
#3706 = EDGE_CURVE('',#3582,#3322,#3707,.T.);
#3707 = LINE('',#3708,#3709);
#3708 = CARTESIAN_POINT('',(0.808333333333,-3.233333333333,
    4.766666666667));
#3709 = VECTOR('',#3710,1.);
#3710 = DIRECTION('',(0.57735026919,-0.57735026919,-0.57735026919));
#3711 = ORIENTED_EDGE('',*,*,#3581,.F.);
#3712 = PLANE('',#3713);
#3713 = AXIS2_PLACEMENT_3D('',#3714,#3715,#3716);
#3714 = CARTESIAN_POINT('',(-7.225,-7.25,0.75));
#3715 = DIRECTION('',(8.978745232831E-17,0.707106781187,-0.707106781187)
  );
#3716 = DIRECTION('',(-1.,5.546343800727E-33,-1.269786328136E-16));
#3717 = ADVANCED_FACE('',(#3718),#3724,.F.);
#3718 = FACE_BOUND('',#3719,.T.);
#3719 = EDGE_LOOP('',(#3720,#3721,#3722,#3723));
#3720 = ORIENTED_EDGE('',*,*,#3706,.T.);
#3721 = ORIENTED_EDGE('',*,*,#3321,.F.);
#3722 = ORIENTED_EDGE('',*,*,#3397,.F.);
#3723 = ORIENTED_EDGE('',*,*,#3619,.F.);
#3724 = PLANE('',#3725);
#3725 = AXIS2_PLACEMENT_3D('',#3726,#3727,#3728);
#3726 = CARTESIAN_POINT('',(4.625,-7.05,1.9));
#3727 = DIRECTION('',(0.707106781187,0.707106781187,0.));
#3728 = DIRECTION('',(-0.,0.,1.));
#3729 = ADVANCED_FACE('',(#3730),#3742,.T.);
#3730 = FACE_BOUND('',#3731,.T.);
#3731 = EDGE_LOOP('',(#3732,#3733,#3740,#3741));
#3732 = ORIENTED_EDGE('',*,*,#1717,.F.);
#3733 = ORIENTED_EDGE('',*,*,#3734,.T.);
#3734 = EDGE_CURVE('',#1654,#1662,#3735,.T.);
#3735 = CIRCLE('',#3736,0.4);
#3736 = AXIS2_PLACEMENT_3D('',#3737,#3738,#3739);
#3737 = CARTESIAN_POINT('',(-4.95,-3.25,-0.5));
#3738 = DIRECTION('',(0.,0.,1.));
#3739 = DIRECTION('',(-1.,0.,0.));
#3740 = ORIENTED_EDGE('',*,*,#1734,.T.);
#3741 = ORIENTED_EDGE('',*,*,#2708,.T.);
#3742 = CYLINDRICAL_SURFACE('',#3743,0.4);
#3743 = AXIS2_PLACEMENT_3D('',#3744,#3745,#3746);
#3744 = CARTESIAN_POINT('',(-4.95,-3.25,-0.6));
#3745 = DIRECTION('',(-0.,-0.,1.));
#3746 = DIRECTION('',(1.,0.,0.));
#3747 = ADVANCED_FACE('',(#3748),#3758,.T.);
#3748 = FACE_BOUND('',#3749,.T.);
#3749 = EDGE_LOOP('',(#3750,#3757));
#3750 = ORIENTED_EDGE('',*,*,#3751,.T.);
#3751 = EDGE_CURVE('',#1645,#1643,#3752,.T.);
#3752 = CIRCLE('',#3753,0.3);
#3753 = AXIS2_PLACEMENT_3D('',#3754,#3755,#3756);
#3754 = CARTESIAN_POINT('',(-4.95,-3.25,-0.6));
#3755 = DIRECTION('',(0.,0.,-1.));
#3756 = DIRECTION('',(-1.,0.,0.));
#3757 = ORIENTED_EDGE('',*,*,#1642,.T.);
#3758 = PLANE('',#3759);
#3759 = AXIS2_PLACEMENT_3D('',#3760,#3761,#3762);
#3760 = CARTESIAN_POINT('',(-4.95,-3.25,-0.6));
#3761 = DIRECTION('',(0.,0.,-1.));
#3762 = DIRECTION('',(-1.,0.,-0.));
#3763 = ADVANCED_FACE('',(#3764),#3776,.T.);
#3764 = FACE_BOUND('',#3765,.T.);
#3765 = EDGE_LOOP('',(#3766,#3767,#3774,#3775));
#3766 = ORIENTED_EDGE('',*,*,#1685,.F.);
#3767 = ORIENTED_EDGE('',*,*,#3768,.T.);
#3768 = EDGE_CURVE('',#1612,#1620,#3769,.T.);
#3769 = CIRCLE('',#3770,0.4);
#3770 = AXIS2_PLACEMENT_3D('',#3771,#3772,#3773);
#3771 = CARTESIAN_POINT('',(3.05,-3.25,-0.5));
#3772 = DIRECTION('',(0.,0.,1.));
#3773 = DIRECTION('',(-1.,0.,0.));
#3774 = ORIENTED_EDGE('',*,*,#1702,.T.);
#3775 = ORIENTED_EDGE('',*,*,#2698,.T.);
#3776 = CYLINDRICAL_SURFACE('',#3777,0.4);
#3777 = AXIS2_PLACEMENT_3D('',#3778,#3779,#3780);
#3778 = CARTESIAN_POINT('',(3.05,-3.25,-0.6));
#3779 = DIRECTION('',(-0.,-0.,1.));
#3780 = DIRECTION('',(1.,0.,0.));
#3781 = ADVANCED_FACE('',(#3782),#3792,.T.);
#3782 = FACE_BOUND('',#3783,.T.);
#3783 = EDGE_LOOP('',(#3784,#3791));
#3784 = ORIENTED_EDGE('',*,*,#3785,.T.);
#3785 = EDGE_CURVE('',#1603,#1601,#3786,.T.);
#3786 = CIRCLE('',#3787,0.3);
#3787 = AXIS2_PLACEMENT_3D('',#3788,#3789,#3790);
#3788 = CARTESIAN_POINT('',(3.05,-3.25,-0.6));
#3789 = DIRECTION('',(0.,0.,-1.));
#3790 = DIRECTION('',(-1.,0.,0.));
#3791 = ORIENTED_EDGE('',*,*,#1600,.T.);
#3792 = PLANE('',#3793);
#3793 = AXIS2_PLACEMENT_3D('',#3794,#3795,#3796);
#3794 = CARTESIAN_POINT('',(3.05,-3.25,-0.6));
#3795 = DIRECTION('',(0.,0.,-1.));
#3796 = DIRECTION('',(-1.,0.,-0.));
#3797 = ADVANCED_FACE('',(#3798),#3804,.T.);
#3798 = FACE_BOUND('',#3799,.T.);
#3799 = EDGE_LOOP('',(#3800,#3801,#3802,#3803));
#3800 = ORIENTED_EDGE('',*,*,#1653,.F.);
#3801 = ORIENTED_EDGE('',*,*,#3751,.F.);
#3802 = ORIENTED_EDGE('',*,*,#1670,.T.);
#3803 = ORIENTED_EDGE('',*,*,#3734,.F.);
#3804 = CONICAL_SURFACE('',#3805,0.3,0.785398163397);
#3805 = AXIS2_PLACEMENT_3D('',#3806,#3807,#3808);
#3806 = CARTESIAN_POINT('',(-4.95,-3.25,-0.6));
#3807 = DIRECTION('',(0.,0.,1.));
#3808 = DIRECTION('',(1.,0.,-0.));
#3809 = ADVANCED_FACE('',(#3810),#3816,.T.);
#3810 = FACE_BOUND('',#3811,.T.);
#3811 = EDGE_LOOP('',(#3812,#3813,#3814,#3815));
#3812 = ORIENTED_EDGE('',*,*,#1611,.F.);
#3813 = ORIENTED_EDGE('',*,*,#3785,.F.);
#3814 = ORIENTED_EDGE('',*,*,#1628,.T.);
#3815 = ORIENTED_EDGE('',*,*,#3768,.F.);
#3816 = CONICAL_SURFACE('',#3817,0.3,0.785398163397);
#3817 = AXIS2_PLACEMENT_3D('',#3818,#3819,#3820);
#3818 = CARTESIAN_POINT('',(3.05,-3.25,-0.6));
#3819 = DIRECTION('',(0.,0.,1.));
#3820 = DIRECTION('',(1.,0.,-0.));
#3821 = ADVANCED_FACE('',(#3822),#3847,.T.);
#3822 = FACE_BOUND('',#3823,.T.);
#3823 = EDGE_LOOP('',(#3824,#3825,#3833,#3841));
#3824 = ORIENTED_EDGE('',*,*,#2642,.F.);
#3825 = ORIENTED_EDGE('',*,*,#3826,.F.);
#3826 = EDGE_CURVE('',#3827,#2635,#3829,.T.);
#3827 = VERTEX_POINT('',#3828);
#3828 = CARTESIAN_POINT('',(-1.69512195122,-0.969872968019,2.E-02));
#3829 = LINE('',#3830,#3831);
#3830 = CARTESIAN_POINT('',(-1.69512195122,-0.969872968019,2.E-02));
#3831 = VECTOR('',#3832,1.);
#3832 = DIRECTION('',(-0.,-0.,-1.));
#3833 = ORIENTED_EDGE('',*,*,#3834,.T.);
#3834 = EDGE_CURVE('',#3827,#3835,#3837,.T.);
#3835 = VERTEX_POINT('',#3836);
#3836 = CARTESIAN_POINT('',(-2.085365853659,-1.969872968019,2.E-02));
#3837 = LINE('',#3838,#3839);
#3838 = CARTESIAN_POINT('',(-1.69512195122,-0.969872968019,2.E-02));
#3839 = VECTOR('',#3840,1.);
#3840 = DIRECTION('',(-0.363542485653,-0.931577619485,0.));
#3841 = ORIENTED_EDGE('',*,*,#3842,.T.);
#3842 = EDGE_CURVE('',#3835,#2643,#3843,.T.);
#3843 = LINE('',#3844,#3845);
#3844 = CARTESIAN_POINT('',(-2.085365853659,-1.969872968019,2.E-02));
#3845 = VECTOR('',#3846,1.);
#3846 = DIRECTION('',(-0.,-0.,-1.));
#3847 = PLANE('',#3848);
#3848 = AXIS2_PLACEMENT_3D('',#3849,#3850,#3851);
#3849 = CARTESIAN_POINT('',(-1.69512195122,-0.969872968019,2.E-02));
#3850 = DIRECTION('',(0.931577619485,-0.363542485653,0.));
#3851 = DIRECTION('',(0.363542485653,0.931577619485,0.));
#3852 = ADVANCED_FACE('',(#3853),#3871,.T.);
#3853 = FACE_BOUND('',#3854,.T.);
#3854 = EDGE_LOOP('',(#3855,#3856,#3857,#3865));
#3855 = ORIENTED_EDGE('',*,*,#2650,.F.);
#3856 = ORIENTED_EDGE('',*,*,#3842,.F.);
#3857 = ORIENTED_EDGE('',*,*,#3858,.T.);
#3858 = EDGE_CURVE('',#3835,#3859,#3861,.T.);
#3859 = VERTEX_POINT('',#3860);
#3860 = CARTESIAN_POINT('',(-1.939024390244,-1.969872968019,2.E-02));
#3861 = LINE('',#3862,#3863);
#3862 = CARTESIAN_POINT('',(-2.085365853659,-1.969872968019,2.E-02));
#3863 = VECTOR('',#3864,1.);
#3864 = DIRECTION('',(1.,0.,0.));
#3865 = ORIENTED_EDGE('',*,*,#3866,.T.);
#3866 = EDGE_CURVE('',#3859,#2651,#3867,.T.);
#3867 = LINE('',#3868,#3869);
#3868 = CARTESIAN_POINT('',(-1.939024390244,-1.969872968019,2.E-02));
#3869 = VECTOR('',#3870,1.);
#3870 = DIRECTION('',(-0.,-0.,-1.));
#3871 = PLANE('',#3872);
#3872 = AXIS2_PLACEMENT_3D('',#3873,#3874,#3875);
#3873 = CARTESIAN_POINT('',(-2.085365853659,-1.969872968019,2.E-02));
#3874 = DIRECTION('',(0.,1.,0.));
#3875 = DIRECTION('',(0.,-0.,1.));
#3876 = ADVANCED_FACE('',(#3877),#3895,.T.);
#3877 = FACE_BOUND('',#3878,.T.);
#3878 = EDGE_LOOP('',(#3879,#3880,#3881,#3889));
#3879 = ORIENTED_EDGE('',*,*,#2658,.F.);
#3880 = ORIENTED_EDGE('',*,*,#3866,.F.);
#3881 = ORIENTED_EDGE('',*,*,#3882,.T.);
#3882 = EDGE_CURVE('',#3859,#3883,#3885,.T.);
#3883 = VERTEX_POINT('',#3884);
#3884 = CARTESIAN_POINT('',(-1.837842987805,-1.689385163141,2.E-02));
#3885 = LINE('',#3886,#3887);
#3886 = CARTESIAN_POINT('',(-1.939024390244,-1.969872968019,2.E-02));
#3887 = VECTOR('',#3888,1.);
#3888 = DIRECTION('',(0.339330377275,0.940667260544,0.));
#3889 = ORIENTED_EDGE('',*,*,#3890,.T.);
#3890 = EDGE_CURVE('',#3883,#2659,#3891,.T.);
#3891 = LINE('',#3892,#3893);
#3892 = CARTESIAN_POINT('',(-1.837842987805,-1.689385163141,2.E-02));
#3893 = VECTOR('',#3894,1.);
#3894 = DIRECTION('',(-0.,-0.,-1.));
#3895 = PLANE('',#3896);
#3896 = AXIS2_PLACEMENT_3D('',#3897,#3898,#3899);
#3897 = CARTESIAN_POINT('',(-1.939024390244,-1.969872968019,2.E-02));
#3898 = DIRECTION('',(-0.940667260544,0.339330377275,0.));
#3899 = DIRECTION('',(-0.339330377275,-0.940667260544,0.));
#3900 = ADVANCED_FACE('',(#3901),#3919,.T.);
#3901 = FACE_BOUND('',#3902,.T.);
#3902 = EDGE_LOOP('',(#3903,#3904,#3905,#3913));
#3903 = ORIENTED_EDGE('',*,*,#2666,.F.);
#3904 = ORIENTED_EDGE('',*,*,#3890,.F.);
#3905 = ORIENTED_EDGE('',*,*,#3906,.T.);
#3906 = EDGE_CURVE('',#3883,#3907,#3909,.T.);
#3907 = VERTEX_POINT('',#3908);
#3908 = CARTESIAN_POINT('',(-1.424733231707,-1.689385163141,2.E-02));
#3909 = LINE('',#3910,#3911);
#3910 = CARTESIAN_POINT('',(-1.837842987805,-1.689385163141,2.E-02));
#3911 = VECTOR('',#3912,1.);
#3912 = DIRECTION('',(1.,0.,0.));
#3913 = ORIENTED_EDGE('',*,*,#3914,.T.);
#3914 = EDGE_CURVE('',#3907,#2667,#3915,.T.);
#3915 = LINE('',#3916,#3917);
#3916 = CARTESIAN_POINT('',(-1.424733231707,-1.689385163141,2.E-02));
#3917 = VECTOR('',#3918,1.);
#3918 = DIRECTION('',(-0.,-0.,-1.));
#3919 = PLANE('',#3920);
#3920 = AXIS2_PLACEMENT_3D('',#3921,#3922,#3923);
#3921 = CARTESIAN_POINT('',(-1.837842987805,-1.689385163141,2.E-02));
#3922 = DIRECTION('',(0.,1.,0.));
#3923 = DIRECTION('',(0.,-0.,1.));
#3924 = ADVANCED_FACE('',(#3925),#3943,.T.);
#3925 = FACE_BOUND('',#3926,.T.);
#3926 = EDGE_LOOP('',(#3927,#3928,#3929,#3937));
#3927 = ORIENTED_EDGE('',*,*,#2674,.F.);
#3928 = ORIENTED_EDGE('',*,*,#3914,.F.);
#3929 = ORIENTED_EDGE('',*,*,#3930,.T.);
#3930 = EDGE_CURVE('',#3907,#3931,#3933,.T.);
#3931 = VERTEX_POINT('',#3932);
#3932 = CARTESIAN_POINT('',(-1.329268292683,-1.969872968019,2.E-02));
#3933 = LINE('',#3934,#3935);
#3934 = CARTESIAN_POINT('',(-1.424733231707,-1.689385163141,2.E-02));
#3935 = VECTOR('',#3936,1.);
#3936 = DIRECTION('',(0.322202485606,-0.946670776072,0.));
#3937 = ORIENTED_EDGE('',*,*,#3938,.T.);
#3938 = EDGE_CURVE('',#3931,#2675,#3939,.T.);
#3939 = LINE('',#3940,#3941);
#3940 = CARTESIAN_POINT('',(-1.329268292683,-1.969872968019,2.E-02));
#3941 = VECTOR('',#3942,1.);
#3942 = DIRECTION('',(-0.,-0.,-1.));
#3943 = PLANE('',#3944);
#3944 = AXIS2_PLACEMENT_3D('',#3945,#3946,#3947);
#3945 = CARTESIAN_POINT('',(-1.424733231707,-1.689385163141,2.E-02));
#3946 = DIRECTION('',(0.946670776072,0.322202485606,-0.));
#3947 = DIRECTION('',(-0.322202485606,0.946670776072,0.));
#3948 = ADVANCED_FACE('',(#3949),#3967,.T.);
#3949 = FACE_BOUND('',#3950,.T.);
#3950 = EDGE_LOOP('',(#3951,#3952,#3953,#3961));
#3951 = ORIENTED_EDGE('',*,*,#2682,.F.);
#3952 = ORIENTED_EDGE('',*,*,#3938,.F.);
#3953 = ORIENTED_EDGE('',*,*,#3954,.T.);
#3954 = EDGE_CURVE('',#3931,#3955,#3957,.T.);
#3955 = VERTEX_POINT('',#3956);
#3956 = CARTESIAN_POINT('',(-1.182926829268,-1.969872968019,2.E-02));
#3957 = LINE('',#3958,#3959);
#3958 = CARTESIAN_POINT('',(-1.329268292683,-1.969872968019,2.E-02));
#3959 = VECTOR('',#3960,1.);
#3960 = DIRECTION('',(1.,0.,0.));
#3961 = ORIENTED_EDGE('',*,*,#3962,.T.);
#3962 = EDGE_CURVE('',#3955,#2683,#3963,.T.);
#3963 = LINE('',#3964,#3965);
#3964 = CARTESIAN_POINT('',(-1.182926829268,-1.969872968019,2.E-02));
#3965 = VECTOR('',#3966,1.);
#3966 = DIRECTION('',(-0.,-0.,-1.));
#3967 = PLANE('',#3968);
#3968 = AXIS2_PLACEMENT_3D('',#3969,#3970,#3971);
#3969 = CARTESIAN_POINT('',(-1.329268292683,-1.969872968019,2.E-02));
#3970 = DIRECTION('',(0.,1.,0.));
#3971 = DIRECTION('',(0.,-0.,1.));
#3972 = ADVANCED_FACE('',(#3973),#3991,.T.);
#3973 = FACE_BOUND('',#3974,.T.);
#3974 = EDGE_LOOP('',(#3975,#3976,#3977,#3985));
#3975 = ORIENTED_EDGE('',*,*,#2690,.F.);
#3976 = ORIENTED_EDGE('',*,*,#3962,.F.);
#3977 = ORIENTED_EDGE('',*,*,#3978,.T.);
#3978 = EDGE_CURVE('',#3955,#3979,#3981,.T.);
#3979 = VERTEX_POINT('',#3980);
#3980 = CARTESIAN_POINT('',(-1.560975609756,-0.969872968019,2.E-02));
#3981 = LINE('',#3982,#3983);
#3982 = CARTESIAN_POINT('',(-1.182926829268,-1.969872968019,2.E-02));
#3983 = VECTOR('',#3984,1.);
#3984 = DIRECTION('',(-0.353622392329,0.93538826358,0.));
#3985 = ORIENTED_EDGE('',*,*,#3986,.T.);
#3986 = EDGE_CURVE('',#3979,#2633,#3987,.T.);
#3987 = LINE('',#3988,#3989);
#3988 = CARTESIAN_POINT('',(-1.560975609756,-0.969872968019,2.E-02));
#3989 = VECTOR('',#3990,1.);
#3990 = DIRECTION('',(-0.,-0.,-1.));
#3991 = PLANE('',#3992);
#3992 = AXIS2_PLACEMENT_3D('',#3993,#3994,#3995);
#3993 = CARTESIAN_POINT('',(-1.182926829268,-1.969872968019,2.E-02));
#3994 = DIRECTION('',(-0.93538826358,-0.353622392329,0.));
#3995 = DIRECTION('',(0.353622392329,-0.93538826358,0.));
#3996 = ADVANCED_FACE('',(#3997),#4008,.T.);
#3997 = FACE_BOUND('',#3998,.T.);
#3998 = EDGE_LOOP('',(#3999,#4000,#4001,#4007));
#3999 = ORIENTED_EDGE('',*,*,#2632,.F.);
#4000 = ORIENTED_EDGE('',*,*,#3986,.F.);
#4001 = ORIENTED_EDGE('',*,*,#4002,.T.);
#4002 = EDGE_CURVE('',#3979,#3827,#4003,.T.);
#4003 = LINE('',#4004,#4005);
#4004 = CARTESIAN_POINT('',(-1.560975609756,-0.969872968019,2.E-02));
#4005 = VECTOR('',#4006,1.);
#4006 = DIRECTION('',(-1.,0.,0.));
#4007 = ORIENTED_EDGE('',*,*,#3826,.T.);
#4008 = PLANE('',#4009);
#4009 = AXIS2_PLACEMENT_3D('',#4010,#4011,#4012);
#4010 = CARTESIAN_POINT('',(-1.560975609756,-0.969872968019,2.E-02));
#4011 = DIRECTION('',(0.,-1.,0.));
#4012 = DIRECTION('',(0.,-0.,-1.));
#4013 = ADVANCED_FACE('',(#4014,#4072),#4082,.F.);
#4014 = FACE_BOUND('',#4015,.T.);
#4015 = EDGE_LOOP('',(#4016,#4026,#4034,#4046,#4054,#4066));
#4016 = ORIENTED_EDGE('',*,*,#4017,.F.);
#4017 = EDGE_CURVE('',#4018,#4020,#4022,.T.);
#4018 = VERTEX_POINT('',#4019);
#4019 = CARTESIAN_POINT('',(-1.458460365854,-1.57962906558,2.E-02));
#4020 = VERTEX_POINT('',#4021);
#4021 = CARTESIAN_POINT('',(-1.79287347561,-1.57962906558,2.E-02));
#4022 = LINE('',#4023,#4024);
#4023 = CARTESIAN_POINT('',(-1.458460365854,-1.57962906558,2.E-02));
#4024 = VECTOR('',#4025,1.);
#4025 = DIRECTION('',(-1.,0.,0.));
#4026 = ORIENTED_EDGE('',*,*,#4027,.F.);
#4027 = EDGE_CURVE('',#4028,#4018,#4030,.T.);
#4028 = VERTEX_POINT('',#4029);
#4029 = CARTESIAN_POINT('',(-1.607660060976,-1.16194613875,2.E-02));
#4030 = LINE('',#4031,#4032);
#4031 = CARTESIAN_POINT('',(-1.607660060976,-1.16194613875,2.E-02));
#4032 = VECTOR('',#4033,1.);
#4033 = DIRECTION('',(0.336390827665,-0.941722470297,0.));
#4034 = ORIENTED_EDGE('',*,*,#4035,.F.);
#4035 = EDGE_CURVE('',#4036,#4028,#4038,.T.);
#4036 = VERTEX_POINT('',#4037);
#4037 = CARTESIAN_POINT('',(-1.623666158537,-1.091824187531,2.E-02));
#4038 = B_SPLINE_CURVE_WITH_KNOTS('',3,(#4039,#4040,#4041,#4042,#4043,
    #4044,#4045),.UNSPECIFIED.,.F.,.F.,(4,1,1,1,4),(0.,0.300541113159,
    0.567747146484,0.800033613737,1.),.UNSPECIFIED.);
#4039 = CARTESIAN_POINT('',(-1.623666158537,-1.091824187531,2.E-02));
#4040 = CARTESIAN_POINT('',(-1.622500076064,-1.098945079819,2.E-02));
#4041 = CARTESIAN_POINT('',(-1.620297249338,-1.112397037305,2.E-02));
#4042 = CARTESIAN_POINT('',(-1.61657876113,-1.131246014762,2.E-02));
#4043 = CARTESIAN_POINT('',(-1.612438620541,-1.147535825986,2.E-02));
#4044 = CARTESIAN_POINT('',(-1.609171484905,-1.157388260744,2.E-02));
#4045 = CARTESIAN_POINT('',(-1.607660060976,-1.16194613875,2.E-02));
#4046 = ORIENTED_EDGE('',*,*,#4047,.F.);
#4047 = EDGE_CURVE('',#4048,#4036,#4050,.T.);
#4048 = VERTEX_POINT('',#4049);
#4049 = CARTESIAN_POINT('',(-1.626905487805,-1.091824187531,2.E-02));
#4050 = LINE('',#4051,#4052);
#4051 = CARTESIAN_POINT('',(-1.626905487805,-1.091824187531,2.E-02));
#4052 = VECTOR('',#4053,1.);
#4053 = DIRECTION('',(1.,0.,0.));
#4054 = ORIENTED_EDGE('',*,*,#4055,.F.);
#4055 = EDGE_CURVE('',#4056,#4048,#4058,.T.);
#4056 = VERTEX_POINT('',#4057);
#4057 = CARTESIAN_POINT('',(-1.642339939024,-1.16194613875,2.E-02));
#4058 = B_SPLINE_CURVE_WITH_KNOTS('',3,(#4059,#4060,#4061,#4062,#4063,
    #4064,#4065),.UNSPECIFIED.,.F.,.F.,(4,1,1,1,4),(0.,0.174481715317,
    0.398285759128,0.673897847399,1.),.UNSPECIFIED.);
#4059 = CARTESIAN_POINT('',(-1.642339939024,-1.16194613875,2.E-02));
#4060 = CARTESIAN_POINT('',(-1.641092033901,-1.157956304297,2.E-02));
#4061 = CARTESIAN_POINT('',(-1.638243466998,-1.14884879271,2.E-02));
#4062 = CARTESIAN_POINT('',(-1.634510659029,-1.133129733136,2.E-02));
#4063 = CARTESIAN_POINT('',(-1.630850875082,-1.113696081157,2.E-02));
#4064 = CARTESIAN_POINT('',(-1.628292183807,-1.099511561502,2.E-02));
#4065 = CARTESIAN_POINT('',(-1.626905487805,-1.091824187531,2.E-02));
#4066 = ORIENTED_EDGE('',*,*,#4067,.F.);
#4067 = EDGE_CURVE('',#4020,#4056,#4068,.T.);
#4068 = LINE('',#4069,#4070);
#4069 = CARTESIAN_POINT('',(-1.79287347561,-1.57962906558,2.E-02));
#4070 = VECTOR('',#4071,1.);
#4071 = DIRECTION('',(0.339053795485,0.940766986967,0.));
#4072 = FACE_BOUND('',#4073,.T.);
#4073 = EDGE_LOOP('',(#4074,#4075,#4076,#4077,#4078,#4079,#4080,#4081));
#4074 = ORIENTED_EDGE('',*,*,#3834,.F.);
#4075 = ORIENTED_EDGE('',*,*,#4002,.F.);
#4076 = ORIENTED_EDGE('',*,*,#3978,.F.);
#4077 = ORIENTED_EDGE('',*,*,#3954,.F.);
#4078 = ORIENTED_EDGE('',*,*,#3930,.F.);
#4079 = ORIENTED_EDGE('',*,*,#3906,.F.);
#4080 = ORIENTED_EDGE('',*,*,#3882,.F.);
#4081 = ORIENTED_EDGE('',*,*,#3858,.F.);
#4082 = PLANE('',#4083);
#4083 = AXIS2_PLACEMENT_3D('',#4084,#4085,#4086);
#4084 = CARTESIAN_POINT('',(0.,0.,2.E-02));
#4085 = DIRECTION('',(-0.,0.,1.));
#4086 = DIRECTION('',(1.,0.,0.));
#4087 = ADVANCED_FACE('',(#4088),#4113,.T.);
#4088 = FACE_BOUND('',#4089,.T.);
#4089 = EDGE_LOOP('',(#4090,#4100,#4106,#4107));
#4090 = ORIENTED_EDGE('',*,*,#4091,.F.);
#4091 = EDGE_CURVE('',#4092,#4094,#4096,.T.);
#4092 = VERTEX_POINT('',#4093);
#4093 = CARTESIAN_POINT('',(-1.458460365854,-1.57962906558,0.));
#4094 = VERTEX_POINT('',#4095);
#4095 = CARTESIAN_POINT('',(-1.79287347561,-1.57962906558,0.));
#4096 = LINE('',#4097,#4098);
#4097 = CARTESIAN_POINT('',(-1.458460365854,-1.57962906558,0.));
#4098 = VECTOR('',#4099,1.);
#4099 = DIRECTION('',(-1.,0.,0.));
#4100 = ORIENTED_EDGE('',*,*,#4101,.F.);
#4101 = EDGE_CURVE('',#4018,#4092,#4102,.T.);
#4102 = LINE('',#4103,#4104);
#4103 = CARTESIAN_POINT('',(-1.458460365854,-1.57962906558,2.E-02));
#4104 = VECTOR('',#4105,1.);
#4105 = DIRECTION('',(-0.,-0.,-1.));
#4106 = ORIENTED_EDGE('',*,*,#4017,.T.);
#4107 = ORIENTED_EDGE('',*,*,#4108,.T.);
#4108 = EDGE_CURVE('',#4020,#4094,#4109,.T.);
#4109 = LINE('',#4110,#4111);
#4110 = CARTESIAN_POINT('',(-1.79287347561,-1.57962906558,2.E-02));
#4111 = VECTOR('',#4112,1.);
#4112 = DIRECTION('',(-0.,-0.,-1.));
#4113 = PLANE('',#4114);
#4114 = AXIS2_PLACEMENT_3D('',#4115,#4116,#4117);
#4115 = CARTESIAN_POINT('',(-1.458460365854,-1.57962906558,2.E-02));
#4116 = DIRECTION('',(0.,-1.,0.));
#4117 = DIRECTION('',(0.,-0.,-1.));
#4118 = ADVANCED_FACE('',(#4119),#4137,.T.);
#4119 = FACE_BOUND('',#4120,.T.);
#4120 = EDGE_LOOP('',(#4121,#4129,#4135,#4136));
#4121 = ORIENTED_EDGE('',*,*,#4122,.F.);
#4122 = EDGE_CURVE('',#4123,#4092,#4125,.T.);
#4123 = VERTEX_POINT('',#4124);
#4124 = CARTESIAN_POINT('',(-1.607660060976,-1.16194613875,0.));
#4125 = LINE('',#4126,#4127);
#4126 = CARTESIAN_POINT('',(-1.607660060976,-1.16194613875,0.));
#4127 = VECTOR('',#4128,1.);
#4128 = DIRECTION('',(0.336390827665,-0.941722470297,0.));
#4129 = ORIENTED_EDGE('',*,*,#4130,.F.);
#4130 = EDGE_CURVE('',#4028,#4123,#4131,.T.);
#4131 = LINE('',#4132,#4133);
#4132 = CARTESIAN_POINT('',(-1.607660060976,-1.16194613875,2.E-02));
#4133 = VECTOR('',#4134,1.);
#4134 = DIRECTION('',(-0.,-0.,-1.));
#4135 = ORIENTED_EDGE('',*,*,#4027,.T.);
#4136 = ORIENTED_EDGE('',*,*,#4101,.T.);
#4137 = PLANE('',#4138);
#4138 = AXIS2_PLACEMENT_3D('',#4139,#4140,#4141);
#4139 = CARTESIAN_POINT('',(-1.607660060976,-1.16194613875,2.E-02));
#4140 = DIRECTION('',(0.941722470297,0.336390827665,-0.));
#4141 = DIRECTION('',(-0.336390827665,0.941722470297,0.));
#4142 = ADVANCED_FACE('',(#4143),#4165,.T.);
#4143 = FACE_BOUND('',#4144,.T.);
#4144 = EDGE_LOOP('',(#4145,#4157,#4163,#4164));
#4145 = ORIENTED_EDGE('',*,*,#4146,.F.);
#4146 = EDGE_CURVE('',#4147,#4123,#4149,.T.);
#4147 = VERTEX_POINT('',#4148);
#4148 = CARTESIAN_POINT('',(-1.623666158537,-1.091824187531,0.));
#4149 = B_SPLINE_CURVE_WITH_KNOTS('',3,(#4150,#4151,#4152,#4153,#4154,
    #4155,#4156),.UNSPECIFIED.,.F.,.F.,(4,1,1,1,4),(0.,0.300541113159,
    0.567747146484,0.800033613737,1.),.UNSPECIFIED.);
#4150 = CARTESIAN_POINT('',(-1.623666158537,-1.091824187531,0.));
#4151 = CARTESIAN_POINT('',(-1.622500076064,-1.098945079819,-0.));
#4152 = CARTESIAN_POINT('',(-1.620297249338,-1.112397037305,0.));
#4153 = CARTESIAN_POINT('',(-1.61657876113,-1.131246014762,0.));
#4154 = CARTESIAN_POINT('',(-1.612438620541,-1.147535825986,0.));
#4155 = CARTESIAN_POINT('',(-1.609171484905,-1.157388260744,-0.));
#4156 = CARTESIAN_POINT('',(-1.607660060976,-1.16194613875,0.));
#4157 = ORIENTED_EDGE('',*,*,#4158,.F.);
#4158 = EDGE_CURVE('',#4036,#4147,#4159,.T.);
#4159 = LINE('',#4160,#4161);
#4160 = CARTESIAN_POINT('',(-1.623666158537,-1.091824187531,2.E-02));
#4161 = VECTOR('',#4162,1.);
#4162 = DIRECTION('',(-0.,-0.,-1.));
#4163 = ORIENTED_EDGE('',*,*,#4035,.T.);
#4164 = ORIENTED_EDGE('',*,*,#4130,.T.);
#4165 = B_SPLINE_SURFACE_WITH_KNOTS('',3,1,(
    (#4166,#4167)
    ,(#4168,#4169)
    ,(#4170,#4171)
    ,(#4172,#4173)
    ,(#4174,#4175)
    ,(#4176,#4177)
    ,(#4178,#4179
    )),.UNSPECIFIED.,.F.,.F.,.F.,(4,1,1,1,4),(2,2),(0.,0.300541113159,
    0.567747146484,0.800033613737,1.),(0.,1.),.UNSPECIFIED.);
#4166 = CARTESIAN_POINT('',(-1.623666158537,-1.091824187531,2.E-02));
#4167 = CARTESIAN_POINT('',(-1.623666158537,-1.091824187531,
    1.355252715607E-17));
#4168 = CARTESIAN_POINT('',(-1.622500076064,-1.098945079819,2.E-02));
#4169 = CARTESIAN_POINT('',(-1.622500076064,-1.098945079819,
    1.355252715607E-17));
#4170 = CARTESIAN_POINT('',(-1.620297249338,-1.112397037305,2.E-02));
#4171 = CARTESIAN_POINT('',(-1.620297249338,-1.112397037305,
    1.355252715607E-17));
#4172 = CARTESIAN_POINT('',(-1.61657876113,-1.131246014762,2.E-02));
#4173 = CARTESIAN_POINT('',(-1.61657876113,-1.131246014762,
    1.355252715607E-17));
#4174 = CARTESIAN_POINT('',(-1.612438620541,-1.147535825986,2.E-02));
#4175 = CARTESIAN_POINT('',(-1.612438620541,-1.147535825986,
    1.355252715607E-17));
#4176 = CARTESIAN_POINT('',(-1.609171484905,-1.157388260744,2.E-02));
#4177 = CARTESIAN_POINT('',(-1.609171484905,-1.157388260744,
    1.355252715607E-17));
#4178 = CARTESIAN_POINT('',(-1.607660060976,-1.16194613875,2.E-02));
#4179 = CARTESIAN_POINT('',(-1.607660060976,-1.16194613875,
    1.355252715607E-17));
#4180 = ADVANCED_FACE('',(#4181),#4199,.T.);
#4181 = FACE_BOUND('',#4182,.T.);
#4182 = EDGE_LOOP('',(#4183,#4191,#4197,#4198));
#4183 = ORIENTED_EDGE('',*,*,#4184,.F.);
#4184 = EDGE_CURVE('',#4185,#4147,#4187,.T.);
#4185 = VERTEX_POINT('',#4186);
#4186 = CARTESIAN_POINT('',(-1.626905487805,-1.091824187531,0.));
#4187 = LINE('',#4188,#4189);
#4188 = CARTESIAN_POINT('',(-1.626905487805,-1.091824187531,0.));
#4189 = VECTOR('',#4190,1.);
#4190 = DIRECTION('',(1.,0.,0.));
#4191 = ORIENTED_EDGE('',*,*,#4192,.F.);
#4192 = EDGE_CURVE('',#4048,#4185,#4193,.T.);
#4193 = LINE('',#4194,#4195);
#4194 = CARTESIAN_POINT('',(-1.626905487805,-1.091824187531,2.E-02));
#4195 = VECTOR('',#4196,1.);
#4196 = DIRECTION('',(-0.,-0.,-1.));
#4197 = ORIENTED_EDGE('',*,*,#4047,.T.);
#4198 = ORIENTED_EDGE('',*,*,#4158,.T.);
#4199 = PLANE('',#4200);
#4200 = AXIS2_PLACEMENT_3D('',#4201,#4202,#4203);
#4201 = CARTESIAN_POINT('',(-1.626905487805,-1.091824187531,2.E-02));
#4202 = DIRECTION('',(0.,1.,0.));
#4203 = DIRECTION('',(0.,-0.,1.));
#4204 = ADVANCED_FACE('',(#4205),#4227,.T.);
#4205 = FACE_BOUND('',#4206,.T.);
#4206 = EDGE_LOOP('',(#4207,#4219,#4225,#4226));
#4207 = ORIENTED_EDGE('',*,*,#4208,.F.);
#4208 = EDGE_CURVE('',#4209,#4185,#4211,.T.);
#4209 = VERTEX_POINT('',#4210);
#4210 = CARTESIAN_POINT('',(-1.642339939024,-1.16194613875,0.));
#4211 = B_SPLINE_CURVE_WITH_KNOTS('',3,(#4212,#4213,#4214,#4215,#4216,
    #4217,#4218),.UNSPECIFIED.,.F.,.F.,(4,1,1,1,4),(0.,0.174481715317,
    0.398285759128,0.673897847399,1.),.UNSPECIFIED.);
#4212 = CARTESIAN_POINT('',(-1.642339939024,-1.16194613875,0.));
#4213 = CARTESIAN_POINT('',(-1.641092033901,-1.157956304297,-0.));
#4214 = CARTESIAN_POINT('',(-1.638243466998,-1.14884879271,0.));
#4215 = CARTESIAN_POINT('',(-1.634510659029,-1.133129733136,0.));
#4216 = CARTESIAN_POINT('',(-1.630850875082,-1.113696081157,0.));
#4217 = CARTESIAN_POINT('',(-1.628292183807,-1.099511561502,-0.));
#4218 = CARTESIAN_POINT('',(-1.626905487805,-1.091824187531,0.));
#4219 = ORIENTED_EDGE('',*,*,#4220,.F.);
#4220 = EDGE_CURVE('',#4056,#4209,#4221,.T.);
#4221 = LINE('',#4222,#4223);
#4222 = CARTESIAN_POINT('',(-1.642339939024,-1.16194613875,2.E-02));
#4223 = VECTOR('',#4224,1.);
#4224 = DIRECTION('',(-0.,-0.,-1.));
#4225 = ORIENTED_EDGE('',*,*,#4055,.T.);
#4226 = ORIENTED_EDGE('',*,*,#4192,.T.);
#4227 = B_SPLINE_SURFACE_WITH_KNOTS('',3,1,(
    (#4228,#4229)
    ,(#4230,#4231)
    ,(#4232,#4233)
    ,(#4234,#4235)
    ,(#4236,#4237)
    ,(#4238,#4239)
    ,(#4240,#4241
    )),.UNSPECIFIED.,.F.,.F.,.F.,(4,1,1,1,4),(2,2),(0.,0.174481715317,
    0.398285759128,0.673897847399,1.),(0.,1.),.UNSPECIFIED.);
#4228 = CARTESIAN_POINT('',(-1.642339939024,-1.16194613875,2.E-02));
#4229 = CARTESIAN_POINT('',(-1.642339939024,-1.16194613875,
    1.355252715607E-17));
#4230 = CARTESIAN_POINT('',(-1.641092033901,-1.157956304297,2.E-02));
#4231 = CARTESIAN_POINT('',(-1.641092033901,-1.157956304297,
    1.355252715607E-17));
#4232 = CARTESIAN_POINT('',(-1.638243466998,-1.14884879271,2.E-02));
#4233 = CARTESIAN_POINT('',(-1.638243466998,-1.14884879271,
    1.355252715607E-17));
#4234 = CARTESIAN_POINT('',(-1.634510659029,-1.133129733136,2.E-02));
#4235 = CARTESIAN_POINT('',(-1.634510659029,-1.133129733136,
    1.355252715607E-17));
#4236 = CARTESIAN_POINT('',(-1.630850875082,-1.113696081157,2.E-02));
#4237 = CARTESIAN_POINT('',(-1.630850875082,-1.113696081157,
    1.355252715607E-17));
#4238 = CARTESIAN_POINT('',(-1.628292183807,-1.099511561502,2.E-02));
#4239 = CARTESIAN_POINT('',(-1.628292183807,-1.099511561502,
    1.355252715607E-17));
#4240 = CARTESIAN_POINT('',(-1.626905487805,-1.091824187531,2.E-02));
#4241 = CARTESIAN_POINT('',(-1.626905487805,-1.091824187531,
    1.355252715607E-17));
#4242 = ADVANCED_FACE('',(#4243),#4254,.T.);
#4243 = FACE_BOUND('',#4244,.T.);
#4244 = EDGE_LOOP('',(#4245,#4251,#4252,#4253));
#4245 = ORIENTED_EDGE('',*,*,#4246,.F.);
#4246 = EDGE_CURVE('',#4094,#4209,#4247,.T.);
#4247 = LINE('',#4248,#4249);
#4248 = CARTESIAN_POINT('',(-1.79287347561,-1.57962906558,0.));
#4249 = VECTOR('',#4250,1.);
#4250 = DIRECTION('',(0.339053795485,0.940766986967,0.));
#4251 = ORIENTED_EDGE('',*,*,#4108,.F.);
#4252 = ORIENTED_EDGE('',*,*,#4067,.T.);
#4253 = ORIENTED_EDGE('',*,*,#4220,.T.);
#4254 = PLANE('',#4255);
#4255 = AXIS2_PLACEMENT_3D('',#4256,#4257,#4258);
#4256 = CARTESIAN_POINT('',(-1.79287347561,-1.57962906558,2.E-02));
#4257 = DIRECTION('',(-0.940766986967,0.339053795485,0.));
#4258 = DIRECTION('',(-0.339053795485,-0.940766986967,0.));
#4259 = ADVANCED_FACE('',(#4260),#4285,.T.);
#4260 = FACE_BOUND('',#4261,.T.);
#4261 = EDGE_LOOP('',(#4262,#4263,#4271,#4279));
#4262 = ORIENTED_EDGE('',*,*,#2811,.F.);
#4263 = ORIENTED_EDGE('',*,*,#4264,.F.);
#4264 = EDGE_CURVE('',#4265,#2788,#4267,.T.);
#4265 = VERTEX_POINT('',#4266);
#4266 = CARTESIAN_POINT('',(-0.576791158537,-1.969872968019,2.E-02));
#4267 = LINE('',#4268,#4269);
#4268 = CARTESIAN_POINT('',(-0.576791158537,-1.969872968019,2.E-02));
#4269 = VECTOR('',#4270,1.);
#4270 = DIRECTION('',(-0.,-0.,-1.));
#4271 = ORIENTED_EDGE('',*,*,#4272,.T.);
#4272 = EDGE_CURVE('',#4265,#4273,#4275,.T.);
#4273 = VERTEX_POINT('',#4274);
#4274 = CARTESIAN_POINT('',(-0.30487804878,-1.969872968019,2.E-02));
#4275 = LINE('',#4276,#4277);
#4276 = CARTESIAN_POINT('',(-0.576791158537,-1.969872968019,2.E-02));
#4277 = VECTOR('',#4278,1.);
#4278 = DIRECTION('',(1.,0.,0.));
#4279 = ORIENTED_EDGE('',*,*,#4280,.T.);
#4280 = EDGE_CURVE('',#4273,#2812,#4281,.T.);
#4281 = LINE('',#4282,#4283);
#4282 = CARTESIAN_POINT('',(-0.30487804878,-1.969872968019,2.E-02));
#4283 = VECTOR('',#4284,1.);
#4284 = DIRECTION('',(-0.,-0.,-1.));
#4285 = PLANE('',#4286);
#4286 = AXIS2_PLACEMENT_3D('',#4287,#4288,#4289);
#4287 = CARTESIAN_POINT('',(-0.576791158537,-1.969872968019,2.E-02));
#4288 = DIRECTION('',(0.,1.,0.));
#4289 = DIRECTION('',(0.,-0.,1.));
#4290 = ADVANCED_FACE('',(#4291),#4309,.T.);
#4291 = FACE_BOUND('',#4292,.T.);
#4292 = EDGE_LOOP('',(#4293,#4294,#4295,#4303));
#4293 = ORIENTED_EDGE('',*,*,#2819,.F.);
#4294 = ORIENTED_EDGE('',*,*,#4280,.F.);
#4295 = ORIENTED_EDGE('',*,*,#4296,.T.);
#4296 = EDGE_CURVE('',#4273,#4297,#4299,.T.);
#4297 = VERTEX_POINT('',#4298);
#4298 = CARTESIAN_POINT('',(-0.30487804878,-0.969872968019,2.E-02));
#4299 = LINE('',#4300,#4301);
#4300 = CARTESIAN_POINT('',(-0.30487804878,-1.969872968019,2.E-02));
#4301 = VECTOR('',#4302,1.);
#4302 = DIRECTION('',(0.,1.,0.));
#4303 = ORIENTED_EDGE('',*,*,#4304,.T.);
#4304 = EDGE_CURVE('',#4297,#2820,#4305,.T.);
#4305 = LINE('',#4306,#4307);
#4306 = CARTESIAN_POINT('',(-0.30487804878,-0.969872968019,2.E-02));
#4307 = VECTOR('',#4308,1.);
#4308 = DIRECTION('',(-0.,-0.,-1.));
#4309 = PLANE('',#4310);
#4310 = AXIS2_PLACEMENT_3D('',#4311,#4312,#4313);
#4311 = CARTESIAN_POINT('',(-0.30487804878,-1.969872968019,2.E-02));
#4312 = DIRECTION('',(-1.,0.,0.));
#4313 = DIRECTION('',(0.,0.,1.));
#4314 = ADVANCED_FACE('',(#4315),#4333,.T.);
#4315 = FACE_BOUND('',#4316,.T.);
#4316 = EDGE_LOOP('',(#4317,#4318,#4319,#4327));
#4317 = ORIENTED_EDGE('',*,*,#2827,.F.);
#4318 = ORIENTED_EDGE('',*,*,#4304,.F.);
#4319 = ORIENTED_EDGE('',*,*,#4320,.T.);
#4320 = EDGE_CURVE('',#4297,#4321,#4323,.T.);
#4321 = VERTEX_POINT('',#4322);
#4322 = CARTESIAN_POINT('',(-0.587080792683,-0.969872968019,2.E-02));
#4323 = LINE('',#4324,#4325);
#4324 = CARTESIAN_POINT('',(-0.30487804878,-0.969872968019,2.E-02));
#4325 = VECTOR('',#4326,1.);
#4326 = DIRECTION('',(-1.,0.,0.));
#4327 = ORIENTED_EDGE('',*,*,#4328,.T.);
#4328 = EDGE_CURVE('',#4321,#2828,#4329,.T.);
#4329 = LINE('',#4330,#4331);
#4330 = CARTESIAN_POINT('',(-0.587080792683,-0.969872968019,2.E-02));
#4331 = VECTOR('',#4332,1.);
#4332 = DIRECTION('',(-0.,-0.,-1.));
#4333 = PLANE('',#4334);
#4334 = AXIS2_PLACEMENT_3D('',#4335,#4336,#4337);
#4335 = CARTESIAN_POINT('',(-0.30487804878,-0.969872968019,2.E-02));
#4336 = DIRECTION('',(0.,-1.,0.));
#4337 = DIRECTION('',(0.,-0.,-1.));
#4338 = ADVANCED_FACE('',(#4339),#4373,.T.);
#4339 = FACE_BOUND('',#4340,.T.);
#4340 = EDGE_LOOP('',(#4341,#4342,#4343,#4367));
#4341 = ORIENTED_EDGE('',*,*,#2835,.F.);
#4342 = ORIENTED_EDGE('',*,*,#4328,.F.);
#4343 = ORIENTED_EDGE('',*,*,#4344,.T.);
#4344 = EDGE_CURVE('',#4321,#4345,#4347,.T.);
#4345 = VERTEX_POINT('',#4346);
#4346 = CARTESIAN_POINT('',(-1.109756097561,-1.457296748506,2.E-02));
#4347 = B_SPLINE_CURVE_WITH_KNOTS('',3,(#4348,#4349,#4350,#4351,#4352,
    #4353,#4354,#4355,#4356,#4357,#4358,#4359,#4360,#4361,#4362,#4363,
    #4364,#4365,#4366),.UNSPECIFIED.,.F.,.F.,(4,1,1,1,1,1,1,1,1,1,1,1,1,
    1,1,1,4),(0.,6.86311786766E-02,0.134566466039,0.198328154011,
    0.260789766641,0.321999151484,0.382721746503,0.443537474036,
    0.505133429485,0.566213874765,0.626105864618,0.685349322161,
    0.744995870348,0.805415841815,0.867636266346,0.932307782302,1.),
  .UNSPECIFIED.);
#4348 = CARTESIAN_POINT('',(-0.587080792683,-0.969872968019,2.E-02));
#4349 = CARTESIAN_POINT('',(-0.605452656749,-0.970282459971,2.E-02));
#4350 = CARTESIAN_POINT('',(-0.641474722371,-0.971085358683,2.E-02));
#4351 = CARTESIAN_POINT('',(-0.694298866557,-0.977184313926,2.E-02));
#4352 = CARTESIAN_POINT('',(-0.744694709566,-0.987767983735,2.E-02));
#4353 = CARTESIAN_POINT('',(-0.792800836597,-1.002206482464,2.E-02));
#4354 = CARTESIAN_POINT('',(-0.838672970646,-1.020651507009,2.E-02));
#4355 = CARTESIAN_POINT('',(-0.88187895845,-1.043758198735,2.E-02));
#4356 = CARTESIAN_POINT('',(-0.922892862505,-1.070723487333,2.E-02));
#4357 = CARTESIAN_POINT('',(-0.961180974973,-1.101605855617,2.E-02));
#4358 = CARTESIAN_POINT('',(-0.996079250531,-1.135944010105,2.E-02));
#4359 = CARTESIAN_POINT('',(-1.02650137144,-1.173498683768,2.E-02));
#4360 = CARTESIAN_POINT('',(-1.052547431779,-1.213767588371,2.E-02));
#4361 = CARTESIAN_POINT('',(-1.07350765607,-1.257069126224,2.E-02));
#4362 = CARTESIAN_POINT('',(-1.08978264452,-1.303169988645,2.E-02));
#4363 = CARTESIAN_POINT('',(-1.101307458672,-1.352036746593,2.E-02));
#4364 = CARTESIAN_POINT('',(-1.108576406373,-1.403724747679,2.E-02));
#4365 = CARTESIAN_POINT('',(-1.109356929667,-1.439169781935,2.E-02));
#4366 = CARTESIAN_POINT('',(-1.109756097561,-1.457296748506,2.E-02));
#4367 = ORIENTED_EDGE('',*,*,#4368,.T.);
#4368 = EDGE_CURVE('',#4345,#2786,#4369,.T.);
#4369 = LINE('',#4370,#4371);
#4370 = CARTESIAN_POINT('',(-1.109756097561,-1.457296748506,2.E-02));
#4371 = VECTOR('',#4372,1.);
#4372 = DIRECTION('',(-0.,-0.,-1.));
#4373 = B_SPLINE_SURFACE_WITH_KNOTS('',3,1,(
    (#4374,#4375)
    ,(#4376,#4377)
    ,(#4378,#4379)
    ,(#4380,#4381)
    ,(#4382,#4383)
    ,(#4384,#4385)
    ,(#4386,#4387)
    ,(#4388,#4389)
    ,(#4390,#4391)
    ,(#4392,#4393)
    ,(#4394,#4395)
    ,(#4396,#4397)
    ,(#4398,#4399)
    ,(#4400,#4401)
    ,(#4402,#4403)
    ,(#4404,#4405)
    ,(#4406,#4407)
    ,(#4408,#4409)
    ,(#4410,#4411
    )),.UNSPECIFIED.,.F.,.F.,.F.,(4,1,1,1,1,1,1,1,1,1,1,1,1,1,1,1,4),(2,
    2),(0.,6.86311786766E-02,0.134566466039,0.198328154011,
    0.260789766641,0.321999151484,0.382721746503,0.443537474036,
    0.505133429485,0.566213874765,0.626105864618,0.685349322161,
    0.744995870348,0.805415841815,0.867636266346,0.932307782302,1.),(0.,
    1.),.UNSPECIFIED.);
#4374 = CARTESIAN_POINT('',(-0.587080792683,-0.969872968019,2.E-02));
#4375 = CARTESIAN_POINT('',(-0.587080792683,-0.969872968019,
    1.355252715607E-17));
#4376 = CARTESIAN_POINT('',(-0.605452656749,-0.970282459971,2.E-02));
#4377 = CARTESIAN_POINT('',(-0.605452656749,-0.970282459971,
    1.355252715607E-17));
#4378 = CARTESIAN_POINT('',(-0.641474722371,-0.971085358683,2.E-02));
#4379 = CARTESIAN_POINT('',(-0.641474722371,-0.971085358683,
    1.355252715607E-17));
#4380 = CARTESIAN_POINT('',(-0.694298866557,-0.977184313926,2.E-02));
#4381 = CARTESIAN_POINT('',(-0.694298866557,-0.977184313926,
    1.355252715607E-17));
#4382 = CARTESIAN_POINT('',(-0.744694709566,-0.987767983735,2.E-02));
#4383 = CARTESIAN_POINT('',(-0.744694709566,-0.987767983735,
    1.355252715607E-17));
#4384 = CARTESIAN_POINT('',(-0.792800836597,-1.002206482464,2.E-02));
#4385 = CARTESIAN_POINT('',(-0.792800836597,-1.002206482464,
    1.355252715607E-17));
#4386 = CARTESIAN_POINT('',(-0.838672970646,-1.020651507009,2.E-02));
#4387 = CARTESIAN_POINT('',(-0.838672970646,-1.020651507009,
    1.355252715607E-17));
#4388 = CARTESIAN_POINT('',(-0.88187895845,-1.043758198735,2.E-02));
#4389 = CARTESIAN_POINT('',(-0.88187895845,-1.043758198735,
    1.355252715607E-17));
#4390 = CARTESIAN_POINT('',(-0.922892862505,-1.070723487333,2.E-02));
#4391 = CARTESIAN_POINT('',(-0.922892862505,-1.070723487333,
    1.355252715607E-17));
#4392 = CARTESIAN_POINT('',(-0.961180974973,-1.101605855617,2.E-02));
#4393 = CARTESIAN_POINT('',(-0.961180974973,-1.101605855617,
    1.355252715607E-17));
#4394 = CARTESIAN_POINT('',(-0.996079250531,-1.135944010105,2.E-02));
#4395 = CARTESIAN_POINT('',(-0.996079250531,-1.135944010105,
    1.355252715607E-17));
#4396 = CARTESIAN_POINT('',(-1.02650137144,-1.173498683768,2.E-02));
#4397 = CARTESIAN_POINT('',(-1.02650137144,-1.173498683768,
    1.355252715607E-17));
#4398 = CARTESIAN_POINT('',(-1.052547431779,-1.213767588371,2.E-02));
#4399 = CARTESIAN_POINT('',(-1.052547431779,-1.213767588371,
    1.355252715607E-17));
#4400 = CARTESIAN_POINT('',(-1.07350765607,-1.257069126224,2.E-02));
#4401 = CARTESIAN_POINT('',(-1.07350765607,-1.257069126224,
    1.355252715607E-17));
#4402 = CARTESIAN_POINT('',(-1.08978264452,-1.303169988645,2.E-02));
#4403 = CARTESIAN_POINT('',(-1.08978264452,-1.303169988645,
    1.355252715607E-17));
#4404 = CARTESIAN_POINT('',(-1.101307458672,-1.352036746593,2.E-02));
#4405 = CARTESIAN_POINT('',(-1.101307458672,-1.352036746593,
    1.355252715607E-17));
#4406 = CARTESIAN_POINT('',(-1.108576406373,-1.403724747679,2.E-02));
#4407 = CARTESIAN_POINT('',(-1.108576406373,-1.403724747679,
    1.355252715607E-17));
#4408 = CARTESIAN_POINT('',(-1.109356929667,-1.439169781935,2.E-02));
#4409 = CARTESIAN_POINT('',(-1.109356929667,-1.439169781935,
    1.355252715607E-17));
#4410 = CARTESIAN_POINT('',(-1.109756097561,-1.457296748506,2.E-02));
#4411 = CARTESIAN_POINT('',(-1.109756097561,-1.457296748506,
    1.355252715607E-17));
#4412 = ADVANCED_FACE('',(#4413),#4440,.T.);
#4413 = FACE_BOUND('',#4414,.T.);
#4414 = EDGE_LOOP('',(#4415,#4416,#4417,#4439));
#4415 = ORIENTED_EDGE('',*,*,#2785,.F.);
#4416 = ORIENTED_EDGE('',*,*,#4368,.F.);
#4417 = ORIENTED_EDGE('',*,*,#4418,.T.);
#4418 = EDGE_CURVE('',#4345,#4265,#4419,.T.);
#4419 = B_SPLINE_CURVE_WITH_KNOTS('',3,(#4420,#4421,#4422,#4423,#4424,
    #4425,#4426,#4427,#4428,#4429,#4430,#4431,#4432,#4433,#4434,#4435,
    #4436,#4437,#4438),.UNSPECIFIED.,.F.,.F.,(4,1,1,1,1,1,1,1,1,1,1,1,1,
    1,1,1,4),(0.,6.806869584499E-02,0.133427432819,0.196146033813,
    0.257048592449,0.316882663159,0.376187208666,0.435960335364,
    0.496535236863,0.557465343481,0.61768686341,0.677943640697,
    0.738805284806,0.800949336767,0.86481466747,0.931024781079,1.),
  .UNSPECIFIED.);
#4420 = CARTESIAN_POINT('',(-1.109756097561,-1.457296748506,2.E-02));
#4421 = CARTESIAN_POINT('',(-1.109352230358,-1.476184333013,2.E-02));
#4422 = CARTESIAN_POINT('',(-1.108560574761,-1.513207547305,2.E-02));
#4423 = CARTESIAN_POINT('',(-1.101324796129,-1.567239742383,2.E-02));
#4424 = CARTESIAN_POINT('',(-1.089774100046,-1.618436775326,2.E-02));
#4425 = CARTESIAN_POINT('',(-1.073560338186,-1.666769560164,2.E-02));
#4426 = CARTESIAN_POINT('',(-1.052568252075,-1.712203235514,2.E-02));
#4427 = CARTESIAN_POINT('',(-1.026541192412,-1.754571812537,2.E-02));
#4428 = CARTESIAN_POINT('',(-0.996180641973,-1.794198337635,2.E-02));
#4429 = CARTESIAN_POINT('',(-0.961278592404,-1.830539894903,2.E-02));
#4430 = CARTESIAN_POINT('',(-0.922679440836,-1.863065459051,2.E-02));
#4431 = CARTESIAN_POINT('',(-0.881404604556,-1.891992271311,2.E-02));
#4432 = CARTESIAN_POINT('',(-0.837099427296,-1.916026596974,2.E-02));
#4433 = CARTESIAN_POINT('',(-0.790142318833,-1.935663784587,2.E-02));
#4434 = CARTESIAN_POINT('',(-0.74061540726,-1.95125453765,2.E-02));
#4435 = CARTESIAN_POINT('',(-0.688304049527,-1.961869516106,2.E-02));
#4436 = CARTESIAN_POINT('',(-0.633445988992,-1.968847934714,2.E-02));
#4437 = CARTESIAN_POINT('',(-0.595931875516,-1.969526662642,2.E-02));
#4438 = CARTESIAN_POINT('',(-0.576791158537,-1.969872968019,2.E-02));
#4439 = ORIENTED_EDGE('',*,*,#4264,.T.);
#4440 = B_SPLINE_SURFACE_WITH_KNOTS('',3,1,(
    (#4441,#4442)
    ,(#4443,#4444)
    ,(#4445,#4446)
    ,(#4447,#4448)
    ,(#4449,#4450)
    ,(#4451,#4452)
    ,(#4453,#4454)
    ,(#4455,#4456)
    ,(#4457,#4458)
    ,(#4459,#4460)
    ,(#4461,#4462)
    ,(#4463,#4464)
    ,(#4465,#4466)
    ,(#4467,#4468)
    ,(#4469,#4470)
    ,(#4471,#4472)
    ,(#4473,#4474)
    ,(#4475,#4476)
    ,(#4477,#4478
    )),.UNSPECIFIED.,.F.,.F.,.F.,(4,1,1,1,1,1,1,1,1,1,1,1,1,1,1,1,4),(2,
    2),(0.,6.806869584499E-02,0.133427432819,0.196146033813,
    0.257048592449,0.316882663159,0.376187208666,0.435960335364,
    0.496535236863,0.557465343481,0.61768686341,0.677943640697,
    0.738805284806,0.800949336767,0.86481466747,0.931024781079,1.),(0.,
    1.),.UNSPECIFIED.);
#4441 = CARTESIAN_POINT('',(-1.109756097561,-1.457296748506,2.E-02));
#4442 = CARTESIAN_POINT('',(-1.109756097561,-1.457296748506,
    1.355252715607E-17));
#4443 = CARTESIAN_POINT('',(-1.109352230358,-1.476184333013,2.E-02));
#4444 = CARTESIAN_POINT('',(-1.109352230358,-1.476184333013,
    1.355252715607E-17));
#4445 = CARTESIAN_POINT('',(-1.108560574761,-1.513207547305,2.E-02));
#4446 = CARTESIAN_POINT('',(-1.108560574761,-1.513207547305,
    1.355252715607E-17));
#4447 = CARTESIAN_POINT('',(-1.101324796129,-1.567239742383,2.E-02));
#4448 = CARTESIAN_POINT('',(-1.101324796129,-1.567239742383,
    1.355252715607E-17));
#4449 = CARTESIAN_POINT('',(-1.089774100046,-1.618436775326,2.E-02));
#4450 = CARTESIAN_POINT('',(-1.089774100046,-1.618436775326,
    1.355252715607E-17));
#4451 = CARTESIAN_POINT('',(-1.073560338186,-1.666769560164,2.E-02));
#4452 = CARTESIAN_POINT('',(-1.073560338186,-1.666769560164,
    1.355252715607E-17));
#4453 = CARTESIAN_POINT('',(-1.052568252075,-1.712203235514,2.E-02));
#4454 = CARTESIAN_POINT('',(-1.052568252075,-1.712203235514,
    1.355252715607E-17));
#4455 = CARTESIAN_POINT('',(-1.026541192412,-1.754571812537,2.E-02));
#4456 = CARTESIAN_POINT('',(-1.026541192412,-1.754571812537,
    1.355252715607E-17));
#4457 = CARTESIAN_POINT('',(-0.996180641973,-1.794198337635,2.E-02));
#4458 = CARTESIAN_POINT('',(-0.996180641973,-1.794198337635,
    1.355252715607E-17));
#4459 = CARTESIAN_POINT('',(-0.961278592404,-1.830539894903,2.E-02));
#4460 = CARTESIAN_POINT('',(-0.961278592404,-1.830539894903,
    1.355252715607E-17));
#4461 = CARTESIAN_POINT('',(-0.922679440836,-1.863065459051,2.E-02));
#4462 = CARTESIAN_POINT('',(-0.922679440836,-1.863065459051,
    1.355252715607E-17));
#4463 = CARTESIAN_POINT('',(-0.881404604556,-1.891992271311,2.E-02));
#4464 = CARTESIAN_POINT('',(-0.881404604556,-1.891992271311,
    1.355252715607E-17));
#4465 = CARTESIAN_POINT('',(-0.837099427296,-1.916026596974,2.E-02));
#4466 = CARTESIAN_POINT('',(-0.837099427296,-1.916026596974,
    1.355252715607E-17));
#4467 = CARTESIAN_POINT('',(-0.790142318833,-1.935663784587,2.E-02));
#4468 = CARTESIAN_POINT('',(-0.790142318833,-1.935663784587,
    1.355252715607E-17));
#4469 = CARTESIAN_POINT('',(-0.74061540726,-1.95125453765,2.E-02));
#4470 = CARTESIAN_POINT('',(-0.74061540726,-1.95125453765,
    1.355252715607E-17));
#4471 = CARTESIAN_POINT('',(-0.688304049527,-1.961869516106,2.E-02));
#4472 = CARTESIAN_POINT('',(-0.688304049527,-1.961869516106,
    1.355252715607E-17));
#4473 = CARTESIAN_POINT('',(-0.633445988992,-1.968847934714,2.E-02));
#4474 = CARTESIAN_POINT('',(-0.633445988992,-1.968847934714,
    1.355252715607E-17));
#4475 = CARTESIAN_POINT('',(-0.595931875516,-1.969526662642,2.E-02));
#4476 = CARTESIAN_POINT('',(-0.595931875516,-1.969526662642,
    1.355252715607E-17));
#4477 = CARTESIAN_POINT('',(-0.576791158537,-1.969872968019,2.E-02));
#4478 = CARTESIAN_POINT('',(-0.576791158537,-1.969872968019,
    1.355252715607E-17));
#4479 = ADVANCED_FACE('',(#4480,#4554),#4561,.T.);
#4480 = FACE_BOUND('',#4481,.T.);
#4481 = EDGE_LOOP('',(#4482,#4508,#4532,#4540,#4548));
#4482 = ORIENTED_EDGE('',*,*,#4483,.F.);
#4483 = EDGE_CURVE('',#4484,#4486,#4488,.T.);
#4484 = VERTEX_POINT('',#4485);
#4485 = CARTESIAN_POINT('',(-0.975609756098,-1.460154980214,2.E-02));
#4486 = VERTEX_POINT('',#4487);
#4487 = CARTESIAN_POINT('',(-0.586509146341,-1.07962906558,2.E-02));
#4488 = B_SPLINE_CURVE_WITH_KNOTS('',3,(#4489,#4490,#4491,#4492,#4493,
    #4494,#4495,#4496,#4497,#4498,#4499,#4500,#4501,#4502,#4503,#4504,
    #4505,#4506,#4507),.UNSPECIFIED.,.F.,.F.,(4,1,1,1,1,1,1,1,1,1,1,1,1,
    1,1,1,4),(0.,7.430379644282E-02,0.144393610364,0.210499496103,
    0.273542606503,0.333824744579,0.392529672409,0.4500874546,
    0.507820611556,0.565464912777,0.623148722334,0.681297192791,
    0.740913498157,0.801855752196,0.865241237721,0.930941657047,1.),
  .UNSPECIFIED.);
#4489 = CARTESIAN_POINT('',(-0.975609756098,-1.460154980214,2.E-02));
#4490 = CARTESIAN_POINT('',(-0.975281975515,-1.444834095076,2.E-02));
#4491 = CARTESIAN_POINT('',(-0.974645003732,-1.415061216369,2.E-02));
#4492 = CARTESIAN_POINT('',(-0.969688789531,-1.371880208502,2.E-02));
#4493 = CARTESIAN_POINT('',(-0.961382804485,-1.331593233366,2.E-02));
#4494 = CARTESIAN_POINT('',(-0.949573993811,-1.294294486557,2.E-02));
#4495 = CARTESIAN_POINT('',(-0.934501463451,-1.259840146609,2.E-02));
#4496 = CARTESIAN_POINT('',(-0.915941631951,-1.22842761818,2.E-02));
#4497 = CARTESIAN_POINT('',(-0.894038364896,-1.199902901415,2.E-02));
#4498 = CARTESIAN_POINT('',(-0.86879481647,-1.174593329017,2.E-02));
#4499 = CARTESIAN_POINT('',(-0.840830791628,-1.152342562227,2.E-02));
#4500 = CARTESIAN_POINT('',(-0.810833797177,-1.132760792076,2.E-02));
#4501 = CARTESIAN_POINT('',(-0.77854361765,-1.116319151725,2.E-02));
#4502 = CARTESIAN_POINT('',(-0.744213185766,-1.102808225689,2.E-02));
#4503 = CARTESIAN_POINT('',(-0.707726312987,-1.092265672123,2.E-02));
#4504 = CARTESIAN_POINT('',(-0.669194938887,-1.084948071186,2.E-02));
#4505 = CARTESIAN_POINT('',(-0.628534598052,-1.080493801408,2.E-02));
#4506 = CARTESIAN_POINT('',(-0.600748422548,-1.079922059749,2.E-02));
#4507 = CARTESIAN_POINT('',(-0.586509146341,-1.07962906558,2.E-02));
#4508 = ORIENTED_EDGE('',*,*,#4509,.F.);
#4509 = EDGE_CURVE('',#4510,#4484,#4512,.T.);
#4510 = VERTEX_POINT('',#4511);
#4511 = CARTESIAN_POINT('',(-0.580983231707,-1.860116870458,2.E-02));
#4512 = B_SPLINE_CURVE_WITH_KNOTS('',3,(#4513,#4514,#4515,#4516,#4517,
    #4518,#4519,#4520,#4521,#4522,#4523,#4524,#4525,#4526,#4527,#4528,
    #4529,#4530,#4531),.UNSPECIFIED.,.F.,.F.,(4,1,1,1,1,1,1,1,1,1,1,1,1,
    1,1,1,4),(0.,7.082657255516E-02,0.13816903328,0.202475331534,
    0.263973754414,0.323380320598,0.381797622713,0.439390074519,
    0.496902724546,0.554662169609,0.612741878492,0.671538836391,
    0.73165572209,0.794297811614,0.859482204979,0.927681325453,1.),
  .UNSPECIFIED.);
#4513 = CARTESIAN_POINT('',(-0.580983231707,-1.860116870458,2.E-02));
#4514 = CARTESIAN_POINT('',(-0.596050800479,-1.859791161541,2.E-02));
#4515 = CARTESIAN_POINT('',(-0.625444731823,-1.859155766031,2.E-02));
#4516 = CARTESIAN_POINT('',(-0.668281288368,-1.854109964418,2.E-02));
#4517 = CARTESIAN_POINT('',(-0.70859815351,-1.846007369902,2.E-02));
#4518 = CARTESIAN_POINT('',(-0.74640066614,-1.834656875076,2.E-02));
#4519 = CARTESIAN_POINT('',(-0.781525053122,-1.819611254367,2.E-02));
#4520 = CARTESIAN_POINT('',(-0.814254666049,-1.801555655891,2.E-02));
#4521 = CARTESIAN_POINT('',(-0.844364697968,-1.780069836678,2.E-02));
#4522 = CARTESIAN_POINT('',(-0.87173309282,-1.755394775966,2.E-02));
#4523 = CARTESIAN_POINT('',(-0.896127836713,-1.727653345247,2.E-02));
#4524 = CARTESIAN_POINT('',(-0.917650202578,-1.697279501889,2.E-02));
#4525 = CARTESIAN_POINT('',(-0.935531712736,-1.664060206398,2.E-02));
#4526 = CARTESIAN_POINT('',(-0.950339202951,-1.628324917053,2.E-02));
#4527 = CARTESIAN_POINT('',(-0.961654221779,-1.589916156951,2.E-02));
#4528 = CARTESIAN_POINT('',(-0.969856499137,-1.548987793729,2.E-02));
#4529 = CARTESIAN_POINT('',(-0.974594067192,-1.5054263551,2.E-02));
#4530 = CARTESIAN_POINT('',(-0.975264640077,-1.475537521718,2.E-02));
#4531 = CARTESIAN_POINT('',(-0.975609756098,-1.460154980214,2.E-02));
#4532 = ORIENTED_EDGE('',*,*,#4533,.F.);
#4533 = EDGE_CURVE('',#4534,#4510,#4536,.T.);
#4534 = VERTEX_POINT('',#4535);
#4535 = CARTESIAN_POINT('',(-0.439024390244,-1.860116870458,2.E-02));
#4536 = LINE('',#4537,#4538);
#4537 = CARTESIAN_POINT('',(-0.439024390244,-1.860116870458,2.E-02));
#4538 = VECTOR('',#4539,1.);
#4539 = DIRECTION('',(-1.,0.,0.));
#4540 = ORIENTED_EDGE('',*,*,#4541,.F.);
#4541 = EDGE_CURVE('',#4542,#4534,#4544,.T.);
#4542 = VERTEX_POINT('',#4543);
#4543 = CARTESIAN_POINT('',(-0.439024390244,-1.07962906558,2.E-02));
#4544 = LINE('',#4545,#4546);
#4545 = CARTESIAN_POINT('',(-0.439024390244,-1.07962906558,2.E-02));
#4546 = VECTOR('',#4547,1.);
#4547 = DIRECTION('',(0.,-1.,0.));
#4548 = ORIENTED_EDGE('',*,*,#4549,.F.);
#4549 = EDGE_CURVE('',#4486,#4542,#4550,.T.);
#4550 = LINE('',#4551,#4552);
#4551 = CARTESIAN_POINT('',(-0.586509146341,-1.07962906558,2.E-02));
#4552 = VECTOR('',#4553,1.);
#4553 = DIRECTION('',(1.,0.,0.));
#4554 = FACE_BOUND('',#4555,.T.);
#4555 = EDGE_LOOP('',(#4556,#4557,#4558,#4559,#4560));
#4556 = ORIENTED_EDGE('',*,*,#4272,.F.);
#4557 = ORIENTED_EDGE('',*,*,#4418,.F.);
#4558 = ORIENTED_EDGE('',*,*,#4344,.F.);
#4559 = ORIENTED_EDGE('',*,*,#4320,.F.);
#4560 = ORIENTED_EDGE('',*,*,#4296,.F.);
#4561 = PLANE('',#4562);
#4562 = AXIS2_PLACEMENT_3D('',#4563,#4564,#4565);
#4563 = CARTESIAN_POINT('',(-0.957657636383,-1.099572267589,2.E-02));
#4564 = DIRECTION('',(0.,0.,-1.));
#4565 = DIRECTION('',(-1.,0.,-0.));
#4566 = ADVANCED_FACE('',(#4567),#4592,.T.);
#4567 = FACE_BOUND('',#4568,.T.);
#4568 = EDGE_LOOP('',(#4569,#4579,#4585,#4586));
#4569 = ORIENTED_EDGE('',*,*,#4570,.F.);
#4570 = EDGE_CURVE('',#4571,#4573,#4575,.T.);
#4571 = VERTEX_POINT('',#4572);
#4572 = CARTESIAN_POINT('',(-0.586509146341,-1.07962906558,0.));
#4573 = VERTEX_POINT('',#4574);
#4574 = CARTESIAN_POINT('',(-0.439024390244,-1.07962906558,0.));
#4575 = LINE('',#4576,#4577);
#4576 = CARTESIAN_POINT('',(-0.586509146341,-1.07962906558,0.));
#4577 = VECTOR('',#4578,1.);
#4578 = DIRECTION('',(1.,0.,0.));
#4579 = ORIENTED_EDGE('',*,*,#4580,.F.);
#4580 = EDGE_CURVE('',#4486,#4571,#4581,.T.);
#4581 = LINE('',#4582,#4583);
#4582 = CARTESIAN_POINT('',(-0.586509146341,-1.07962906558,2.E-02));
#4583 = VECTOR('',#4584,1.);
#4584 = DIRECTION('',(-0.,-0.,-1.));
#4585 = ORIENTED_EDGE('',*,*,#4549,.T.);
#4586 = ORIENTED_EDGE('',*,*,#4587,.T.);
#4587 = EDGE_CURVE('',#4542,#4573,#4588,.T.);
#4588 = LINE('',#4589,#4590);
#4589 = CARTESIAN_POINT('',(-0.439024390244,-1.07962906558,2.E-02));
#4590 = VECTOR('',#4591,1.);
#4591 = DIRECTION('',(-0.,-0.,-1.));
#4592 = PLANE('',#4593);
#4593 = AXIS2_PLACEMENT_3D('',#4594,#4595,#4596);
#4594 = CARTESIAN_POINT('',(-0.586509146341,-1.07962906558,2.E-02));
#4595 = DIRECTION('',(0.,1.,0.));
#4596 = DIRECTION('',(0.,-0.,1.));
#4597 = ADVANCED_FACE('',(#4598),#4632,.T.);
#4598 = FACE_BOUND('',#4599,.T.);
#4599 = EDGE_LOOP('',(#4600,#4624,#4630,#4631));
#4600 = ORIENTED_EDGE('',*,*,#4601,.F.);
#4601 = EDGE_CURVE('',#4602,#4571,#4604,.T.);
#4602 = VERTEX_POINT('',#4603);
#4603 = CARTESIAN_POINT('',(-0.975609756098,-1.460154980214,0.));
#4604 = B_SPLINE_CURVE_WITH_KNOTS('',3,(#4605,#4606,#4607,#4608,#4609,
    #4610,#4611,#4612,#4613,#4614,#4615,#4616,#4617,#4618,#4619,#4620,
    #4621,#4622,#4623),.UNSPECIFIED.,.F.,.F.,(4,1,1,1,1,1,1,1,1,1,1,1,1,
    1,1,1,4),(0.,7.430379644282E-02,0.144393610364,0.210499496103,
    0.273542606503,0.333824744579,0.392529672409,0.4500874546,
    0.507820611556,0.565464912777,0.623148722334,0.681297192791,
    0.740913498157,0.801855752196,0.865241237721,0.930941657047,1.),
  .UNSPECIFIED.);
#4605 = CARTESIAN_POINT('',(-0.975609756098,-1.460154980214,0.));
#4606 = CARTESIAN_POINT('',(-0.975281975515,-1.444834095076,-0.));
#4607 = CARTESIAN_POINT('',(-0.974645003732,-1.415061216369,0.));
#4608 = CARTESIAN_POINT('',(-0.969688789531,-1.371880208502,0.));
#4609 = CARTESIAN_POINT('',(-0.961382804485,-1.331593233366,0.));
#4610 = CARTESIAN_POINT('',(-0.949573993811,-1.294294486557,0.));
#4611 = CARTESIAN_POINT('',(-0.934501463451,-1.259840146609,0.));
#4612 = CARTESIAN_POINT('',(-0.915941631951,-1.22842761818,0.));
#4613 = CARTESIAN_POINT('',(-0.894038364896,-1.199902901415,0.));
#4614 = CARTESIAN_POINT('',(-0.86879481647,-1.174593329017,0.));
#4615 = CARTESIAN_POINT('',(-0.840830791628,-1.152342562227,0.));
#4616 = CARTESIAN_POINT('',(-0.810833797177,-1.132760792076,0.));
#4617 = CARTESIAN_POINT('',(-0.77854361765,-1.116319151725,0.));
#4618 = CARTESIAN_POINT('',(-0.744213185766,-1.102808225689,0.));
#4619 = CARTESIAN_POINT('',(-0.707726312987,-1.092265672123,0.));
#4620 = CARTESIAN_POINT('',(-0.669194938887,-1.084948071186,0.));
#4621 = CARTESIAN_POINT('',(-0.628534598052,-1.080493801408,0.));
#4622 = CARTESIAN_POINT('',(-0.600748422548,-1.079922059749,-0.));
#4623 = CARTESIAN_POINT('',(-0.586509146341,-1.07962906558,0.));
#4624 = ORIENTED_EDGE('',*,*,#4625,.F.);
#4625 = EDGE_CURVE('',#4484,#4602,#4626,.T.);
#4626 = LINE('',#4627,#4628);
#4627 = CARTESIAN_POINT('',(-0.975609756098,-1.460154980214,2.E-02));
#4628 = VECTOR('',#4629,1.);
#4629 = DIRECTION('',(-0.,-0.,-1.));
#4630 = ORIENTED_EDGE('',*,*,#4483,.T.);
#4631 = ORIENTED_EDGE('',*,*,#4580,.T.);
#4632 = B_SPLINE_SURFACE_WITH_KNOTS('',3,1,(
    (#4633,#4634)
    ,(#4635,#4636)
    ,(#4637,#4638)
    ,(#4639,#4640)
    ,(#4641,#4642)
    ,(#4643,#4644)
    ,(#4645,#4646)
    ,(#4647,#4648)
    ,(#4649,#4650)
    ,(#4651,#4652)
    ,(#4653,#4654)
    ,(#4655,#4656)
    ,(#4657,#4658)
    ,(#4659,#4660)
    ,(#4661,#4662)
    ,(#4663,#4664)
    ,(#4665,#4666)
    ,(#4667,#4668)
    ,(#4669,#4670
    )),.UNSPECIFIED.,.F.,.F.,.F.,(4,1,1,1,1,1,1,1,1,1,1,1,1,1,1,1,4),(2,
    2),(0.,7.430379644282E-02,0.144393610364,0.210499496103,
    0.273542606503,0.333824744579,0.392529672409,0.4500874546,
    0.507820611556,0.565464912777,0.623148722334,0.681297192791,
    0.740913498157,0.801855752196,0.865241237721,0.930941657047,1.),(0.,
    1.),.UNSPECIFIED.);
#4633 = CARTESIAN_POINT('',(-0.975609756098,-1.460154980214,2.E-02));
#4634 = CARTESIAN_POINT('',(-0.975609756098,-1.460154980214,
    1.355252715607E-17));
#4635 = CARTESIAN_POINT('',(-0.975281975515,-1.444834095076,2.E-02));
#4636 = CARTESIAN_POINT('',(-0.975281975515,-1.444834095076,
    1.355252715607E-17));
#4637 = CARTESIAN_POINT('',(-0.974645003732,-1.415061216369,2.E-02));
#4638 = CARTESIAN_POINT('',(-0.974645003732,-1.415061216369,
    1.355252715607E-17));
#4639 = CARTESIAN_POINT('',(-0.969688789531,-1.371880208502,2.E-02));
#4640 = CARTESIAN_POINT('',(-0.969688789531,-1.371880208502,
    1.355252715607E-17));
#4641 = CARTESIAN_POINT('',(-0.961382804485,-1.331593233366,2.E-02));
#4642 = CARTESIAN_POINT('',(-0.961382804485,-1.331593233366,
    1.355252715607E-17));
#4643 = CARTESIAN_POINT('',(-0.949573993811,-1.294294486557,2.E-02));
#4644 = CARTESIAN_POINT('',(-0.949573993811,-1.294294486557,
    1.355252715607E-17));
#4645 = CARTESIAN_POINT('',(-0.934501463451,-1.259840146609,2.E-02));
#4646 = CARTESIAN_POINT('',(-0.934501463451,-1.259840146609,
    1.355252715607E-17));
#4647 = CARTESIAN_POINT('',(-0.915941631951,-1.22842761818,2.E-02));
#4648 = CARTESIAN_POINT('',(-0.915941631951,-1.22842761818,
    1.355252715607E-17));
#4649 = CARTESIAN_POINT('',(-0.894038364896,-1.199902901415,2.E-02));
#4650 = CARTESIAN_POINT('',(-0.894038364896,-1.199902901415,
    1.355252715607E-17));
#4651 = CARTESIAN_POINT('',(-0.86879481647,-1.174593329017,2.E-02));
#4652 = CARTESIAN_POINT('',(-0.86879481647,-1.174593329017,
    1.355252715607E-17));
#4653 = CARTESIAN_POINT('',(-0.840830791628,-1.152342562227,2.E-02));
#4654 = CARTESIAN_POINT('',(-0.840830791628,-1.152342562227,
    1.355252715607E-17));
#4655 = CARTESIAN_POINT('',(-0.810833797177,-1.132760792076,2.E-02));
#4656 = CARTESIAN_POINT('',(-0.810833797177,-1.132760792076,
    1.355252715607E-17));
#4657 = CARTESIAN_POINT('',(-0.77854361765,-1.116319151725,2.E-02));
#4658 = CARTESIAN_POINT('',(-0.77854361765,-1.116319151725,
    1.355252715607E-17));
#4659 = CARTESIAN_POINT('',(-0.744213185766,-1.102808225689,2.E-02));
#4660 = CARTESIAN_POINT('',(-0.744213185766,-1.102808225689,
    1.355252715607E-17));
#4661 = CARTESIAN_POINT('',(-0.707726312987,-1.092265672123,2.E-02));
#4662 = CARTESIAN_POINT('',(-0.707726312987,-1.092265672123,
    1.355252715607E-17));
#4663 = CARTESIAN_POINT('',(-0.669194938887,-1.084948071186,2.E-02));
#4664 = CARTESIAN_POINT('',(-0.669194938887,-1.084948071186,
    1.355252715607E-17));
#4665 = CARTESIAN_POINT('',(-0.628534598052,-1.080493801408,2.E-02));
#4666 = CARTESIAN_POINT('',(-0.628534598052,-1.080493801408,
    1.355252715607E-17));
#4667 = CARTESIAN_POINT('',(-0.600748422548,-1.079922059749,2.E-02));
#4668 = CARTESIAN_POINT('',(-0.600748422548,-1.079922059749,
    1.355252715607E-17));
#4669 = CARTESIAN_POINT('',(-0.586509146341,-1.07962906558,2.E-02));
#4670 = CARTESIAN_POINT('',(-0.586509146341,-1.07962906558,
    1.355252715607E-17));
#4671 = ADVANCED_FACE('',(#4672),#4706,.T.);
#4672 = FACE_BOUND('',#4673,.T.);
#4673 = EDGE_LOOP('',(#4674,#4698,#4704,#4705));
#4674 = ORIENTED_EDGE('',*,*,#4675,.F.);
#4675 = EDGE_CURVE('',#4676,#4602,#4678,.T.);
#4676 = VERTEX_POINT('',#4677);
#4677 = CARTESIAN_POINT('',(-0.580983231707,-1.860116870458,0.));
#4678 = B_SPLINE_CURVE_WITH_KNOTS('',3,(#4679,#4680,#4681,#4682,#4683,
    #4684,#4685,#4686,#4687,#4688,#4689,#4690,#4691,#4692,#4693,#4694,
    #4695,#4696,#4697),.UNSPECIFIED.,.F.,.F.,(4,1,1,1,1,1,1,1,1,1,1,1,1,
    1,1,1,4),(0.,7.082657255516E-02,0.13816903328,0.202475331534,
    0.263973754414,0.323380320598,0.381797622713,0.439390074519,
    0.496902724546,0.554662169609,0.612741878492,0.671538836391,
    0.73165572209,0.794297811614,0.859482204979,0.927681325453,1.),
  .UNSPECIFIED.);
#4679 = CARTESIAN_POINT('',(-0.580983231707,-1.860116870458,0.));
#4680 = CARTESIAN_POINT('',(-0.596050800479,-1.859791161541,-0.));
#4681 = CARTESIAN_POINT('',(-0.625444731823,-1.859155766031,0.));
#4682 = CARTESIAN_POINT('',(-0.668281288368,-1.854109964418,0.));
#4683 = CARTESIAN_POINT('',(-0.70859815351,-1.846007369902,0.));
#4684 = CARTESIAN_POINT('',(-0.74640066614,-1.834656875076,0.));
#4685 = CARTESIAN_POINT('',(-0.781525053122,-1.819611254367,0.));
#4686 = CARTESIAN_POINT('',(-0.814254666049,-1.801555655891,0.));
#4687 = CARTESIAN_POINT('',(-0.844364697968,-1.780069836678,0.));
#4688 = CARTESIAN_POINT('',(-0.87173309282,-1.755394775966,0.));
#4689 = CARTESIAN_POINT('',(-0.896127836713,-1.727653345247,0.));
#4690 = CARTESIAN_POINT('',(-0.917650202578,-1.697279501889,0.));
#4691 = CARTESIAN_POINT('',(-0.935531712736,-1.664060206398,0.));
#4692 = CARTESIAN_POINT('',(-0.950339202951,-1.628324917053,0.));
#4693 = CARTESIAN_POINT('',(-0.961654221779,-1.589916156951,0.));
#4694 = CARTESIAN_POINT('',(-0.969856499137,-1.548987793729,0.));
#4695 = CARTESIAN_POINT('',(-0.974594067192,-1.5054263551,0.));
#4696 = CARTESIAN_POINT('',(-0.975264640077,-1.475537521718,-0.));
#4697 = CARTESIAN_POINT('',(-0.975609756098,-1.460154980214,0.));
#4698 = ORIENTED_EDGE('',*,*,#4699,.F.);
#4699 = EDGE_CURVE('',#4510,#4676,#4700,.T.);
#4700 = LINE('',#4701,#4702);
#4701 = CARTESIAN_POINT('',(-0.580983231707,-1.860116870458,2.E-02));
#4702 = VECTOR('',#4703,1.);
#4703 = DIRECTION('',(-0.,-0.,-1.));
#4704 = ORIENTED_EDGE('',*,*,#4509,.T.);
#4705 = ORIENTED_EDGE('',*,*,#4625,.T.);
#4706 = B_SPLINE_SURFACE_WITH_KNOTS('',3,1,(
    (#4707,#4708)
    ,(#4709,#4710)
    ,(#4711,#4712)
    ,(#4713,#4714)
    ,(#4715,#4716)
    ,(#4717,#4718)
    ,(#4719,#4720)
    ,(#4721,#4722)
    ,(#4723,#4724)
    ,(#4725,#4726)
    ,(#4727,#4728)
    ,(#4729,#4730)
    ,(#4731,#4732)
    ,(#4733,#4734)
    ,(#4735,#4736)
    ,(#4737,#4738)
    ,(#4739,#4740)
    ,(#4741,#4742)
    ,(#4743,#4744
    )),.UNSPECIFIED.,.F.,.F.,.F.,(4,1,1,1,1,1,1,1,1,1,1,1,1,1,1,1,4),(2,
    2),(0.,7.082657255516E-02,0.13816903328,0.202475331534,
    0.263973754414,0.323380320598,0.381797622713,0.439390074519,
    0.496902724546,0.554662169609,0.612741878492,0.671538836391,
    0.73165572209,0.794297811614,0.859482204979,0.927681325453,1.),(0.,
    1.),.UNSPECIFIED.);
#4707 = CARTESIAN_POINT('',(-0.580983231707,-1.860116870458,2.E-02));
#4708 = CARTESIAN_POINT('',(-0.580983231707,-1.860116870458,
    1.355252715607E-17));
#4709 = CARTESIAN_POINT('',(-0.596050800479,-1.859791161541,2.E-02));
#4710 = CARTESIAN_POINT('',(-0.596050800479,-1.859791161541,
    1.355252715607E-17));
#4711 = CARTESIAN_POINT('',(-0.625444731823,-1.859155766031,2.E-02));
#4712 = CARTESIAN_POINT('',(-0.625444731823,-1.859155766031,
    1.355252715607E-17));
#4713 = CARTESIAN_POINT('',(-0.668281288368,-1.854109964418,2.E-02));
#4714 = CARTESIAN_POINT('',(-0.668281288368,-1.854109964418,
    1.355252715607E-17));
#4715 = CARTESIAN_POINT('',(-0.70859815351,-1.846007369902,2.E-02));
#4716 = CARTESIAN_POINT('',(-0.70859815351,-1.846007369902,
    1.355252715607E-17));
#4717 = CARTESIAN_POINT('',(-0.74640066614,-1.834656875076,2.E-02));
#4718 = CARTESIAN_POINT('',(-0.74640066614,-1.834656875076,
    1.355252715607E-17));
#4719 = CARTESIAN_POINT('',(-0.781525053122,-1.819611254367,2.E-02));
#4720 = CARTESIAN_POINT('',(-0.781525053122,-1.819611254367,
    1.355252715607E-17));
#4721 = CARTESIAN_POINT('',(-0.814254666049,-1.801555655891,2.E-02));
#4722 = CARTESIAN_POINT('',(-0.814254666049,-1.801555655891,
    1.355252715607E-17));
#4723 = CARTESIAN_POINT('',(-0.844364697968,-1.780069836678,2.E-02));
#4724 = CARTESIAN_POINT('',(-0.844364697968,-1.780069836678,
    1.355252715607E-17));
#4725 = CARTESIAN_POINT('',(-0.87173309282,-1.755394775966,2.E-02));
#4726 = CARTESIAN_POINT('',(-0.87173309282,-1.755394775966,
    1.355252715607E-17));
#4727 = CARTESIAN_POINT('',(-0.896127836713,-1.727653345247,2.E-02));
#4728 = CARTESIAN_POINT('',(-0.896127836713,-1.727653345247,
    1.355252715607E-17));
#4729 = CARTESIAN_POINT('',(-0.917650202578,-1.697279501889,2.E-02));
#4730 = CARTESIAN_POINT('',(-0.917650202578,-1.697279501889,
    1.355252715607E-17));
#4731 = CARTESIAN_POINT('',(-0.935531712736,-1.664060206398,2.E-02));
#4732 = CARTESIAN_POINT('',(-0.935531712736,-1.664060206398,
    1.355252715607E-17));
#4733 = CARTESIAN_POINT('',(-0.950339202951,-1.628324917053,2.E-02));
#4734 = CARTESIAN_POINT('',(-0.950339202951,-1.628324917053,
    1.355252715607E-17));
#4735 = CARTESIAN_POINT('',(-0.961654221779,-1.589916156951,2.E-02));
#4736 = CARTESIAN_POINT('',(-0.961654221779,-1.589916156951,
    1.355252715607E-17));
#4737 = CARTESIAN_POINT('',(-0.969856499137,-1.548987793729,2.E-02));
#4738 = CARTESIAN_POINT('',(-0.969856499137,-1.548987793729,
    1.355252715607E-17));
#4739 = CARTESIAN_POINT('',(-0.974594067192,-1.5054263551,2.E-02));
#4740 = CARTESIAN_POINT('',(-0.974594067192,-1.5054263551,
    1.355252715607E-17));
#4741 = CARTESIAN_POINT('',(-0.975264640077,-1.475537521718,2.E-02));
#4742 = CARTESIAN_POINT('',(-0.975264640077,-1.475537521718,
    1.355252715607E-17));
#4743 = CARTESIAN_POINT('',(-0.975609756098,-1.460154980214,2.E-02));
#4744 = CARTESIAN_POINT('',(-0.975609756098,-1.460154980214,
    1.355252715607E-17));
#4745 = ADVANCED_FACE('',(#4746),#4764,.T.);
#4746 = FACE_BOUND('',#4747,.T.);
#4747 = EDGE_LOOP('',(#4748,#4756,#4762,#4763));
#4748 = ORIENTED_EDGE('',*,*,#4749,.F.);
#4749 = EDGE_CURVE('',#4750,#4676,#4752,.T.);
#4750 = VERTEX_POINT('',#4751);
#4751 = CARTESIAN_POINT('',(-0.439024390244,-1.860116870458,0.));
#4752 = LINE('',#4753,#4754);
#4753 = CARTESIAN_POINT('',(-0.439024390244,-1.860116870458,0.));
#4754 = VECTOR('',#4755,1.);
#4755 = DIRECTION('',(-1.,0.,0.));
#4756 = ORIENTED_EDGE('',*,*,#4757,.F.);
#4757 = EDGE_CURVE('',#4534,#4750,#4758,.T.);
#4758 = LINE('',#4759,#4760);
#4759 = CARTESIAN_POINT('',(-0.439024390244,-1.860116870458,2.E-02));
#4760 = VECTOR('',#4761,1.);
#4761 = DIRECTION('',(-0.,-0.,-1.));
#4762 = ORIENTED_EDGE('',*,*,#4533,.T.);
#4763 = ORIENTED_EDGE('',*,*,#4699,.T.);
#4764 = PLANE('',#4765);
#4765 = AXIS2_PLACEMENT_3D('',#4766,#4767,#4768);
#4766 = CARTESIAN_POINT('',(-0.439024390244,-1.860116870458,2.E-02));
#4767 = DIRECTION('',(0.,-1.,0.));
#4768 = DIRECTION('',(0.,-0.,-1.));
#4769 = ADVANCED_FACE('',(#4770),#4781,.T.);
#4770 = FACE_BOUND('',#4771,.T.);
#4771 = EDGE_LOOP('',(#4772,#4778,#4779,#4780));
#4772 = ORIENTED_EDGE('',*,*,#4773,.F.);
#4773 = EDGE_CURVE('',#4573,#4750,#4774,.T.);
#4774 = LINE('',#4775,#4776);
#4775 = CARTESIAN_POINT('',(-0.439024390244,-1.07962906558,0.));
#4776 = VECTOR('',#4777,1.);
#4777 = DIRECTION('',(0.,-1.,0.));
#4778 = ORIENTED_EDGE('',*,*,#4587,.F.);
#4779 = ORIENTED_EDGE('',*,*,#4541,.T.);
#4780 = ORIENTED_EDGE('',*,*,#4757,.T.);
#4781 = PLANE('',#4782);
#4782 = AXIS2_PLACEMENT_3D('',#4783,#4784,#4785);
#4783 = CARTESIAN_POINT('',(-0.439024390244,-1.07962906558,2.E-02));
#4784 = DIRECTION('',(1.,0.,-0.));
#4785 = DIRECTION('',(-0.,0.,-1.));
#4786 = ADVANCED_FACE('',(#4787),#4812,.T.);
#4787 = FACE_BOUND('',#4788,.T.);
#4788 = EDGE_LOOP('',(#4789,#4790,#4798,#4806));
#4789 = ORIENTED_EDGE('',*,*,#2869,.F.);
#4790 = ORIENTED_EDGE('',*,*,#4791,.F.);
#4791 = EDGE_CURVE('',#4792,#2862,#4794,.T.);
#4792 = VERTEX_POINT('',#4793);
#4793 = CARTESIAN_POINT('',(-0.109756097561,-1.860116870458,2.E-02));
#4794 = LINE('',#4795,#4796);
#4795 = CARTESIAN_POINT('',(-0.109756097561,-1.860116870458,2.E-02));
#4796 = VECTOR('',#4797,1.);
#4797 = DIRECTION('',(-0.,-0.,-1.));
#4798 = ORIENTED_EDGE('',*,*,#4799,.T.);
#4799 = EDGE_CURVE('',#4792,#4800,#4802,.T.);
#4800 = VERTEX_POINT('',#4801);
#4801 = CARTESIAN_POINT('',(-0.109756097561,-1.969872968019,2.E-02));
#4802 = LINE('',#4803,#4804);
#4803 = CARTESIAN_POINT('',(-0.109756097561,-1.860116870458,2.E-02));
#4804 = VECTOR('',#4805,1.);
#4805 = DIRECTION('',(0.,-1.,0.));
#4806 = ORIENTED_EDGE('',*,*,#4807,.T.);
#4807 = EDGE_CURVE('',#4800,#2870,#4808,.T.);
#4808 = LINE('',#4809,#4810);
#4809 = CARTESIAN_POINT('',(-0.109756097561,-1.969872968019,2.E-02));
#4810 = VECTOR('',#4811,1.);
#4811 = DIRECTION('',(-0.,-0.,-1.));
#4812 = PLANE('',#4813);
#4813 = AXIS2_PLACEMENT_3D('',#4814,#4815,#4816);
#4814 = CARTESIAN_POINT('',(-0.109756097561,-1.860116870458,2.E-02));
#4815 = DIRECTION('',(1.,0.,-0.));
#4816 = DIRECTION('',(-0.,0.,-1.));
#4817 = ADVANCED_FACE('',(#4818),#4836,.T.);
#4818 = FACE_BOUND('',#4819,.T.);
#4819 = EDGE_LOOP('',(#4820,#4821,#4822,#4830));
#4820 = ORIENTED_EDGE('',*,*,#2877,.F.);
#4821 = ORIENTED_EDGE('',*,*,#4807,.F.);
#4822 = ORIENTED_EDGE('',*,*,#4823,.T.);
#4823 = EDGE_CURVE('',#4800,#4824,#4826,.T.);
#4824 = VERTEX_POINT('',#4825);
#4825 = CARTESIAN_POINT('',(0.426829268293,-1.969872968019,2.E-02));
#4826 = LINE('',#4827,#4828);
#4827 = CARTESIAN_POINT('',(-0.109756097561,-1.969872968019,2.E-02));
#4828 = VECTOR('',#4829,1.);
#4829 = DIRECTION('',(1.,0.,-0.));
#4830 = ORIENTED_EDGE('',*,*,#4831,.T.);
#4831 = EDGE_CURVE('',#4824,#2878,#4832,.T.);
#4832 = LINE('',#4833,#4834);
#4833 = CARTESIAN_POINT('',(0.426829268293,-1.969872968019,2.E-02));
#4834 = VECTOR('',#4835,1.);
#4835 = DIRECTION('',(-0.,-0.,-1.));
#4836 = PLANE('',#4837);
#4837 = AXIS2_PLACEMENT_3D('',#4838,#4839,#4840);
#4838 = CARTESIAN_POINT('',(-0.109756097561,-1.969872968019,2.E-02));
#4839 = DIRECTION('',(-0.,1.,0.));
#4840 = DIRECTION('',(0.,0.,1.));
#4841 = ADVANCED_FACE('',(#4842),#4860,.T.);
#4842 = FACE_BOUND('',#4843,.T.);
#4843 = EDGE_LOOP('',(#4844,#4845,#4846,#4854));
#4844 = ORIENTED_EDGE('',*,*,#2885,.F.);
#4845 = ORIENTED_EDGE('',*,*,#4831,.F.);
#4846 = ORIENTED_EDGE('',*,*,#4847,.T.);
#4847 = EDGE_CURVE('',#4824,#4848,#4850,.T.);
#4848 = VERTEX_POINT('',#4849);
#4849 = CARTESIAN_POINT('',(0.426829268293,-0.969872968019,2.E-02));
#4850 = LINE('',#4851,#4852);
#4851 = CARTESIAN_POINT('',(0.426829268293,-1.969872968019,2.E-02));
#4852 = VECTOR('',#4853,1.);
#4853 = DIRECTION('',(0.,1.,0.));
#4854 = ORIENTED_EDGE('',*,*,#4855,.T.);
#4855 = EDGE_CURVE('',#4848,#2886,#4856,.T.);
#4856 = LINE('',#4857,#4858);
#4857 = CARTESIAN_POINT('',(0.426829268293,-0.969872968019,2.E-02));
#4858 = VECTOR('',#4859,1.);
#4859 = DIRECTION('',(-0.,-0.,-1.));
#4860 = PLANE('',#4861);
#4861 = AXIS2_PLACEMENT_3D('',#4862,#4863,#4864);
#4862 = CARTESIAN_POINT('',(0.426829268293,-1.969872968019,2.E-02));
#4863 = DIRECTION('',(-1.,0.,0.));
#4864 = DIRECTION('',(0.,0.,1.));
#4865 = ADVANCED_FACE('',(#4866),#4884,.T.);
#4866 = FACE_BOUND('',#4867,.T.);
#4867 = EDGE_LOOP('',(#4868,#4869,#4870,#4878));
#4868 = ORIENTED_EDGE('',*,*,#2893,.F.);
#4869 = ORIENTED_EDGE('',*,*,#4855,.F.);
#4870 = ORIENTED_EDGE('',*,*,#4871,.T.);
#4871 = EDGE_CURVE('',#4848,#4872,#4874,.T.);
#4872 = VERTEX_POINT('',#4873);
#4873 = CARTESIAN_POINT('',(-8.536585365854E-02,-0.969872968019,2.E-02)
  );
#4874 = LINE('',#4875,#4876);
#4875 = CARTESIAN_POINT('',(0.426829268293,-0.969872968019,2.E-02));
#4876 = VECTOR('',#4877,1.);
#4877 = DIRECTION('',(-1.,0.,0.));
#4878 = ORIENTED_EDGE('',*,*,#4879,.T.);
#4879 = EDGE_CURVE('',#4872,#2894,#4880,.T.);
#4880 = LINE('',#4881,#4882);
#4881 = CARTESIAN_POINT('',(-8.536585365854E-02,-0.969872968019,2.E-02)
  );
#4882 = VECTOR('',#4883,1.);
#4883 = DIRECTION('',(-0.,-0.,-1.));
#4884 = PLANE('',#4885);
#4885 = AXIS2_PLACEMENT_3D('',#4886,#4887,#4888);
#4886 = CARTESIAN_POINT('',(0.426829268293,-0.969872968019,2.E-02));
#4887 = DIRECTION('',(0.,-1.,0.));
#4888 = DIRECTION('',(0.,-0.,-1.));
#4889 = ADVANCED_FACE('',(#4890),#4908,.T.);
#4890 = FACE_BOUND('',#4891,.T.);
#4891 = EDGE_LOOP('',(#4892,#4893,#4894,#4902));
#4892 = ORIENTED_EDGE('',*,*,#2901,.F.);
#4893 = ORIENTED_EDGE('',*,*,#4879,.F.);
#4894 = ORIENTED_EDGE('',*,*,#4895,.T.);
#4895 = EDGE_CURVE('',#4872,#4896,#4898,.T.);
#4896 = VERTEX_POINT('',#4897);
#4897 = CARTESIAN_POINT('',(-8.536585365854E-02,-1.07962906558,2.E-02));
#4898 = LINE('',#4899,#4900);
#4899 = CARTESIAN_POINT('',(-8.536585365854E-02,-0.969872968019,2.E-02)
  );
#4900 = VECTOR('',#4901,1.);
#4901 = DIRECTION('',(0.,-1.,0.));
#4902 = ORIENTED_EDGE('',*,*,#4903,.T.);
#4903 = EDGE_CURVE('',#4896,#2902,#4904,.T.);
#4904 = LINE('',#4905,#4906);
#4905 = CARTESIAN_POINT('',(-8.536585365854E-02,-1.07962906558,2.E-02));
#4906 = VECTOR('',#4907,1.);
#4907 = DIRECTION('',(-0.,-0.,-1.));
#4908 = PLANE('',#4909);
#4909 = AXIS2_PLACEMENT_3D('',#4910,#4911,#4912);
#4910 = CARTESIAN_POINT('',(-8.536585365854E-02,-0.969872968019,2.E-02)
  );
#4911 = DIRECTION('',(1.,0.,-0.));
#4912 = DIRECTION('',(-0.,0.,-1.));
#4913 = ADVANCED_FACE('',(#4914),#4932,.T.);
#4914 = FACE_BOUND('',#4915,.T.);
#4915 = EDGE_LOOP('',(#4916,#4917,#4918,#4926));
#4916 = ORIENTED_EDGE('',*,*,#2909,.F.);
#4917 = ORIENTED_EDGE('',*,*,#4903,.F.);
#4918 = ORIENTED_EDGE('',*,*,#4919,.T.);
#4919 = EDGE_CURVE('',#4896,#4920,#4922,.T.);
#4920 = VERTEX_POINT('',#4921);
#4921 = CARTESIAN_POINT('',(0.292682926829,-1.07962906558,2.E-02));
#4922 = LINE('',#4923,#4924);
#4923 = CARTESIAN_POINT('',(-8.536585365854E-02,-1.07962906558,2.E-02));
#4924 = VECTOR('',#4925,1.);
#4925 = DIRECTION('',(1.,0.,-0.));
#4926 = ORIENTED_EDGE('',*,*,#4927,.T.);
#4927 = EDGE_CURVE('',#4920,#2910,#4928,.T.);
#4928 = LINE('',#4929,#4930);
#4929 = CARTESIAN_POINT('',(0.292682926829,-1.07962906558,2.E-02));
#4930 = VECTOR('',#4931,1.);
#4931 = DIRECTION('',(-0.,-0.,-1.));
#4932 = PLANE('',#4933);
#4933 = AXIS2_PLACEMENT_3D('',#4934,#4935,#4936);
#4934 = CARTESIAN_POINT('',(-8.536585365854E-02,-1.07962906558,2.E-02));
#4935 = DIRECTION('',(-0.,1.,0.));
#4936 = DIRECTION('',(0.,0.,1.));
#4937 = ADVANCED_FACE('',(#4938),#4956,.T.);
#4938 = FACE_BOUND('',#4939,.T.);
#4939 = EDGE_LOOP('',(#4940,#4941,#4942,#4950));
#4940 = ORIENTED_EDGE('',*,*,#2917,.F.);
#4941 = ORIENTED_EDGE('',*,*,#4927,.F.);
#4942 = ORIENTED_EDGE('',*,*,#4943,.T.);
#4943 = EDGE_CURVE('',#4920,#4944,#4946,.T.);
#4944 = VERTEX_POINT('',#4945);
#4945 = CARTESIAN_POINT('',(0.292682926829,-1.408897358263,2.E-02));
#4946 = LINE('',#4947,#4948);
#4947 = CARTESIAN_POINT('',(0.292682926829,-1.07962906558,2.E-02));
#4948 = VECTOR('',#4949,1.);
#4949 = DIRECTION('',(0.,-1.,0.));
#4950 = ORIENTED_EDGE('',*,*,#4951,.T.);
#4951 = EDGE_CURVE('',#4944,#2918,#4952,.T.);
#4952 = LINE('',#4953,#4954);
#4953 = CARTESIAN_POINT('',(0.292682926829,-1.408897358263,2.E-02));
#4954 = VECTOR('',#4955,1.);
#4955 = DIRECTION('',(-0.,-0.,-1.));
#4956 = PLANE('',#4957);
#4957 = AXIS2_PLACEMENT_3D('',#4958,#4959,#4960);
#4958 = CARTESIAN_POINT('',(0.292682926829,-1.07962906558,2.E-02));
#4959 = DIRECTION('',(1.,0.,-0.));
#4960 = DIRECTION('',(-0.,0.,-1.));
#4961 = ADVANCED_FACE('',(#4962),#4980,.T.);
#4962 = FACE_BOUND('',#4963,.T.);
#4963 = EDGE_LOOP('',(#4964,#4965,#4966,#4974));
#4964 = ORIENTED_EDGE('',*,*,#2925,.F.);
#4965 = ORIENTED_EDGE('',*,*,#4951,.F.);
#4966 = ORIENTED_EDGE('',*,*,#4967,.T.);
#4967 = EDGE_CURVE('',#4944,#4968,#4970,.T.);
#4968 = VERTEX_POINT('',#4969);
#4969 = CARTESIAN_POINT('',(-6.09756097561E-02,-1.408897358263,2.E-02));
#4970 = LINE('',#4971,#4972);
#4971 = CARTESIAN_POINT('',(0.292682926829,-1.408897358263,2.E-02));
#4972 = VECTOR('',#4973,1.);
#4973 = DIRECTION('',(-1.,0.,0.));
#4974 = ORIENTED_EDGE('',*,*,#4975,.T.);
#4975 = EDGE_CURVE('',#4968,#2926,#4976,.T.);
#4976 = LINE('',#4977,#4978);
#4977 = CARTESIAN_POINT('',(-6.09756097561E-02,-1.408897358263,2.E-02));
#4978 = VECTOR('',#4979,1.);
#4979 = DIRECTION('',(-0.,-0.,-1.));
#4980 = PLANE('',#4981);
#4981 = AXIS2_PLACEMENT_3D('',#4982,#4983,#4984);
#4982 = CARTESIAN_POINT('',(0.292682926829,-1.408897358263,2.E-02));
#4983 = DIRECTION('',(0.,-1.,0.));
#4984 = DIRECTION('',(0.,-0.,-1.));
#4985 = ADVANCED_FACE('',(#4986),#5004,.T.);
#4986 = FACE_BOUND('',#4987,.T.);
#4987 = EDGE_LOOP('',(#4988,#4989,#4990,#4998));
#4988 = ORIENTED_EDGE('',*,*,#2933,.F.);
#4989 = ORIENTED_EDGE('',*,*,#4975,.F.);
#4990 = ORIENTED_EDGE('',*,*,#4991,.T.);
#4991 = EDGE_CURVE('',#4968,#4992,#4994,.T.);
#4992 = VERTEX_POINT('',#4993);
#4993 = CARTESIAN_POINT('',(-6.09756097561E-02,-1.518653455824,2.E-02));
#4994 = LINE('',#4995,#4996);
#4995 = CARTESIAN_POINT('',(-6.09756097561E-02,-1.408897358263,2.E-02));
#4996 = VECTOR('',#4997,1.);
#4997 = DIRECTION('',(0.,-1.,0.));
#4998 = ORIENTED_EDGE('',*,*,#4999,.T.);
#4999 = EDGE_CURVE('',#4992,#2934,#5000,.T.);
#5000 = LINE('',#5001,#5002);
#5001 = CARTESIAN_POINT('',(-6.09756097561E-02,-1.518653455824,2.E-02));
#5002 = VECTOR('',#5003,1.);
#5003 = DIRECTION('',(-0.,-0.,-1.));
#5004 = PLANE('',#5005);
#5005 = AXIS2_PLACEMENT_3D('',#5006,#5007,#5008);
#5006 = CARTESIAN_POINT('',(-6.09756097561E-02,-1.408897358263,2.E-02));
#5007 = DIRECTION('',(1.,0.,-0.));
#5008 = DIRECTION('',(-0.,0.,-1.));
#5009 = ADVANCED_FACE('',(#5010),#5028,.T.);
#5010 = FACE_BOUND('',#5011,.T.);
#5011 = EDGE_LOOP('',(#5012,#5013,#5014,#5022));
#5012 = ORIENTED_EDGE('',*,*,#2941,.F.);
#5013 = ORIENTED_EDGE('',*,*,#4999,.F.);
#5014 = ORIENTED_EDGE('',*,*,#5015,.T.);
#5015 = EDGE_CURVE('',#4992,#5016,#5018,.T.);
#5016 = VERTEX_POINT('',#5017);
#5017 = CARTESIAN_POINT('',(0.292682926829,-1.518653455824,2.E-02));
#5018 = LINE('',#5019,#5020);
#5019 = CARTESIAN_POINT('',(-6.09756097561E-02,-1.518653455824,2.E-02));
#5020 = VECTOR('',#5021,1.);
#5021 = DIRECTION('',(1.,0.,-0.));
#5022 = ORIENTED_EDGE('',*,*,#5023,.T.);
#5023 = EDGE_CURVE('',#5016,#2942,#5024,.T.);
#5024 = LINE('',#5025,#5026);
#5025 = CARTESIAN_POINT('',(0.292682926829,-1.518653455824,2.E-02));
#5026 = VECTOR('',#5027,1.);
#5027 = DIRECTION('',(-0.,-0.,-1.));
#5028 = PLANE('',#5029);
#5029 = AXIS2_PLACEMENT_3D('',#5030,#5031,#5032);
#5030 = CARTESIAN_POINT('',(-6.09756097561E-02,-1.518653455824,2.E-02));
#5031 = DIRECTION('',(-0.,1.,0.));
#5032 = DIRECTION('',(0.,0.,1.));
#5033 = ADVANCED_FACE('',(#5034),#5052,.T.);
#5034 = FACE_BOUND('',#5035,.T.);
#5035 = EDGE_LOOP('',(#5036,#5037,#5038,#5046));
#5036 = ORIENTED_EDGE('',*,*,#2949,.F.);
#5037 = ORIENTED_EDGE('',*,*,#5023,.F.);
#5038 = ORIENTED_EDGE('',*,*,#5039,.T.);
#5039 = EDGE_CURVE('',#5016,#5040,#5042,.T.);
#5040 = VERTEX_POINT('',#5041);
#5041 = CARTESIAN_POINT('',(0.292682926829,-1.860116870458,2.E-02));
#5042 = LINE('',#5043,#5044);
#5043 = CARTESIAN_POINT('',(0.292682926829,-1.518653455824,2.E-02));
#5044 = VECTOR('',#5045,1.);
#5045 = DIRECTION('',(0.,-1.,0.));
#5046 = ORIENTED_EDGE('',*,*,#5047,.T.);
#5047 = EDGE_CURVE('',#5040,#2860,#5048,.T.);
#5048 = LINE('',#5049,#5050);
#5049 = CARTESIAN_POINT('',(0.292682926829,-1.860116870458,2.E-02));
#5050 = VECTOR('',#5051,1.);
#5051 = DIRECTION('',(-0.,-0.,-1.));
#5052 = PLANE('',#5053);
#5053 = AXIS2_PLACEMENT_3D('',#5054,#5055,#5056);
#5054 = CARTESIAN_POINT('',(0.292682926829,-1.518653455824,2.E-02));
#5055 = DIRECTION('',(1.,0.,-0.));
#5056 = DIRECTION('',(-0.,0.,-1.));
#5057 = ADVANCED_FACE('',(#5058),#5069,.T.);
#5058 = FACE_BOUND('',#5059,.T.);
#5059 = EDGE_LOOP('',(#5060,#5061,#5062,#5068));
#5060 = ORIENTED_EDGE('',*,*,#2859,.F.);
#5061 = ORIENTED_EDGE('',*,*,#5047,.F.);
#5062 = ORIENTED_EDGE('',*,*,#5063,.T.);
#5063 = EDGE_CURVE('',#5040,#4792,#5064,.T.);
#5064 = LINE('',#5065,#5066);
#5065 = CARTESIAN_POINT('',(0.292682926829,-1.860116870458,2.E-02));
#5066 = VECTOR('',#5067,1.);
#5067 = DIRECTION('',(-1.,0.,0.));
#5068 = ORIENTED_EDGE('',*,*,#4791,.T.);
#5069 = PLANE('',#5070);
#5070 = AXIS2_PLACEMENT_3D('',#5071,#5072,#5073);
#5071 = CARTESIAN_POINT('',(0.292682926829,-1.860116870458,2.E-02));
#5072 = DIRECTION('',(0.,-1.,0.));
#5073 = DIRECTION('',(0.,-0.,-1.));
#5074 = ADVANCED_FACE('',(#5075),#5089,.F.);
#5075 = FACE_BOUND('',#5076,.T.);
#5076 = EDGE_LOOP('',(#5077,#5078,#5079,#5080,#5081,#5082,#5083,#5084,
    #5085,#5086,#5087,#5088));
#5077 = ORIENTED_EDGE('',*,*,#4799,.F.);
#5078 = ORIENTED_EDGE('',*,*,#5063,.F.);
#5079 = ORIENTED_EDGE('',*,*,#5039,.F.);
#5080 = ORIENTED_EDGE('',*,*,#5015,.F.);
#5081 = ORIENTED_EDGE('',*,*,#4991,.F.);
#5082 = ORIENTED_EDGE('',*,*,#4967,.F.);
#5083 = ORIENTED_EDGE('',*,*,#4943,.F.);
#5084 = ORIENTED_EDGE('',*,*,#4919,.F.);
#5085 = ORIENTED_EDGE('',*,*,#4895,.F.);
#5086 = ORIENTED_EDGE('',*,*,#4871,.F.);
#5087 = ORIENTED_EDGE('',*,*,#4847,.F.);
#5088 = ORIENTED_EDGE('',*,*,#4823,.F.);
#5089 = PLANE('',#5090);
#5090 = AXIS2_PLACEMENT_3D('',#5091,#5092,#5093);
#5091 = CARTESIAN_POINT('',(0.,0.,2.E-02));
#5092 = DIRECTION('',(0.,0.,1.));
#5093 = DIRECTION('',(1.,0.,-0.));
#5094 = ADVANCED_FACE('',(#5095),#5120,.T.);
#5095 = FACE_BOUND('',#5096,.T.);
#5096 = EDGE_LOOP('',(#5097,#5098,#5106,#5114));
#5097 = ORIENTED_EDGE('',*,*,#2975,.F.);
#5098 = ORIENTED_EDGE('',*,*,#5099,.F.);
#5099 = EDGE_CURVE('',#5100,#2960,#5102,.T.);
#5100 = VERTEX_POINT('',#5101);
#5101 = CARTESIAN_POINT('',(0.621951219512,-1.808287602165,2.E-02));
#5102 = LINE('',#5103,#5104);
#5103 = CARTESIAN_POINT('',(0.621951219512,-1.808287602165,2.E-02));
#5104 = VECTOR('',#5105,1.);
#5105 = DIRECTION('',(-0.,-0.,-1.));
#5106 = ORIENTED_EDGE('',*,*,#5107,.T.);
#5107 = EDGE_CURVE('',#5100,#5108,#5110,.T.);
#5108 = VERTEX_POINT('',#5109);
#5109 = CARTESIAN_POINT('',(0.621951219512,-1.918043699726,2.E-02));
#5110 = LINE('',#5111,#5112);
#5111 = CARTESIAN_POINT('',(0.621951219512,-1.808287602165,2.E-02));
#5112 = VECTOR('',#5113,1.);
#5113 = DIRECTION('',(0.,-1.,0.));
#5114 = ORIENTED_EDGE('',*,*,#5115,.T.);
#5115 = EDGE_CURVE('',#5108,#2976,#5116,.T.);
#5116 = LINE('',#5117,#5118);
#5117 = CARTESIAN_POINT('',(0.621951219512,-1.918043699726,2.E-02));
#5118 = VECTOR('',#5119,1.);
#5119 = DIRECTION('',(-0.,-0.,-1.));
#5120 = PLANE('',#5121);
#5121 = AXIS2_PLACEMENT_3D('',#5122,#5123,#5124);
#5122 = CARTESIAN_POINT('',(0.621951219512,-1.808287602165,2.E-02));
#5123 = DIRECTION('',(1.,0.,-0.));
#5124 = DIRECTION('',(-0.,0.,-1.));
#5125 = ADVANCED_FACE('',(#5126),#5152,.T.);
#5126 = FACE_BOUND('',#5127,.T.);
#5127 = EDGE_LOOP('',(#5128,#5129,#5130,#5146));
#5128 = ORIENTED_EDGE('',*,*,#2983,.F.);
#5129 = ORIENTED_EDGE('',*,*,#5115,.F.);
#5130 = ORIENTED_EDGE('',*,*,#5131,.T.);
#5131 = EDGE_CURVE('',#5108,#5132,#5134,.T.);
#5132 = VERTEX_POINT('',#5133);
#5133 = CARTESIAN_POINT('',(0.897103658537,-1.98206808997,2.E-02));
#5134 = B_SPLINE_CURVE_WITH_KNOTS('',3,(#5135,#5136,#5137,#5138,#5139,
    #5140,#5141,#5142,#5143,#5144,#5145),.UNSPECIFIED.,.F.,.F.,(4,1,1,1,
    1,1,1,1,4),(0.,0.112448389909,0.226527675213,0.344401949326,
    0.465864972487,0.591659449352,0.722168487025,0.858606387555,1.),
  .UNSPECIFIED.);
#5135 = CARTESIAN_POINT('',(0.621951219512,-1.918043699726,2.E-02));
#5136 = CARTESIAN_POINT('',(0.631334610287,-1.923222949396,2.E-02));
#5137 = CARTESIAN_POINT('',(0.65023748386,-1.933656565991,2.E-02));
#5138 = CARTESIAN_POINT('',(0.680467148344,-1.946530656103,2.E-02));
#5139 = CARTESIAN_POINT('',(0.712276081267,-1.957635164714,2.E-02));
#5140 = CARTESIAN_POINT('',(0.745942693746,-1.966490014275,2.E-02));
#5141 = CARTESIAN_POINT('',(0.781243180059,-1.973606430024,2.E-02));
#5142 = CARTESIAN_POINT('',(0.818364589295,-1.978426633411,2.E-02));
#5143 = CARTESIAN_POINT('',(0.857159858226,-1.981599616422,2.E-02));
#5144 = CARTESIAN_POINT('',(0.883631664903,-1.981910086159,2.E-02));
#5145 = CARTESIAN_POINT('',(0.897103658537,-1.98206808997,2.E-02));
#5146 = ORIENTED_EDGE('',*,*,#5147,.T.);
#5147 = EDGE_CURVE('',#5132,#2984,#5148,.T.);
#5148 = LINE('',#5149,#5150);
#5149 = CARTESIAN_POINT('',(0.897103658537,-1.98206808997,2.E-02));
#5150 = VECTOR('',#5151,1.);
#5151 = DIRECTION('',(-0.,-0.,-1.));
#5152 = B_SPLINE_SURFACE_WITH_KNOTS('',3,1,(
    (#5153,#5154)
    ,(#5155,#5156)
    ,(#5157,#5158)
    ,(#5159,#5160)
    ,(#5161,#5162)
    ,(#5163,#5164)
    ,(#5165,#5166)
    ,(#5167,#5168)
    ,(#5169,#5170)
    ,(#5171,#5172)
    ,(#5173,#5174
  )),.UNSPECIFIED.,.F.,.F.,.F.,(4,1,1,1,1,1,1,1,4),(2,2),(0.,
    0.112448389909,0.226527675213,0.344401949326,0.465864972487,
    0.591659449352,0.722168487025,0.858606387555,1.),(0.,1.),
  .UNSPECIFIED.);
#5153 = CARTESIAN_POINT('',(0.621951219512,-1.918043699726,2.E-02));
#5154 = CARTESIAN_POINT('',(0.621951219512,-1.918043699726,
    1.355252715607E-17));
#5155 = CARTESIAN_POINT('',(0.631334610287,-1.923222949396,2.E-02));
#5156 = CARTESIAN_POINT('',(0.631334610287,-1.923222949396,
    1.355252715607E-17));
#5157 = CARTESIAN_POINT('',(0.65023748386,-1.933656565991,2.E-02));
#5158 = CARTESIAN_POINT('',(0.65023748386,-1.933656565991,
    1.355252715607E-17));
#5159 = CARTESIAN_POINT('',(0.680467148344,-1.946530656103,2.E-02));
#5160 = CARTESIAN_POINT('',(0.680467148344,-1.946530656103,
    1.355252715607E-17));
#5161 = CARTESIAN_POINT('',(0.712276081267,-1.957635164714,2.E-02));
#5162 = CARTESIAN_POINT('',(0.712276081267,-1.957635164714,
    1.355252715607E-17));
#5163 = CARTESIAN_POINT('',(0.745942693746,-1.966490014275,2.E-02));
#5164 = CARTESIAN_POINT('',(0.745942693746,-1.966490014275,
    1.355252715607E-17));
#5165 = CARTESIAN_POINT('',(0.781243180059,-1.973606430024,2.E-02));
#5166 = CARTESIAN_POINT('',(0.781243180059,-1.973606430024,
    1.355252715607E-17));
#5167 = CARTESIAN_POINT('',(0.818364589295,-1.978426633411,2.E-02));
#5168 = CARTESIAN_POINT('',(0.818364589295,-1.978426633411,
    1.355252715607E-17));
#5169 = CARTESIAN_POINT('',(0.857159858226,-1.981599616422,2.E-02));
#5170 = CARTESIAN_POINT('',(0.857159858226,-1.981599616422,
    1.355252715607E-17));
#5171 = CARTESIAN_POINT('',(0.883631664903,-1.981910086159,2.E-02));
#5172 = CARTESIAN_POINT('',(0.883631664903,-1.981910086159,
    1.355252715607E-17));
#5173 = CARTESIAN_POINT('',(0.897103658537,-1.98206808997,2.E-02));
#5174 = CARTESIAN_POINT('',(0.897103658537,-1.98206808997,
    1.355252715607E-17));
#5175 = ADVANCED_FACE('',(#5176),#5210,.T.);
#5176 = FACE_BOUND('',#5177,.T.);
#5177 = EDGE_LOOP('',(#5178,#5179,#5180,#5204));
#5178 = ORIENTED_EDGE('',*,*,#2999,.F.);
#5179 = ORIENTED_EDGE('',*,*,#5147,.F.);
#5180 = ORIENTED_EDGE('',*,*,#5181,.T.);
#5181 = EDGE_CURVE('',#5132,#5182,#5184,.T.);
#5182 = VERTEX_POINT('',#5183);
#5183 = CARTESIAN_POINT('',(1.365853658537,-1.488737297287,2.E-02));
#5184 = B_SPLINE_CURVE_WITH_KNOTS('',3,(#5185,#5186,#5187,#5188,#5189,
    #5190,#5191,#5192,#5193,#5194,#5195,#5196,#5197,#5198,#5199,#5200,
    #5201,#5202,#5203),.UNSPECIFIED.,.F.,.F.,(4,1,1,1,1,1,1,1,1,1,1,1,1,
    1,1,1,4),(0.,6.783324845577E-02,0.132655536508,0.195050884051,
    0.255582933069,0.314799834147,0.373600472826,0.432545595327,
    0.492430629284,0.552671255963,0.612513044188,0.672610250357,
    0.733838369314,0.796594238568,0.861449799291,0.929198942351,1.),
  .UNSPECIFIED.);
#5185 = CARTESIAN_POINT('',(0.897103658537,-1.98206808997,2.E-02));
#5186 = CARTESIAN_POINT('',(0.914462720088,-1.981680932885,2.E-02));
#5187 = CARTESIAN_POINT('',(0.948410314753,-1.980923803719,2.E-02));
#5188 = CARTESIAN_POINT('',(0.998002776619,-1.97455525146,2.E-02));
#5189 = CARTESIAN_POINT('',(1.044919053399,-1.963922736564,2.E-02));
#5190 = CARTESIAN_POINT('',(1.089142849636,-1.948983662252,2.E-02));
#5191 = CARTESIAN_POINT('',(1.130828880895,-1.930106584552,2.E-02));
#5192 = CARTESIAN_POINT('',(1.169761209376,-1.906772654158,2.E-02));
#5193 = CARTESIAN_POINT('',(1.205682198048,-1.878798108777,2.E-02));
#5194 = CARTESIAN_POINT('',(1.239067176039,-1.847310617745,2.E-02));
#5195 = CARTESIAN_POINT('',(1.268855527674,-1.812080510684,2.E-02));
#5196 = CARTESIAN_POINT('',(1.294929607997,-1.773973825866,2.E-02));
#5197 = CARTESIAN_POINT('',(1.316988156575,-1.733109088239,2.E-02));
#5198 = CARTESIAN_POINT('',(1.334887178074,-1.689463863551,2.E-02));
#5199 = CARTESIAN_POINT('',(1.348835811493,-1.643126747959,2.E-02));
#5200 = CARTESIAN_POINT('',(1.358590348318,-1.594056031526,2.E-02));
#5201 = CARTESIAN_POINT('',(1.364929485618,-1.542320559641,2.E-02));
#5202 = CARTESIAN_POINT('',(1.365541110045,-1.506858762984,2.E-02));
#5203 = CARTESIAN_POINT('',(1.365853658537,-1.488737297287,2.E-02));
#5204 = ORIENTED_EDGE('',*,*,#5205,.T.);
#5205 = EDGE_CURVE('',#5182,#3000,#5206,.T.);
#5206 = LINE('',#5207,#5208);
#5207 = CARTESIAN_POINT('',(1.365853658537,-1.488737297287,2.E-02));
#5208 = VECTOR('',#5209,1.);
#5209 = DIRECTION('',(-0.,-0.,-1.));
#5210 = B_SPLINE_SURFACE_WITH_KNOTS('',3,1,(
    (#5211,#5212)
    ,(#5213,#5214)
    ,(#5215,#5216)
    ,(#5217,#5218)
    ,(#5219,#5220)
    ,(#5221,#5222)
    ,(#5223,#5224)
    ,(#5225,#5226)
    ,(#5227,#5228)
    ,(#5229,#5230)
    ,(#5231,#5232)
    ,(#5233,#5234)
    ,(#5235,#5236)
    ,(#5237,#5238)
    ,(#5239,#5240)
    ,(#5241,#5242)
    ,(#5243,#5244)
    ,(#5245,#5246)
    ,(#5247,#5248
    )),.UNSPECIFIED.,.F.,.F.,.F.,(4,1,1,1,1,1,1,1,1,1,1,1,1,1,1,1,4),(2,
    2),(0.,6.783324845577E-02,0.132655536508,0.195050884051,
    0.255582933069,0.314799834147,0.373600472826,0.432545595327,
    0.492430629284,0.552671255963,0.612513044188,0.672610250357,
    0.733838369314,0.796594238568,0.861449799291,0.929198942351,1.),(0.,
    1.),.UNSPECIFIED.);
#5211 = CARTESIAN_POINT('',(0.897103658537,-1.98206808997,2.E-02));
#5212 = CARTESIAN_POINT('',(0.897103658537,-1.98206808997,
    1.355252715607E-17));
#5213 = CARTESIAN_POINT('',(0.914462720088,-1.981680932885,2.E-02));
#5214 = CARTESIAN_POINT('',(0.914462720088,-1.981680932885,
    1.355252715607E-17));
#5215 = CARTESIAN_POINT('',(0.948410314753,-1.980923803719,2.E-02));
#5216 = CARTESIAN_POINT('',(0.948410314753,-1.980923803719,
    1.355252715607E-17));
#5217 = CARTESIAN_POINT('',(0.998002776619,-1.97455525146,2.E-02));
#5218 = CARTESIAN_POINT('',(0.998002776619,-1.97455525146,
    1.355252715607E-17));
#5219 = CARTESIAN_POINT('',(1.044919053399,-1.963922736564,2.E-02));
#5220 = CARTESIAN_POINT('',(1.044919053399,-1.963922736564,
    1.355252715607E-17));
#5221 = CARTESIAN_POINT('',(1.089142849636,-1.948983662252,2.E-02));
#5222 = CARTESIAN_POINT('',(1.089142849636,-1.948983662252,
    1.355252715607E-17));
#5223 = CARTESIAN_POINT('',(1.130828880895,-1.930106584552,2.E-02));
#5224 = CARTESIAN_POINT('',(1.130828880895,-1.930106584552,
    1.355252715607E-17));
#5225 = CARTESIAN_POINT('',(1.169761209376,-1.906772654158,2.E-02));
#5226 = CARTESIAN_POINT('',(1.169761209376,-1.906772654158,
    1.355252715607E-17));
#5227 = CARTESIAN_POINT('',(1.205682198048,-1.878798108777,2.E-02));
#5228 = CARTESIAN_POINT('',(1.205682198048,-1.878798108777,
    1.355252715607E-17));
#5229 = CARTESIAN_POINT('',(1.239067176039,-1.847310617745,2.E-02));
#5230 = CARTESIAN_POINT('',(1.239067176039,-1.847310617745,
    1.355252715607E-17));
#5231 = CARTESIAN_POINT('',(1.268855527674,-1.812080510684,2.E-02));
#5232 = CARTESIAN_POINT('',(1.268855527674,-1.812080510684,
    1.355252715607E-17));
#5233 = CARTESIAN_POINT('',(1.294929607997,-1.773973825866,2.E-02));
#5234 = CARTESIAN_POINT('',(1.294929607997,-1.773973825866,
    1.355252715607E-17));
#5235 = CARTESIAN_POINT('',(1.316988156575,-1.733109088239,2.E-02));
#5236 = CARTESIAN_POINT('',(1.316988156575,-1.733109088239,
    1.355252715607E-17));
#5237 = CARTESIAN_POINT('',(1.334887178074,-1.689463863551,2.E-02));
#5238 = CARTESIAN_POINT('',(1.334887178074,-1.689463863551,
    1.355252715607E-17));
#5239 = CARTESIAN_POINT('',(1.348835811493,-1.643126747959,2.E-02));
#5240 = CARTESIAN_POINT('',(1.348835811493,-1.643126747959,
    1.355252715607E-17));
#5241 = CARTESIAN_POINT('',(1.358590348318,-1.594056031526,2.E-02));
#5242 = CARTESIAN_POINT('',(1.358590348318,-1.594056031526,
    1.355252715607E-17));
#5243 = CARTESIAN_POINT('',(1.364929485618,-1.542320559641,2.E-02));
#5244 = CARTESIAN_POINT('',(1.364929485618,-1.542320559641,
    1.355252715607E-17));
#5245 = CARTESIAN_POINT('',(1.365541110045,-1.506858762984,2.E-02));
#5246 = CARTESIAN_POINT('',(1.365541110045,-1.506858762984,
    1.355252715607E-17));
#5247 = CARTESIAN_POINT('',(1.365853658537,-1.488737297287,2.E-02));
#5248 = CARTESIAN_POINT('',(1.365853658537,-1.488737297287,
    1.355252715607E-17));
#5249 = ADVANCED_FACE('',(#5250),#5284,.T.);
#5250 = FACE_BOUND('',#5251,.T.);
#5251 = EDGE_LOOP('',(#5252,#5253,#5254,#5278));
#5252 = ORIENTED_EDGE('',*,*,#3023,.F.);
#5253 = ORIENTED_EDGE('',*,*,#5205,.F.);
#5254 = ORIENTED_EDGE('',*,*,#5255,.T.);
#5255 = EDGE_CURVE('',#5182,#5256,#5258,.T.);
#5256 = VERTEX_POINT('',#5257);
#5257 = CARTESIAN_POINT('',(0.857278963415,-0.957677846067,2.E-02));
#5258 = B_SPLINE_CURVE_WITH_KNOTS('',3,(#5259,#5260,#5261,#5262,#5263,
    #5264,#5265,#5266,#5267,#5268,#5269,#5270,#5271,#5272,#5273,#5274,
    #5275,#5276,#5277),.UNSPECIFIED.,.F.,.F.,(4,1,1,1,1,1,1,1,1,1,1,1,1,
    1,1,1,4),(0.,7.064371857535E-02,0.138256715509,0.203364124218,
    0.266324093803,0.327904761543,0.388737715173,0.449423528109,
    0.510861011459,0.572079396048,0.631734428731,0.691117210579,
    0.75036002949,0.810032900531,0.871362450829,0.934427141231,1.),
  .UNSPECIFIED.);
#5259 = CARTESIAN_POINT('',(1.365853658537,-1.488737297287,2.E-02));
#5260 = CARTESIAN_POINT('',(1.365418135081,-1.469281786177,2.E-02));
#5261 = CARTESIAN_POINT('',(1.364565772782,-1.431205434609,2.E-02));
#5262 = CARTESIAN_POINT('',(1.357790657096,-1.375528476231,2.E-02));
#5263 = CARTESIAN_POINT('',(1.346673798692,-1.322734480776,2.E-02));
#5264 = CARTESIAN_POINT('',(1.330764114353,-1.272903588097,2.E-02));
#5265 = CARTESIAN_POINT('',(1.310504424134,-1.225968448513,2.E-02));
#5266 = CARTESIAN_POINT('',(1.285877509321,-1.181866610619,2.E-02));
#5267 = CARTESIAN_POINT('',(1.256483208146,-1.140825300832,2.E-02));
#5268 = CARTESIAN_POINT('',(1.222789633656,-1.103123474812,2.E-02));
#5269 = CARTESIAN_POINT('',(1.185911678933,-1.06894996831,2.E-02));
#5270 = CARTESIAN_POINT('',(1.146120521756,-1.039129545503,2.E-02));
#5271 = CARTESIAN_POINT('',(1.103896141848,-1.013928796613,2.E-02));
#5272 = CARTESIAN_POINT('',(1.059298305749,-0.993181540203,2.E-02));
#5273 = CARTESIAN_POINT('',(1.012163064415,-0.977344277338,2.E-02));
#5274 = CARTESIAN_POINT('',(0.962710950634,-0.965970375851,2.E-02));
#5275 = CARTESIAN_POINT('',(0.910771652509,-0.958922447459,2.E-02));
#5276 = CARTESIAN_POINT('',(0.875340140384,-0.958098071081,2.E-02));
#5277 = CARTESIAN_POINT('',(0.857278963415,-0.957677846067,2.E-02));
#5278 = ORIENTED_EDGE('',*,*,#5279,.T.);
#5279 = EDGE_CURVE('',#5256,#3024,#5280,.T.);
#5280 = LINE('',#5281,#5282);
#5281 = CARTESIAN_POINT('',(0.857278963415,-0.957677846067,2.E-02));
#5282 = VECTOR('',#5283,1.);
#5283 = DIRECTION('',(-0.,-0.,-1.));
#5284 = B_SPLINE_SURFACE_WITH_KNOTS('',3,1,(
    (#5285,#5286)
    ,(#5287,#5288)
    ,(#5289,#5290)
    ,(#5291,#5292)
    ,(#5293,#5294)
    ,(#5295,#5296)
    ,(#5297,#5298)
    ,(#5299,#5300)
    ,(#5301,#5302)
    ,(#5303,#5304)
    ,(#5305,#5306)
    ,(#5307,#5308)
    ,(#5309,#5310)
    ,(#5311,#5312)
    ,(#5313,#5314)
    ,(#5315,#5316)
    ,(#5317,#5318)
    ,(#5319,#5320)
    ,(#5321,#5322
    )),.UNSPECIFIED.,.F.,.F.,.F.,(4,1,1,1,1,1,1,1,1,1,1,1,1,1,1,1,4),(2,
    2),(0.,7.064371857535E-02,0.138256715509,0.203364124218,
    0.266324093803,0.327904761543,0.388737715173,0.449423528109,
    0.510861011459,0.572079396048,0.631734428731,0.691117210579,
    0.75036002949,0.810032900531,0.871362450829,0.934427141231,1.),(0.,
    1.),.UNSPECIFIED.);
#5285 = CARTESIAN_POINT('',(1.365853658537,-1.488737297287,2.E-02));
#5286 = CARTESIAN_POINT('',(1.365853658537,-1.488737297287,
    1.355252715607E-17));
#5287 = CARTESIAN_POINT('',(1.365418135081,-1.469281786177,2.E-02));
#5288 = CARTESIAN_POINT('',(1.365418135081,-1.469281786177,
    1.355252715607E-17));
#5289 = CARTESIAN_POINT('',(1.364565772782,-1.431205434609,2.E-02));
#5290 = CARTESIAN_POINT('',(1.364565772782,-1.431205434609,
    1.355252715607E-17));
#5291 = CARTESIAN_POINT('',(1.357790657096,-1.375528476231,2.E-02));
#5292 = CARTESIAN_POINT('',(1.357790657096,-1.375528476231,
    1.355252715607E-17));
#5293 = CARTESIAN_POINT('',(1.346673798692,-1.322734480776,2.E-02));
#5294 = CARTESIAN_POINT('',(1.346673798692,-1.322734480776,
    1.355252715607E-17));
#5295 = CARTESIAN_POINT('',(1.330764114353,-1.272903588097,2.E-02));
#5296 = CARTESIAN_POINT('',(1.330764114353,-1.272903588097,
    1.355252715607E-17));
#5297 = CARTESIAN_POINT('',(1.310504424134,-1.225968448513,2.E-02));
#5298 = CARTESIAN_POINT('',(1.310504424134,-1.225968448513,
    1.355252715607E-17));
#5299 = CARTESIAN_POINT('',(1.285877509321,-1.181866610619,2.E-02));
#5300 = CARTESIAN_POINT('',(1.285877509321,-1.181866610619,
    1.355252715607E-17));
#5301 = CARTESIAN_POINT('',(1.256483208146,-1.140825300832,2.E-02));
#5302 = CARTESIAN_POINT('',(1.256483208146,-1.140825300832,
    1.355252715607E-17));
#5303 = CARTESIAN_POINT('',(1.222789633656,-1.103123474812,2.E-02));
#5304 = CARTESIAN_POINT('',(1.222789633656,-1.103123474812,
    1.355252715607E-17));
#5305 = CARTESIAN_POINT('',(1.185911678933,-1.06894996831,2.E-02));
#5306 = CARTESIAN_POINT('',(1.185911678933,-1.06894996831,
    1.355252715607E-17));
#5307 = CARTESIAN_POINT('',(1.146120521756,-1.039129545503,2.E-02));
#5308 = CARTESIAN_POINT('',(1.146120521756,-1.039129545503,
    1.355252715607E-17));
#5309 = CARTESIAN_POINT('',(1.103896141848,-1.013928796613,2.E-02));
#5310 = CARTESIAN_POINT('',(1.103896141848,-1.013928796613,
    1.355252715607E-17));
#5311 = CARTESIAN_POINT('',(1.059298305749,-0.993181540203,2.E-02));
#5312 = CARTESIAN_POINT('',(1.059298305749,-0.993181540203,
    1.355252715607E-17));
#5313 = CARTESIAN_POINT('',(1.012163064415,-0.977344277338,2.E-02));
#5314 = CARTESIAN_POINT('',(1.012163064415,-0.977344277338,
    1.355252715607E-17));
#5315 = CARTESIAN_POINT('',(0.962710950634,-0.965970375851,2.E-02));
#5316 = CARTESIAN_POINT('',(0.962710950634,-0.965970375851,
    1.355252715607E-17));
#5317 = CARTESIAN_POINT('',(0.910771652509,-0.958922447459,2.E-02));
#5318 = CARTESIAN_POINT('',(0.910771652509,-0.958922447459,
    1.355252715607E-17));
#5319 = CARTESIAN_POINT('',(0.875340140384,-0.958098071081,2.E-02));
#5320 = CARTESIAN_POINT('',(0.875340140384,-0.958098071081,
    1.355252715607E-17));
#5321 = CARTESIAN_POINT('',(0.857278963415,-0.957677846067,2.E-02));
#5322 = CARTESIAN_POINT('',(0.857278963415,-0.957677846067,
    1.355252715607E-17));
#5323 = ADVANCED_FACE('',(#5324),#5350,.T.);
#5324 = FACE_BOUND('',#5325,.T.);
#5325 = EDGE_LOOP('',(#5326,#5327,#5328,#5344));
#5326 = ORIENTED_EDGE('',*,*,#3047,.F.);
#5327 = ORIENTED_EDGE('',*,*,#5279,.F.);
#5328 = ORIENTED_EDGE('',*,*,#5329,.T.);
#5329 = EDGE_CURVE('',#5256,#5330,#5332,.T.);
#5330 = VERTEX_POINT('',#5331);
#5331 = CARTESIAN_POINT('',(0.621951219512,-0.997311992409,2.E-02));
#5332 = B_SPLINE_CURVE_WITH_KNOTS('',3,(#5333,#5334,#5335,#5336,#5337,
    #5338,#5339,#5340,#5341,#5342,#5343),.UNSPECIFIED.,.F.,.F.,(4,1,1,1,
    1,1,1,1,4),(0.,0.145186866472,0.28344261092,0.416524365929,
    0.543181123535,0.665153082638,0.781360206313,0.892756655642,1.),
  .UNSPECIFIED.);
#5333 = CARTESIAN_POINT('',(0.857278963415,-0.957677846067,2.E-02));
#5334 = CARTESIAN_POINT('',(0.845652102791,-0.957761190503,2.E-02));
#5335 = CARTESIAN_POINT('',(0.822953439943,-0.957923900568,2.E-02));
#5336 = CARTESIAN_POINT('',(0.789654194974,-0.959964299834,2.E-02));
#5337 = CARTESIAN_POINT('',(0.757906917846,-0.962848008552,2.E-02));
#5338 = CARTESIAN_POINT('',(0.727665666506,-0.967344630288,2.E-02));
#5339 = CARTESIAN_POINT('',(0.698931997025,-0.972697389679,2.E-02));
#5340 = CARTESIAN_POINT('',(0.671813550064,-0.979674968205,2.E-02));
#5341 = CARTESIAN_POINT('',(0.646139853729,-0.98749329249,2.E-02));
#5342 = CARTESIAN_POINT('',(0.629911343023,-0.994080802778,2.E-02));
#5343 = CARTESIAN_POINT('',(0.621951219512,-0.997311992409,2.E-02));
#5344 = ORIENTED_EDGE('',*,*,#5345,.T.);
#5345 = EDGE_CURVE('',#5330,#3048,#5346,.T.);
#5346 = LINE('',#5347,#5348);
#5347 = CARTESIAN_POINT('',(0.621951219512,-0.997311992409,2.E-02));
#5348 = VECTOR('',#5349,1.);
#5349 = DIRECTION('',(-0.,-0.,-1.));
#5350 = B_SPLINE_SURFACE_WITH_KNOTS('',3,1,(
    (#5351,#5352)
    ,(#5353,#5354)
    ,(#5355,#5356)
    ,(#5357,#5358)
    ,(#5359,#5360)
    ,(#5361,#5362)
    ,(#5363,#5364)
    ,(#5365,#5366)
    ,(#5367,#5368)
    ,(#5369,#5370)
    ,(#5371,#5372
  )),.UNSPECIFIED.,.F.,.F.,.F.,(4,1,1,1,1,1,1,1,4),(2,2),(0.,
    0.145186866472,0.28344261092,0.416524365929,0.543181123535,
    0.665153082638,0.781360206313,0.892756655642,1.),(0.,1.),
  .UNSPECIFIED.);
#5351 = CARTESIAN_POINT('',(0.857278963415,-0.957677846067,2.E-02));
#5352 = CARTESIAN_POINT('',(0.857278963415,-0.957677846067,
    1.355252715607E-17));
#5353 = CARTESIAN_POINT('',(0.845652102791,-0.957761190503,2.E-02));
#5354 = CARTESIAN_POINT('',(0.845652102791,-0.957761190503,
    1.355252715607E-17));
#5355 = CARTESIAN_POINT('',(0.822953439943,-0.957923900568,2.E-02));
#5356 = CARTESIAN_POINT('',(0.822953439943,-0.957923900568,
    1.355252715607E-17));
#5357 = CARTESIAN_POINT('',(0.789654194974,-0.959964299834,2.E-02));
#5358 = CARTESIAN_POINT('',(0.789654194974,-0.959964299834,
    1.355252715607E-17));
#5359 = CARTESIAN_POINT('',(0.757906917846,-0.962848008552,2.E-02));
#5360 = CARTESIAN_POINT('',(0.757906917846,-0.962848008552,
    1.355252715607E-17));
#5361 = CARTESIAN_POINT('',(0.727665666506,-0.967344630288,2.E-02));
#5362 = CARTESIAN_POINT('',(0.727665666506,-0.967344630288,
    1.355252715607E-17));
#5363 = CARTESIAN_POINT('',(0.698931997025,-0.972697389679,2.E-02));
#5364 = CARTESIAN_POINT('',(0.698931997025,-0.972697389679,
    1.355252715607E-17));
#5365 = CARTESIAN_POINT('',(0.671813550064,-0.979674968205,2.E-02));
#5366 = CARTESIAN_POINT('',(0.671813550064,-0.979674968205,
    1.355252715607E-17));
#5367 = CARTESIAN_POINT('',(0.646139853729,-0.98749329249,2.E-02));
#5368 = CARTESIAN_POINT('',(0.646139853729,-0.98749329249,
    1.355252715607E-17));
#5369 = CARTESIAN_POINT('',(0.629911343023,-0.994080802778,2.E-02));
#5370 = CARTESIAN_POINT('',(0.629911343023,-0.994080802778,
    1.355252715607E-17));
#5371 = CARTESIAN_POINT('',(0.621951219512,-0.997311992409,2.E-02));
#5372 = CARTESIAN_POINT('',(0.621951219512,-0.997311992409,
    1.355252715607E-17));
#5373 = ADVANCED_FACE('',(#5374),#5392,.T.);
#5374 = FACE_BOUND('',#5375,.T.);
#5375 = EDGE_LOOP('',(#5376,#5377,#5378,#5386));
#5376 = ORIENTED_EDGE('',*,*,#3063,.F.);
#5377 = ORIENTED_EDGE('',*,*,#5345,.F.);
#5378 = ORIENTED_EDGE('',*,*,#5379,.T.);
#5379 = EDGE_CURVE('',#5330,#5380,#5382,.T.);
#5380 = VERTEX_POINT('',#5381);
#5381 = CARTESIAN_POINT('',(0.621951219512,-1.131458333872,2.E-02));
#5382 = LINE('',#5383,#5384);
#5383 = CARTESIAN_POINT('',(0.621951219512,-0.997311992409,2.E-02));
#5384 = VECTOR('',#5385,1.);
#5385 = DIRECTION('',(0.,-1.,0.));
#5386 = ORIENTED_EDGE('',*,*,#5387,.T.);
#5387 = EDGE_CURVE('',#5380,#3064,#5388,.T.);
#5388 = LINE('',#5389,#5390);
#5389 = CARTESIAN_POINT('',(0.621951219512,-1.131458333872,2.E-02));
#5390 = VECTOR('',#5391,1.);
#5391 = DIRECTION('',(-0.,-0.,-1.));
#5392 = PLANE('',#5393);
#5393 = AXIS2_PLACEMENT_3D('',#5394,#5395,#5396);
#5394 = CARTESIAN_POINT('',(0.621951219512,-0.997311992409,2.E-02));
#5395 = DIRECTION('',(1.,0.,-0.));
#5396 = DIRECTION('',(-0.,0.,-1.));
#5397 = ADVANCED_FACE('',(#5398),#5424,.T.);
#5398 = FACE_BOUND('',#5399,.T.);
#5399 = EDGE_LOOP('',(#5400,#5401,#5402,#5418));
#5400 = ORIENTED_EDGE('',*,*,#3071,.F.);
#5401 = ORIENTED_EDGE('',*,*,#5387,.F.);
#5402 = ORIENTED_EDGE('',*,*,#5403,.T.);
#5403 = EDGE_CURVE('',#5380,#5404,#5406,.T.);
#5404 = VERTEX_POINT('',#5405);
#5405 = CARTESIAN_POINT('',(0.856135670732,-1.067433943628,2.E-02));
#5406 = B_SPLINE_CURVE_WITH_KNOTS('',3,(#5407,#5408,#5409,#5410,#5411,
    #5412,#5413,#5414,#5415,#5416,#5417),.UNSPECIFIED.,.F.,.F.,(4,1,1,1,
    1,1,1,1,4),(0.,0.125279696736,0.249419970742,0.373356799493,
    0.496681278782,0.620202915744,0.745086320161,0.871269195019,1.),
  .UNSPECIFIED.);
#5407 = CARTESIAN_POINT('',(0.621951219512,-1.131458333872,2.E-02));
#5408 = CARTESIAN_POINT('',(0.63083160514,-1.126298160881,2.E-02));
#5409 = CARTESIAN_POINT('',(0.648511609013,-1.116024746831,2.E-02));
#5410 = CARTESIAN_POINT('',(0.676319040626,-1.103180957405,2.E-02));
#5411 = CARTESIAN_POINT('',(0.704662283777,-1.092040819231,2.E-02));
#5412 = CARTESIAN_POINT('',(0.733739755332,-1.083147818401,2.E-02));
#5413 = CARTESIAN_POINT('',(0.763368450326,-1.07596665198,2.E-02));
#5414 = CARTESIAN_POINT('',(0.793703735667,-1.071150041267,2.E-02));
#5415 = CARTESIAN_POINT('',(0.824688136735,-1.067909407678,2.E-02));
#5416 = CARTESIAN_POINT('',(0.845583541022,-1.067593484225,2.E-02));
#5417 = CARTESIAN_POINT('',(0.856135670732,-1.067433943628,2.E-02));
#5418 = ORIENTED_EDGE('',*,*,#5419,.T.);
#5419 = EDGE_CURVE('',#5404,#3072,#5420,.T.);
#5420 = LINE('',#5421,#5422);
#5421 = CARTESIAN_POINT('',(0.856135670732,-1.067433943628,2.E-02));
#5422 = VECTOR('',#5423,1.);
#5423 = DIRECTION('',(-0.,-0.,-1.));
#5424 = B_SPLINE_SURFACE_WITH_KNOTS('',3,1,(
    (#5425,#5426)
    ,(#5427,#5428)
    ,(#5429,#5430)
    ,(#5431,#5432)
    ,(#5433,#5434)
    ,(#5435,#5436)
    ,(#5437,#5438)
    ,(#5439,#5440)
    ,(#5441,#5442)
    ,(#5443,#5444)
    ,(#5445,#5446
  )),.UNSPECIFIED.,.F.,.F.,.F.,(4,1,1,1,1,1,1,1,4),(2,2),(0.,
    0.125279696736,0.249419970742,0.373356799493,0.496681278782,
    0.620202915744,0.745086320161,0.871269195019,1.),(0.,1.),
  .UNSPECIFIED.);
#5425 = CARTESIAN_POINT('',(0.621951219512,-1.131458333872,2.E-02));
#5426 = CARTESIAN_POINT('',(0.621951219512,-1.131458333872,
    1.355252715607E-17));
#5427 = CARTESIAN_POINT('',(0.63083160514,-1.126298160881,2.E-02));
#5428 = CARTESIAN_POINT('',(0.63083160514,-1.126298160881,
    1.355252715607E-17));
#5429 = CARTESIAN_POINT('',(0.648511609013,-1.116024746831,2.E-02));
#5430 = CARTESIAN_POINT('',(0.648511609013,-1.116024746831,
    1.355252715607E-17));
#5431 = CARTESIAN_POINT('',(0.676319040626,-1.103180957405,2.E-02));
#5432 = CARTESIAN_POINT('',(0.676319040626,-1.103180957405,
    1.355252715607E-17));
#5433 = CARTESIAN_POINT('',(0.704662283777,-1.092040819231,2.E-02));
#5434 = CARTESIAN_POINT('',(0.704662283777,-1.092040819231,
    1.355252715607E-17));
#5435 = CARTESIAN_POINT('',(0.733739755332,-1.083147818401,2.E-02));
#5436 = CARTESIAN_POINT('',(0.733739755332,-1.083147818401,
    1.355252715607E-17));
#5437 = CARTESIAN_POINT('',(0.763368450326,-1.07596665198,2.E-02));
#5438 = CARTESIAN_POINT('',(0.763368450326,-1.07596665198,
    1.355252715607E-17));
#5439 = CARTESIAN_POINT('',(0.793703735667,-1.071150041267,2.E-02));
#5440 = CARTESIAN_POINT('',(0.793703735667,-1.071150041267,
    1.355252715607E-17));
#5441 = CARTESIAN_POINT('',(0.824688136735,-1.067909407678,2.E-02));
#5442 = CARTESIAN_POINT('',(0.824688136735,-1.067909407678,
    1.355252715607E-17));
#5443 = CARTESIAN_POINT('',(0.845583541022,-1.067593484225,2.E-02));
#5444 = CARTESIAN_POINT('',(0.845583541022,-1.067593484225,
    1.355252715607E-17));
#5445 = CARTESIAN_POINT('',(0.856135670732,-1.067433943628,2.E-02));
#5446 = CARTESIAN_POINT('',(0.856135670732,-1.067433943628,
    1.355252715607E-17));
#5447 = ADVANCED_FACE('',(#5448),#5482,.T.);
#5448 = FACE_BOUND('',#5449,.T.);
#5449 = EDGE_LOOP('',(#5450,#5451,#5452,#5476));
#5450 = ORIENTED_EDGE('',*,*,#3087,.F.);
#5451 = ORIENTED_EDGE('',*,*,#5419,.F.);
#5452 = ORIENTED_EDGE('',*,*,#5453,.T.);
#5453 = EDGE_CURVE('',#5404,#5454,#5456,.T.);
#5454 = VERTEX_POINT('',#5455);
#5455 = CARTESIAN_POINT('',(1.231707317073,-1.480543699726,2.E-02));
#5456 = B_SPLINE_CURVE_WITH_KNOTS('',3,(#5457,#5458,#5459,#5460,#5461,
    #5462,#5463,#5464,#5465,#5466,#5467,#5468,#5469,#5470,#5471,#5472,
    #5473,#5474,#5475),.UNSPECIFIED.,.F.,.F.,(4,1,1,1,1,1,1,1,1,1,1,1,1,
    1,1,1,4),(0.,6.460397028839E-02,0.126702413963,0.186756814036,
    0.245505687365,0.30365202445,0.361503073971,0.420240222928,
    0.480033340777,0.540678134776,0.601191806381,0.662333502477,
    0.724739510297,0.789467736173,0.856504860044,0.926312095839,1.),
  .UNSPECIFIED.);
#5457 = CARTESIAN_POINT('',(0.856135670732,-1.067433943628,2.E-02));
#5458 = CARTESIAN_POINT('',(0.869685032596,-1.067725279714,2.E-02));
#5459 = CARTESIAN_POINT('',(0.896258273346,-1.06829665304,2.E-02));
#5460 = CARTESIAN_POINT('',(0.935079751058,-1.073906482726,2.E-02));
#5461 = CARTESIAN_POINT('',(0.97210714424,-1.082299421958,2.E-02));
#5462 = CARTESIAN_POINT('',(1.007191975558,-1.094583139237,2.E-02));
#5463 = CARTESIAN_POINT('',(1.040294406025,-1.110437169582,2.E-02));
#5464 = CARTESIAN_POINT('',(1.071385730024,-1.129920976894,2.E-02));
#5465 = CARTESIAN_POINT('',(1.100656891081,-1.152616829269,2.E-02));
#5466 = CARTESIAN_POINT('',(1.12766136758,-1.178807866523,2.E-02));
#5467 = CARTESIAN_POINT('',(1.152269957356,-1.207770970299,2.E-02));
#5468 = CARTESIAN_POINT('',(1.173392787692,-1.23969768097,2.E-02));
#5469 = CARTESIAN_POINT('',(1.191709487913,-1.273723861057,2.E-02));
#5470 = CARTESIAN_POINT('',(1.206377465837,-1.310446491291,2.E-02));
#5471 = CARTESIAN_POINT('',(1.217736965081,-1.34958381516,2.E-02));
#5472 = CARTESIAN_POINT('',(1.22593612911,-1.391082429826,2.E-02));
#5473 = CARTESIAN_POINT('',(1.230686611793,-1.435018873245,2.E-02));
#5474 = CARTESIAN_POINT('',(1.231361002594,-1.465097608783,2.E-02));
#5475 = CARTESIAN_POINT('',(1.231707317073,-1.480543699726,2.E-02));
#5476 = ORIENTED_EDGE('',*,*,#5477,.T.);
#5477 = EDGE_CURVE('',#5454,#3088,#5478,.T.);
#5478 = LINE('',#5479,#5480);
#5479 = CARTESIAN_POINT('',(1.231707317073,-1.480543699726,2.E-02));
#5480 = VECTOR('',#5481,1.);
#5481 = DIRECTION('',(-0.,-0.,-1.));
#5482 = B_SPLINE_SURFACE_WITH_KNOTS('',3,1,(
    (#5483,#5484)
    ,(#5485,#5486)
    ,(#5487,#5488)
    ,(#5489,#5490)
    ,(#5491,#5492)
    ,(#5493,#5494)
    ,(#5495,#5496)
    ,(#5497,#5498)
    ,(#5499,#5500)
    ,(#5501,#5502)
    ,(#5503,#5504)
    ,(#5505,#5506)
    ,(#5507,#5508)
    ,(#5509,#5510)
    ,(#5511,#5512)
    ,(#5513,#5514)
    ,(#5515,#5516)
    ,(#5517,#5518)
    ,(#5519,#5520
    )),.UNSPECIFIED.,.F.,.F.,.F.,(4,1,1,1,1,1,1,1,1,1,1,1,1,1,1,1,4),(2,
    2),(0.,6.460397028839E-02,0.126702413963,0.186756814036,
    0.245505687365,0.30365202445,0.361503073971,0.420240222928,
    0.480033340777,0.540678134776,0.601191806381,0.662333502477,
    0.724739510297,0.789467736173,0.856504860044,0.926312095839,1.),(0.,
    1.),.UNSPECIFIED.);
#5483 = CARTESIAN_POINT('',(0.856135670732,-1.067433943628,2.E-02));
#5484 = CARTESIAN_POINT('',(0.856135670732,-1.067433943628,
    1.355252715607E-17));
#5485 = CARTESIAN_POINT('',(0.869685032596,-1.067725279714,2.E-02));
#5486 = CARTESIAN_POINT('',(0.869685032596,-1.067725279714,
    1.355252715607E-17));
#5487 = CARTESIAN_POINT('',(0.896258273346,-1.06829665304,2.E-02));
#5488 = CARTESIAN_POINT('',(0.896258273346,-1.06829665304,
    1.355252715607E-17));
#5489 = CARTESIAN_POINT('',(0.935079751058,-1.073906482726,2.E-02));
#5490 = CARTESIAN_POINT('',(0.935079751058,-1.073906482726,
    1.355252715607E-17));
#5491 = CARTESIAN_POINT('',(0.97210714424,-1.082299421958,2.E-02));
#5492 = CARTESIAN_POINT('',(0.97210714424,-1.082299421958,
    1.355252715607E-17));
#5493 = CARTESIAN_POINT('',(1.007191975558,-1.094583139237,2.E-02));
#5494 = CARTESIAN_POINT('',(1.007191975558,-1.094583139237,
    1.355252715607E-17));
#5495 = CARTESIAN_POINT('',(1.040294406025,-1.110437169582,2.E-02));
#5496 = CARTESIAN_POINT('',(1.040294406025,-1.110437169582,
    1.355252715607E-17));
#5497 = CARTESIAN_POINT('',(1.071385730024,-1.129920976894,2.E-02));
#5498 = CARTESIAN_POINT('',(1.071385730024,-1.129920976894,
    1.355252715607E-17));
#5499 = CARTESIAN_POINT('',(1.100656891081,-1.152616829269,2.E-02));
#5500 = CARTESIAN_POINT('',(1.100656891081,-1.152616829269,
    1.355252715607E-17));
#5501 = CARTESIAN_POINT('',(1.12766136758,-1.178807866523,2.E-02));
#5502 = CARTESIAN_POINT('',(1.12766136758,-1.178807866523,
    1.355252715607E-17));
#5503 = CARTESIAN_POINT('',(1.152269957356,-1.207770970299,2.E-02));
#5504 = CARTESIAN_POINT('',(1.152269957356,-1.207770970299,
    1.355252715607E-17));
#5505 = CARTESIAN_POINT('',(1.173392787692,-1.23969768097,2.E-02));
#5506 = CARTESIAN_POINT('',(1.173392787692,-1.23969768097,
    1.355252715607E-17));
#5507 = CARTESIAN_POINT('',(1.191709487913,-1.273723861057,2.E-02));
#5508 = CARTESIAN_POINT('',(1.191709487913,-1.273723861057,
    1.355252715607E-17));
#5509 = CARTESIAN_POINT('',(1.206377465837,-1.310446491291,2.E-02));
#5510 = CARTESIAN_POINT('',(1.206377465837,-1.310446491291,
    1.355252715607E-17));
#5511 = CARTESIAN_POINT('',(1.217736965081,-1.34958381516,2.E-02));
#5512 = CARTESIAN_POINT('',(1.217736965081,-1.34958381516,
    1.355252715607E-17));
#5513 = CARTESIAN_POINT('',(1.22593612911,-1.391082429826,2.E-02));
#5514 = CARTESIAN_POINT('',(1.22593612911,-1.391082429826,
    1.355252715607E-17));
#5515 = CARTESIAN_POINT('',(1.230686611793,-1.435018873245,2.E-02));
#5516 = CARTESIAN_POINT('',(1.230686611793,-1.435018873245,
    1.355252715607E-17));
#5517 = CARTESIAN_POINT('',(1.231361002594,-1.465097608783,2.E-02));
#5518 = CARTESIAN_POINT('',(1.231361002594,-1.465097608783,
    1.355252715607E-17));
#5519 = CARTESIAN_POINT('',(1.231707317073,-1.480543699726,2.E-02));
#5520 = CARTESIAN_POINT('',(1.231707317073,-1.480543699726,
    1.355252715607E-17));
#5521 = ADVANCED_FACE('',(#5522),#5556,.T.);
#5522 = FACE_BOUND('',#5523,.T.);
#5523 = EDGE_LOOP('',(#5524,#5525,#5526,#5550));
#5524 = ORIENTED_EDGE('',*,*,#3111,.F.);
#5525 = ORIENTED_EDGE('',*,*,#5477,.F.);
#5526 = ORIENTED_EDGE('',*,*,#5527,.T.);
#5527 = EDGE_CURVE('',#5454,#5528,#5530,.T.);
#5528 = VERTEX_POINT('',#5529);
#5529 = CARTESIAN_POINT('',(0.878620426829,-1.872311992409,2.E-02));
#5530 = B_SPLINE_CURVE_WITH_KNOTS('',3,(#5531,#5532,#5533,#5534,#5535,
    #5536,#5537,#5538,#5539,#5540,#5541,#5542,#5543,#5544,#5545,#5546,
    #5547,#5548,#5549),.UNSPECIFIED.,.F.,.F.,(4,1,1,1,1,1,1,1,1,1,1,1,1,
    1,1,1,4),(0.,7.377411937406E-02,0.144079114726,0.211348518309,
    0.27607688574,0.33852091582,0.399885116693,0.460254067465,
    0.520588964391,0.580207684563,0.638632908553,0.696364549491,
    0.75400177466,0.812805681374,0.872754425526,0.935181996978,1.),
  .UNSPECIFIED.);
#5531 = CARTESIAN_POINT('',(1.231707317073,-1.480543699726,2.E-02));
#5532 = CARTESIAN_POINT('',(1.231429497223,-1.495164905422,2.E-02));
#5533 = CARTESIAN_POINT('',(1.23088692161,-1.523719775215,2.E-02));
#5534 = CARTESIAN_POINT('',(1.226225334987,-1.565397453138,2.E-02));
#5535 = CARTESIAN_POINT('',(1.218674090743,-1.604804174983,2.E-02));
#5536 = CARTESIAN_POINT('',(1.208061749046,-1.641905206163,2.E-02));
#5537 = CARTESIAN_POINT('',(1.194223643857,-1.676666212239,2.E-02));
#5538 = CARTESIAN_POINT('',(1.177507697771,-1.709179553093,2.E-02));
#5539 = CARTESIAN_POINT('',(1.157521680018,-1.739298404727,2.E-02));
#5540 = CARTESIAN_POINT('',(1.13470678022,-1.766881763974,2.E-02));
#5541 = CARTESIAN_POINT('',(1.109376231866,-1.791617416084,2.E-02));
#5542 = CARTESIAN_POINT('',(1.082060473926,-1.813340876407,2.E-02));
#5543 = CARTESIAN_POINT('',(1.052699993789,-1.831473203237,2.E-02));
#5544 = CARTESIAN_POINT('',(1.021568573112,-1.846509104119,2.E-02));
#5545 = CARTESIAN_POINT('',(0.98852555406,-1.858133929312,2.E-02));
#5546 = CARTESIAN_POINT('',(0.953509083749,-1.866283339459,2.E-02));
#5547 = CARTESIAN_POINT('',(0.916686677663,-1.871330908767,2.E-02));
#5548 = CARTESIAN_POINT('',(0.89146710184,-1.871980894325,2.E-02));
#5549 = CARTESIAN_POINT('',(0.878620426829,-1.872311992409,2.E-02));
#5550 = ORIENTED_EDGE('',*,*,#5551,.T.);
#5551 = EDGE_CURVE('',#5528,#2958,#5552,.T.);
#5552 = LINE('',#5553,#5554);
#5553 = CARTESIAN_POINT('',(0.878620426829,-1.872311992409,2.E-02));
#5554 = VECTOR('',#5555,1.);
#5555 = DIRECTION('',(-0.,-0.,-1.));
#5556 = B_SPLINE_SURFACE_WITH_KNOTS('',3,1,(
    (#5557,#5558)
    ,(#5559,#5560)
    ,(#5561,#5562)
    ,(#5563,#5564)
    ,(#5565,#5566)
    ,(#5567,#5568)
    ,(#5569,#5570)
    ,(#5571,#5572)
    ,(#5573,#5574)
    ,(#5575,#5576)
    ,(#5577,#5578)
    ,(#5579,#5580)
    ,(#5581,#5582)
    ,(#5583,#5584)
    ,(#5585,#5586)
    ,(#5587,#5588)
    ,(#5589,#5590)
    ,(#5591,#5592)
    ,(#5593,#5594
    )),.UNSPECIFIED.,.F.,.F.,.F.,(4,1,1,1,1,1,1,1,1,1,1,1,1,1,1,1,4),(2,
    2),(0.,7.377411937406E-02,0.144079114726,0.211348518309,
    0.27607688574,0.33852091582,0.399885116693,0.460254067465,
    0.520588964391,0.580207684563,0.638632908553,0.696364549491,
    0.75400177466,0.812805681374,0.872754425526,0.935181996978,1.),(0.,
    1.),.UNSPECIFIED.);
#5557 = CARTESIAN_POINT('',(1.231707317073,-1.480543699726,2.E-02));
#5558 = CARTESIAN_POINT('',(1.231707317073,-1.480543699726,
    1.355252715607E-17));
#5559 = CARTESIAN_POINT('',(1.231429497223,-1.495164905422,2.E-02));
#5560 = CARTESIAN_POINT('',(1.231429497223,-1.495164905422,
    1.355252715607E-17));
#5561 = CARTESIAN_POINT('',(1.23088692161,-1.523719775215,2.E-02));
#5562 = CARTESIAN_POINT('',(1.23088692161,-1.523719775215,
    1.355252715607E-17));
#5563 = CARTESIAN_POINT('',(1.226225334987,-1.565397453138,2.E-02));
#5564 = CARTESIAN_POINT('',(1.226225334987,-1.565397453138,
    1.355252715607E-17));
#5565 = CARTESIAN_POINT('',(1.218674090743,-1.604804174983,2.E-02));
#5566 = CARTESIAN_POINT('',(1.218674090743,-1.604804174983,
    1.355252715607E-17));
#5567 = CARTESIAN_POINT('',(1.208061749046,-1.641905206163,2.E-02));
#5568 = CARTESIAN_POINT('',(1.208061749046,-1.641905206163,
    1.355252715607E-17));
#5569 = CARTESIAN_POINT('',(1.194223643857,-1.676666212239,2.E-02));
#5570 = CARTESIAN_POINT('',(1.194223643857,-1.676666212239,
    1.355252715607E-17));
#5571 = CARTESIAN_POINT('',(1.177507697771,-1.709179553093,2.E-02));
#5572 = CARTESIAN_POINT('',(1.177507697771,-1.709179553093,
    1.355252715607E-17));
#5573 = CARTESIAN_POINT('',(1.157521680018,-1.739298404727,2.E-02));
#5574 = CARTESIAN_POINT('',(1.157521680018,-1.739298404727,
    1.355252715607E-17));
#5575 = CARTESIAN_POINT('',(1.13470678022,-1.766881763974,2.E-02));
#5576 = CARTESIAN_POINT('',(1.13470678022,-1.766881763974,
    1.355252715607E-17));
#5577 = CARTESIAN_POINT('',(1.109376231866,-1.791617416084,2.E-02));
#5578 = CARTESIAN_POINT('',(1.109376231866,-1.791617416084,
    1.355252715607E-17));
#5579 = CARTESIAN_POINT('',(1.082060473926,-1.813340876407,2.E-02));
#5580 = CARTESIAN_POINT('',(1.082060473926,-1.813340876407,
    1.355252715607E-17));
#5581 = CARTESIAN_POINT('',(1.052699993789,-1.831473203237,2.E-02));
#5582 = CARTESIAN_POINT('',(1.052699993789,-1.831473203237,
    1.355252715607E-17));
#5583 = CARTESIAN_POINT('',(1.021568573112,-1.846509104119,2.E-02));
#5584 = CARTESIAN_POINT('',(1.021568573112,-1.846509104119,
    1.355252715607E-17));
#5585 = CARTESIAN_POINT('',(0.98852555406,-1.858133929312,2.E-02));
#5586 = CARTESIAN_POINT('',(0.98852555406,-1.858133929312,
    1.355252715607E-17));
#5587 = CARTESIAN_POINT('',(0.953509083749,-1.866283339459,2.E-02));
#5588 = CARTESIAN_POINT('',(0.953509083749,-1.866283339459,
    1.355252715607E-17));
#5589 = CARTESIAN_POINT('',(0.916686677663,-1.871330908767,2.E-02));
#5590 = CARTESIAN_POINT('',(0.916686677663,-1.871330908767,
    1.355252715607E-17));
#5591 = CARTESIAN_POINT('',(0.89146710184,-1.871980894325,2.E-02));
#5592 = CARTESIAN_POINT('',(0.89146710184,-1.871980894325,
    1.355252715607E-17));
#5593 = CARTESIAN_POINT('',(0.878620426829,-1.872311992409,2.E-02));
#5594 = CARTESIAN_POINT('',(0.878620426829,-1.872311992409,
    1.355252715607E-17));
#5595 = ADVANCED_FACE('',(#5596),#5615,.T.);
#5596 = FACE_BOUND('',#5597,.T.);
#5597 = EDGE_LOOP('',(#5598,#5599,#5600,#5614));
#5598 = ORIENTED_EDGE('',*,*,#2957,.F.);
#5599 = ORIENTED_EDGE('',*,*,#5551,.F.);
#5600 = ORIENTED_EDGE('',*,*,#5601,.T.);
#5601 = EDGE_CURVE('',#5528,#5100,#5602,.T.);
#5602 = B_SPLINE_CURVE_WITH_KNOTS('',3,(#5603,#5604,#5605,#5606,#5607,
    #5608,#5609,#5610,#5611,#5612,#5613),.UNSPECIFIED.,.F.,.F.,(4,1,1,1,
    1,1,1,1,4),(0.,0.135294604763,0.266765657925,0.394816018836,
    0.520051654434,0.642175702971,0.762651820558,0.881834004381,1.),
  .UNSPECIFIED.);
#5603 = CARTESIAN_POINT('',(0.878620426829,-1.872311992409,2.E-02));
#5604 = CARTESIAN_POINT('',(0.866545006264,-1.872153451861,2.E-02));
#5605 = CARTESIAN_POINT('',(0.842735427769,-1.87184085127,2.E-02));
#5606 = CARTESIAN_POINT('',(0.807623545928,-1.868632876321,2.E-02));
#5607 = CARTESIAN_POINT('',(0.773613317147,-1.863804657006,2.E-02));
#5608 = CARTESIAN_POINT('',(0.740852566293,-1.856697942284,2.E-02));
#5609 = CARTESIAN_POINT('',(0.709228972315,-1.847801939434,2.E-02));
#5610 = CARTESIAN_POINT('',(0.678921819331,-1.836627878327,2.E-02));
#5611 = CARTESIAN_POINT('',(0.649607260876,-1.82386478994,2.E-02));
#5612 = CARTESIAN_POINT('',(0.631143549641,-1.813465156343,2.E-02));
#5613 = CARTESIAN_POINT('',(0.621951219512,-1.808287602165,2.E-02));
#5614 = ORIENTED_EDGE('',*,*,#5099,.T.);
#5615 = B_SPLINE_SURFACE_WITH_KNOTS('',3,1,(
    (#5616,#5617)
    ,(#5618,#5619)
    ,(#5620,#5621)
    ,(#5622,#5623)
    ,(#5624,#5625)
    ,(#5626,#5627)
    ,(#5628,#5629)
    ,(#5630,#5631)
    ,(#5632,#5633)
    ,(#5634,#5635)
    ,(#5636,#5637
  )),.UNSPECIFIED.,.F.,.F.,.F.,(4,1,1,1,1,1,1,1,4),(2,2),(0.,
    0.135294604763,0.266765657925,0.394816018836,0.520051654434,
    0.642175702971,0.762651820558,0.881834004381,1.),(0.,1.),
  .UNSPECIFIED.);
#5616 = CARTESIAN_POINT('',(0.878620426829,-1.872311992409,2.E-02));
#5617 = CARTESIAN_POINT('',(0.878620426829,-1.872311992409,
    1.355252715607E-17));
#5618 = CARTESIAN_POINT('',(0.866545006264,-1.872153451861,2.E-02));
#5619 = CARTESIAN_POINT('',(0.866545006264,-1.872153451861,
    1.355252715607E-17));
#5620 = CARTESIAN_POINT('',(0.842735427769,-1.87184085127,2.E-02));
#5621 = CARTESIAN_POINT('',(0.842735427769,-1.87184085127,
    1.355252715607E-17));
#5622 = CARTESIAN_POINT('',(0.807623545928,-1.868632876321,2.E-02));
#5623 = CARTESIAN_POINT('',(0.807623545928,-1.868632876321,
    1.355252715607E-17));
#5624 = CARTESIAN_POINT('',(0.773613317147,-1.863804657006,2.E-02));
#5625 = CARTESIAN_POINT('',(0.773613317147,-1.863804657006,
    1.355252715607E-17));
#5626 = CARTESIAN_POINT('',(0.740852566293,-1.856697942284,2.E-02));
#5627 = CARTESIAN_POINT('',(0.740852566293,-1.856697942284,
    1.355252715607E-17));
#5628 = CARTESIAN_POINT('',(0.709228972315,-1.847801939434,2.E-02));
#5629 = CARTESIAN_POINT('',(0.709228972315,-1.847801939434,
    1.355252715607E-17));
#5630 = CARTESIAN_POINT('',(0.678921819331,-1.836627878327,2.E-02));
#5631 = CARTESIAN_POINT('',(0.678921819331,-1.836627878327,
    1.355252715607E-17));
#5632 = CARTESIAN_POINT('',(0.649607260876,-1.82386478994,2.E-02));
#5633 = CARTESIAN_POINT('',(0.649607260876,-1.82386478994,
    1.355252715607E-17));
#5634 = CARTESIAN_POINT('',(0.631143549641,-1.813465156343,2.E-02));
#5635 = CARTESIAN_POINT('',(0.631143549641,-1.813465156343,
    1.355252715607E-17));
#5636 = CARTESIAN_POINT('',(0.621951219512,-1.808287602165,2.E-02));
#5637 = CARTESIAN_POINT('',(0.621951219512,-1.808287602165,
    1.355252715607E-17));
#5638 = ADVANCED_FACE('',(#5639),#5651,.T.);
#5639 = FACE_BOUND('',#5640,.T.);
#5640 = EDGE_LOOP('',(#5641,#5642,#5643,#5644,#5645,#5646,#5647,#5648,
    #5649,#5650));
#5641 = ORIENTED_EDGE('',*,*,#5107,.F.);
#5642 = ORIENTED_EDGE('',*,*,#5601,.F.);
#5643 = ORIENTED_EDGE('',*,*,#5527,.F.);
#5644 = ORIENTED_EDGE('',*,*,#5453,.F.);
#5645 = ORIENTED_EDGE('',*,*,#5403,.F.);
#5646 = ORIENTED_EDGE('',*,*,#5379,.F.);
#5647 = ORIENTED_EDGE('',*,*,#5329,.F.);
#5648 = ORIENTED_EDGE('',*,*,#5255,.F.);
#5649 = ORIENTED_EDGE('',*,*,#5181,.F.);
#5650 = ORIENTED_EDGE('',*,*,#5131,.F.);
#5651 = PLANE('',#5652);
#5652 = AXIS2_PLACEMENT_3D('',#5653,#5654,#5655);
#5653 = CARTESIAN_POINT('',(0.755139263101,-1.968195423524,2.E-02));
#5654 = DIRECTION('',(0.,0.,-1.));
#5655 = DIRECTION('',(-1.,0.,-0.));
#5656 = ADVANCED_FACE('',(#5657),#5682,.T.);
#5657 = FACE_BOUND('',#5658,.T.);
#5658 = EDGE_LOOP('',(#5659,#5660,#5668,#5676));
#5659 = ORIENTED_EDGE('',*,*,#3145,.F.);
#5660 = ORIENTED_EDGE('',*,*,#5661,.F.);
#5661 = EDGE_CURVE('',#5662,#3138,#5664,.T.);
#5662 = VERTEX_POINT('',#5663);
#5663 = CARTESIAN_POINT('',(1.451219512195,-1.860116870458,2.E-02));
#5664 = LINE('',#5665,#5666);
#5665 = CARTESIAN_POINT('',(1.451219512195,-1.860116870458,2.E-02));
#5666 = VECTOR('',#5667,1.);
#5667 = DIRECTION('',(-0.,-0.,-1.));
#5668 = ORIENTED_EDGE('',*,*,#5669,.T.);
#5669 = EDGE_CURVE('',#5662,#5670,#5672,.T.);
#5670 = VERTEX_POINT('',#5671);
#5671 = CARTESIAN_POINT('',(1.451219512195,-1.969872968019,2.E-02));
#5672 = LINE('',#5673,#5674);
#5673 = CARTESIAN_POINT('',(1.451219512195,-1.860116870458,2.E-02));
#5674 = VECTOR('',#5675,1.);
#5675 = DIRECTION('',(0.,-1.,0.));
#5676 = ORIENTED_EDGE('',*,*,#5677,.T.);
#5677 = EDGE_CURVE('',#5670,#3146,#5678,.T.);
#5678 = LINE('',#5679,#5680);
#5679 = CARTESIAN_POINT('',(1.451219512195,-1.969872968019,2.E-02));
#5680 = VECTOR('',#5681,1.);
#5681 = DIRECTION('',(-0.,-0.,-1.));
#5682 = PLANE('',#5683);
#5683 = AXIS2_PLACEMENT_3D('',#5684,#5685,#5686);
#5684 = CARTESIAN_POINT('',(1.451219512195,-1.860116870458,2.E-02));
#5685 = DIRECTION('',(1.,0.,-0.));
#5686 = DIRECTION('',(-0.,0.,-1.));
#5687 = ADVANCED_FACE('',(#5688),#5706,.T.);
#5688 = FACE_BOUND('',#5689,.T.);
#5689 = EDGE_LOOP('',(#5690,#5691,#5692,#5700));
#5690 = ORIENTED_EDGE('',*,*,#3153,.F.);
#5691 = ORIENTED_EDGE('',*,*,#5677,.F.);
#5692 = ORIENTED_EDGE('',*,*,#5693,.T.);
#5693 = EDGE_CURVE('',#5670,#5694,#5696,.T.);
#5694 = VERTEX_POINT('',#5695);
#5695 = CARTESIAN_POINT('',(1.963414634146,-1.969872968019,2.E-02));
#5696 = LINE('',#5697,#5698);
#5697 = CARTESIAN_POINT('',(1.451219512195,-1.969872968019,2.E-02));
#5698 = VECTOR('',#5699,1.);
#5699 = DIRECTION('',(1.,0.,0.));
#5700 = ORIENTED_EDGE('',*,*,#5701,.T.);
#5701 = EDGE_CURVE('',#5694,#3154,#5702,.T.);
#5702 = LINE('',#5703,#5704);
#5703 = CARTESIAN_POINT('',(1.963414634146,-1.969872968019,2.E-02));
#5704 = VECTOR('',#5705,1.);
#5705 = DIRECTION('',(-0.,-0.,-1.));
#5706 = PLANE('',#5707);
#5707 = AXIS2_PLACEMENT_3D('',#5708,#5709,#5710);
#5708 = CARTESIAN_POINT('',(1.451219512195,-1.969872968019,2.E-02));
#5709 = DIRECTION('',(0.,1.,0.));
#5710 = DIRECTION('',(0.,-0.,1.));
#5711 = ADVANCED_FACE('',(#5712),#5730,.T.);
#5712 = FACE_BOUND('',#5713,.T.);
#5713 = EDGE_LOOP('',(#5714,#5715,#5716,#5724));
#5714 = ORIENTED_EDGE('',*,*,#3161,.F.);
#5715 = ORIENTED_EDGE('',*,*,#5701,.F.);
#5716 = ORIENTED_EDGE('',*,*,#5717,.T.);
#5717 = EDGE_CURVE('',#5694,#5718,#5720,.T.);
#5718 = VERTEX_POINT('',#5719);
#5719 = CARTESIAN_POINT('',(1.963414634146,-0.969872968019,2.E-02));
#5720 = LINE('',#5721,#5722);
#5721 = CARTESIAN_POINT('',(1.963414634146,-1.969872968019,2.E-02));
#5722 = VECTOR('',#5723,1.);
#5723 = DIRECTION('',(0.,1.,0.));
#5724 = ORIENTED_EDGE('',*,*,#5725,.T.);
#5725 = EDGE_CURVE('',#5718,#3162,#5726,.T.);
#5726 = LINE('',#5727,#5728);
#5727 = CARTESIAN_POINT('',(1.963414634146,-0.969872968019,2.E-02));
#5728 = VECTOR('',#5729,1.);
#5729 = DIRECTION('',(-0.,-0.,-1.));
#5730 = PLANE('',#5731);
#5731 = AXIS2_PLACEMENT_3D('',#5732,#5733,#5734);
#5732 = CARTESIAN_POINT('',(1.963414634146,-1.969872968019,2.E-02));
#5733 = DIRECTION('',(-1.,0.,0.));
#5734 = DIRECTION('',(0.,0.,1.));
#5735 = ADVANCED_FACE('',(#5736),#5754,.T.);
#5736 = FACE_BOUND('',#5737,.T.);
#5737 = EDGE_LOOP('',(#5738,#5739,#5740,#5748));
#5738 = ORIENTED_EDGE('',*,*,#3169,.F.);
#5739 = ORIENTED_EDGE('',*,*,#5725,.F.);
#5740 = ORIENTED_EDGE('',*,*,#5741,.T.);
#5741 = EDGE_CURVE('',#5718,#5742,#5744,.T.);
#5742 = VERTEX_POINT('',#5743);
#5743 = CARTESIAN_POINT('',(1.829268292683,-0.969872968019,2.E-02));
#5744 = LINE('',#5745,#5746);
#5745 = CARTESIAN_POINT('',(1.963414634146,-0.969872968019,2.E-02));
#5746 = VECTOR('',#5747,1.);
#5747 = DIRECTION('',(-1.,0.,0.));
#5748 = ORIENTED_EDGE('',*,*,#5749,.T.);
#5749 = EDGE_CURVE('',#5742,#3170,#5750,.T.);
#5750 = LINE('',#5751,#5752);
#5751 = CARTESIAN_POINT('',(1.829268292683,-0.969872968019,2.E-02));
#5752 = VECTOR('',#5753,1.);
#5753 = DIRECTION('',(-0.,-0.,-1.));
#5754 = PLANE('',#5755);
#5755 = AXIS2_PLACEMENT_3D('',#5756,#5757,#5758);
#5756 = CARTESIAN_POINT('',(1.963414634146,-0.969872968019,2.E-02));
#5757 = DIRECTION('',(0.,-1.,0.));
#5758 = DIRECTION('',(0.,-0.,-1.));
#5759 = ADVANCED_FACE('',(#5760),#5778,.T.);
#5760 = FACE_BOUND('',#5761,.T.);
#5761 = EDGE_LOOP('',(#5762,#5763,#5764,#5772));
#5762 = ORIENTED_EDGE('',*,*,#3177,.F.);
#5763 = ORIENTED_EDGE('',*,*,#5749,.F.);
#5764 = ORIENTED_EDGE('',*,*,#5765,.T.);
#5765 = EDGE_CURVE('',#5742,#5766,#5768,.T.);
#5766 = VERTEX_POINT('',#5767);
#5767 = CARTESIAN_POINT('',(1.829268292683,-1.860116870458,2.E-02));
#5768 = LINE('',#5769,#5770);
#5769 = CARTESIAN_POINT('',(1.829268292683,-0.969872968019,2.E-02));
#5770 = VECTOR('',#5771,1.);
#5771 = DIRECTION('',(0.,-1.,0.));
#5772 = ORIENTED_EDGE('',*,*,#5773,.T.);
#5773 = EDGE_CURVE('',#5766,#3136,#5774,.T.);
#5774 = LINE('',#5775,#5776);
#5775 = CARTESIAN_POINT('',(1.829268292683,-1.860116870458,2.E-02));
#5776 = VECTOR('',#5777,1.);
#5777 = DIRECTION('',(-0.,-0.,-1.));
#5778 = PLANE('',#5779);
#5779 = AXIS2_PLACEMENT_3D('',#5780,#5781,#5782);
#5780 = CARTESIAN_POINT('',(1.829268292683,-0.969872968019,2.E-02));
#5781 = DIRECTION('',(1.,0.,-0.));
#5782 = DIRECTION('',(-0.,0.,-1.));
#5783 = ADVANCED_FACE('',(#5784),#5795,.T.);
#5784 = FACE_BOUND('',#5785,.T.);
#5785 = EDGE_LOOP('',(#5786,#5787,#5788,#5794));
#5786 = ORIENTED_EDGE('',*,*,#3135,.F.);
#5787 = ORIENTED_EDGE('',*,*,#5773,.F.);
#5788 = ORIENTED_EDGE('',*,*,#5789,.T.);
#5789 = EDGE_CURVE('',#5766,#5662,#5790,.T.);
#5790 = LINE('',#5791,#5792);
#5791 = CARTESIAN_POINT('',(1.829268292683,-1.860116870458,2.E-02));
#5792 = VECTOR('',#5793,1.);
#5793 = DIRECTION('',(-1.,0.,0.));
#5794 = ORIENTED_EDGE('',*,*,#5661,.T.);
#5795 = PLANE('',#5796);
#5796 = AXIS2_PLACEMENT_3D('',#5797,#5798,#5799);
#5797 = CARTESIAN_POINT('',(1.829268292683,-1.860116870458,2.E-02));
#5798 = DIRECTION('',(0.,-1.,0.));
#5799 = DIRECTION('',(0.,-0.,-1.));
#5800 = ADVANCED_FACE('',(#5801),#5809,.F.);
#5801 = FACE_BOUND('',#5802,.T.);
#5802 = EDGE_LOOP('',(#5803,#5804,#5805,#5806,#5807,#5808));
#5803 = ORIENTED_EDGE('',*,*,#5669,.F.);
#5804 = ORIENTED_EDGE('',*,*,#5789,.F.);
#5805 = ORIENTED_EDGE('',*,*,#5765,.F.);
#5806 = ORIENTED_EDGE('',*,*,#5741,.F.);
#5807 = ORIENTED_EDGE('',*,*,#5717,.F.);
#5808 = ORIENTED_EDGE('',*,*,#5693,.F.);
#5809 = PLANE('',#5810);
#5810 = AXIS2_PLACEMENT_3D('',#5811,#5812,#5813);
#5811 = CARTESIAN_POINT('',(0.,0.,2.E-02));
#5812 = DIRECTION('',(-0.,0.,1.));
#5813 = DIRECTION('',(1.,0.,0.));
#5814 = ADVANCED_FACE('',(#5815),#5823,.T.);
#5815 = FACE_BOUND('',#5816,.T.);
#5816 = EDGE_LOOP('',(#5817,#5818,#5819,#5820,#5821,#5822));
#5817 = ORIENTED_EDGE('',*,*,#4122,.T.);
#5818 = ORIENTED_EDGE('',*,*,#4091,.T.);
#5819 = ORIENTED_EDGE('',*,*,#4246,.T.);
#5820 = ORIENTED_EDGE('',*,*,#4208,.T.);
#5821 = ORIENTED_EDGE('',*,*,#4184,.T.);
#5822 = ORIENTED_EDGE('',*,*,#4146,.T.);
#5823 = PLANE('',#5824);
#5824 = AXIS2_PLACEMENT_3D('',#5825,#5826,#5827);
#5825 = CARTESIAN_POINT('',(0.,0.,0.));
#5826 = DIRECTION('',(0.,0.,-1.));
#5827 = DIRECTION('',(-1.,0.,-0.));
#5828 = ADVANCED_FACE('',(#5829),#5836,.T.);
#5829 = FACE_BOUND('',#5830,.T.);
#5830 = EDGE_LOOP('',(#5831,#5832,#5833,#5834,#5835));
#5831 = ORIENTED_EDGE('',*,*,#4601,.T.);
#5832 = ORIENTED_EDGE('',*,*,#4570,.T.);
#5833 = ORIENTED_EDGE('',*,*,#4773,.T.);
#5834 = ORIENTED_EDGE('',*,*,#4749,.T.);
#5835 = ORIENTED_EDGE('',*,*,#4675,.T.);
#5836 = PLANE('',#5837);
#5837 = AXIS2_PLACEMENT_3D('',#5838,#5839,#5840);
#5838 = CARTESIAN_POINT('',(0.,0.,0.));
#5839 = DIRECTION('',(0.,0.,-1.));
#5840 = DIRECTION('',(-1.,0.,-0.));
#5841 = ADVANCED_FACE('',(#5842),#5867,.F.);
#5842 = FACE_BOUND('',#5843,.T.);
#5843 = EDGE_LOOP('',(#5844,#5845,#5853,#5861));
#5844 = ORIENTED_EDGE('',*,*,#2598,.T.);
#5845 = ORIENTED_EDGE('',*,*,#5846,.F.);
#5846 = EDGE_CURVE('',#5847,#2601,#5849,.T.);
#5847 = VERTEX_POINT('',#5848);
#5848 = CARTESIAN_POINT('',(2.6,0.25,0.5));
#5849 = LINE('',#5850,#5851);
#5850 = CARTESIAN_POINT('',(2.6,0.25,0.5));
#5851 = VECTOR('',#5852,1.);
#5852 = DIRECTION('',(-0.,-0.,-1.));
#5853 = ORIENTED_EDGE('',*,*,#5854,.F.);
#5854 = EDGE_CURVE('',#5855,#5847,#5857,.T.);
#5855 = VERTEX_POINT('',#5856);
#5856 = CARTESIAN_POINT('',(2.6,5.25,0.5));
#5857 = LINE('',#5858,#5859);
#5858 = CARTESIAN_POINT('',(2.6,5.25,0.5));
#5859 = VECTOR('',#5860,1.);
#5860 = DIRECTION('',(-1.734723475977E-16,-1.,0.));
#5861 = ORIENTED_EDGE('',*,*,#5862,.T.);
#5862 = EDGE_CURVE('',#5855,#2599,#5863,.T.);
#5863 = LINE('',#5864,#5865);
#5864 = CARTESIAN_POINT('',(2.6,5.25,0.5));
#5865 = VECTOR('',#5866,1.);
#5866 = DIRECTION('',(-0.,-0.,-1.));
#5867 = PLANE('',#5868);
#5868 = AXIS2_PLACEMENT_3D('',#5869,#5870,#5871);
#5869 = CARTESIAN_POINT('',(2.6,5.25,0.5));
#5870 = DIRECTION('',(1.,-1.734723475977E-16,0.));
#5871 = DIRECTION('',(1.734723475977E-16,1.,0.));
#5872 = ADVANCED_FACE('',(#5873),#5891,.F.);
#5873 = FACE_BOUND('',#5874,.T.);
#5874 = EDGE_LOOP('',(#5875,#5876,#5877,#5885));
#5875 = ORIENTED_EDGE('',*,*,#2608,.T.);
#5876 = ORIENTED_EDGE('',*,*,#5862,.F.);
#5877 = ORIENTED_EDGE('',*,*,#5878,.F.);
#5878 = EDGE_CURVE('',#5879,#5855,#5881,.T.);
#5879 = VERTEX_POINT('',#5880);
#5880 = CARTESIAN_POINT('',(1.9,5.25,0.5));
#5881 = LINE('',#5882,#5883);
#5882 = CARTESIAN_POINT('',(2.6,5.25,0.5));
#5883 = VECTOR('',#5884,1.);
#5884 = DIRECTION('',(1.,-0.,-0.));
#5885 = ORIENTED_EDGE('',*,*,#5886,.T.);
#5886 = EDGE_CURVE('',#5879,#2609,#5887,.T.);
#5887 = LINE('',#5888,#5889);
#5888 = CARTESIAN_POINT('',(1.9,5.25,0.5));
#5889 = VECTOR('',#5890,1.);
#5890 = DIRECTION('',(-0.,-0.,-1.));
#5891 = PLANE('',#5892);
#5892 = AXIS2_PLACEMENT_3D('',#5893,#5894,#5895);
#5893 = CARTESIAN_POINT('',(2.6,5.25,0.5));
#5894 = DIRECTION('',(0.,1.,-0.));
#5895 = DIRECTION('',(0.,0.,1.));
#5896 = ADVANCED_FACE('',(#5897),#5915,.F.);
#5897 = FACE_BOUND('',#5898,.T.);
#5898 = EDGE_LOOP('',(#5899,#5900,#5901,#5909));
#5899 = ORIENTED_EDGE('',*,*,#2616,.T.);
#5900 = ORIENTED_EDGE('',*,*,#5886,.F.);
#5901 = ORIENTED_EDGE('',*,*,#5902,.F.);
#5902 = EDGE_CURVE('',#5903,#5879,#5905,.T.);
#5903 = VERTEX_POINT('',#5904);
#5904 = CARTESIAN_POINT('',(1.9,0.25,0.5));
#5905 = LINE('',#5906,#5907);
#5906 = CARTESIAN_POINT('',(1.9,5.25,0.5));
#5907 = VECTOR('',#5908,1.);
#5908 = DIRECTION('',(4.336808689942E-17,1.,-0.));
#5909 = ORIENTED_EDGE('',*,*,#5910,.T.);
#5910 = EDGE_CURVE('',#5903,#2617,#5911,.T.);
#5911 = LINE('',#5912,#5913);
#5912 = CARTESIAN_POINT('',(1.9,0.25,0.5));
#5913 = VECTOR('',#5914,1.);
#5914 = DIRECTION('',(-0.,-0.,-1.));
#5915 = PLANE('',#5916);
#5916 = AXIS2_PLACEMENT_3D('',#5917,#5918,#5919);
#5917 = CARTESIAN_POINT('',(1.9,5.25,0.5));
#5918 = DIRECTION('',(-1.,4.336808689942E-17,0.));
#5919 = DIRECTION('',(-4.336808689942E-17,-1.,0.));
#5920 = ADVANCED_FACE('',(#5921),#5932,.F.);
#5921 = FACE_BOUND('',#5922,.T.);
#5922 = EDGE_LOOP('',(#5923,#5924,#5925,#5931));
#5923 = ORIENTED_EDGE('',*,*,#2624,.T.);
#5924 = ORIENTED_EDGE('',*,*,#5910,.F.);
#5925 = ORIENTED_EDGE('',*,*,#5926,.F.);
#5926 = EDGE_CURVE('',#5847,#5903,#5927,.T.);
#5927 = LINE('',#5928,#5929);
#5928 = CARTESIAN_POINT('',(2.6,0.25,0.5));
#5929 = VECTOR('',#5930,1.);
#5930 = DIRECTION('',(-1.,0.,0.));
#5931 = ORIENTED_EDGE('',*,*,#5846,.T.);
#5932 = PLANE('',#5933);
#5933 = AXIS2_PLACEMENT_3D('',#5934,#5935,#5936);
#5934 = CARTESIAN_POINT('',(2.6,0.25,0.5));
#5935 = DIRECTION('',(0.,-1.,0.));
#5936 = DIRECTION('',(0.,-0.,-1.));
#5937 = ADVANCED_FACE('',(#5938),#5944,.T.);
#5938 = FACE_BOUND('',#5939,.T.);
#5939 = EDGE_LOOP('',(#5940,#5941,#5942,#5943));
#5940 = ORIENTED_EDGE('',*,*,#5854,.T.);
#5941 = ORIENTED_EDGE('',*,*,#5926,.T.);
#5942 = ORIENTED_EDGE('',*,*,#5902,.T.);
#5943 = ORIENTED_EDGE('',*,*,#5878,.T.);
#5944 = PLANE('',#5945);
#5945 = AXIS2_PLACEMENT_3D('',#5946,#5947,#5948);
#5946 = CARTESIAN_POINT('',(0.,0.,0.5));
#5947 = DIRECTION('',(0.,0.,-1.));
#5948 = DIRECTION('',(-1.,0.,0.));
#5949 = ADVANCED_FACE('',(#5950),#5975,.F.);
#5950 = FACE_BOUND('',#5951,.T.);
#5951 = EDGE_LOOP('',(#5952,#5953,#5961,#5969));
#5952 = ORIENTED_EDGE('',*,*,#2564,.T.);
#5953 = ORIENTED_EDGE('',*,*,#5954,.F.);
#5954 = EDGE_CURVE('',#5955,#2567,#5957,.T.);
#5955 = VERTEX_POINT('',#5956);
#5956 = CARTESIAN_POINT('',(1.5,0.25,0.5));
#5957 = LINE('',#5958,#5959);
#5958 = CARTESIAN_POINT('',(1.5,0.25,0.5));
#5959 = VECTOR('',#5960,1.);
#5960 = DIRECTION('',(-0.,-0.,-1.));
#5961 = ORIENTED_EDGE('',*,*,#5962,.F.);
#5962 = EDGE_CURVE('',#5963,#5955,#5965,.T.);
#5963 = VERTEX_POINT('',#5964);
#5964 = CARTESIAN_POINT('',(1.5,5.25,0.5));
#5965 = LINE('',#5966,#5967);
#5966 = CARTESIAN_POINT('',(1.5,5.25,0.5));
#5967 = VECTOR('',#5968,1.);
#5968 = DIRECTION('',(-1.734723475977E-16,-1.,0.));
#5969 = ORIENTED_EDGE('',*,*,#5970,.T.);
#5970 = EDGE_CURVE('',#5963,#2565,#5971,.T.);
#5971 = LINE('',#5972,#5973);
#5972 = CARTESIAN_POINT('',(1.5,5.25,0.5));
#5973 = VECTOR('',#5974,1.);
#5974 = DIRECTION('',(-0.,-0.,-1.));
#5975 = PLANE('',#5976);
#5976 = AXIS2_PLACEMENT_3D('',#5977,#5978,#5979);
#5977 = CARTESIAN_POINT('',(1.5,5.25,0.5));
#5978 = DIRECTION('',(1.,-1.734723475977E-16,0.));
#5979 = DIRECTION('',(1.734723475977E-16,1.,0.));
#5980 = ADVANCED_FACE('',(#5981),#5999,.F.);
#5981 = FACE_BOUND('',#5982,.T.);
#5982 = EDGE_LOOP('',(#5983,#5984,#5985,#5993));
#5983 = ORIENTED_EDGE('',*,*,#2574,.T.);
#5984 = ORIENTED_EDGE('',*,*,#5970,.F.);
#5985 = ORIENTED_EDGE('',*,*,#5986,.F.);
#5986 = EDGE_CURVE('',#5987,#5963,#5989,.T.);
#5987 = VERTEX_POINT('',#5988);
#5988 = CARTESIAN_POINT('',(0.8,5.25,0.5));
#5989 = LINE('',#5990,#5991);
#5990 = CARTESIAN_POINT('',(1.5,5.25,0.5));
#5991 = VECTOR('',#5992,1.);
#5992 = DIRECTION('',(1.,-0.,-0.));
#5993 = ORIENTED_EDGE('',*,*,#5994,.T.);
#5994 = EDGE_CURVE('',#5987,#2575,#5995,.T.);
#5995 = LINE('',#5996,#5997);
#5996 = CARTESIAN_POINT('',(0.8,5.25,0.5));
#5997 = VECTOR('',#5998,1.);
#5998 = DIRECTION('',(-0.,-0.,-1.));
#5999 = PLANE('',#6000);
#6000 = AXIS2_PLACEMENT_3D('',#6001,#6002,#6003);
#6001 = CARTESIAN_POINT('',(1.5,5.25,0.5));
#6002 = DIRECTION('',(0.,1.,-0.));
#6003 = DIRECTION('',(0.,0.,1.));
#6004 = ADVANCED_FACE('',(#6005),#6023,.F.);
#6005 = FACE_BOUND('',#6006,.T.);
#6006 = EDGE_LOOP('',(#6007,#6008,#6009,#6017));
#6007 = ORIENTED_EDGE('',*,*,#2582,.T.);
#6008 = ORIENTED_EDGE('',*,*,#5994,.F.);
#6009 = ORIENTED_EDGE('',*,*,#6010,.F.);
#6010 = EDGE_CURVE('',#6011,#5987,#6013,.T.);
#6011 = VERTEX_POINT('',#6012);
#6012 = CARTESIAN_POINT('',(0.8,0.25,0.5));
#6013 = LINE('',#6014,#6015);
#6014 = CARTESIAN_POINT('',(0.8,5.25,0.5));
#6015 = VECTOR('',#6016,1.);
#6016 = DIRECTION('',(4.336808689942E-17,1.,-0.));
#6017 = ORIENTED_EDGE('',*,*,#6018,.T.);
#6018 = EDGE_CURVE('',#6011,#2583,#6019,.T.);
#6019 = LINE('',#6020,#6021);
#6020 = CARTESIAN_POINT('',(0.8,0.25,0.5));
#6021 = VECTOR('',#6022,1.);
#6022 = DIRECTION('',(-0.,-0.,-1.));
#6023 = PLANE('',#6024);
#6024 = AXIS2_PLACEMENT_3D('',#6025,#6026,#6027);
#6025 = CARTESIAN_POINT('',(0.8,5.25,0.5));
#6026 = DIRECTION('',(-1.,4.336808689942E-17,0.));
#6027 = DIRECTION('',(-4.336808689942E-17,-1.,0.));
#6028 = ADVANCED_FACE('',(#6029),#6040,.F.);
#6029 = FACE_BOUND('',#6030,.T.);
#6030 = EDGE_LOOP('',(#6031,#6032,#6033,#6039));
#6031 = ORIENTED_EDGE('',*,*,#2590,.T.);
#6032 = ORIENTED_EDGE('',*,*,#6018,.F.);
#6033 = ORIENTED_EDGE('',*,*,#6034,.F.);
#6034 = EDGE_CURVE('',#5955,#6011,#6035,.T.);
#6035 = LINE('',#6036,#6037);
#6036 = CARTESIAN_POINT('',(1.5,0.25,0.5));
#6037 = VECTOR('',#6038,1.);
#6038 = DIRECTION('',(-1.,0.,0.));
#6039 = ORIENTED_EDGE('',*,*,#5954,.T.);
#6040 = PLANE('',#6041);
#6041 = AXIS2_PLACEMENT_3D('',#6042,#6043,#6044);
#6042 = CARTESIAN_POINT('',(1.5,0.25,0.5));
#6043 = DIRECTION('',(0.,-1.,0.));
#6044 = DIRECTION('',(0.,-0.,-1.));
#6045 = ADVANCED_FACE('',(#6046),#6052,.T.);
#6046 = FACE_BOUND('',#6047,.T.);
#6047 = EDGE_LOOP('',(#6048,#6049,#6050,#6051));
#6048 = ORIENTED_EDGE('',*,*,#5962,.T.);
#6049 = ORIENTED_EDGE('',*,*,#6034,.T.);
#6050 = ORIENTED_EDGE('',*,*,#6010,.T.);
#6051 = ORIENTED_EDGE('',*,*,#5986,.T.);
#6052 = PLANE('',#6053);
#6053 = AXIS2_PLACEMENT_3D('',#6054,#6055,#6056);
#6054 = CARTESIAN_POINT('',(-1.1,0.,0.5));
#6055 = DIRECTION('',(0.,0.,-1.));
#6056 = DIRECTION('',(-1.,0.,0.));
#6057 = ADVANCED_FACE('',(#6058),#6092,.F.);
#6058 = FACE_BOUND('',#6059,.T.);
#6059 = EDGE_LOOP('',(#6060,#6070,#6078,#6086));
#6060 = ORIENTED_EDGE('',*,*,#6061,.T.);
#6061 = EDGE_CURVE('',#6062,#6064,#6066,.T.);
#6062 = VERTEX_POINT('',#6063);
#6063 = CARTESIAN_POINT('',(4.875,-0.329253102891,0.95));
#6064 = VERTEX_POINT('',#6065);
#6065 = CARTESIAN_POINT('',(4.875,-6.090336444337,0.95));
#6066 = LINE('',#6067,#6068);
#6067 = CARTESIAN_POINT('',(4.875,-0.329253102891,0.95));
#6068 = VECTOR('',#6069,1.);
#6069 = DIRECTION('',(1.505553186062E-16,-1.,1.911730851944E-32));
#6070 = ORIENTED_EDGE('',*,*,#6071,.T.);
#6071 = EDGE_CURVE('',#6064,#6072,#6074,.T.);
#6072 = VERTEX_POINT('',#6073);
#6073 = CARTESIAN_POINT('',(6.825,-6.090336444337,0.95));
#6074 = LINE('',#6075,#6076);
#6075 = CARTESIAN_POINT('',(4.875,-6.090336444337,0.95));
#6076 = VECTOR('',#6077,1.);
#6077 = DIRECTION('',(1.,0.,1.269786328136E-16));
#6078 = ORIENTED_EDGE('',*,*,#6079,.T.);
#6079 = EDGE_CURVE('',#6072,#6080,#6082,.T.);
#6080 = VERTEX_POINT('',#6081);
#6081 = CARTESIAN_POINT('',(6.825,-0.329253102891,0.95));
#6082 = LINE('',#6083,#6084);
#6083 = CARTESIAN_POINT('',(6.825,-0.329253102891,0.95));
#6084 = VECTOR('',#6085,1.);
#6085 = DIRECTION('',(-1.505553186062E-16,1.,-1.911730851944E-32));
#6086 = ORIENTED_EDGE('',*,*,#6087,.T.);
#6087 = EDGE_CURVE('',#6080,#6062,#6088,.T.);
#6088 = LINE('',#6089,#6090);
#6089 = CARTESIAN_POINT('',(4.875,-0.329253102891,0.95));
#6090 = VECTOR('',#6091,1.);
#6091 = DIRECTION('',(-1.,-2.780005570476E-17,-1.269786328136E-16));
#6092 = PLANE('',#6093);
#6093 = AXIS2_PLACEMENT_3D('',#6094,#6095,#6096);
#6094 = CARTESIAN_POINT('',(4.625,5.75,0.95));
#6095 = DIRECTION('',(1.269786328136E-16,0.,-1.));
#6096 = DIRECTION('',(-1.,0.,-1.269786328136E-16));
#6097 = ADVANCED_FACE('',(#6098),#6114,.F.);
#6098 = FACE_BOUND('',#6099,.T.);
#6099 = EDGE_LOOP('',(#6100,#6106,#6107,#6113));
#6100 = ORIENTED_EDGE('',*,*,#6101,.T.);
#6101 = EDGE_CURVE('',#6064,#3364,#6102,.T.);
#6102 = LINE('',#6103,#6104);
#6103 = CARTESIAN_POINT('',(4.875,-6.090336444337,-5.132152683638));
#6104 = VECTOR('',#6105,1.);
#6105 = DIRECTION('',(-0.,-0.,1.));
#6106 = ORIENTED_EDGE('',*,*,#3363,.T.);
#6107 = ORIENTED_EDGE('',*,*,#6108,.F.);
#6108 = EDGE_CURVE('',#6072,#3354,#6109,.T.);
#6109 = LINE('',#6110,#6111);
#6110 = CARTESIAN_POINT('',(6.825,-6.090336444337,-5.132152683638));
#6111 = VECTOR('',#6112,1.);
#6112 = DIRECTION('',(-0.,-0.,1.));
#6113 = ORIENTED_EDGE('',*,*,#6071,.F.);
#6114 = PLANE('',#6115);
#6115 = AXIS2_PLACEMENT_3D('',#6116,#6117,#6118);
#6116 = CARTESIAN_POINT('',(4.875,-6.090336444337,-5.132152683638));
#6117 = DIRECTION('',(0.,-1.,0.));
#6118 = DIRECTION('',(0.,-0.,-1.));
#6119 = ADVANCED_FACE('',(#6120),#6131,.F.);
#6120 = FACE_BOUND('',#6121,.T.);
#6121 = EDGE_LOOP('',(#6122,#6123,#6124,#6130));
#6122 = ORIENTED_EDGE('',*,*,#6108,.T.);
#6123 = ORIENTED_EDGE('',*,*,#3353,.T.);
#6124 = ORIENTED_EDGE('',*,*,#6125,.F.);
#6125 = EDGE_CURVE('',#6080,#3356,#6126,.T.);
#6126 = LINE('',#6127,#6128);
#6127 = CARTESIAN_POINT('',(6.825,-0.329253102891,-5.132152683638));
#6128 = VECTOR('',#6129,1.);
#6129 = DIRECTION('',(-0.,-0.,1.));
#6130 = ORIENTED_EDGE('',*,*,#6079,.F.);
#6131 = PLANE('',#6132);
#6132 = AXIS2_PLACEMENT_3D('',#6133,#6134,#6135);
#6133 = CARTESIAN_POINT('',(6.825,-0.329253102891,-5.132152683638));
#6134 = DIRECTION('',(1.,1.505553186062E-16,0.));
#6135 = DIRECTION('',(-1.505553186062E-16,1.,0.));
#6136 = ADVANCED_FACE('',(#6137),#6148,.F.);
#6137 = FACE_BOUND('',#6138,.T.);
#6138 = EDGE_LOOP('',(#6139,#6140,#6141,#6147));
#6139 = ORIENTED_EDGE('',*,*,#6125,.T.);
#6140 = ORIENTED_EDGE('',*,*,#3379,.T.);
#6141 = ORIENTED_EDGE('',*,*,#6142,.F.);
#6142 = EDGE_CURVE('',#6062,#3372,#6143,.T.);
#6143 = LINE('',#6144,#6145);
#6144 = CARTESIAN_POINT('',(4.875,-0.329253102891,-5.132152683638));
#6145 = VECTOR('',#6146,1.);
#6146 = DIRECTION('',(-0.,-0.,1.));
#6147 = ORIENTED_EDGE('',*,*,#6087,.F.);
#6148 = PLANE('',#6149);
#6149 = AXIS2_PLACEMENT_3D('',#6150,#6151,#6152);
#6150 = CARTESIAN_POINT('',(4.875,-0.329253102891,-5.132152683638));
#6151 = DIRECTION('',(-2.780005570476E-17,1.,0.));
#6152 = DIRECTION('',(-1.,-2.780005570476E-17,0.));
#6153 = ADVANCED_FACE('',(#6154),#6160,.F.);
#6154 = FACE_BOUND('',#6155,.T.);
#6155 = EDGE_LOOP('',(#6156,#6157,#6158,#6159));
#6156 = ORIENTED_EDGE('',*,*,#6142,.T.);
#6157 = ORIENTED_EDGE('',*,*,#3371,.T.);
#6158 = ORIENTED_EDGE('',*,*,#6101,.F.);
#6159 = ORIENTED_EDGE('',*,*,#6061,.F.);
#6160 = PLANE('',#6161);
#6161 = AXIS2_PLACEMENT_3D('',#6162,#6163,#6164);
#6162 = CARTESIAN_POINT('',(4.875,-0.329253102891,-5.132152683638));
#6163 = DIRECTION('',(-1.,-1.505553186062E-16,0.));
#6164 = DIRECTION('',(1.505553186062E-16,-1.,0.));
#6165 = ( GEOMETRIC_REPRESENTATION_CONTEXT(3) 
GLOBAL_UNCERTAINTY_ASSIGNED_CONTEXT((#6169)) 
GLOBAL_UNIT_ASSIGNED_CONTEXT((#6166,#6167,#6168)) REPRESENTATION_CONTEXT
('Context #1','3D Context with UNIT and UNCERTAINTY') );
#6166 = ( LENGTH_UNIT() NAMED_UNIT(*) SI_UNIT(.MILLI.,.METRE.) );
#6167 = ( NAMED_UNIT(*) PLANE_ANGLE_UNIT() SI_UNIT($,.RADIAN.) );
#6168 = ( NAMED_UNIT(*) SI_UNIT($,.STERADIAN.) SOLID_ANGLE_UNIT() );
#6169 = UNCERTAINTY_MEASURE_WITH_UNIT(LENGTH_MEASURE(5.E-05),#6166,
  'distance_accuracy_value','confusion accuracy');
#6170 = CONTEXT_DEPENDENT_SHAPE_REPRESENTATION(#6171,#6173);
#6171 = ( REPRESENTATION_RELATIONSHIP('','',#1593,#10) 
REPRESENTATION_RELATIONSHIP_WITH_TRANSFORMATION(#6172) 
SHAPE_REPRESENTATION_RELATIONSHIP() );
#6172 = ITEM_DEFINED_TRANSFORMATION('','',#11,#51);
#6173 = PRODUCT_DEFINITION_SHAPE('Placement','Placement of an item',
  #6174);
#6174 = NEXT_ASSEMBLY_USAGE_OCCURRENCE('10','TF-SMD_TF-PUSH009','',#5,
  #1588,$);
#6175 = PRODUCT_RELATED_PRODUCT_CATEGORY('part',$,(#1590));
#6176 = SHAPE_DEFINITION_REPRESENTATION(#6177,#6183);
#6177 = PRODUCT_DEFINITION_SHAPE('','',#6178);
#6178 = PRODUCT_DEFINITION('design','',#6179,#6182);
#6179 = PRODUCT_DEFINITION_FORMATION('','',#6180);
#6180 = PRODUCT('TF-SMD_TF-PUSH010','TF-SMD_TF-PUSH010','',(#6181));
#6181 = PRODUCT_CONTEXT('',#2,'mechanical');
#6182 = PRODUCT_DEFINITION_CONTEXT('part definition',#2,'design');
#6183 = ADVANCED_BREP_SHAPE_REPRESENTATION('',(#11,#6184),#8588);
#6184 = MANIFOLD_SOLID_BREP('',#6185);
#6185 = CLOSED_SHELL('',(#6186,#6251,#6283,#6323,#6363,#6465,#6574,#6710
    ,#6741,#6775,#6957,#6988,#7106,#7270,#7376,#7402,#7419,#7437,#7455,
    #7486,#7526,#7566,#7583,#7600,#7617,#7629,#7646,#7658,#7705,#7722,
    #7744,#7756,#7773,#7785,#7816,#7840,#7864,#7895,#7912,#7942,#7973,
    #8013,#8053,#8075,#8087,#8104,#8116,#8133,#8145,#8157,#8169,#8181,
    #8193,#8205,#8225,#8237,#8259,#8276,#8293,#8310,#8327,#8344,#8361,
    #8378,#8398,#8410,#8457,#8504,#8523,#8542,#8559,#8576));
#6186 = ADVANCED_FACE('',(#6187),#6246,.F.);
#6187 = FACE_BOUND('',#6188,.T.);
#6188 = EDGE_LOOP('',(#6189,#6199,#6207,#6216,#6224,#6232,#6240));
#6189 = ORIENTED_EDGE('',*,*,#6190,.T.);
#6190 = EDGE_CURVE('',#6191,#6193,#6195,.T.);
#6191 = VERTEX_POINT('',#6192);
#6192 = CARTESIAN_POINT('',(6.775,-5.85,1.9));
#6193 = VERTEX_POINT('',#6194);
#6194 = CARTESIAN_POINT('',(6.775,-5.85,2.05));
#6195 = LINE('',#6196,#6197);
#6196 = CARTESIAN_POINT('',(6.775,-5.85,1.9));
#6197 = VECTOR('',#6198,1.);
#6198 = DIRECTION('',(0.,0.,1.));
#6199 = ORIENTED_EDGE('',*,*,#6200,.T.);
#6200 = EDGE_CURVE('',#6193,#6201,#6203,.T.);
#6201 = VERTEX_POINT('',#6202);
#6202 = CARTESIAN_POINT('',(7.225,-5.85,2.05));
#6203 = LINE('',#6204,#6205);
#6204 = CARTESIAN_POINT('',(7.375,-5.85,2.05));
#6205 = VECTOR('',#6206,1.);
#6206 = DIRECTION('',(1.,-0.,-0.));
#6207 = ORIENTED_EDGE('',*,*,#6208,.T.);
#6208 = EDGE_CURVE('',#6201,#6209,#6211,.T.);
#6209 = VERTEX_POINT('',#6210);
#6210 = CARTESIAN_POINT('',(7.375,-5.85,1.9));
#6211 = CIRCLE('',#6212,0.15);
#6212 = AXIS2_PLACEMENT_3D('',#6213,#6214,#6215);
#6213 = CARTESIAN_POINT('',(7.225,-5.85,1.9));
#6214 = DIRECTION('',(0.,1.,0.));
#6215 = DIRECTION('',(0.,0.,-1.));
#6216 = ORIENTED_EDGE('',*,*,#6217,.F.);
#6217 = EDGE_CURVE('',#6218,#6209,#6220,.T.);
#6218 = VERTEX_POINT('',#6219);
#6219 = CARTESIAN_POINT('',(7.375,-5.85,1.55));
#6220 = LINE('',#6221,#6222);
#6221 = CARTESIAN_POINT('',(7.375,-5.85,1.55));
#6222 = VECTOR('',#6223,1.);
#6223 = DIRECTION('',(-0.,-0.,1.));
#6224 = ORIENTED_EDGE('',*,*,#6225,.F.);
#6225 = EDGE_CURVE('',#6226,#6218,#6228,.T.);
#6226 = VERTEX_POINT('',#6227);
#6227 = CARTESIAN_POINT('',(7.225,-5.85,1.55));
#6228 = LINE('',#6229,#6230);
#6229 = CARTESIAN_POINT('',(7.375,-5.85,1.55));
#6230 = VECTOR('',#6231,1.);
#6231 = DIRECTION('',(1.,-0.,-0.));
#6232 = ORIENTED_EDGE('',*,*,#6233,.T.);
#6233 = EDGE_CURVE('',#6226,#6234,#6236,.T.);
#6234 = VERTEX_POINT('',#6235);
#6235 = CARTESIAN_POINT('',(7.225,-5.85,1.9));
#6236 = LINE('',#6237,#6238);
#6237 = CARTESIAN_POINT('',(7.225,-5.85,1.9));
#6238 = VECTOR('',#6239,1.);
#6239 = DIRECTION('',(0.,0.,1.));
#6240 = ORIENTED_EDGE('',*,*,#6241,.T.);
#6241 = EDGE_CURVE('',#6234,#6191,#6242,.T.);
#6242 = LINE('',#6243,#6244);
#6243 = CARTESIAN_POINT('',(-7.225,-5.85,1.9));
#6244 = VECTOR('',#6245,1.);
#6245 = DIRECTION('',(-1.,0.,0.));
#6246 = PLANE('',#6247);
#6247 = AXIS2_PLACEMENT_3D('',#6248,#6249,#6250);
#6248 = CARTESIAN_POINT('',(7.375,-5.85,1.55));
#6249 = DIRECTION('',(0.,-1.,-0.));
#6250 = DIRECTION('',(0.,0.,-1.));
#6251 = ADVANCED_FACE('',(#6252),#6278,.T.);
#6252 = FACE_BOUND('',#6253,.T.);
#6253 = EDGE_LOOP('',(#6254,#6255,#6263,#6272));
#6254 = ORIENTED_EDGE('',*,*,#6208,.F.);
#6255 = ORIENTED_EDGE('',*,*,#6256,.F.);
#6256 = EDGE_CURVE('',#6257,#6201,#6259,.T.);
#6257 = VERTEX_POINT('',#6258);
#6258 = CARTESIAN_POINT('',(7.225,-7.25,2.05));
#6259 = LINE('',#6260,#6261);
#6260 = CARTESIAN_POINT('',(7.225,22.134975646604,2.05));
#6261 = VECTOR('',#6262,1.);
#6262 = DIRECTION('',(-0.,1.,-0.));
#6263 = ORIENTED_EDGE('',*,*,#6264,.F.);
#6264 = EDGE_CURVE('',#6265,#6257,#6267,.T.);
#6265 = VERTEX_POINT('',#6266);
#6266 = CARTESIAN_POINT('',(7.375,-7.25,1.9));
#6267 = CIRCLE('',#6268,0.15);
#6268 = AXIS2_PLACEMENT_3D('',#6269,#6270,#6271);
#6269 = CARTESIAN_POINT('',(7.225,-7.25,1.9));
#6270 = DIRECTION('',(0.,-1.,0.));
#6271 = DIRECTION('',(0.,0.,1.));
#6272 = ORIENTED_EDGE('',*,*,#6273,.F.);
#6273 = EDGE_CURVE('',#6209,#6265,#6274,.T.);
#6274 = LINE('',#6275,#6276);
#6275 = CARTESIAN_POINT('',(7.375,22.134975646604,1.9));
#6276 = VECTOR('',#6277,1.);
#6277 = DIRECTION('',(0.,-1.,0.));
#6278 = CYLINDRICAL_SURFACE('',#6279,0.15);
#6279 = AXIS2_PLACEMENT_3D('',#6280,#6281,#6282);
#6280 = CARTESIAN_POINT('',(7.225,22.134975646604,1.9));
#6281 = DIRECTION('',(0.,-1.,0.));
#6282 = DIRECTION('',(0.,0.,-1.));
#6283 = ADVANCED_FACE('',(#6284),#6318,.F.);
#6284 = FACE_BOUND('',#6285,.T.);
#6285 = EDGE_LOOP('',(#6286,#6296,#6304,#6312));
#6286 = ORIENTED_EDGE('',*,*,#6287,.F.);
#6287 = EDGE_CURVE('',#6288,#6290,#6292,.T.);
#6288 = VERTEX_POINT('',#6289);
#6289 = CARTESIAN_POINT('',(7.225,-1.85,5.E-02));
#6290 = VERTEX_POINT('',#6291);
#6291 = CARTESIAN_POINT('',(7.375,-1.85,5.E-02));
#6292 = LINE('',#6293,#6294);
#6293 = CARTESIAN_POINT('',(7.375,-1.85,5.E-02));
#6294 = VECTOR('',#6295,1.);
#6295 = DIRECTION('',(1.,0.,-0.));
#6296 = ORIENTED_EDGE('',*,*,#6297,.F.);
#6297 = EDGE_CURVE('',#6298,#6288,#6300,.T.);
#6298 = VERTEX_POINT('',#6299);
#6299 = CARTESIAN_POINT('',(7.225,5.65,5.E-02));
#6300 = LINE('',#6301,#6302);
#6301 = CARTESIAN_POINT('',(7.225,22.134975646604,5.E-02));
#6302 = VECTOR('',#6303,1.);
#6303 = DIRECTION('',(0.,-1.,0.));
#6304 = ORIENTED_EDGE('',*,*,#6305,.T.);
#6305 = EDGE_CURVE('',#6298,#6306,#6308,.T.);
#6306 = VERTEX_POINT('',#6307);
#6307 = CARTESIAN_POINT('',(7.375,5.65,5.E-02));
#6308 = LINE('',#6309,#6310);
#6309 = CARTESIAN_POINT('',(7.375,5.65,5.E-02));
#6310 = VECTOR('',#6311,1.);
#6311 = DIRECTION('',(1.,0.,-0.));
#6312 = ORIENTED_EDGE('',*,*,#6313,.T.);
#6313 = EDGE_CURVE('',#6306,#6290,#6314,.T.);
#6314 = LINE('',#6315,#6316);
#6315 = CARTESIAN_POINT('',(7.375,22.134975646604,5.E-02));
#6316 = VECTOR('',#6317,1.);
#6317 = DIRECTION('',(0.,-1.,0.));
#6318 = PLANE('',#6319);
#6319 = AXIS2_PLACEMENT_3D('',#6320,#6321,#6322);
#6320 = CARTESIAN_POINT('',(7.375,22.134975646604,5.E-02));
#6321 = DIRECTION('',(0.,0.,1.));
#6322 = DIRECTION('',(1.,0.,-0.));
#6323 = ADVANCED_FACE('',(#6324),#6358,.F.);
#6324 = FACE_BOUND('',#6325,.T.);
#6325 = EDGE_LOOP('',(#6326,#6336,#6344,#6352));
#6326 = ORIENTED_EDGE('',*,*,#6327,.F.);
#6327 = EDGE_CURVE('',#6328,#6330,#6332,.T.);
#6328 = VERTEX_POINT('',#6329);
#6329 = CARTESIAN_POINT('',(7.375,-3.85,5.E-02));
#6330 = VERTEX_POINT('',#6331);
#6331 = CARTESIAN_POINT('',(7.225,-3.85,5.E-02));
#6332 = LINE('',#6333,#6334);
#6333 = CARTESIAN_POINT('',(7.375,-3.85,5.E-02));
#6334 = VECTOR('',#6335,1.);
#6335 = DIRECTION('',(-1.,0.,0.));
#6336 = ORIENTED_EDGE('',*,*,#6337,.T.);
#6337 = EDGE_CURVE('',#6328,#6338,#6340,.T.);
#6338 = VERTEX_POINT('',#6339);
#6339 = CARTESIAN_POINT('',(7.375,-7.25,5.E-02));
#6340 = LINE('',#6341,#6342);
#6341 = CARTESIAN_POINT('',(7.375,22.134975646604,5.E-02));
#6342 = VECTOR('',#6343,1.);
#6343 = DIRECTION('',(0.,-1.,0.));
#6344 = ORIENTED_EDGE('',*,*,#6345,.T.);
#6345 = EDGE_CURVE('',#6338,#6346,#6348,.T.);
#6346 = VERTEX_POINT('',#6347);
#6347 = CARTESIAN_POINT('',(7.225,-7.25,5.E-02));
#6348 = LINE('',#6349,#6350);
#6349 = CARTESIAN_POINT('',(7.375,-7.25,5.E-02));
#6350 = VECTOR('',#6351,1.);
#6351 = DIRECTION('',(-1.,0.,0.));
#6352 = ORIENTED_EDGE('',*,*,#6353,.F.);
#6353 = EDGE_CURVE('',#6330,#6346,#6354,.T.);
#6354 = LINE('',#6355,#6356);
#6355 = CARTESIAN_POINT('',(7.225,22.134975646604,5.E-02));
#6356 = VECTOR('',#6357,1.);
#6357 = DIRECTION('',(0.,-1.,0.));
#6358 = PLANE('',#6359);
#6359 = AXIS2_PLACEMENT_3D('',#6360,#6361,#6362);
#6360 = CARTESIAN_POINT('',(7.375,22.134975646604,5.E-02));
#6361 = DIRECTION('',(0.,0.,1.));
#6362 = DIRECTION('',(1.,0.,-0.));
#6363 = ADVANCED_FACE('',(#6364),#6460,.F.);
#6364 = FACE_BOUND('',#6365,.T.);
#6365 = EDGE_LOOP('',(#6366,#6374,#6375,#6376,#6382,#6383,#6391,#6399,
    #6407,#6415,#6423,#6431,#6437,#6438,#6446,#6454));
#6366 = ORIENTED_EDGE('',*,*,#6367,.F.);
#6367 = EDGE_CURVE('',#6218,#6368,#6370,.T.);
#6368 = VERTEX_POINT('',#6369);
#6369 = CARTESIAN_POINT('',(7.375,-1.05,1.55));
#6370 = LINE('',#6371,#6372);
#6371 = CARTESIAN_POINT('',(7.375,-1.05,1.55));
#6372 = VECTOR('',#6373,1.);
#6373 = DIRECTION('',(-0.,1.,-0.));
#6374 = ORIENTED_EDGE('',*,*,#6217,.T.);
#6375 = ORIENTED_EDGE('',*,*,#6273,.T.);
#6376 = ORIENTED_EDGE('',*,*,#6377,.T.);
#6377 = EDGE_CURVE('',#6265,#6338,#6378,.T.);
#6378 = LINE('',#6379,#6380);
#6379 = CARTESIAN_POINT('',(7.375,-7.25,1.9));
#6380 = VECTOR('',#6381,1.);
#6381 = DIRECTION('',(-0.,-0.,-1.));
#6382 = ORIENTED_EDGE('',*,*,#6337,.F.);
#6383 = ORIENTED_EDGE('',*,*,#6384,.T.);
#6384 = EDGE_CURVE('',#6328,#6385,#6387,.T.);
#6385 = VERTEX_POINT('',#6386);
#6386 = CARTESIAN_POINT('',(7.375,-3.85,0.35));
#6387 = LINE('',#6388,#6389);
#6388 = CARTESIAN_POINT('',(7.375,-3.85,2.449293598295E-17));
#6389 = VECTOR('',#6390,1.);
#6390 = DIRECTION('',(0.,0.,1.));
#6391 = ORIENTED_EDGE('',*,*,#6392,.T.);
#6392 = EDGE_CURVE('',#6385,#6393,#6395,.T.);
#6393 = VERTEX_POINT('',#6394);
#6394 = CARTESIAN_POINT('',(7.375,-3.65,0.35));
#6395 = LINE('',#6396,#6397);
#6396 = CARTESIAN_POINT('',(7.375,-3.65,0.35));
#6397 = VECTOR('',#6398,1.);
#6398 = DIRECTION('',(0.,1.,0.));
#6399 = ORIENTED_EDGE('',*,*,#6400,.T.);
#6400 = EDGE_CURVE('',#6393,#6401,#6403,.T.);
#6401 = VERTEX_POINT('',#6402);
#6402 = CARTESIAN_POINT('',(7.375,-3.65,0.15));
#6403 = LINE('',#6404,#6405);
#6404 = CARTESIAN_POINT('',(7.375,-3.65,-1.040949779275E-16));
#6405 = VECTOR('',#6406,1.);
#6406 = DIRECTION('',(0.,-0.,-1.));
#6407 = ORIENTED_EDGE('',*,*,#6408,.T.);
#6408 = EDGE_CURVE('',#6401,#6409,#6411,.T.);
#6409 = VERTEX_POINT('',#6410);
#6410 = CARTESIAN_POINT('',(7.375,-2.05,0.15));
#6411 = LINE('',#6412,#6413);
#6412 = CARTESIAN_POINT('',(7.375,22.134975646604,0.15));
#6413 = VECTOR('',#6414,1.);
#6414 = DIRECTION('',(0.,1.,0.));
#6415 = ORIENTED_EDGE('',*,*,#6416,.T.);
#6416 = EDGE_CURVE('',#6409,#6417,#6419,.T.);
#6417 = VERTEX_POINT('',#6418);
#6418 = CARTESIAN_POINT('',(7.375,-2.05,0.35));
#6419 = LINE('',#6420,#6421);
#6420 = CARTESIAN_POINT('',(7.375,-2.05,-1.040949779275E-16));
#6421 = VECTOR('',#6422,1.);
#6422 = DIRECTION('',(0.,0.,1.));
#6423 = ORIENTED_EDGE('',*,*,#6424,.T.);
#6424 = EDGE_CURVE('',#6417,#6425,#6427,.T.);
#6425 = VERTEX_POINT('',#6426);
#6426 = CARTESIAN_POINT('',(7.375,-1.85,0.35));
#6427 = LINE('',#6428,#6429);
#6428 = CARTESIAN_POINT('',(7.375,-2.05,0.35));
#6429 = VECTOR('',#6430,1.);
#6430 = DIRECTION('',(0.,1.,0.));
#6431 = ORIENTED_EDGE('',*,*,#6432,.T.);
#6432 = EDGE_CURVE('',#6425,#6290,#6433,.T.);
#6433 = LINE('',#6434,#6435);
#6434 = CARTESIAN_POINT('',(7.375,-1.85,0.));
#6435 = VECTOR('',#6436,1.);
#6436 = DIRECTION('',(0.,-0.,-1.));
#6437 = ORIENTED_EDGE('',*,*,#6313,.F.);
#6438 = ORIENTED_EDGE('',*,*,#6439,.T.);
#6439 = EDGE_CURVE('',#6306,#6440,#6442,.T.);
#6440 = VERTEX_POINT('',#6441);
#6441 = CARTESIAN_POINT('',(7.375,5.65,1.9));
#6442 = LINE('',#6443,#6444);
#6443 = CARTESIAN_POINT('',(7.375,5.65,0.));
#6444 = VECTOR('',#6445,1.);
#6445 = DIRECTION('',(-0.,-0.,1.));
#6446 = ORIENTED_EDGE('',*,*,#6447,.T.);
#6447 = EDGE_CURVE('',#6440,#6448,#6450,.T.);
#6448 = VERTEX_POINT('',#6449);
#6449 = CARTESIAN_POINT('',(7.375,-1.05,1.9));
#6450 = LINE('',#6451,#6452);
#6451 = CARTESIAN_POINT('',(7.375,22.134975646604,1.9));
#6452 = VECTOR('',#6453,1.);
#6453 = DIRECTION('',(0.,-1.,0.));
#6454 = ORIENTED_EDGE('',*,*,#6455,.F.);
#6455 = EDGE_CURVE('',#6368,#6448,#6456,.T.);
#6456 = LINE('',#6457,#6458);
#6457 = CARTESIAN_POINT('',(7.375,-1.05,1.55));
#6458 = VECTOR('',#6459,1.);
#6459 = DIRECTION('',(-0.,-0.,1.));
#6460 = PLANE('',#6461);
#6461 = AXIS2_PLACEMENT_3D('',#6462,#6463,#6464);
#6462 = CARTESIAN_POINT('',(7.375,22.134975646604,1.9));
#6463 = DIRECTION('',(-1.,-0.,0.));
#6464 = DIRECTION('',(0.,0.,1.));
#6465 = ADVANCED_FACE('',(#6466),#6569,.T.);
#6466 = FACE_BOUND('',#6467,.T.);
#6467 = EDGE_LOOP('',(#6468,#6469,#6477,#6485,#6493,#6499,#6500,#6508,
    #6516,#6524,#6532,#6540,#6548,#6554,#6555,#6563));
#6468 = ORIENTED_EDGE('',*,*,#6233,.F.);
#6469 = ORIENTED_EDGE('',*,*,#6470,.F.);
#6470 = EDGE_CURVE('',#6471,#6226,#6473,.T.);
#6471 = VERTEX_POINT('',#6472);
#6472 = CARTESIAN_POINT('',(7.225,-1.05,1.55));
#6473 = LINE('',#6474,#6475);
#6474 = CARTESIAN_POINT('',(7.225,22.134975646604,1.55));
#6475 = VECTOR('',#6476,1.);
#6476 = DIRECTION('',(0.,-1.,0.));
#6477 = ORIENTED_EDGE('',*,*,#6478,.F.);
#6478 = EDGE_CURVE('',#6479,#6471,#6481,.T.);
#6479 = VERTEX_POINT('',#6480);
#6480 = CARTESIAN_POINT('',(7.225,-1.05,1.9));
#6481 = LINE('',#6482,#6483);
#6482 = CARTESIAN_POINT('',(7.225,-1.05,1.9));
#6483 = VECTOR('',#6484,1.);
#6484 = DIRECTION('',(0.,0.,-1.));
#6485 = ORIENTED_EDGE('',*,*,#6486,.F.);
#6486 = EDGE_CURVE('',#6487,#6479,#6489,.T.);
#6487 = VERTEX_POINT('',#6488);
#6488 = CARTESIAN_POINT('',(7.225,5.65,1.9));
#6489 = LINE('',#6490,#6491);
#6490 = CARTESIAN_POINT('',(7.225,22.134975646604,1.9));
#6491 = VECTOR('',#6492,1.);
#6492 = DIRECTION('',(0.,-1.,0.));
#6493 = ORIENTED_EDGE('',*,*,#6494,.F.);
#6494 = EDGE_CURVE('',#6298,#6487,#6495,.T.);
#6495 = LINE('',#6496,#6497);
#6496 = CARTESIAN_POINT('',(7.225,5.65,1.9));
#6497 = VECTOR('',#6498,1.);
#6498 = DIRECTION('',(0.,0.,1.));
#6499 = ORIENTED_EDGE('',*,*,#6297,.T.);
#6500 = ORIENTED_EDGE('',*,*,#6501,.T.);
#6501 = EDGE_CURVE('',#6288,#6502,#6504,.T.);
#6502 = VERTEX_POINT('',#6503);
#6503 = CARTESIAN_POINT('',(7.225,-1.85,0.35));
#6504 = LINE('',#6505,#6506);
#6505 = CARTESIAN_POINT('',(7.225,-1.85,1.9));
#6506 = VECTOR('',#6507,1.);
#6507 = DIRECTION('',(0.,0.,1.));
#6508 = ORIENTED_EDGE('',*,*,#6509,.T.);
#6509 = EDGE_CURVE('',#6502,#6510,#6512,.T.);
#6510 = VERTEX_POINT('',#6511);
#6511 = CARTESIAN_POINT('',(7.225,-2.05,0.35));
#6512 = LINE('',#6513,#6514);
#6513 = CARTESIAN_POINT('',(7.225,22.134975646604,0.35));
#6514 = VECTOR('',#6515,1.);
#6515 = DIRECTION('',(0.,-1.,0.));
#6516 = ORIENTED_EDGE('',*,*,#6517,.F.);
#6517 = EDGE_CURVE('',#6518,#6510,#6520,.T.);
#6518 = VERTEX_POINT('',#6519);
#6519 = CARTESIAN_POINT('',(7.225,-2.05,0.15));
#6520 = LINE('',#6521,#6522);
#6521 = CARTESIAN_POINT('',(7.225,-2.05,0.));
#6522 = VECTOR('',#6523,1.);
#6523 = DIRECTION('',(0.,0.,1.));
#6524 = ORIENTED_EDGE('',*,*,#6525,.T.);
#6525 = EDGE_CURVE('',#6518,#6526,#6528,.T.);
#6526 = VERTEX_POINT('',#6527);
#6527 = CARTESIAN_POINT('',(7.225,-3.65,0.15));
#6528 = LINE('',#6529,#6530);
#6529 = CARTESIAN_POINT('',(7.225,22.134975646604,0.15));
#6530 = VECTOR('',#6531,1.);
#6531 = DIRECTION('',(-0.,-1.,-0.));
#6532 = ORIENTED_EDGE('',*,*,#6533,.T.);
#6533 = EDGE_CURVE('',#6526,#6534,#6536,.T.);
#6534 = VERTEX_POINT('',#6535);
#6535 = CARTESIAN_POINT('',(7.225,-3.65,0.35));
#6536 = LINE('',#6537,#6538);
#6537 = CARTESIAN_POINT('',(7.225,-3.65,0.));
#6538 = VECTOR('',#6539,1.);
#6539 = DIRECTION('',(0.,0.,1.));
#6540 = ORIENTED_EDGE('',*,*,#6541,.T.);
#6541 = EDGE_CURVE('',#6534,#6542,#6544,.T.);
#6542 = VERTEX_POINT('',#6543);
#6543 = CARTESIAN_POINT('',(7.225,-3.85,0.35));
#6544 = LINE('',#6545,#6546);
#6545 = CARTESIAN_POINT('',(7.225,22.134975646604,0.35));
#6546 = VECTOR('',#6547,1.);
#6547 = DIRECTION('',(0.,-1.,0.));
#6548 = ORIENTED_EDGE('',*,*,#6549,.T.);
#6549 = EDGE_CURVE('',#6542,#6330,#6550,.T.);
#6550 = LINE('',#6551,#6552);
#6551 = CARTESIAN_POINT('',(7.225,-3.85,1.9));
#6552 = VECTOR('',#6553,1.);
#6553 = DIRECTION('',(0.,0.,-1.));
#6554 = ORIENTED_EDGE('',*,*,#6353,.T.);
#6555 = ORIENTED_EDGE('',*,*,#6556,.F.);
#6556 = EDGE_CURVE('',#6557,#6346,#6559,.T.);
#6557 = VERTEX_POINT('',#6558);
#6558 = CARTESIAN_POINT('',(7.225,-7.25,1.9));
#6559 = LINE('',#6560,#6561);
#6560 = CARTESIAN_POINT('',(7.225,-7.25,1.9));
#6561 = VECTOR('',#6562,1.);
#6562 = DIRECTION('',(0.,0.,-1.));
#6563 = ORIENTED_EDGE('',*,*,#6564,.F.);
#6564 = EDGE_CURVE('',#6234,#6557,#6565,.T.);
#6565 = LINE('',#6566,#6567);
#6566 = CARTESIAN_POINT('',(7.225,22.134975646604,1.9));
#6567 = VECTOR('',#6568,1.);
#6568 = DIRECTION('',(0.,-1.,0.));
#6569 = PLANE('',#6570);
#6570 = AXIS2_PLACEMENT_3D('',#6571,#6572,#6573);
#6571 = CARTESIAN_POINT('',(7.225,22.134975646604,1.9));
#6572 = DIRECTION('',(-1.,0.,-0.));
#6573 = DIRECTION('',(0.,0.,1.));
#6574 = ADVANCED_FACE('',(#6575),#6705,.F.);
#6575 = FACE_BOUND('',#6576,.T.);
#6576 = EDGE_LOOP('',(#6577,#6587,#6595,#6603,#6611,#6619,#6627,#6635,
    #6643,#6651,#6659,#6667,#6675,#6683,#6691,#6699));
#6577 = ORIENTED_EDGE('',*,*,#6578,.T.);
#6578 = EDGE_CURVE('',#6579,#6581,#6583,.T.);
#6579 = VERTEX_POINT('',#6580);
#6580 = CARTESIAN_POINT('',(-7.375,-3.85,5.E-02));
#6581 = VERTEX_POINT('',#6582);
#6582 = CARTESIAN_POINT('',(-7.375,-6.55,5.E-02));
#6583 = LINE('',#6584,#6585);
#6584 = CARTESIAN_POINT('',(-7.375,22.134975646604,5.E-02));
#6585 = VECTOR('',#6586,1.);
#6586 = DIRECTION('',(0.,-1.,0.));
#6587 = ORIENTED_EDGE('',*,*,#6588,.T.);
#6588 = EDGE_CURVE('',#6581,#6589,#6591,.T.);
#6589 = VERTEX_POINT('',#6590);
#6590 = CARTESIAN_POINT('',(-7.375,-6.55,1.9));
#6591 = LINE('',#6592,#6593);
#6592 = CARTESIAN_POINT('',(-7.375,-6.55,0.));
#6593 = VECTOR('',#6594,1.);
#6594 = DIRECTION('',(-0.,-0.,1.));
#6595 = ORIENTED_EDGE('',*,*,#6596,.T.);
#6596 = EDGE_CURVE('',#6589,#6597,#6599,.T.);
#6597 = VERTEX_POINT('',#6598);
#6598 = CARTESIAN_POINT('',(-7.375,7.25,1.9));
#6599 = LINE('',#6600,#6601);
#6600 = CARTESIAN_POINT('',(-7.375,22.134975646604,1.9));
#6601 = VECTOR('',#6602,1.);
#6602 = DIRECTION('',(-0.,1.,-0.));
#6603 = ORIENTED_EDGE('',*,*,#6604,.T.);
#6604 = EDGE_CURVE('',#6597,#6605,#6607,.T.);
#6605 = VERTEX_POINT('',#6606);
#6606 = CARTESIAN_POINT('',(-7.375,7.25,0.15));
#6607 = LINE('',#6608,#6609);
#6608 = CARTESIAN_POINT('',(-7.375,7.25,5.E-02));
#6609 = VECTOR('',#6610,1.);
#6610 = DIRECTION('',(0.,0.,-1.));
#6611 = ORIENTED_EDGE('',*,*,#6612,.F.);
#6612 = EDGE_CURVE('',#6613,#6605,#6615,.T.);
#6613 = VERTEX_POINT('',#6614);
#6614 = CARTESIAN_POINT('',(-7.375,6.25,0.15));
#6615 = LINE('',#6616,#6617);
#6616 = CARTESIAN_POINT('',(-7.375,22.134975646604,0.15));
#6617 = VECTOR('',#6618,1.);
#6618 = DIRECTION('',(0.,1.,0.));
#6619 = ORIENTED_EDGE('',*,*,#6620,.F.);
#6620 = EDGE_CURVE('',#6621,#6613,#6623,.T.);
#6621 = VERTEX_POINT('',#6622);
#6622 = CARTESIAN_POINT('',(-7.375,6.25,0.35));
#6623 = LINE('',#6624,#6625);
#6624 = CARTESIAN_POINT('',(-7.375,6.25,5.E-02));
#6625 = VECTOR('',#6626,1.);
#6626 = DIRECTION('',(-0.,-0.,-1.));
#6627 = ORIENTED_EDGE('',*,*,#6628,.F.);
#6628 = EDGE_CURVE('',#6629,#6621,#6631,.T.);
#6629 = VERTEX_POINT('',#6630);
#6630 = CARTESIAN_POINT('',(-7.375,6.05,0.35));
#6631 = LINE('',#6632,#6633);
#6632 = CARTESIAN_POINT('',(-7.375,6.25,0.35));
#6633 = VECTOR('',#6634,1.);
#6634 = DIRECTION('',(-0.,1.,-5.421010862428E-16));
#6635 = ORIENTED_EDGE('',*,*,#6636,.F.);
#6636 = EDGE_CURVE('',#6637,#6629,#6639,.T.);
#6637 = VERTEX_POINT('',#6638);
#6638 = CARTESIAN_POINT('',(-7.375,6.05,5.E-02));
#6639 = LINE('',#6640,#6641);
#6640 = CARTESIAN_POINT('',(-7.375,6.05,5.E-02));
#6641 = VECTOR('',#6642,1.);
#6642 = DIRECTION('',(0.,0.,1.));
#6643 = ORIENTED_EDGE('',*,*,#6644,.T.);
#6644 = EDGE_CURVE('',#6637,#6645,#6647,.T.);
#6645 = VERTEX_POINT('',#6646);
#6646 = CARTESIAN_POINT('',(-7.375,-1.85,5.E-02));
#6647 = LINE('',#6648,#6649);
#6648 = CARTESIAN_POINT('',(-7.375,22.134975646604,5.E-02));
#6649 = VECTOR('',#6650,1.);
#6650 = DIRECTION('',(0.,-1.,0.));
#6651 = ORIENTED_EDGE('',*,*,#6652,.F.);
#6652 = EDGE_CURVE('',#6653,#6645,#6655,.T.);
#6653 = VERTEX_POINT('',#6654);
#6654 = CARTESIAN_POINT('',(-7.375,-1.85,0.35));
#6655 = LINE('',#6656,#6657);
#6656 = CARTESIAN_POINT('',(-7.375,-1.85,0.));
#6657 = VECTOR('',#6658,1.);
#6658 = DIRECTION('',(-0.,-0.,-1.));
#6659 = ORIENTED_EDGE('',*,*,#6660,.F.);
#6660 = EDGE_CURVE('',#6661,#6653,#6663,.T.);
#6661 = VERTEX_POINT('',#6662);
#6662 = CARTESIAN_POINT('',(-7.375,-2.05,0.35));
#6663 = LINE('',#6664,#6665);
#6664 = CARTESIAN_POINT('',(-7.375,-2.05,0.35));
#6665 = VECTOR('',#6666,1.);
#6666 = DIRECTION('',(0.,1.,0.));
#6667 = ORIENTED_EDGE('',*,*,#6668,.F.);
#6668 = EDGE_CURVE('',#6669,#6661,#6671,.T.);
#6669 = VERTEX_POINT('',#6670);
#6670 = CARTESIAN_POINT('',(-7.375,-2.05,0.15));
#6671 = LINE('',#6672,#6673);
#6672 = CARTESIAN_POINT('',(-7.375,-2.05,-1.040949779275E-16));
#6673 = VECTOR('',#6674,1.);
#6674 = DIRECTION('',(0.,0.,1.));
#6675 = ORIENTED_EDGE('',*,*,#6676,.F.);
#6676 = EDGE_CURVE('',#6677,#6669,#6679,.T.);
#6677 = VERTEX_POINT('',#6678);
#6678 = CARTESIAN_POINT('',(-7.375,-3.65,0.15));
#6679 = LINE('',#6680,#6681);
#6680 = CARTESIAN_POINT('',(-7.375,22.134975646604,0.15));
#6681 = VECTOR('',#6682,1.);
#6682 = DIRECTION('',(0.,1.,0.));
#6683 = ORIENTED_EDGE('',*,*,#6684,.F.);
#6684 = EDGE_CURVE('',#6685,#6677,#6687,.T.);
#6685 = VERTEX_POINT('',#6686);
#6686 = CARTESIAN_POINT('',(-7.375,-3.65,0.35));
#6687 = LINE('',#6688,#6689);
#6688 = CARTESIAN_POINT('',(-7.375,-3.65,-1.040949779275E-16));
#6689 = VECTOR('',#6690,1.);
#6690 = DIRECTION('',(-0.,-0.,-1.));
#6691 = ORIENTED_EDGE('',*,*,#6692,.F.);
#6692 = EDGE_CURVE('',#6693,#6685,#6695,.T.);
#6693 = VERTEX_POINT('',#6694);
#6694 = CARTESIAN_POINT('',(-7.375,-3.85,0.35));
#6695 = LINE('',#6696,#6697);
#6696 = CARTESIAN_POINT('',(-7.375,-3.65,0.35));
#6697 = VECTOR('',#6698,1.);
#6698 = DIRECTION('',(-0.,1.,-0.));
#6699 = ORIENTED_EDGE('',*,*,#6700,.F.);
#6700 = EDGE_CURVE('',#6579,#6693,#6701,.T.);
#6701 = LINE('',#6702,#6703);
#6702 = CARTESIAN_POINT('',(-7.375,-3.85,2.449293598295E-17));
#6703 = VECTOR('',#6704,1.);
#6704 = DIRECTION('',(0.,0.,1.));
#6705 = PLANE('',#6706);
#6706 = AXIS2_PLACEMENT_3D('',#6707,#6708,#6709);
#6707 = CARTESIAN_POINT('',(-7.375,22.134975646604,5.E-02));
#6708 = DIRECTION('',(1.,0.,-0.));
#6709 = DIRECTION('',(-0.,0.,-1.));
#6710 = ADVANCED_FACE('',(#6711),#6736,.F.);
#6711 = FACE_BOUND('',#6712,.T.);
#6712 = EDGE_LOOP('',(#6713,#6714,#6722,#6730));
#6713 = ORIENTED_EDGE('',*,*,#6644,.F.);
#6714 = ORIENTED_EDGE('',*,*,#6715,.F.);
#6715 = EDGE_CURVE('',#6716,#6637,#6718,.T.);
#6716 = VERTEX_POINT('',#6717);
#6717 = CARTESIAN_POINT('',(-7.225,6.05,5.E-02));
#6718 = LINE('',#6719,#6720);
#6719 = CARTESIAN_POINT('',(-6.375,6.05,5.E-02));
#6720 = VECTOR('',#6721,1.);
#6721 = DIRECTION('',(-1.,-0.,-0.));
#6722 = ORIENTED_EDGE('',*,*,#6723,.T.);
#6723 = EDGE_CURVE('',#6716,#6724,#6726,.T.);
#6724 = VERTEX_POINT('',#6725);
#6725 = CARTESIAN_POINT('',(-7.225,-1.85,5.E-02));
#6726 = LINE('',#6727,#6728);
#6727 = CARTESIAN_POINT('',(-7.225,22.134975646604,5.E-02));
#6728 = VECTOR('',#6729,1.);
#6729 = DIRECTION('',(0.,-1.,0.));
#6730 = ORIENTED_EDGE('',*,*,#6731,.T.);
#6731 = EDGE_CURVE('',#6724,#6645,#6732,.T.);
#6732 = LINE('',#6733,#6734);
#6733 = CARTESIAN_POINT('',(-7.225,-1.85,5.E-02));
#6734 = VECTOR('',#6735,1.);
#6735 = DIRECTION('',(-1.,0.,0.));
#6736 = PLANE('',#6737);
#6737 = AXIS2_PLACEMENT_3D('',#6738,#6739,#6740);
#6738 = CARTESIAN_POINT('',(-7.225,22.134975646604,5.E-02));
#6739 = DIRECTION('',(0.,0.,1.));
#6740 = DIRECTION('',(1.,0.,-0.));
#6741 = ADVANCED_FACE('',(#6742),#6770,.F.);
#6742 = FACE_BOUND('',#6743,.T.);
#6743 = EDGE_LOOP('',(#6744,#6752,#6760,#6766,#6767,#6768,#6769));
#6744 = ORIENTED_EDGE('',*,*,#6745,.F.);
#6745 = EDGE_CURVE('',#6746,#6257,#6748,.T.);
#6746 = VERTEX_POINT('',#6747);
#6747 = CARTESIAN_POINT('',(4.375,-7.25,2.05));
#6748 = LINE('',#6749,#6750);
#6749 = CARTESIAN_POINT('',(-7.225,-7.25,2.05));
#6750 = VECTOR('',#6751,1.);
#6751 = DIRECTION('',(1.,0.,0.));
#6752 = ORIENTED_EDGE('',*,*,#6753,.F.);
#6753 = EDGE_CURVE('',#6754,#6746,#6756,.T.);
#6754 = VERTEX_POINT('',#6755);
#6755 = CARTESIAN_POINT('',(4.375,-7.25,1.9));
#6756 = LINE('',#6757,#6758);
#6757 = CARTESIAN_POINT('',(4.375,-7.25,0.));
#6758 = VECTOR('',#6759,1.);
#6759 = DIRECTION('',(-0.,-0.,1.));
#6760 = ORIENTED_EDGE('',*,*,#6761,.T.);
#6761 = EDGE_CURVE('',#6754,#6557,#6762,.T.);
#6762 = LINE('',#6763,#6764);
#6763 = CARTESIAN_POINT('',(-7.225,-7.25,1.9));
#6764 = VECTOR('',#6765,1.);
#6765 = DIRECTION('',(1.,0.,0.));
#6766 = ORIENTED_EDGE('',*,*,#6556,.T.);
#6767 = ORIENTED_EDGE('',*,*,#6345,.F.);
#6768 = ORIENTED_EDGE('',*,*,#6377,.F.);
#6769 = ORIENTED_EDGE('',*,*,#6264,.T.);
#6770 = PLANE('',#6771);
#6771 = AXIS2_PLACEMENT_3D('',#6772,#6773,#6774);
#6772 = CARTESIAN_POINT('',(0.,-7.25,0.));
#6773 = DIRECTION('',(0.,1.,0.));
#6774 = DIRECTION('',(-1.,0.,0.));
#6775 = ADVANCED_FACE('',(#6776),#6952,.F.);
#6776 = FACE_BOUND('',#6777,.T.);
#6777 = EDGE_LOOP('',(#6778,#6779,#6780,#6788,#6796,#6804,#6812,#6821,
    #6829,#6838,#6846,#6855,#6863,#6872,#6880,#6888,#6896,#6904,#6912,
    #6920,#6928,#6936,#6944,#6951));
#6778 = ORIENTED_EDGE('',*,*,#6256,.T.);
#6779 = ORIENTED_EDGE('',*,*,#6200,.F.);
#6780 = ORIENTED_EDGE('',*,*,#6781,.T.);
#6781 = EDGE_CURVE('',#6193,#6782,#6784,.T.);
#6782 = VERTEX_POINT('',#6783);
#6783 = CARTESIAN_POINT('',(6.775,-4.816240590758,2.05));
#6784 = LINE('',#6785,#6786);
#6785 = CARTESIAN_POINT('',(6.775,-5.85,2.05));
#6786 = VECTOR('',#6787,1.);
#6787 = DIRECTION('',(0.,1.,0.));
#6788 = ORIENTED_EDGE('',*,*,#6789,.T.);
#6789 = EDGE_CURVE('',#6782,#6790,#6792,.T.);
#6790 = VERTEX_POINT('',#6791);
#6791 = CARTESIAN_POINT('',(5.775,-4.816240590758,2.05));
#6792 = LINE('',#6793,#6794);
#6793 = CARTESIAN_POINT('',(6.775,-4.816240590758,2.05));
#6794 = VECTOR('',#6795,1.);
#6795 = DIRECTION('',(-1.,-0.,-0.));
#6796 = ORIENTED_EDGE('',*,*,#6797,.F.);
#6797 = EDGE_CURVE('',#6798,#6790,#6800,.T.);
#6798 = VERTEX_POINT('',#6799);
#6799 = CARTESIAN_POINT('',(5.775,-5.85,2.05));
#6800 = LINE('',#6801,#6802);
#6801 = CARTESIAN_POINT('',(5.775,-5.85,2.05));
#6802 = VECTOR('',#6803,1.);
#6803 = DIRECTION('',(0.,1.,0.));
#6804 = ORIENTED_EDGE('',*,*,#6805,.F.);
#6805 = EDGE_CURVE('',#6806,#6798,#6808,.T.);
#6806 = VERTEX_POINT('',#6807);
#6807 = CARTESIAN_POINT('',(5.575,-5.85,2.05));
#6808 = LINE('',#6809,#6810);
#6809 = CARTESIAN_POINT('',(7.375,-5.85,2.05));
#6810 = VECTOR('',#6811,1.);
#6811 = DIRECTION('',(1.,-0.,-0.));
#6812 = ORIENTED_EDGE('',*,*,#6813,.F.);
#6813 = EDGE_CURVE('',#6814,#6806,#6816,.T.);
#6814 = VERTEX_POINT('',#6815);
#6815 = CARTESIAN_POINT('',(5.375,-5.65,2.05));
#6816 = CIRCLE('',#6817,0.2);
#6817 = AXIS2_PLACEMENT_3D('',#6818,#6819,#6820);
#6818 = CARTESIAN_POINT('',(5.575,-5.65,2.05));
#6819 = DIRECTION('',(0.,0.,1.));
#6820 = DIRECTION('',(-1.,0.,0.));
#6821 = ORIENTED_EDGE('',*,*,#6822,.F.);
#6822 = EDGE_CURVE('',#6823,#6814,#6825,.T.);
#6823 = VERTEX_POINT('',#6824);
#6824 = CARTESIAN_POINT('',(5.375,-3.532842712475,2.05));
#6825 = LINE('',#6826,#6827);
#6826 = CARTESIAN_POINT('',(5.375,-5.65,2.05));
#6827 = VECTOR('',#6828,1.);
#6828 = DIRECTION('',(-0.,-1.,-0.));
#6829 = ORIENTED_EDGE('',*,*,#6830,.F.);
#6830 = EDGE_CURVE('',#6831,#6823,#6833,.T.);
#6831 = VERTEX_POINT('',#6832);
#6832 = CARTESIAN_POINT('',(5.316421356237,-3.391421356237,2.05));
#6833 = CIRCLE('',#6834,0.2);
#6834 = AXIS2_PLACEMENT_3D('',#6835,#6836,#6837);
#6835 = CARTESIAN_POINT('',(5.175,-3.532842712475,2.05));
#6836 = DIRECTION('',(0.,0.,-1.));
#6837 = DIRECTION('',(1.,0.,0.));
#6838 = ORIENTED_EDGE('',*,*,#6839,.F.);
#6839 = EDGE_CURVE('',#6840,#6831,#6842,.T.);
#6840 = VERTEX_POINT('',#6841);
#6841 = CARTESIAN_POINT('',(4.633578643763,-2.708578643763,2.05));
#6842 = LINE('',#6843,#6844);
#6843 = CARTESIAN_POINT('',(5.316421356237,-3.391421356237,2.05));
#6844 = VECTOR('',#6845,1.);
#6845 = DIRECTION('',(0.707106781187,-0.707106781187,-0.));
#6846 = ORIENTED_EDGE('',*,*,#6847,.F.);
#6847 = EDGE_CURVE('',#6848,#6840,#6850,.T.);
#6848 = VERTEX_POINT('',#6849);
#6849 = CARTESIAN_POINT('',(4.575,-2.567157287525,2.05));
#6850 = CIRCLE('',#6851,0.2);
#6851 = AXIS2_PLACEMENT_3D('',#6852,#6853,#6854);
#6852 = CARTESIAN_POINT('',(4.775,-2.567157287525,2.05));
#6853 = DIRECTION('',(0.,0.,1.));
#6854 = DIRECTION('',(-1.,0.,0.));
#6855 = ORIENTED_EDGE('',*,*,#6856,.F.);
#6856 = EDGE_CURVE('',#6857,#6848,#6859,.T.);
#6857 = VERTEX_POINT('',#6858);
#6858 = CARTESIAN_POINT('',(4.575,-1.25,2.05));
#6859 = LINE('',#6860,#6861);
#6860 = CARTESIAN_POINT('',(4.575,-2.567157287525,2.05));
#6861 = VECTOR('',#6862,1.);
#6862 = DIRECTION('',(-0.,-1.,-0.));
#6863 = ORIENTED_EDGE('',*,*,#6864,.F.);
#6864 = EDGE_CURVE('',#6865,#6857,#6867,.T.);
#6865 = VERTEX_POINT('',#6866);
#6866 = CARTESIAN_POINT('',(4.775,-1.05,2.05));
#6867 = CIRCLE('',#6868,0.2);
#6868 = AXIS2_PLACEMENT_3D('',#6869,#6870,#6871);
#6869 = CARTESIAN_POINT('',(4.775,-1.25,2.05));
#6870 = DIRECTION('',(0.,0.,1.));
#6871 = DIRECTION('',(-1.,0.,0.));
#6872 = ORIENTED_EDGE('',*,*,#6873,.F.);
#6873 = EDGE_CURVE('',#6874,#6865,#6876,.T.);
#6874 = VERTEX_POINT('',#6875);
#6875 = CARTESIAN_POINT('',(7.225,-1.05,2.05));
#6876 = LINE('',#6877,#6878);
#6877 = CARTESIAN_POINT('',(4.775,-1.05,2.05));
#6878 = VECTOR('',#6879,1.);
#6879 = DIRECTION('',(-1.,-0.,-0.));
#6880 = ORIENTED_EDGE('',*,*,#6881,.T.);
#6881 = EDGE_CURVE('',#6874,#6882,#6884,.T.);
#6882 = VERTEX_POINT('',#6883);
#6883 = CARTESIAN_POINT('',(7.225,5.65,2.05));
#6884 = LINE('',#6885,#6886);
#6885 = CARTESIAN_POINT('',(7.225,22.134975646604,2.05));
#6886 = VECTOR('',#6887,1.);
#6887 = DIRECTION('',(-0.,1.,-0.));
#6888 = ORIENTED_EDGE('',*,*,#6889,.F.);
#6889 = EDGE_CURVE('',#6890,#6882,#6892,.T.);
#6890 = VERTEX_POINT('',#6891);
#6891 = CARTESIAN_POINT('',(6.125,5.65,2.05));
#6892 = LINE('',#6893,#6894);
#6893 = CARTESIAN_POINT('',(6.125,5.65,2.05));
#6894 = VECTOR('',#6895,1.);
#6895 = DIRECTION('',(1.,0.,0.));
#6896 = ORIENTED_EDGE('',*,*,#6897,.F.);
#6897 = EDGE_CURVE('',#6898,#6890,#6900,.T.);
#6898 = VERTEX_POINT('',#6899);
#6899 = CARTESIAN_POINT('',(6.125,6.25,2.05));
#6900 = LINE('',#6901,#6902);
#6901 = CARTESIAN_POINT('',(6.125,7.25,2.05));
#6902 = VECTOR('',#6903,1.);
#6903 = DIRECTION('',(0.,-1.,0.));
#6904 = ORIENTED_EDGE('',*,*,#6905,.T.);
#6905 = EDGE_CURVE('',#6898,#6906,#6908,.T.);
#6906 = VERTEX_POINT('',#6907);
#6907 = CARTESIAN_POINT('',(6.325,6.25,2.05));
#6908 = LINE('',#6909,#6910);
#6909 = CARTESIAN_POINT('',(6.125,6.25,2.05));
#6910 = VECTOR('',#6911,1.);
#6911 = DIRECTION('',(1.,0.,0.));
#6912 = ORIENTED_EDGE('',*,*,#6913,.T.);
#6913 = EDGE_CURVE('',#6906,#6914,#6916,.T.);
#6914 = VERTEX_POINT('',#6915);
#6915 = CARTESIAN_POINT('',(6.325,7.25,2.05));
#6916 = LINE('',#6917,#6918);
#6917 = CARTESIAN_POINT('',(6.325,7.25,2.05));
#6918 = VECTOR('',#6919,1.);
#6919 = DIRECTION('',(-0.,1.,0.));
#6920 = ORIENTED_EDGE('',*,*,#6921,.T.);
#6921 = EDGE_CURVE('',#6914,#6922,#6924,.T.);
#6922 = VERTEX_POINT('',#6923);
#6923 = CARTESIAN_POINT('',(-7.225,7.25,2.05));
#6924 = LINE('',#6925,#6926);
#6925 = CARTESIAN_POINT('',(-7.225,7.25,2.05));
#6926 = VECTOR('',#6927,1.);
#6927 = DIRECTION('',(-1.,0.,0.));
#6928 = ORIENTED_EDGE('',*,*,#6929,.T.);
#6929 = EDGE_CURVE('',#6922,#6930,#6932,.T.);
#6930 = VERTEX_POINT('',#6931);
#6931 = CARTESIAN_POINT('',(-7.225,-6.55,2.05));
#6932 = LINE('',#6933,#6934);
#6933 = CARTESIAN_POINT('',(-7.225,22.134975646604,2.05));
#6934 = VECTOR('',#6935,1.);
#6935 = DIRECTION('',(0.,-1.,0.));
#6936 = ORIENTED_EDGE('',*,*,#6937,.F.);
#6937 = EDGE_CURVE('',#6938,#6930,#6940,.T.);
#6938 = VERTEX_POINT('',#6939);
#6939 = CARTESIAN_POINT('',(0.,-6.55,2.05));
#6940 = LINE('',#6941,#6942);
#6941 = CARTESIAN_POINT('',(-7.375,-6.55,2.05));
#6942 = VECTOR('',#6943,1.);
#6943 = DIRECTION('',(-1.,-0.,-0.));
#6944 = ORIENTED_EDGE('',*,*,#6945,.F.);
#6945 = EDGE_CURVE('',#6746,#6938,#6946,.T.);
#6946 = CIRCLE('',#6947,14.021875);
#6947 = AXIS2_PLACEMENT_3D('',#6948,#6949,#6950);
#6948 = CARTESIAN_POINT('',(0.,-20.571875,2.05));
#6949 = DIRECTION('',(0.,0.,1.));
#6950 = DIRECTION('',(-1.,0.,0.));
#6951 = ORIENTED_EDGE('',*,*,#6745,.T.);
#6952 = PLANE('',#6953);
#6953 = AXIS2_PLACEMENT_3D('',#6954,#6955,#6956);
#6954 = CARTESIAN_POINT('',(-7.225,22.134975646604,2.05));
#6955 = DIRECTION('',(0.,0.,-1.));
#6956 = DIRECTION('',(-1.,0.,-0.));
#6957 = ADVANCED_FACE('',(#6958),#6983,.F.);
#6958 = FACE_BOUND('',#6959,.T.);
#6959 = EDGE_LOOP('',(#6960,#6970,#6976,#6977));
#6960 = ORIENTED_EDGE('',*,*,#6961,.T.);
#6961 = EDGE_CURVE('',#6962,#6964,#6966,.T.);
#6962 = VERTEX_POINT('',#6963);
#6963 = CARTESIAN_POINT('',(-7.225,-3.85,5.E-02));
#6964 = VERTEX_POINT('',#6965);
#6965 = CARTESIAN_POINT('',(-7.225,-6.55,5.E-02));
#6966 = LINE('',#6967,#6968);
#6967 = CARTESIAN_POINT('',(-7.225,22.134975646604,5.E-02));
#6968 = VECTOR('',#6969,1.);
#6969 = DIRECTION('',(0.,-1.,0.));
#6970 = ORIENTED_EDGE('',*,*,#6971,.T.);
#6971 = EDGE_CURVE('',#6964,#6581,#6972,.T.);
#6972 = LINE('',#6973,#6974);
#6973 = CARTESIAN_POINT('',(-7.225,-6.55,5.E-02));
#6974 = VECTOR('',#6975,1.);
#6975 = DIRECTION('',(-1.,-0.,0.));
#6976 = ORIENTED_EDGE('',*,*,#6578,.F.);
#6977 = ORIENTED_EDGE('',*,*,#6978,.T.);
#6978 = EDGE_CURVE('',#6579,#6962,#6979,.T.);
#6979 = LINE('',#6980,#6981);
#6980 = CARTESIAN_POINT('',(-7.225,-3.85,5.E-02));
#6981 = VECTOR('',#6982,1.);
#6982 = DIRECTION('',(1.,0.,-0.));
#6983 = PLANE('',#6984);
#6984 = AXIS2_PLACEMENT_3D('',#6985,#6986,#6987);
#6985 = CARTESIAN_POINT('',(-7.225,22.134975646604,5.E-02));
#6986 = DIRECTION('',(0.,0.,1.));
#6987 = DIRECTION('',(1.,0.,-0.));
#6988 = ADVANCED_FACE('',(#6989),#7101,.T.);
#6989 = FACE_BOUND('',#6990,.T.);
#6990 = EDGE_LOOP('',(#6991,#6999,#7000,#7008,#7016,#7024,#7032,#7040,
    #7048,#7054,#7055,#7063,#7071,#7079,#7087,#7095));
#6991 = ORIENTED_EDGE('',*,*,#6992,.F.);
#6992 = EDGE_CURVE('',#6964,#6993,#6995,.T.);
#6993 = VERTEX_POINT('',#6994);
#6994 = CARTESIAN_POINT('',(-7.225,-6.55,1.9));
#6995 = LINE('',#6996,#6997);
#6996 = CARTESIAN_POINT('',(-7.225,-6.55,5.E-02));
#6997 = VECTOR('',#6998,1.);
#6998 = DIRECTION('',(0.,0.,1.));
#6999 = ORIENTED_EDGE('',*,*,#6961,.F.);
#7000 = ORIENTED_EDGE('',*,*,#7001,.F.);
#7001 = EDGE_CURVE('',#7002,#6962,#7004,.T.);
#7002 = VERTEX_POINT('',#7003);
#7003 = CARTESIAN_POINT('',(-7.225,-3.85,0.35));
#7004 = LINE('',#7005,#7006);
#7005 = CARTESIAN_POINT('',(-7.225,-3.85,5.E-02));
#7006 = VECTOR('',#7007,1.);
#7007 = DIRECTION('',(0.,0.,-1.));
#7008 = ORIENTED_EDGE('',*,*,#7009,.F.);
#7009 = EDGE_CURVE('',#7010,#7002,#7012,.T.);
#7010 = VERTEX_POINT('',#7011);
#7011 = CARTESIAN_POINT('',(-7.225,-3.65,0.35));
#7012 = LINE('',#7013,#7014);
#7013 = CARTESIAN_POINT('',(-7.225,22.134975646604,0.35));
#7014 = VECTOR('',#7015,1.);
#7015 = DIRECTION('',(0.,-1.,0.));
#7016 = ORIENTED_EDGE('',*,*,#7017,.F.);
#7017 = EDGE_CURVE('',#7018,#7010,#7020,.T.);
#7018 = VERTEX_POINT('',#7019);
#7019 = CARTESIAN_POINT('',(-7.225,-3.65,0.15));
#7020 = LINE('',#7021,#7022);
#7021 = CARTESIAN_POINT('',(-7.225,-3.65,0.));
#7022 = VECTOR('',#7023,1.);
#7023 = DIRECTION('',(0.,0.,1.));
#7024 = ORIENTED_EDGE('',*,*,#7025,.T.);
#7025 = EDGE_CURVE('',#7018,#7026,#7028,.T.);
#7026 = VERTEX_POINT('',#7027);
#7027 = CARTESIAN_POINT('',(-7.225,-2.05,0.15));
#7028 = LINE('',#7029,#7030);
#7029 = CARTESIAN_POINT('',(-7.225,-2.05,0.15));
#7030 = VECTOR('',#7031,1.);
#7031 = DIRECTION('',(-0.,1.,0.));
#7032 = ORIENTED_EDGE('',*,*,#7033,.T.);
#7033 = EDGE_CURVE('',#7026,#7034,#7036,.T.);
#7034 = VERTEX_POINT('',#7035);
#7035 = CARTESIAN_POINT('',(-7.225,-2.05,0.35));
#7036 = LINE('',#7037,#7038);
#7037 = CARTESIAN_POINT('',(-7.225,-2.05,0.));
#7038 = VECTOR('',#7039,1.);
#7039 = DIRECTION('',(0.,0.,1.));
#7040 = ORIENTED_EDGE('',*,*,#7041,.F.);
#7041 = EDGE_CURVE('',#7042,#7034,#7044,.T.);
#7042 = VERTEX_POINT('',#7043);
#7043 = CARTESIAN_POINT('',(-7.225,-1.85,0.35));
#7044 = LINE('',#7045,#7046);
#7045 = CARTESIAN_POINT('',(-7.225,22.134975646604,0.35));
#7046 = VECTOR('',#7047,1.);
#7047 = DIRECTION('',(0.,-1.,0.));
#7048 = ORIENTED_EDGE('',*,*,#7049,.F.);
#7049 = EDGE_CURVE('',#6724,#7042,#7050,.T.);
#7050 = LINE('',#7051,#7052);
#7051 = CARTESIAN_POINT('',(-7.225,-1.85,5.E-02));
#7052 = VECTOR('',#7053,1.);
#7053 = DIRECTION('',(0.,-0.,1.));
#7054 = ORIENTED_EDGE('',*,*,#6723,.F.);
#7055 = ORIENTED_EDGE('',*,*,#7056,.F.);
#7056 = EDGE_CURVE('',#7057,#6716,#7059,.T.);
#7057 = VERTEX_POINT('',#7058);
#7058 = CARTESIAN_POINT('',(-7.225,6.05,0.35));
#7059 = LINE('',#7060,#7061);
#7060 = CARTESIAN_POINT('',(-7.225,6.05,5.E-02));
#7061 = VECTOR('',#7062,1.);
#7062 = DIRECTION('',(0.,0.,-1.));
#7063 = ORIENTED_EDGE('',*,*,#7064,.F.);
#7064 = EDGE_CURVE('',#7065,#7057,#7067,.T.);
#7065 = VERTEX_POINT('',#7066);
#7066 = CARTESIAN_POINT('',(-7.225,6.25,0.35));
#7067 = LINE('',#7068,#7069);
#7068 = CARTESIAN_POINT('',(-7.225,22.134975646604,0.35));
#7069 = VECTOR('',#7070,1.);
#7070 = DIRECTION('',(0.,-1.,5.421010862428E-16));
#7071 = ORIENTED_EDGE('',*,*,#7072,.F.);
#7072 = EDGE_CURVE('',#7073,#7065,#7075,.T.);
#7073 = VERTEX_POINT('',#7074);
#7074 = CARTESIAN_POINT('',(-7.225,6.25,0.15));
#7075 = LINE('',#7076,#7077);
#7076 = CARTESIAN_POINT('',(-7.225,6.25,1.9));
#7077 = VECTOR('',#7078,1.);
#7078 = DIRECTION('',(0.,0.,1.));
#7079 = ORIENTED_EDGE('',*,*,#7080,.T.);
#7080 = EDGE_CURVE('',#7073,#7081,#7083,.T.);
#7081 = VERTEX_POINT('',#7082);
#7082 = CARTESIAN_POINT('',(-7.225,7.25,0.15));
#7083 = LINE('',#7084,#7085);
#7084 = CARTESIAN_POINT('',(-7.225,7.25,0.15));
#7085 = VECTOR('',#7086,1.);
#7086 = DIRECTION('',(-0.,1.,0.));
#7087 = ORIENTED_EDGE('',*,*,#7088,.F.);
#7088 = EDGE_CURVE('',#7089,#7081,#7091,.T.);
#7089 = VERTEX_POINT('',#7090);
#7090 = CARTESIAN_POINT('',(-7.225,7.25,1.9));
#7091 = LINE('',#7092,#7093);
#7092 = CARTESIAN_POINT('',(-7.225,7.25,5.E-02));
#7093 = VECTOR('',#7094,1.);
#7094 = DIRECTION('',(0.,0.,-1.));
#7095 = ORIENTED_EDGE('',*,*,#7096,.T.);
#7096 = EDGE_CURVE('',#7089,#6993,#7097,.T.);
#7097 = LINE('',#7098,#7099);
#7098 = CARTESIAN_POINT('',(-7.225,22.134975646604,1.9));
#7099 = VECTOR('',#7100,1.);
#7100 = DIRECTION('',(0.,-1.,0.));
#7101 = PLANE('',#7102);
#7102 = AXIS2_PLACEMENT_3D('',#7103,#7104,#7105);
#7103 = CARTESIAN_POINT('',(-7.225,22.134975646604,5.E-02));
#7104 = DIRECTION('',(1.,0.,-0.));
#7105 = DIRECTION('',(-0.,0.,-1.));
#7106 = ADVANCED_FACE('',(#7107),#7265,.T.);
#7107 = FACE_BOUND('',#7108,.T.);
#7108 = EDGE_LOOP('',(#7109,#7110,#7111,#7112,#7121,#7127,#7128,#7136,
    #7144,#7152,#7160,#7166,#7167,#7175,#7184,#7192,#7201,#7209,#7218,
    #7226,#7235,#7243,#7251,#7259));
#7109 = ORIENTED_EDGE('',*,*,#6241,.F.);
#7110 = ORIENTED_EDGE('',*,*,#6564,.T.);
#7111 = ORIENTED_EDGE('',*,*,#6761,.F.);
#7112 = ORIENTED_EDGE('',*,*,#7113,.F.);
#7113 = EDGE_CURVE('',#7114,#6754,#7116,.T.);
#7114 = VERTEX_POINT('',#7115);
#7115 = CARTESIAN_POINT('',(0.,-6.55,1.9));
#7116 = CIRCLE('',#7117,14.021875);
#7117 = AXIS2_PLACEMENT_3D('',#7118,#7119,#7120);
#7118 = CARTESIAN_POINT('',(0.,-20.571875,1.9));
#7119 = DIRECTION('',(0.,0.,-1.));
#7120 = DIRECTION('',(-1.,0.,0.));
#7121 = ORIENTED_EDGE('',*,*,#7122,.F.);
#7122 = EDGE_CURVE('',#6993,#7114,#7123,.T.);
#7123 = LINE('',#7124,#7125);
#7124 = CARTESIAN_POINT('',(-7.225,-6.55,1.9));
#7125 = VECTOR('',#7126,1.);
#7126 = DIRECTION('',(1.,0.,0.));
#7127 = ORIENTED_EDGE('',*,*,#7096,.F.);
#7128 = ORIENTED_EDGE('',*,*,#7129,.F.);
#7129 = EDGE_CURVE('',#7130,#7089,#7132,.T.);
#7130 = VERTEX_POINT('',#7131);
#7131 = CARTESIAN_POINT('',(6.325,7.25,1.9));
#7132 = LINE('',#7133,#7134);
#7133 = CARTESIAN_POINT('',(-7.225,7.25,1.9));
#7134 = VECTOR('',#7135,1.);
#7135 = DIRECTION('',(-1.,0.,0.));
#7136 = ORIENTED_EDGE('',*,*,#7137,.F.);
#7137 = EDGE_CURVE('',#7138,#7130,#7140,.T.);
#7138 = VERTEX_POINT('',#7139);
#7139 = CARTESIAN_POINT('',(6.325,6.25,1.9));
#7140 = LINE('',#7141,#7142);
#7141 = CARTESIAN_POINT('',(6.325,6.25,1.9));
#7142 = VECTOR('',#7143,1.);
#7143 = DIRECTION('',(0.,1.,0.));
#7144 = ORIENTED_EDGE('',*,*,#7145,.F.);
#7145 = EDGE_CURVE('',#7146,#7138,#7148,.T.);
#7146 = VERTEX_POINT('',#7147);
#7147 = CARTESIAN_POINT('',(6.125,6.25,1.9));
#7148 = LINE('',#7149,#7150);
#7149 = CARTESIAN_POINT('',(6.125,6.25,1.9));
#7150 = VECTOR('',#7151,1.);
#7151 = DIRECTION('',(1.,0.,0.));
#7152 = ORIENTED_EDGE('',*,*,#7153,.F.);
#7153 = EDGE_CURVE('',#7154,#7146,#7156,.T.);
#7154 = VERTEX_POINT('',#7155);
#7155 = CARTESIAN_POINT('',(6.125,5.65,1.9));
#7156 = LINE('',#7157,#7158);
#7157 = CARTESIAN_POINT('',(6.125,22.134975646604,1.9));
#7158 = VECTOR('',#7159,1.);
#7159 = DIRECTION('',(0.,1.,0.));
#7160 = ORIENTED_EDGE('',*,*,#7161,.F.);
#7161 = EDGE_CURVE('',#6487,#7154,#7162,.T.);
#7162 = LINE('',#7163,#7164);
#7163 = CARTESIAN_POINT('',(-7.225,5.65,1.9));
#7164 = VECTOR('',#7165,1.);
#7165 = DIRECTION('',(-1.,0.,0.));
#7166 = ORIENTED_EDGE('',*,*,#6486,.T.);
#7167 = ORIENTED_EDGE('',*,*,#7168,.F.);
#7168 = EDGE_CURVE('',#7169,#6479,#7171,.T.);
#7169 = VERTEX_POINT('',#7170);
#7170 = CARTESIAN_POINT('',(4.775,-1.05,1.9));
#7171 = LINE('',#7172,#7173);
#7172 = CARTESIAN_POINT('',(-7.225,-1.05,1.9));
#7173 = VECTOR('',#7174,1.);
#7174 = DIRECTION('',(1.,0.,0.));
#7175 = ORIENTED_EDGE('',*,*,#7176,.F.);
#7176 = EDGE_CURVE('',#7177,#7169,#7179,.T.);
#7177 = VERTEX_POINT('',#7178);
#7178 = CARTESIAN_POINT('',(4.575,-1.25,1.9));
#7179 = CIRCLE('',#7180,0.2);
#7180 = AXIS2_PLACEMENT_3D('',#7181,#7182,#7183);
#7181 = CARTESIAN_POINT('',(4.775,-1.25,1.9));
#7182 = DIRECTION('',(0.,0.,-1.));
#7183 = DIRECTION('',(-1.,0.,0.));
#7184 = ORIENTED_EDGE('',*,*,#7185,.F.);
#7185 = EDGE_CURVE('',#7186,#7177,#7188,.T.);
#7186 = VERTEX_POINT('',#7187);
#7187 = CARTESIAN_POINT('',(4.575,-2.567157287525,1.9));
#7188 = LINE('',#7189,#7190);
#7189 = CARTESIAN_POINT('',(4.575,22.134975646604,1.9));
#7190 = VECTOR('',#7191,1.);
#7191 = DIRECTION('',(0.,1.,0.));
#7192 = ORIENTED_EDGE('',*,*,#7193,.F.);
#7193 = EDGE_CURVE('',#7194,#7186,#7196,.T.);
#7194 = VERTEX_POINT('',#7195);
#7195 = CARTESIAN_POINT('',(4.633578643763,-2.708578643763,1.9));
#7196 = CIRCLE('',#7197,0.2);
#7197 = AXIS2_PLACEMENT_3D('',#7198,#7199,#7200);
#7198 = CARTESIAN_POINT('',(4.775,-2.567157287525,1.9));
#7199 = DIRECTION('',(0.,0.,-1.));
#7200 = DIRECTION('',(-1.,0.,0.));
#7201 = ORIENTED_EDGE('',*,*,#7202,.F.);
#7202 = EDGE_CURVE('',#7203,#7194,#7205,.T.);
#7203 = VERTEX_POINT('',#7204);
#7204 = CARTESIAN_POINT('',(5.316421356237,-3.391421356237,1.9));
#7205 = LINE('',#7206,#7207);
#7206 = CARTESIAN_POINT('',(-13.7174878233,15.642487823302,1.9));
#7207 = VECTOR('',#7208,1.);
#7208 = DIRECTION('',(-0.707106781187,0.707106781187,0.));
#7209 = ORIENTED_EDGE('',*,*,#7210,.F.);
#7210 = EDGE_CURVE('',#7211,#7203,#7213,.T.);
#7211 = VERTEX_POINT('',#7212);
#7212 = CARTESIAN_POINT('',(5.375,-3.532842712475,1.9));
#7213 = CIRCLE('',#7214,0.2);
#7214 = AXIS2_PLACEMENT_3D('',#7215,#7216,#7217);
#7215 = CARTESIAN_POINT('',(5.175,-3.532842712475,1.9));
#7216 = DIRECTION('',(0.,-0.,1.));
#7217 = DIRECTION('',(-1.,0.,0.));
#7218 = ORIENTED_EDGE('',*,*,#7219,.F.);
#7219 = EDGE_CURVE('',#7220,#7211,#7222,.T.);
#7220 = VERTEX_POINT('',#7221);
#7221 = CARTESIAN_POINT('',(5.375,-5.65,1.9));
#7222 = LINE('',#7223,#7224);
#7223 = CARTESIAN_POINT('',(5.375,22.134975646604,1.9));
#7224 = VECTOR('',#7225,1.);
#7225 = DIRECTION('',(0.,1.,0.));
#7226 = ORIENTED_EDGE('',*,*,#7227,.F.);
#7227 = EDGE_CURVE('',#7228,#7220,#7230,.T.);
#7228 = VERTEX_POINT('',#7229);
#7229 = CARTESIAN_POINT('',(5.575,-5.85,1.9));
#7230 = CIRCLE('',#7231,0.2);
#7231 = AXIS2_PLACEMENT_3D('',#7232,#7233,#7234);
#7232 = CARTESIAN_POINT('',(5.575,-5.65,1.9));
#7233 = DIRECTION('',(0.,0.,-1.));
#7234 = DIRECTION('',(-1.,0.,0.));
#7235 = ORIENTED_EDGE('',*,*,#7236,.F.);
#7236 = EDGE_CURVE('',#7237,#7228,#7239,.T.);
#7237 = VERTEX_POINT('',#7238);
#7238 = CARTESIAN_POINT('',(5.775,-5.85,1.9));
#7239 = LINE('',#7240,#7241);
#7240 = CARTESIAN_POINT('',(-7.225,-5.85,1.9));
#7241 = VECTOR('',#7242,1.);
#7242 = DIRECTION('',(-1.,0.,0.));
#7243 = ORIENTED_EDGE('',*,*,#7244,.T.);
#7244 = EDGE_CURVE('',#7237,#7245,#7247,.T.);
#7245 = VERTEX_POINT('',#7246);
#7246 = CARTESIAN_POINT('',(5.775,-4.828273271722,1.9));
#7247 = LINE('',#7248,#7249);
#7248 = CARTESIAN_POINT('',(5.775,-5.85,1.9));
#7249 = VECTOR('',#7250,1.);
#7250 = DIRECTION('',(0.,1.,0.));
#7251 = ORIENTED_EDGE('',*,*,#7252,.F.);
#7252 = EDGE_CURVE('',#7253,#7245,#7255,.T.);
#7253 = VERTEX_POINT('',#7254);
#7254 = CARTESIAN_POINT('',(6.775,-4.828273271722,1.9));
#7255 = LINE('',#7256,#7257);
#7256 = CARTESIAN_POINT('',(6.775,-4.828273271722,1.9));
#7257 = VECTOR('',#7258,1.);
#7258 = DIRECTION('',(-1.,-0.,-0.));
#7259 = ORIENTED_EDGE('',*,*,#7260,.F.);
#7260 = EDGE_CURVE('',#6191,#7253,#7261,.T.);
#7261 = LINE('',#7262,#7263);
#7262 = CARTESIAN_POINT('',(6.775,-5.85,1.9));
#7263 = VECTOR('',#7264,1.);
#7264 = DIRECTION('',(0.,1.,0.));
#7265 = PLANE('',#7266);
#7266 = AXIS2_PLACEMENT_3D('',#7267,#7268,#7269);
#7267 = CARTESIAN_POINT('',(-7.225,22.134975646604,1.9));
#7268 = DIRECTION('',(0.,0.,-1.));
#7269 = DIRECTION('',(-1.,0.,-0.));
#7270 = ADVANCED_FACE('',(#7271),#7371,.F.);
#7271 = FACE_BOUND('',#7272,.T.);
#7272 = EDGE_LOOP('',(#7273,#7274,#7283,#7291,#7299,#7305,#7306,#7313,
    #7314,#7323,#7331,#7339,#7347,#7355,#7364,#7370));
#7273 = ORIENTED_EDGE('',*,*,#7088,.T.);
#7274 = ORIENTED_EDGE('',*,*,#7275,.T.);
#7275 = EDGE_CURVE('',#7081,#7276,#7278,.T.);
#7276 = VERTEX_POINT('',#7277);
#7277 = CARTESIAN_POINT('',(-7.375,7.25,-1.836970198721E-17));
#7278 = CIRCLE('',#7279,0.15);
#7279 = AXIS2_PLACEMENT_3D('',#7280,#7281,#7282);
#7280 = CARTESIAN_POINT('',(-7.375,7.25,0.15));
#7281 = DIRECTION('',(-0.,1.,0.));
#7282 = DIRECTION('',(0.,0.,-1.));
#7283 = ORIENTED_EDGE('',*,*,#7284,.F.);
#7284 = EDGE_CURVE('',#7285,#7276,#7287,.T.);
#7285 = VERTEX_POINT('',#7286);
#7286 = CARTESIAN_POINT('',(-8.075,7.25,0.));
#7287 = LINE('',#7288,#7289);
#7288 = CARTESIAN_POINT('',(-7.225,7.25,0.));
#7289 = VECTOR('',#7290,1.);
#7290 = DIRECTION('',(1.,0.,1.224646799147E-16));
#7291 = ORIENTED_EDGE('',*,*,#7292,.F.);
#7292 = EDGE_CURVE('',#7293,#7285,#7295,.T.);
#7293 = VERTEX_POINT('',#7294);
#7294 = CARTESIAN_POINT('',(-8.075,7.25,0.15));
#7295 = LINE('',#7296,#7297);
#7296 = CARTESIAN_POINT('',(-8.075,7.25,1.9));
#7297 = VECTOR('',#7298,1.);
#7298 = DIRECTION('',(0.,0.,-1.));
#7299 = ORIENTED_EDGE('',*,*,#7300,.F.);
#7300 = EDGE_CURVE('',#6605,#7293,#7301,.T.);
#7301 = LINE('',#7302,#7303);
#7302 = CARTESIAN_POINT('',(-7.225,7.25,0.15));
#7303 = VECTOR('',#7304,1.);
#7304 = DIRECTION('',(-1.,0.,-9.566489757225E-17));
#7305 = ORIENTED_EDGE('',*,*,#6604,.F.);
#7306 = ORIENTED_EDGE('',*,*,#7307,.T.);
#7307 = EDGE_CURVE('',#6597,#6922,#7308,.T.);
#7308 = CIRCLE('',#7309,0.15);
#7309 = AXIS2_PLACEMENT_3D('',#7310,#7311,#7312);
#7310 = CARTESIAN_POINT('',(-7.225,7.25,1.9));
#7311 = DIRECTION('',(-0.,1.,0.));
#7312 = DIRECTION('',(0.,0.,-1.));
#7313 = ORIENTED_EDGE('',*,*,#6921,.F.);
#7314 = ORIENTED_EDGE('',*,*,#7315,.T.);
#7315 = EDGE_CURVE('',#6914,#7316,#7318,.T.);
#7316 = VERTEX_POINT('',#7317);
#7317 = CARTESIAN_POINT('',(6.475,7.25,1.9));
#7318 = CIRCLE('',#7319,0.15);
#7319 = AXIS2_PLACEMENT_3D('',#7320,#7321,#7322);
#7320 = CARTESIAN_POINT('',(6.325,7.25,1.9));
#7321 = DIRECTION('',(-0.,1.,0.));
#7322 = DIRECTION('',(0.,0.,-1.));
#7323 = ORIENTED_EDGE('',*,*,#7324,.T.);
#7324 = EDGE_CURVE('',#7316,#7325,#7327,.T.);
#7325 = VERTEX_POINT('',#7326);
#7326 = CARTESIAN_POINT('',(6.475,7.25,0.15));
#7327 = LINE('',#7328,#7329);
#7328 = CARTESIAN_POINT('',(6.475,7.25,1.9));
#7329 = VECTOR('',#7330,1.);
#7330 = DIRECTION('',(0.,0.,-1.));
#7331 = ORIENTED_EDGE('',*,*,#7332,.T.);
#7332 = EDGE_CURVE('',#7325,#7333,#7335,.T.);
#7333 = VERTEX_POINT('',#7334);
#7334 = CARTESIAN_POINT('',(7.175,7.25,0.15));
#7335 = LINE('',#7336,#7337);
#7336 = CARTESIAN_POINT('',(6.325,7.25,0.15));
#7337 = VECTOR('',#7338,1.);
#7338 = DIRECTION('',(1.,0.,0.));
#7339 = ORIENTED_EDGE('',*,*,#7340,.F.);
#7340 = EDGE_CURVE('',#7341,#7333,#7343,.T.);
#7341 = VERTEX_POINT('',#7342);
#7342 = CARTESIAN_POINT('',(7.175,7.25,0.));
#7343 = LINE('',#7344,#7345);
#7344 = CARTESIAN_POINT('',(7.175,7.25,0.));
#7345 = VECTOR('',#7346,1.);
#7346 = DIRECTION('',(0.,0.,1.));
#7347 = ORIENTED_EDGE('',*,*,#7348,.F.);
#7348 = EDGE_CURVE('',#7349,#7341,#7351,.T.);
#7349 = VERTEX_POINT('',#7350);
#7350 = CARTESIAN_POINT('',(6.475,7.25,0.));
#7351 = LINE('',#7352,#7353);
#7352 = CARTESIAN_POINT('',(6.325,7.25,0.));
#7353 = VECTOR('',#7354,1.);
#7354 = DIRECTION('',(1.,0.,0.));
#7355 = ORIENTED_EDGE('',*,*,#7356,.T.);
#7356 = EDGE_CURVE('',#7349,#7357,#7359,.T.);
#7357 = VERTEX_POINT('',#7358);
#7358 = CARTESIAN_POINT('',(6.325,7.25,0.15));
#7359 = CIRCLE('',#7360,0.15);
#7360 = AXIS2_PLACEMENT_3D('',#7361,#7362,#7363);
#7361 = CARTESIAN_POINT('',(6.475,7.25,0.15));
#7362 = DIRECTION('',(-0.,1.,0.));
#7363 = DIRECTION('',(0.,0.,-1.));
#7364 = ORIENTED_EDGE('',*,*,#7365,.F.);
#7365 = EDGE_CURVE('',#7130,#7357,#7366,.T.);
#7366 = LINE('',#7367,#7368);
#7367 = CARTESIAN_POINT('',(6.325,7.25,1.9));
#7368 = VECTOR('',#7369,1.);
#7369 = DIRECTION('',(0.,0.,-1.));
#7370 = ORIENTED_EDGE('',*,*,#7129,.T.);
#7371 = PLANE('',#7372);
#7372 = AXIS2_PLACEMENT_3D('',#7373,#7374,#7375);
#7373 = CARTESIAN_POINT('',(-7.225,7.25,1.9));
#7374 = DIRECTION('',(0.,-1.,0.));
#7375 = DIRECTION('',(0.,-0.,-1.));
#7376 = ADVANCED_FACE('',(#7377),#7397,.F.);
#7377 = FACE_BOUND('',#7378,.T.);
#7378 = EDGE_LOOP('',(#7379,#7380,#7387,#7388,#7389,#7390,#7391));
#7379 = ORIENTED_EDGE('',*,*,#6889,.T.);
#7380 = ORIENTED_EDGE('',*,*,#7381,.T.);
#7381 = EDGE_CURVE('',#6882,#6440,#7382,.T.);
#7382 = CIRCLE('',#7383,0.15);
#7383 = AXIS2_PLACEMENT_3D('',#7384,#7385,#7386);
#7384 = CARTESIAN_POINT('',(7.225,5.65,1.9));
#7385 = DIRECTION('',(-0.,1.,0.));
#7386 = DIRECTION('',(0.,0.,-1.));
#7387 = ORIENTED_EDGE('',*,*,#6439,.F.);
#7388 = ORIENTED_EDGE('',*,*,#6305,.F.);
#7389 = ORIENTED_EDGE('',*,*,#6494,.T.);
#7390 = ORIENTED_EDGE('',*,*,#7161,.T.);
#7391 = ORIENTED_EDGE('',*,*,#7392,.T.);
#7392 = EDGE_CURVE('',#7154,#6890,#7393,.T.);
#7393 = LINE('',#7394,#7395);
#7394 = CARTESIAN_POINT('',(6.125,5.65,0.));
#7395 = VECTOR('',#7396,1.);
#7396 = DIRECTION('',(-0.,-0.,1.));
#7397 = PLANE('',#7398);
#7398 = AXIS2_PLACEMENT_3D('',#7399,#7400,#7401);
#7399 = CARTESIAN_POINT('',(6.125,5.65,0.));
#7400 = DIRECTION('',(0.,-1.,0.));
#7401 = DIRECTION('',(0.,-0.,-1.));
#7402 = ADVANCED_FACE('',(#7403),#7414,.F.);
#7403 = FACE_BOUND('',#7404,.T.);
#7404 = EDGE_LOOP('',(#7405,#7406,#7412,#7413));
#7405 = ORIENTED_EDGE('',*,*,#7153,.T.);
#7406 = ORIENTED_EDGE('',*,*,#7407,.F.);
#7407 = EDGE_CURVE('',#6898,#7146,#7408,.T.);
#7408 = LINE('',#7409,#7410);
#7409 = CARTESIAN_POINT('',(6.125,6.25,2.05));
#7410 = VECTOR('',#7411,1.);
#7411 = DIRECTION('',(0.,0.,-1.));
#7412 = ORIENTED_EDGE('',*,*,#6897,.T.);
#7413 = ORIENTED_EDGE('',*,*,#7392,.F.);
#7414 = PLANE('',#7415);
#7415 = AXIS2_PLACEMENT_3D('',#7416,#7417,#7418);
#7416 = CARTESIAN_POINT('',(6.125,7.25,0.));
#7417 = DIRECTION('',(-1.,0.,-0.));
#7418 = DIRECTION('',(0.,0.,1.));
#7419 = ADVANCED_FACE('',(#7420),#7432,.T.);
#7420 = FACE_BOUND('',#7421,.T.);
#7421 = EDGE_LOOP('',(#7422,#7429,#7430,#7431));
#7422 = ORIENTED_EDGE('',*,*,#7423,.F.);
#7423 = EDGE_CURVE('',#6448,#6874,#7424,.T.);
#7424 = CIRCLE('',#7425,0.15);
#7425 = AXIS2_PLACEMENT_3D('',#7426,#7427,#7428);
#7426 = CARTESIAN_POINT('',(7.225,-1.05,1.9));
#7427 = DIRECTION('',(0.,-1.,0.));
#7428 = DIRECTION('',(0.,0.,1.));
#7429 = ORIENTED_EDGE('',*,*,#6447,.F.);
#7430 = ORIENTED_EDGE('',*,*,#7381,.F.);
#7431 = ORIENTED_EDGE('',*,*,#6881,.F.);
#7432 = CYLINDRICAL_SURFACE('',#7433,0.15);
#7433 = AXIS2_PLACEMENT_3D('',#7434,#7435,#7436);
#7434 = CARTESIAN_POINT('',(7.225,22.134975646604,1.9));
#7435 = DIRECTION('',(0.,-1.,0.));
#7436 = DIRECTION('',(0.,0.,-1.));
#7437 = ADVANCED_FACE('',(#7438),#7450,.T.);
#7438 = FACE_BOUND('',#7439,.T.);
#7439 = EDGE_LOOP('',(#7440,#7447,#7448,#7449));
#7440 = ORIENTED_EDGE('',*,*,#7441,.F.);
#7441 = EDGE_CURVE('',#6930,#6589,#7442,.T.);
#7442 = CIRCLE('',#7443,0.15);
#7443 = AXIS2_PLACEMENT_3D('',#7444,#7445,#7446);
#7444 = CARTESIAN_POINT('',(-7.225,-6.55,1.9));
#7445 = DIRECTION('',(0.,-1.,0.));
#7446 = DIRECTION('',(0.,0.,1.));
#7447 = ORIENTED_EDGE('',*,*,#6929,.F.);
#7448 = ORIENTED_EDGE('',*,*,#7307,.F.);
#7449 = ORIENTED_EDGE('',*,*,#6596,.F.);
#7450 = CYLINDRICAL_SURFACE('',#7451,0.15);
#7451 = AXIS2_PLACEMENT_3D('',#7452,#7453,#7454);
#7452 = CARTESIAN_POINT('',(-7.225,22.134975646604,1.9));
#7453 = DIRECTION('',(0.,-1.,0.));
#7454 = DIRECTION('',(0.,0.,-1.));
#7455 = ADVANCED_FACE('',(#7456),#7481,.F.);
#7456 = FACE_BOUND('',#7457,.T.);
#7457 = EDGE_LOOP('',(#7458,#7466,#7467,#7475));
#7458 = ORIENTED_EDGE('',*,*,#7459,.F.);
#7459 = EDGE_CURVE('',#6677,#7460,#7462,.T.);
#7460 = VERTEX_POINT('',#7461);
#7461 = CARTESIAN_POINT('',(-8.075,-3.65,0.15));
#7462 = LINE('',#7463,#7464);
#7463 = CARTESIAN_POINT('',(-7.225,-3.65,0.15));
#7464 = VECTOR('',#7465,1.);
#7465 = DIRECTION('',(-1.,0.,-9.566489757225E-17));
#7466 = ORIENTED_EDGE('',*,*,#6676,.T.);
#7467 = ORIENTED_EDGE('',*,*,#7468,.T.);
#7468 = EDGE_CURVE('',#6669,#7469,#7471,.T.);
#7469 = VERTEX_POINT('',#7470);
#7470 = CARTESIAN_POINT('',(-8.075,-2.05,0.15));
#7471 = LINE('',#7472,#7473);
#7472 = CARTESIAN_POINT('',(-7.225,-2.05,0.15));
#7473 = VECTOR('',#7474,1.);
#7474 = DIRECTION('',(-1.,0.,-9.566489757225E-17));
#7475 = ORIENTED_EDGE('',*,*,#7476,.F.);
#7476 = EDGE_CURVE('',#7460,#7469,#7477,.T.);
#7477 = LINE('',#7478,#7479);
#7478 = CARTESIAN_POINT('',(-8.075,-3.65,0.15));
#7479 = VECTOR('',#7480,1.);
#7480 = DIRECTION('',(-0.,1.,-0.));
#7481 = PLANE('',#7482);
#7482 = AXIS2_PLACEMENT_3D('',#7483,#7484,#7485);
#7483 = CARTESIAN_POINT('',(-7.225,-3.65,0.15));
#7484 = DIRECTION('',(9.566489757225E-17,0.,-1.));
#7485 = DIRECTION('',(-1.,0.,-9.566489757225E-17));
#7486 = ADVANCED_FACE('',(#7487),#7521,.T.);
#7487 = FACE_BOUND('',#7488,.T.);
#7488 = EDGE_LOOP('',(#7489,#7499,#7506,#7507,#7513,#7514,#7515));
#7489 = ORIENTED_EDGE('',*,*,#7490,.T.);
#7490 = EDGE_CURVE('',#7491,#7493,#7495,.T.);
#7491 = VERTEX_POINT('',#7492);
#7492 = CARTESIAN_POINT('',(-8.075,-3.65,-1.040949779275E-16));
#7493 = VERTEX_POINT('',#7494);
#7494 = CARTESIAN_POINT('',(-7.375,-3.65,-1.836970198721E-17));
#7495 = LINE('',#7496,#7497);
#7496 = CARTESIAN_POINT('',(-7.225,-3.65,0.));
#7497 = VECTOR('',#7498,1.);
#7498 = DIRECTION('',(1.,-0.,1.224646799147E-16));
#7499 = ORIENTED_EDGE('',*,*,#7500,.T.);
#7500 = EDGE_CURVE('',#7493,#7018,#7501,.T.);
#7501 = CIRCLE('',#7502,0.15);
#7502 = AXIS2_PLACEMENT_3D('',#7503,#7504,#7505);
#7503 = CARTESIAN_POINT('',(-7.375,-3.65,0.15));
#7504 = DIRECTION('',(-0.,-1.,0.));
#7505 = DIRECTION('',(-0.,0.,-1.));
#7506 = ORIENTED_EDGE('',*,*,#7017,.T.);
#7507 = ORIENTED_EDGE('',*,*,#7508,.T.);
#7508 = EDGE_CURVE('',#7010,#6685,#7509,.T.);
#7509 = LINE('',#7510,#7511);
#7510 = CARTESIAN_POINT('',(-5.775,-3.65,0.35));
#7511 = VECTOR('',#7512,1.);
#7512 = DIRECTION('',(-1.,-0.,-0.));
#7513 = ORIENTED_EDGE('',*,*,#6684,.T.);
#7514 = ORIENTED_EDGE('',*,*,#7459,.T.);
#7515 = ORIENTED_EDGE('',*,*,#7516,.T.);
#7516 = EDGE_CURVE('',#7460,#7491,#7517,.T.);
#7517 = LINE('',#7518,#7519);
#7518 = CARTESIAN_POINT('',(-8.075,-3.65,-1.040949779275E-16));
#7519 = VECTOR('',#7520,1.);
#7520 = DIRECTION('',(-0.,-0.,-1.));
#7521 = PLANE('',#7522);
#7522 = AXIS2_PLACEMENT_3D('',#7523,#7524,#7525);
#7523 = CARTESIAN_POINT('',(0.,-3.65,0.));
#7524 = DIRECTION('',(0.,-1.,0.));
#7525 = DIRECTION('',(0.,-0.,-1.));
#7526 = ADVANCED_FACE('',(#7527),#7561,.F.);
#7527 = FACE_BOUND('',#7528,.T.);
#7528 = EDGE_LOOP('',(#7529,#7530,#7539,#7547,#7553,#7554,#7555));
#7529 = ORIENTED_EDGE('',*,*,#7033,.F.);
#7530 = ORIENTED_EDGE('',*,*,#7531,.T.);
#7531 = EDGE_CURVE('',#7026,#7532,#7534,.T.);
#7532 = VERTEX_POINT('',#7533);
#7533 = CARTESIAN_POINT('',(-7.375,-2.05,-1.836970198721E-17));
#7534 = CIRCLE('',#7535,0.15);
#7535 = AXIS2_PLACEMENT_3D('',#7536,#7537,#7538);
#7536 = CARTESIAN_POINT('',(-7.375,-2.05,0.15));
#7537 = DIRECTION('',(0.,1.,0.));
#7538 = DIRECTION('',(0.,-0.,-1.));
#7539 = ORIENTED_EDGE('',*,*,#7540,.F.);
#7540 = EDGE_CURVE('',#7541,#7532,#7543,.T.);
#7541 = VERTEX_POINT('',#7542);
#7542 = CARTESIAN_POINT('',(-8.075,-2.05,-1.040949779275E-16));
#7543 = LINE('',#7544,#7545);
#7544 = CARTESIAN_POINT('',(-7.225,-2.05,0.));
#7545 = VECTOR('',#7546,1.);
#7546 = DIRECTION('',(1.,-0.,1.224646799147E-16));
#7547 = ORIENTED_EDGE('',*,*,#7548,.F.);
#7548 = EDGE_CURVE('',#7469,#7541,#7549,.T.);
#7549 = LINE('',#7550,#7551);
#7550 = CARTESIAN_POINT('',(-8.075,-2.05,-1.040949779275E-16));
#7551 = VECTOR('',#7552,1.);
#7552 = DIRECTION('',(-0.,-0.,-1.));
#7553 = ORIENTED_EDGE('',*,*,#7468,.F.);
#7554 = ORIENTED_EDGE('',*,*,#6668,.T.);
#7555 = ORIENTED_EDGE('',*,*,#7556,.F.);
#7556 = EDGE_CURVE('',#7034,#6661,#7557,.T.);
#7557 = LINE('',#7558,#7559);
#7558 = CARTESIAN_POINT('',(-5.775,-2.05,0.35));
#7559 = VECTOR('',#7560,1.);
#7560 = DIRECTION('',(-1.,-0.,-0.));
#7561 = PLANE('',#7562);
#7562 = AXIS2_PLACEMENT_3D('',#7563,#7564,#7565);
#7563 = CARTESIAN_POINT('',(0.,-2.05,0.));
#7564 = DIRECTION('',(0.,-1.,0.));
#7565 = DIRECTION('',(0.,-0.,-1.));
#7566 = ADVANCED_FACE('',(#7567),#7578,.F.);
#7567 = FACE_BOUND('',#7568,.T.);
#7568 = EDGE_LOOP('',(#7569,#7570,#7576,#7577));
#7569 = ORIENTED_EDGE('',*,*,#7548,.T.);
#7570 = ORIENTED_EDGE('',*,*,#7571,.F.);
#7571 = EDGE_CURVE('',#7491,#7541,#7572,.T.);
#7572 = LINE('',#7573,#7574);
#7573 = CARTESIAN_POINT('',(-8.075,-3.65,-1.040949779275E-16));
#7574 = VECTOR('',#7575,1.);
#7575 = DIRECTION('',(-0.,1.,-0.));
#7576 = ORIENTED_EDGE('',*,*,#7516,.F.);
#7577 = ORIENTED_EDGE('',*,*,#7476,.T.);
#7578 = PLANE('',#7579);
#7579 = AXIS2_PLACEMENT_3D('',#7580,#7581,#7582);
#7580 = CARTESIAN_POINT('',(-8.075,-3.65,-1.040949779275E-16));
#7581 = DIRECTION('',(1.,0.,-0.));
#7582 = DIRECTION('',(-0.,0.,-1.));
#7583 = ADVANCED_FACE('',(#7584),#7595,.F.);
#7584 = FACE_BOUND('',#7585,.T.);
#7585 = EDGE_LOOP('',(#7586,#7587,#7593,#7594));
#7586 = ORIENTED_EDGE('',*,*,#7540,.T.);
#7587 = ORIENTED_EDGE('',*,*,#7588,.T.);
#7588 = EDGE_CURVE('',#7532,#7493,#7589,.T.);
#7589 = LINE('',#7590,#7591);
#7590 = CARTESIAN_POINT('',(-7.375,-3.65,-1.836970198721E-17));
#7591 = VECTOR('',#7592,1.);
#7592 = DIRECTION('',(-0.,-1.,-0.));
#7593 = ORIENTED_EDGE('',*,*,#7490,.F.);
#7594 = ORIENTED_EDGE('',*,*,#7571,.T.);
#7595 = PLANE('',#7596);
#7596 = AXIS2_PLACEMENT_3D('',#7597,#7598,#7599);
#7597 = CARTESIAN_POINT('',(-7.225,-3.65,0.));
#7598 = DIRECTION('',(-1.224646799147E-16,0.,1.));
#7599 = DIRECTION('',(1.,0.,1.224646799147E-16));
#7600 = ADVANCED_FACE('',(#7601),#7612,.F.);
#7601 = FACE_BOUND('',#7602,.T.);
#7602 = EDGE_LOOP('',(#7603,#7604,#7610,#7611));
#7603 = ORIENTED_EDGE('',*,*,#7049,.T.);
#7604 = ORIENTED_EDGE('',*,*,#7605,.T.);
#7605 = EDGE_CURVE('',#7042,#6653,#7606,.T.);
#7606 = LINE('',#7607,#7608);
#7607 = CARTESIAN_POINT('',(-5.775,-1.85,0.35));
#7608 = VECTOR('',#7609,1.);
#7609 = DIRECTION('',(-1.,-0.,-0.));
#7610 = ORIENTED_EDGE('',*,*,#6652,.T.);
#7611 = ORIENTED_EDGE('',*,*,#6731,.F.);
#7612 = PLANE('',#7613);
#7613 = AXIS2_PLACEMENT_3D('',#7614,#7615,#7616);
#7614 = CARTESIAN_POINT('',(-5.775,-1.85,0.));
#7615 = DIRECTION('',(0.,1.,0.));
#7616 = DIRECTION('',(0.,-0.,1.));
#7617 = ADVANCED_FACE('',(#7618),#7624,.F.);
#7618 = FACE_BOUND('',#7619,.T.);
#7619 = EDGE_LOOP('',(#7620,#7621,#7622,#7623));
#7620 = ORIENTED_EDGE('',*,*,#7041,.T.);
#7621 = ORIENTED_EDGE('',*,*,#7556,.T.);
#7622 = ORIENTED_EDGE('',*,*,#6660,.T.);
#7623 = ORIENTED_EDGE('',*,*,#7605,.F.);
#7624 = PLANE('',#7625);
#7625 = AXIS2_PLACEMENT_3D('',#7626,#7627,#7628);
#7626 = CARTESIAN_POINT('',(-5.775,-2.05,0.35));
#7627 = DIRECTION('',(0.,0.,1.));
#7628 = DIRECTION('',(1.,0.,-0.));
#7629 = ADVANCED_FACE('',(#7630),#7641,.F.);
#7630 = FACE_BOUND('',#7631,.T.);
#7631 = EDGE_LOOP('',(#7632,#7633,#7639,#7640));
#7632 = ORIENTED_EDGE('',*,*,#6700,.T.);
#7633 = ORIENTED_EDGE('',*,*,#7634,.F.);
#7634 = EDGE_CURVE('',#7002,#6693,#7635,.T.);
#7635 = LINE('',#7636,#7637);
#7636 = CARTESIAN_POINT('',(-5.775,-3.85,0.35));
#7637 = VECTOR('',#7638,1.);
#7638 = DIRECTION('',(-1.,-0.,-0.));
#7639 = ORIENTED_EDGE('',*,*,#7001,.T.);
#7640 = ORIENTED_EDGE('',*,*,#6978,.F.);
#7641 = PLANE('',#7642);
#7642 = AXIS2_PLACEMENT_3D('',#7643,#7644,#7645);
#7643 = CARTESIAN_POINT('',(-5.775,-3.85,2.449293598295E-17));
#7644 = DIRECTION('',(0.,-1.,0.));
#7645 = DIRECTION('',(0.,-0.,-1.));
#7646 = ADVANCED_FACE('',(#7647),#7653,.F.);
#7647 = FACE_BOUND('',#7648,.T.);
#7648 = EDGE_LOOP('',(#7649,#7650,#7651,#7652));
#7649 = ORIENTED_EDGE('',*,*,#7009,.T.);
#7650 = ORIENTED_EDGE('',*,*,#7634,.T.);
#7651 = ORIENTED_EDGE('',*,*,#6692,.T.);
#7652 = ORIENTED_EDGE('',*,*,#7508,.F.);
#7653 = PLANE('',#7654);
#7654 = AXIS2_PLACEMENT_3D('',#7655,#7656,#7657);
#7655 = CARTESIAN_POINT('',(-5.775,-3.65,0.35));
#7656 = DIRECTION('',(-0.,0.,1.));
#7657 = DIRECTION('',(1.,0.,0.));
#7658 = ADVANCED_FACE('',(#7659),#7700,.T.);
#7659 = FACE_BOUND('',#7660,.T.);
#7660 = EDGE_LOOP('',(#7661,#7671,#7678,#7679,#7685,#7686,#7694));
#7661 = ORIENTED_EDGE('',*,*,#7662,.T.);
#7662 = EDGE_CURVE('',#7663,#7665,#7667,.T.);
#7663 = VERTEX_POINT('',#7664);
#7664 = CARTESIAN_POINT('',(-8.075,6.25,0.));
#7665 = VERTEX_POINT('',#7666);
#7666 = CARTESIAN_POINT('',(-7.375,6.25,-1.836970198721E-17));
#7667 = LINE('',#7668,#7669);
#7668 = CARTESIAN_POINT('',(-7.225,6.25,0.));
#7669 = VECTOR('',#7670,1.);
#7670 = DIRECTION('',(1.,0.,1.224646799147E-16));
#7671 = ORIENTED_EDGE('',*,*,#7672,.T.);
#7672 = EDGE_CURVE('',#7665,#7073,#7673,.T.);
#7673 = CIRCLE('',#7674,0.15);
#7674 = AXIS2_PLACEMENT_3D('',#7675,#7676,#7677);
#7675 = CARTESIAN_POINT('',(-7.375,6.25,0.15));
#7676 = DIRECTION('',(0.,-1.,0.));
#7677 = DIRECTION('',(0.,0.,-1.));
#7678 = ORIENTED_EDGE('',*,*,#7072,.T.);
#7679 = ORIENTED_EDGE('',*,*,#7680,.T.);
#7680 = EDGE_CURVE('',#7065,#6621,#7681,.T.);
#7681 = LINE('',#7682,#7683);
#7682 = CARTESIAN_POINT('',(-6.375,6.25,0.35));
#7683 = VECTOR('',#7684,1.);
#7684 = DIRECTION('',(-1.,-0.,-0.));
#7685 = ORIENTED_EDGE('',*,*,#6620,.T.);
#7686 = ORIENTED_EDGE('',*,*,#7687,.T.);
#7687 = EDGE_CURVE('',#6613,#7688,#7690,.T.);
#7688 = VERTEX_POINT('',#7689);
#7689 = CARTESIAN_POINT('',(-8.075,6.25,0.15));
#7690 = LINE('',#7691,#7692);
#7691 = CARTESIAN_POINT('',(-7.225,6.25,0.15));
#7692 = VECTOR('',#7693,1.);
#7693 = DIRECTION('',(-1.,0.,-9.566489757225E-17));
#7694 = ORIENTED_EDGE('',*,*,#7695,.T.);
#7695 = EDGE_CURVE('',#7688,#7663,#7696,.T.);
#7696 = LINE('',#7697,#7698);
#7697 = CARTESIAN_POINT('',(-8.075,6.25,1.9));
#7698 = VECTOR('',#7699,1.);
#7699 = DIRECTION('',(0.,0.,-1.));
#7700 = PLANE('',#7701);
#7701 = AXIS2_PLACEMENT_3D('',#7702,#7703,#7704);
#7702 = CARTESIAN_POINT('',(0.,6.25,0.));
#7703 = DIRECTION('',(0.,-1.,0.));
#7704 = DIRECTION('',(0.,-0.,-1.));
#7705 = ADVANCED_FACE('',(#7706),#7717,.F.);
#7706 = FACE_BOUND('',#7707,.T.);
#7707 = EDGE_LOOP('',(#7708,#7709,#7710,#7711));
#7708 = ORIENTED_EDGE('',*,*,#7687,.F.);
#7709 = ORIENTED_EDGE('',*,*,#6612,.T.);
#7710 = ORIENTED_EDGE('',*,*,#7300,.T.);
#7711 = ORIENTED_EDGE('',*,*,#7712,.F.);
#7712 = EDGE_CURVE('',#7688,#7293,#7713,.T.);
#7713 = LINE('',#7714,#7715);
#7714 = CARTESIAN_POINT('',(-8.075,6.25,0.15));
#7715 = VECTOR('',#7716,1.);
#7716 = DIRECTION('',(-0.,1.,-0.));
#7717 = PLANE('',#7718);
#7718 = AXIS2_PLACEMENT_3D('',#7719,#7720,#7721);
#7719 = CARTESIAN_POINT('',(-7.225,6.25,0.15));
#7720 = DIRECTION('',(9.566489757225E-17,0.,-1.));
#7721 = DIRECTION('',(-1.,0.,-9.566489757225E-17));
#7722 = ADVANCED_FACE('',(#7723),#7739,.F.);
#7723 = FACE_BOUND('',#7724,.T.);
#7724 = EDGE_LOOP('',(#7725,#7726,#7732,#7733));
#7725 = ORIENTED_EDGE('',*,*,#7284,.T.);
#7726 = ORIENTED_EDGE('',*,*,#7727,.T.);
#7727 = EDGE_CURVE('',#7276,#7665,#7728,.T.);
#7728 = LINE('',#7729,#7730);
#7729 = CARTESIAN_POINT('',(-7.375,6.25,-1.836970198721E-17));
#7730 = VECTOR('',#7731,1.);
#7731 = DIRECTION('',(-0.,-1.,-0.));
#7732 = ORIENTED_EDGE('',*,*,#7662,.F.);
#7733 = ORIENTED_EDGE('',*,*,#7734,.T.);
#7734 = EDGE_CURVE('',#7663,#7285,#7735,.T.);
#7735 = LINE('',#7736,#7737);
#7736 = CARTESIAN_POINT('',(-8.075,6.25,0.));
#7737 = VECTOR('',#7738,1.);
#7738 = DIRECTION('',(-0.,1.,-0.));
#7739 = PLANE('',#7740);
#7740 = AXIS2_PLACEMENT_3D('',#7741,#7742,#7743);
#7741 = CARTESIAN_POINT('',(-7.225,6.25,0.));
#7742 = DIRECTION('',(-1.224646799147E-16,0.,1.));
#7743 = DIRECTION('',(1.,0.,1.224646799147E-16));
#7744 = ADVANCED_FACE('',(#7745),#7751,.F.);
#7745 = FACE_BOUND('',#7746,.T.);
#7746 = EDGE_LOOP('',(#7747,#7748,#7749,#7750));
#7747 = ORIENTED_EDGE('',*,*,#7292,.T.);
#7748 = ORIENTED_EDGE('',*,*,#7734,.F.);
#7749 = ORIENTED_EDGE('',*,*,#7695,.F.);
#7750 = ORIENTED_EDGE('',*,*,#7712,.T.);
#7751 = PLANE('',#7752);
#7752 = AXIS2_PLACEMENT_3D('',#7753,#7754,#7755);
#7753 = CARTESIAN_POINT('',(-8.075,6.25,1.9));
#7754 = DIRECTION('',(1.,0.,0.));
#7755 = DIRECTION('',(0.,0.,-1.));
#7756 = ADVANCED_FACE('',(#7757),#7768,.F.);
#7757 = FACE_BOUND('',#7758,.T.);
#7758 = EDGE_LOOP('',(#7759,#7760,#7766,#7767));
#7759 = ORIENTED_EDGE('',*,*,#7064,.T.);
#7760 = ORIENTED_EDGE('',*,*,#7761,.T.);
#7761 = EDGE_CURVE('',#7057,#6629,#7762,.T.);
#7762 = LINE('',#7763,#7764);
#7763 = CARTESIAN_POINT('',(-6.375,6.05,0.35));
#7764 = VECTOR('',#7765,1.);
#7765 = DIRECTION('',(-1.,-0.,-0.));
#7766 = ORIENTED_EDGE('',*,*,#6628,.T.);
#7767 = ORIENTED_EDGE('',*,*,#7680,.F.);
#7768 = PLANE('',#7769);
#7769 = AXIS2_PLACEMENT_3D('',#7770,#7771,#7772);
#7770 = CARTESIAN_POINT('',(-6.375,6.25,0.35));
#7771 = DIRECTION('',(-0.,5.421010862428E-16,1.));
#7772 = DIRECTION('',(0.,-1.,5.421010862428E-16));
#7773 = ADVANCED_FACE('',(#7774),#7780,.F.);
#7774 = FACE_BOUND('',#7775,.T.);
#7775 = EDGE_LOOP('',(#7776,#7777,#7778,#7779));
#7776 = ORIENTED_EDGE('',*,*,#7056,.T.);
#7777 = ORIENTED_EDGE('',*,*,#6715,.T.);
#7778 = ORIENTED_EDGE('',*,*,#6636,.T.);
#7779 = ORIENTED_EDGE('',*,*,#7761,.F.);
#7780 = PLANE('',#7781);
#7781 = AXIS2_PLACEMENT_3D('',#7782,#7783,#7784);
#7782 = CARTESIAN_POINT('',(-6.375,6.05,5.E-02));
#7783 = DIRECTION('',(0.,-1.,0.));
#7784 = DIRECTION('',(0.,-0.,-1.));
#7785 = ADVANCED_FACE('',(#7786),#7811,.T.);
#7786 = FACE_BOUND('',#7787,.T.);
#7787 = EDGE_LOOP('',(#7788,#7789,#7797,#7805));
#7788 = ORIENTED_EDGE('',*,*,#7332,.F.);
#7789 = ORIENTED_EDGE('',*,*,#7790,.F.);
#7790 = EDGE_CURVE('',#7791,#7325,#7793,.T.);
#7791 = VERTEX_POINT('',#7792);
#7792 = CARTESIAN_POINT('',(6.475,6.25,0.15));
#7793 = LINE('',#7794,#7795);
#7794 = CARTESIAN_POINT('',(6.475,6.25,0.15));
#7795 = VECTOR('',#7796,1.);
#7796 = DIRECTION('',(0.,1.,0.));
#7797 = ORIENTED_EDGE('',*,*,#7798,.T.);
#7798 = EDGE_CURVE('',#7791,#7799,#7801,.T.);
#7799 = VERTEX_POINT('',#7800);
#7800 = CARTESIAN_POINT('',(7.175,6.25,0.15));
#7801 = LINE('',#7802,#7803);
#7802 = CARTESIAN_POINT('',(6.325,6.25,0.15));
#7803 = VECTOR('',#7804,1.);
#7804 = DIRECTION('',(1.,0.,0.));
#7805 = ORIENTED_EDGE('',*,*,#7806,.T.);
#7806 = EDGE_CURVE('',#7799,#7333,#7807,.T.);
#7807 = LINE('',#7808,#7809);
#7808 = CARTESIAN_POINT('',(7.175,6.25,0.15));
#7809 = VECTOR('',#7810,1.);
#7810 = DIRECTION('',(0.,1.,0.));
#7811 = PLANE('',#7812);
#7812 = AXIS2_PLACEMENT_3D('',#7813,#7814,#7815);
#7813 = CARTESIAN_POINT('',(6.325,6.25,0.15));
#7814 = DIRECTION('',(0.,0.,1.));
#7815 = DIRECTION('',(1.,0.,-0.));
#7816 = ADVANCED_FACE('',(#7817),#7835,.T.);
#7817 = FACE_BOUND('',#7818,.T.);
#7818 = EDGE_LOOP('',(#7819,#7820,#7828,#7834));
#7819 = ORIENTED_EDGE('',*,*,#7324,.F.);
#7820 = ORIENTED_EDGE('',*,*,#7821,.T.);
#7821 = EDGE_CURVE('',#7316,#7822,#7824,.T.);
#7822 = VERTEX_POINT('',#7823);
#7823 = CARTESIAN_POINT('',(6.475,6.25,1.9));
#7824 = LINE('',#7825,#7826);
#7825 = CARTESIAN_POINT('',(6.475,6.25,1.9));
#7826 = VECTOR('',#7827,1.);
#7827 = DIRECTION('',(-0.,-1.,0.));
#7828 = ORIENTED_EDGE('',*,*,#7829,.T.);
#7829 = EDGE_CURVE('',#7822,#7791,#7830,.T.);
#7830 = LINE('',#7831,#7832);
#7831 = CARTESIAN_POINT('',(6.475,6.25,1.9));
#7832 = VECTOR('',#7833,1.);
#7833 = DIRECTION('',(0.,0.,-1.));
#7834 = ORIENTED_EDGE('',*,*,#7790,.T.);
#7835 = PLANE('',#7836);
#7836 = AXIS2_PLACEMENT_3D('',#7837,#7838,#7839);
#7837 = CARTESIAN_POINT('',(6.475,6.25,1.9));
#7838 = DIRECTION('',(1.,-0.,0.));
#7839 = DIRECTION('',(0.,0.,-1.));
#7840 = ADVANCED_FACE('',(#7841),#7859,.F.);
#7841 = FACE_BOUND('',#7842,.T.);
#7842 = EDGE_LOOP('',(#7843,#7844,#7852,#7858));
#7843 = ORIENTED_EDGE('',*,*,#7365,.T.);
#7844 = ORIENTED_EDGE('',*,*,#7845,.T.);
#7845 = EDGE_CURVE('',#7357,#7846,#7848,.T.);
#7846 = VERTEX_POINT('',#7847);
#7847 = CARTESIAN_POINT('',(6.325,6.25,0.15));
#7848 = LINE('',#7849,#7850);
#7849 = CARTESIAN_POINT('',(6.325,6.25,0.15));
#7850 = VECTOR('',#7851,1.);
#7851 = DIRECTION('',(-0.,-1.,-0.));
#7852 = ORIENTED_EDGE('',*,*,#7853,.F.);
#7853 = EDGE_CURVE('',#7138,#7846,#7854,.T.);
#7854 = LINE('',#7855,#7856);
#7855 = CARTESIAN_POINT('',(6.325,6.25,1.9));
#7856 = VECTOR('',#7857,1.);
#7857 = DIRECTION('',(0.,0.,-1.));
#7858 = ORIENTED_EDGE('',*,*,#7137,.T.);
#7859 = PLANE('',#7860);
#7860 = AXIS2_PLACEMENT_3D('',#7861,#7862,#7863);
#7861 = CARTESIAN_POINT('',(6.325,6.25,1.9));
#7862 = DIRECTION('',(1.,-0.,0.));
#7863 = DIRECTION('',(0.,0.,-1.));
#7864 = ADVANCED_FACE('',(#7865),#7890,.F.);
#7865 = FACE_BOUND('',#7866,.T.);
#7866 = EDGE_LOOP('',(#7867,#7877,#7883,#7884));
#7867 = ORIENTED_EDGE('',*,*,#7868,.F.);
#7868 = EDGE_CURVE('',#7869,#7871,#7873,.T.);
#7869 = VERTEX_POINT('',#7870);
#7870 = CARTESIAN_POINT('',(6.475,6.25,0.));
#7871 = VERTEX_POINT('',#7872);
#7872 = CARTESIAN_POINT('',(7.175,6.25,0.));
#7873 = LINE('',#7874,#7875);
#7874 = CARTESIAN_POINT('',(6.325,6.25,0.));
#7875 = VECTOR('',#7876,1.);
#7876 = DIRECTION('',(1.,0.,0.));
#7877 = ORIENTED_EDGE('',*,*,#7878,.T.);
#7878 = EDGE_CURVE('',#7869,#7349,#7879,.T.);
#7879 = LINE('',#7880,#7881);
#7880 = CARTESIAN_POINT('',(6.475,6.25,0.));
#7881 = VECTOR('',#7882,1.);
#7882 = DIRECTION('',(0.,1.,-0.));
#7883 = ORIENTED_EDGE('',*,*,#7348,.T.);
#7884 = ORIENTED_EDGE('',*,*,#7885,.F.);
#7885 = EDGE_CURVE('',#7871,#7341,#7886,.T.);
#7886 = LINE('',#7887,#7888);
#7887 = CARTESIAN_POINT('',(7.175,6.25,0.));
#7888 = VECTOR('',#7889,1.);
#7889 = DIRECTION('',(0.,1.,0.));
#7890 = PLANE('',#7891);
#7891 = AXIS2_PLACEMENT_3D('',#7892,#7893,#7894);
#7892 = CARTESIAN_POINT('',(6.325,6.25,0.));
#7893 = DIRECTION('',(0.,0.,1.));
#7894 = DIRECTION('',(1.,0.,-0.));
#7895 = ADVANCED_FACE('',(#7896),#7907,.F.);
#7896 = FACE_BOUND('',#7897,.T.);
#7897 = EDGE_LOOP('',(#7898,#7899,#7900,#7906));
#7898 = ORIENTED_EDGE('',*,*,#7340,.T.);
#7899 = ORIENTED_EDGE('',*,*,#7806,.F.);
#7900 = ORIENTED_EDGE('',*,*,#7901,.F.);
#7901 = EDGE_CURVE('',#7871,#7799,#7902,.T.);
#7902 = LINE('',#7903,#7904);
#7903 = CARTESIAN_POINT('',(7.175,6.25,0.));
#7904 = VECTOR('',#7905,1.);
#7905 = DIRECTION('',(0.,0.,1.));
#7906 = ORIENTED_EDGE('',*,*,#7885,.T.);
#7907 = PLANE('',#7908);
#7908 = AXIS2_PLACEMENT_3D('',#7909,#7910,#7911);
#7909 = CARTESIAN_POINT('',(7.175,6.25,0.));
#7910 = DIRECTION('',(-1.,0.,0.));
#7911 = DIRECTION('',(0.,0.,1.));
#7912 = ADVANCED_FACE('',(#7913),#7937,.T.);
#7913 = FACE_BOUND('',#7914,.T.);
#7914 = EDGE_LOOP('',(#7915,#7916,#7923,#7924,#7925,#7926,#7927,#7934,
    #7935,#7936));
#7915 = ORIENTED_EDGE('',*,*,#7853,.T.);
#7916 = ORIENTED_EDGE('',*,*,#7917,.T.);
#7917 = EDGE_CURVE('',#7846,#7869,#7918,.T.);
#7918 = CIRCLE('',#7919,0.15);
#7919 = AXIS2_PLACEMENT_3D('',#7920,#7921,#7922);
#7920 = CARTESIAN_POINT('',(6.475,6.25,0.15));
#7921 = DIRECTION('',(0.,-1.,0.));
#7922 = DIRECTION('',(0.,0.,-1.));
#7923 = ORIENTED_EDGE('',*,*,#7868,.T.);
#7924 = ORIENTED_EDGE('',*,*,#7901,.T.);
#7925 = ORIENTED_EDGE('',*,*,#7798,.F.);
#7926 = ORIENTED_EDGE('',*,*,#7829,.F.);
#7927 = ORIENTED_EDGE('',*,*,#7928,.T.);
#7928 = EDGE_CURVE('',#7822,#6906,#7929,.T.);
#7929 = CIRCLE('',#7930,0.15);
#7930 = AXIS2_PLACEMENT_3D('',#7931,#7932,#7933);
#7931 = CARTESIAN_POINT('',(6.325,6.25,1.9));
#7932 = DIRECTION('',(0.,-1.,0.));
#7933 = DIRECTION('',(0.,0.,-1.));
#7934 = ORIENTED_EDGE('',*,*,#6905,.F.);
#7935 = ORIENTED_EDGE('',*,*,#7407,.T.);
#7936 = ORIENTED_EDGE('',*,*,#7145,.T.);
#7937 = PLANE('',#7938);
#7938 = AXIS2_PLACEMENT_3D('',#7939,#7940,#7941);
#7939 = CARTESIAN_POINT('',(0.,6.25,0.));
#7940 = DIRECTION('',(0.,-1.,-0.));
#7941 = DIRECTION('',(-1.,0.,-0.));
#7942 = ADVANCED_FACE('',(#7943),#7968,.T.);
#7943 = FACE_BOUND('',#7944,.T.);
#7944 = EDGE_LOOP('',(#7945,#7946,#7954,#7962));
#7945 = ORIENTED_EDGE('',*,*,#6408,.F.);
#7946 = ORIENTED_EDGE('',*,*,#7947,.T.);
#7947 = EDGE_CURVE('',#6401,#7948,#7950,.T.);
#7948 = VERTEX_POINT('',#7949);
#7949 = CARTESIAN_POINT('',(8.075,-3.65,0.15));
#7950 = LINE('',#7951,#7952);
#7951 = CARTESIAN_POINT('',(7.225,-3.65,0.15));
#7952 = VECTOR('',#7953,1.);
#7953 = DIRECTION('',(1.,0.,-9.566489757225E-17));
#7954 = ORIENTED_EDGE('',*,*,#7955,.T.);
#7955 = EDGE_CURVE('',#7948,#7956,#7958,.T.);
#7956 = VERTEX_POINT('',#7957);
#7957 = CARTESIAN_POINT('',(8.075,-2.05,0.15));
#7958 = LINE('',#7959,#7960);
#7959 = CARTESIAN_POINT('',(8.075,-3.65,0.15));
#7960 = VECTOR('',#7961,1.);
#7961 = DIRECTION('',(-0.,1.,-0.));
#7962 = ORIENTED_EDGE('',*,*,#7963,.F.);
#7963 = EDGE_CURVE('',#6409,#7956,#7964,.T.);
#7964 = LINE('',#7965,#7966);
#7965 = CARTESIAN_POINT('',(7.225,-2.05,0.15));
#7966 = VECTOR('',#7967,1.);
#7967 = DIRECTION('',(1.,0.,-9.566489757225E-17));
#7968 = PLANE('',#7969);
#7969 = AXIS2_PLACEMENT_3D('',#7970,#7971,#7972);
#7970 = CARTESIAN_POINT('',(7.225,-3.65,0.15));
#7971 = DIRECTION('',(9.566489757225E-17,0.,1.));
#7972 = DIRECTION('',(1.,0.,-9.566489757225E-17));
#7973 = ADVANCED_FACE('',(#7974),#8008,.T.);
#7974 = FACE_BOUND('',#7975,.T.);
#7975 = EDGE_LOOP('',(#7976,#7977,#7986,#7994,#8000,#8001,#8002));
#7976 = ORIENTED_EDGE('',*,*,#6533,.F.);
#7977 = ORIENTED_EDGE('',*,*,#7978,.T.);
#7978 = EDGE_CURVE('',#6526,#7979,#7981,.T.);
#7979 = VERTEX_POINT('',#7980);
#7980 = CARTESIAN_POINT('',(7.375,-3.65,-1.836970198721E-17));
#7981 = CIRCLE('',#7982,0.15);
#7982 = AXIS2_PLACEMENT_3D('',#7983,#7984,#7985);
#7983 = CARTESIAN_POINT('',(7.375,-3.65,0.15));
#7984 = DIRECTION('',(0.,-1.,0.));
#7985 = DIRECTION('',(0.,0.,-1.));
#7986 = ORIENTED_EDGE('',*,*,#7987,.F.);
#7987 = EDGE_CURVE('',#7988,#7979,#7990,.T.);
#7988 = VERTEX_POINT('',#7989);
#7989 = CARTESIAN_POINT('',(8.075,-3.65,-1.040949779275E-16));
#7990 = LINE('',#7991,#7992);
#7991 = CARTESIAN_POINT('',(7.225,-3.65,0.));
#7992 = VECTOR('',#7993,1.);
#7993 = DIRECTION('',(-1.,0.,1.224646799147E-16));
#7994 = ORIENTED_EDGE('',*,*,#7995,.F.);
#7995 = EDGE_CURVE('',#7948,#7988,#7996,.T.);
#7996 = LINE('',#7997,#7998);
#7997 = CARTESIAN_POINT('',(8.075,-3.65,-1.040949779275E-16));
#7998 = VECTOR('',#7999,1.);
#7999 = DIRECTION('',(0.,-0.,-1.));
#8000 = ORIENTED_EDGE('',*,*,#7947,.F.);
#8001 = ORIENTED_EDGE('',*,*,#6400,.F.);
#8002 = ORIENTED_EDGE('',*,*,#8003,.F.);
#8003 = EDGE_CURVE('',#6534,#6393,#8004,.T.);
#8004 = LINE('',#8005,#8006);
#8005 = CARTESIAN_POINT('',(5.775,-3.65,0.35));
#8006 = VECTOR('',#8007,1.);
#8007 = DIRECTION('',(1.,-0.,-0.));
#8008 = PLANE('',#8009);
#8009 = AXIS2_PLACEMENT_3D('',#8010,#8011,#8012);
#8010 = CARTESIAN_POINT('',(0.,-3.65,0.));
#8011 = DIRECTION('',(0.,-1.,-0.));
#8012 = DIRECTION('',(-0.,0.,-1.));
#8013 = ADVANCED_FACE('',(#8014),#8048,.F.);
#8014 = FACE_BOUND('',#8015,.T.);
#8015 = EDGE_LOOP('',(#8016,#8026,#8033,#8034,#8040,#8041,#8042));
#8016 = ORIENTED_EDGE('',*,*,#8017,.T.);
#8017 = EDGE_CURVE('',#8018,#8020,#8022,.T.);
#8018 = VERTEX_POINT('',#8019);
#8019 = CARTESIAN_POINT('',(8.075,-2.05,-1.040949779275E-16));
#8020 = VERTEX_POINT('',#8021);
#8021 = CARTESIAN_POINT('',(7.375,-2.05,-1.836970198721E-17));
#8022 = LINE('',#8023,#8024);
#8023 = CARTESIAN_POINT('',(7.225,-2.05,0.));
#8024 = VECTOR('',#8025,1.);
#8025 = DIRECTION('',(-1.,0.,1.224646799147E-16));
#8026 = ORIENTED_EDGE('',*,*,#8027,.T.);
#8027 = EDGE_CURVE('',#8020,#6518,#8028,.T.);
#8028 = CIRCLE('',#8029,0.15);
#8029 = AXIS2_PLACEMENT_3D('',#8030,#8031,#8032);
#8030 = CARTESIAN_POINT('',(7.375,-2.05,0.15));
#8031 = DIRECTION('',(-0.,1.,0.));
#8032 = DIRECTION('',(0.,0.,-1.));
#8033 = ORIENTED_EDGE('',*,*,#6517,.T.);
#8034 = ORIENTED_EDGE('',*,*,#8035,.T.);
#8035 = EDGE_CURVE('',#6510,#6417,#8036,.T.);
#8036 = LINE('',#8037,#8038);
#8037 = CARTESIAN_POINT('',(5.775,-2.05,0.35));
#8038 = VECTOR('',#8039,1.);
#8039 = DIRECTION('',(1.,-0.,-0.));
#8040 = ORIENTED_EDGE('',*,*,#6416,.F.);
#8041 = ORIENTED_EDGE('',*,*,#7963,.T.);
#8042 = ORIENTED_EDGE('',*,*,#8043,.T.);
#8043 = EDGE_CURVE('',#7956,#8018,#8044,.T.);
#8044 = LINE('',#8045,#8046);
#8045 = CARTESIAN_POINT('',(8.075,-2.05,-1.040949779275E-16));
#8046 = VECTOR('',#8047,1.);
#8047 = DIRECTION('',(0.,-0.,-1.));
#8048 = PLANE('',#8049);
#8049 = AXIS2_PLACEMENT_3D('',#8050,#8051,#8052);
#8050 = CARTESIAN_POINT('',(0.,-2.05,0.));
#8051 = DIRECTION('',(0.,-1.,-0.));
#8052 = DIRECTION('',(-0.,0.,-1.));
#8053 = ADVANCED_FACE('',(#8054),#8070,.T.);
#8054 = FACE_BOUND('',#8055,.T.);
#8055 = EDGE_LOOP('',(#8056,#8057,#8063,#8064));
#8056 = ORIENTED_EDGE('',*,*,#7987,.T.);
#8057 = ORIENTED_EDGE('',*,*,#8058,.T.);
#8058 = EDGE_CURVE('',#7979,#8020,#8059,.T.);
#8059 = LINE('',#8060,#8061);
#8060 = CARTESIAN_POINT('',(7.375,-3.65,-1.836970198721E-17));
#8061 = VECTOR('',#8062,1.);
#8062 = DIRECTION('',(0.,1.,0.));
#8063 = ORIENTED_EDGE('',*,*,#8017,.F.);
#8064 = ORIENTED_EDGE('',*,*,#8065,.F.);
#8065 = EDGE_CURVE('',#7988,#8018,#8066,.T.);
#8066 = LINE('',#8067,#8068);
#8067 = CARTESIAN_POINT('',(8.075,-3.65,-1.040949779275E-16));
#8068 = VECTOR('',#8069,1.);
#8069 = DIRECTION('',(-0.,1.,-0.));
#8070 = PLANE('',#8071);
#8071 = AXIS2_PLACEMENT_3D('',#8072,#8073,#8074);
#8072 = CARTESIAN_POINT('',(7.225,-3.65,0.));
#8073 = DIRECTION('',(-1.224646799147E-16,0.,-1.));
#8074 = DIRECTION('',(-1.,0.,1.224646799147E-16));
#8075 = ADVANCED_FACE('',(#8076),#8082,.T.);
#8076 = FACE_BOUND('',#8077,.T.);
#8077 = EDGE_LOOP('',(#8078,#8079,#8080,#8081));
#8078 = ORIENTED_EDGE('',*,*,#8043,.F.);
#8079 = ORIENTED_EDGE('',*,*,#7955,.F.);
#8080 = ORIENTED_EDGE('',*,*,#7995,.T.);
#8081 = ORIENTED_EDGE('',*,*,#8065,.T.);
#8082 = PLANE('',#8083);
#8083 = AXIS2_PLACEMENT_3D('',#8084,#8085,#8086);
#8084 = CARTESIAN_POINT('',(8.075,-3.65,-1.040949779275E-16));
#8085 = DIRECTION('',(1.,0.,0.));
#8086 = DIRECTION('',(0.,0.,-1.));
#8087 = ADVANCED_FACE('',(#8088),#8099,.T.);
#8088 = FACE_BOUND('',#8089,.T.);
#8089 = EDGE_LOOP('',(#8090,#8091,#8092,#8098));
#8090 = ORIENTED_EDGE('',*,*,#6287,.T.);
#8091 = ORIENTED_EDGE('',*,*,#6432,.F.);
#8092 = ORIENTED_EDGE('',*,*,#8093,.F.);
#8093 = EDGE_CURVE('',#6502,#6425,#8094,.T.);
#8094 = LINE('',#8095,#8096);
#8095 = CARTESIAN_POINT('',(5.775,-1.85,0.35));
#8096 = VECTOR('',#8097,1.);
#8097 = DIRECTION('',(1.,-0.,-0.));
#8098 = ORIENTED_EDGE('',*,*,#6501,.F.);
#8099 = PLANE('',#8100);
#8100 = AXIS2_PLACEMENT_3D('',#8101,#8102,#8103);
#8101 = CARTESIAN_POINT('',(5.775,-1.85,0.));
#8102 = DIRECTION('',(0.,-1.,0.));
#8103 = DIRECTION('',(0.,-0.,-1.));
#8104 = ADVANCED_FACE('',(#8105),#8111,.T.);
#8105 = FACE_BOUND('',#8106,.T.);
#8106 = EDGE_LOOP('',(#8107,#8108,#8109,#8110));
#8107 = ORIENTED_EDGE('',*,*,#8093,.T.);
#8108 = ORIENTED_EDGE('',*,*,#6424,.F.);
#8109 = ORIENTED_EDGE('',*,*,#8035,.F.);
#8110 = ORIENTED_EDGE('',*,*,#6509,.F.);
#8111 = PLANE('',#8112);
#8112 = AXIS2_PLACEMENT_3D('',#8113,#8114,#8115);
#8113 = CARTESIAN_POINT('',(5.775,-2.05,0.35));
#8114 = DIRECTION('',(0.,0.,-1.));
#8115 = DIRECTION('',(-1.,0.,-0.));
#8116 = ADVANCED_FACE('',(#8117),#8128,.T.);
#8117 = FACE_BOUND('',#8118,.T.);
#8118 = EDGE_LOOP('',(#8119,#8120,#8121,#8127));
#8119 = ORIENTED_EDGE('',*,*,#6327,.T.);
#8120 = ORIENTED_EDGE('',*,*,#6549,.F.);
#8121 = ORIENTED_EDGE('',*,*,#8122,.T.);
#8122 = EDGE_CURVE('',#6542,#6385,#8123,.T.);
#8123 = LINE('',#8124,#8125);
#8124 = CARTESIAN_POINT('',(5.775,-3.85,0.35));
#8125 = VECTOR('',#8126,1.);
#8126 = DIRECTION('',(1.,-0.,-0.));
#8127 = ORIENTED_EDGE('',*,*,#6384,.F.);
#8128 = PLANE('',#8129);
#8129 = AXIS2_PLACEMENT_3D('',#8130,#8131,#8132);
#8130 = CARTESIAN_POINT('',(5.775,-3.85,2.449293598295E-17));
#8131 = DIRECTION('',(0.,1.,-0.));
#8132 = DIRECTION('',(0.,0.,1.));
#8133 = ADVANCED_FACE('',(#8134),#8140,.T.);
#8134 = FACE_BOUND('',#8135,.T.);
#8135 = EDGE_LOOP('',(#8136,#8137,#8138,#8139));
#8136 = ORIENTED_EDGE('',*,*,#8003,.T.);
#8137 = ORIENTED_EDGE('',*,*,#6392,.F.);
#8138 = ORIENTED_EDGE('',*,*,#8122,.F.);
#8139 = ORIENTED_EDGE('',*,*,#6541,.F.);
#8140 = PLANE('',#8141);
#8141 = AXIS2_PLACEMENT_3D('',#8142,#8143,#8144);
#8142 = CARTESIAN_POINT('',(5.775,-3.65,0.35));
#8143 = DIRECTION('',(0.,0.,-1.));
#8144 = DIRECTION('',(-1.,0.,-0.));
#8145 = ADVANCED_FACE('',(#8146),#8152,.T.);
#8146 = FACE_BOUND('',#8147,.T.);
#8147 = EDGE_LOOP('',(#8148,#8149,#8150,#8151));
#8148 = ORIENTED_EDGE('',*,*,#7978,.F.);
#8149 = ORIENTED_EDGE('',*,*,#6525,.F.);
#8150 = ORIENTED_EDGE('',*,*,#8027,.F.);
#8151 = ORIENTED_EDGE('',*,*,#8058,.F.);
#8152 = CYLINDRICAL_SURFACE('',#8153,0.15);
#8153 = AXIS2_PLACEMENT_3D('',#8154,#8155,#8156);
#8154 = CARTESIAN_POINT('',(7.375,-3.65,0.15));
#8155 = DIRECTION('',(0.,1.,0.));
#8156 = DIRECTION('',(0.,-0.,1.));
#8157 = ADVANCED_FACE('',(#8158),#8164,.T.);
#8158 = FACE_BOUND('',#8159,.T.);
#8159 = EDGE_LOOP('',(#8160,#8161,#8162,#8163));
#8160 = ORIENTED_EDGE('',*,*,#7500,.F.);
#8161 = ORIENTED_EDGE('',*,*,#7588,.F.);
#8162 = ORIENTED_EDGE('',*,*,#7531,.F.);
#8163 = ORIENTED_EDGE('',*,*,#7025,.F.);
#8164 = CYLINDRICAL_SURFACE('',#8165,0.15);
#8165 = AXIS2_PLACEMENT_3D('',#8166,#8167,#8168);
#8166 = CARTESIAN_POINT('',(-7.375,22.134975646604,0.15));
#8167 = DIRECTION('',(0.,-1.,0.));
#8168 = DIRECTION('',(0.,0.,-1.));
#8169 = ADVANCED_FACE('',(#8170),#8176,.T.);
#8170 = FACE_BOUND('',#8171,.T.);
#8171 = EDGE_LOOP('',(#8172,#8173,#8174,#8175));
#8172 = ORIENTED_EDGE('',*,*,#7672,.F.);
#8173 = ORIENTED_EDGE('',*,*,#7727,.F.);
#8174 = ORIENTED_EDGE('',*,*,#7275,.F.);
#8175 = ORIENTED_EDGE('',*,*,#7080,.F.);
#8176 = CYLINDRICAL_SURFACE('',#8177,0.15);
#8177 = AXIS2_PLACEMENT_3D('',#8178,#8179,#8180);
#8178 = CARTESIAN_POINT('',(-7.375,22.134975646604,0.15));
#8179 = DIRECTION('',(0.,-1.,0.));
#8180 = DIRECTION('',(0.,0.,-1.));
#8181 = ADVANCED_FACE('',(#8182),#8188,.T.);
#8182 = FACE_BOUND('',#8183,.T.);
#8183 = EDGE_LOOP('',(#8184,#8185,#8186,#8187));
#8184 = ORIENTED_EDGE('',*,*,#7917,.F.);
#8185 = ORIENTED_EDGE('',*,*,#7845,.F.);
#8186 = ORIENTED_EDGE('',*,*,#7356,.F.);
#8187 = ORIENTED_EDGE('',*,*,#7878,.F.);
#8188 = CYLINDRICAL_SURFACE('',#8189,0.15);
#8189 = AXIS2_PLACEMENT_3D('',#8190,#8191,#8192);
#8190 = CARTESIAN_POINT('',(6.475,6.25,0.15));
#8191 = DIRECTION('',(0.,1.,-0.));
#8192 = DIRECTION('',(0.,0.,1.));
#8193 = ADVANCED_FACE('',(#8194),#8200,.T.);
#8194 = FACE_BOUND('',#8195,.T.);
#8195 = EDGE_LOOP('',(#8196,#8197,#8198,#8199));
#8196 = ORIENTED_EDGE('',*,*,#7928,.F.);
#8197 = ORIENTED_EDGE('',*,*,#7821,.F.);
#8198 = ORIENTED_EDGE('',*,*,#7315,.F.);
#8199 = ORIENTED_EDGE('',*,*,#6913,.F.);
#8200 = CYLINDRICAL_SURFACE('',#8201,0.15);
#8201 = AXIS2_PLACEMENT_3D('',#8202,#8203,#8204);
#8202 = CARTESIAN_POINT('',(6.325,22.134975646604,1.9));
#8203 = DIRECTION('',(0.,-1.,0.));
#8204 = DIRECTION('',(0.,0.,-1.));
#8205 = ADVANCED_FACE('',(#8206),#8220,.F.);
#8206 = FACE_BOUND('',#8207,.T.);
#8207 = EDGE_LOOP('',(#8208,#8209,#8210,#8216,#8217,#8218,#8219));
#8208 = ORIENTED_EDGE('',*,*,#6992,.T.);
#8209 = ORIENTED_EDGE('',*,*,#7122,.T.);
#8210 = ORIENTED_EDGE('',*,*,#8211,.T.);
#8211 = EDGE_CURVE('',#7114,#6938,#8212,.T.);
#8212 = LINE('',#8213,#8214);
#8213 = CARTESIAN_POINT('',(0.,-6.55,0.));
#8214 = VECTOR('',#8215,1.);
#8215 = DIRECTION('',(-0.,-0.,1.));
#8216 = ORIENTED_EDGE('',*,*,#6937,.T.);
#8217 = ORIENTED_EDGE('',*,*,#7441,.T.);
#8218 = ORIENTED_EDGE('',*,*,#6588,.F.);
#8219 = ORIENTED_EDGE('',*,*,#6971,.F.);
#8220 = PLANE('',#8221);
#8221 = AXIS2_PLACEMENT_3D('',#8222,#8223,#8224);
#8222 = CARTESIAN_POINT('',(-7.375,-6.55,0.));
#8223 = DIRECTION('',(-0.,1.,0.));
#8224 = DIRECTION('',(0.,0.,1.));
#8225 = ADVANCED_FACE('',(#8226),#8232,.F.);
#8226 = FACE_BOUND('',#8227,.F.);
#8227 = EDGE_LOOP('',(#8228,#8229,#8230,#8231));
#8228 = ORIENTED_EDGE('',*,*,#8211,.T.);
#8229 = ORIENTED_EDGE('',*,*,#6945,.F.);
#8230 = ORIENTED_EDGE('',*,*,#6753,.F.);
#8231 = ORIENTED_EDGE('',*,*,#7113,.F.);
#8232 = CYLINDRICAL_SURFACE('',#8233,14.021875);
#8233 = AXIS2_PLACEMENT_3D('',#8234,#8235,#8236);
#8234 = CARTESIAN_POINT('',(0.,-20.571875,0.));
#8235 = DIRECTION('',(-0.,-0.,1.));
#8236 = DIRECTION('',(1.,0.,0.));
#8237 = ADVANCED_FACE('',(#8238),#8254,.F.);
#8238 = FACE_BOUND('',#8239,.T.);
#8239 = EDGE_LOOP('',(#8240,#8241,#8247,#8248));
#8240 = ORIENTED_EDGE('',*,*,#6805,.T.);
#8241 = ORIENTED_EDGE('',*,*,#8242,.F.);
#8242 = EDGE_CURVE('',#7237,#6798,#8243,.T.);
#8243 = LINE('',#8244,#8245);
#8244 = CARTESIAN_POINT('',(5.775,-5.85,1.9));
#8245 = VECTOR('',#8246,1.);
#8246 = DIRECTION('',(0.,0.,1.));
#8247 = ORIENTED_EDGE('',*,*,#7236,.T.);
#8248 = ORIENTED_EDGE('',*,*,#8249,.T.);
#8249 = EDGE_CURVE('',#7228,#6806,#8250,.T.);
#8250 = LINE('',#8251,#8252);
#8251 = CARTESIAN_POINT('',(5.575,-5.85,1.55));
#8252 = VECTOR('',#8253,1.);
#8253 = DIRECTION('',(-0.,-0.,1.));
#8254 = PLANE('',#8255);
#8255 = AXIS2_PLACEMENT_3D('',#8256,#8257,#8258);
#8256 = CARTESIAN_POINT('',(7.375,-5.85,1.55));
#8257 = DIRECTION('',(0.,-1.,-0.));
#8258 = DIRECTION('',(0.,0.,-1.));
#8259 = ADVANCED_FACE('',(#8260),#8271,.F.);
#8260 = FACE_BOUND('',#8261,.F.);
#8261 = EDGE_LOOP('',(#8262,#8263,#8264,#8270));
#8262 = ORIENTED_EDGE('',*,*,#8249,.T.);
#8263 = ORIENTED_EDGE('',*,*,#6813,.F.);
#8264 = ORIENTED_EDGE('',*,*,#8265,.F.);
#8265 = EDGE_CURVE('',#7220,#6814,#8266,.T.);
#8266 = LINE('',#8267,#8268);
#8267 = CARTESIAN_POINT('',(5.375,-5.65,1.55));
#8268 = VECTOR('',#8269,1.);
#8269 = DIRECTION('',(-0.,-0.,1.));
#8270 = ORIENTED_EDGE('',*,*,#7227,.F.);
#8271 = CYLINDRICAL_SURFACE('',#8272,0.2);
#8272 = AXIS2_PLACEMENT_3D('',#8273,#8274,#8275);
#8273 = CARTESIAN_POINT('',(5.575,-5.65,1.55));
#8274 = DIRECTION('',(-0.,-0.,1.));
#8275 = DIRECTION('',(1.,0.,0.));
#8276 = ADVANCED_FACE('',(#8277),#8288,.F.);
#8277 = FACE_BOUND('',#8278,.T.);
#8278 = EDGE_LOOP('',(#8279,#8280,#8286,#8287));
#8279 = ORIENTED_EDGE('',*,*,#7219,.T.);
#8280 = ORIENTED_EDGE('',*,*,#8281,.T.);
#8281 = EDGE_CURVE('',#7211,#6823,#8282,.T.);
#8282 = LINE('',#8283,#8284);
#8283 = CARTESIAN_POINT('',(5.375,-3.532842712475,1.55));
#8284 = VECTOR('',#8285,1.);
#8285 = DIRECTION('',(-0.,-0.,1.));
#8286 = ORIENTED_EDGE('',*,*,#6822,.T.);
#8287 = ORIENTED_EDGE('',*,*,#8265,.F.);
#8288 = PLANE('',#8289);
#8289 = AXIS2_PLACEMENT_3D('',#8290,#8291,#8292);
#8290 = CARTESIAN_POINT('',(5.375,-5.65,1.55));
#8291 = DIRECTION('',(-1.,0.,0.));
#8292 = DIRECTION('',(0.,0.,1.));
#8293 = ADVANCED_FACE('',(#8294),#8305,.T.);
#8294 = FACE_BOUND('',#8295,.T.);
#8295 = EDGE_LOOP('',(#8296,#8297,#8303,#8304));
#8296 = ORIENTED_EDGE('',*,*,#7210,.T.);
#8297 = ORIENTED_EDGE('',*,*,#8298,.T.);
#8298 = EDGE_CURVE('',#7203,#6831,#8299,.T.);
#8299 = LINE('',#8300,#8301);
#8300 = CARTESIAN_POINT('',(5.316421356237,-3.391421356237,1.55));
#8301 = VECTOR('',#8302,1.);
#8302 = DIRECTION('',(-0.,-0.,1.));
#8303 = ORIENTED_EDGE('',*,*,#6830,.T.);
#8304 = ORIENTED_EDGE('',*,*,#8281,.F.);
#8305 = CYLINDRICAL_SURFACE('',#8306,0.2);
#8306 = AXIS2_PLACEMENT_3D('',#8307,#8308,#8309);
#8307 = CARTESIAN_POINT('',(5.175,-3.532842712475,1.55));
#8308 = DIRECTION('',(-0.,-0.,1.));
#8309 = DIRECTION('',(1.,0.,0.));
#8310 = ADVANCED_FACE('',(#8311),#8322,.F.);
#8311 = FACE_BOUND('',#8312,.T.);
#8312 = EDGE_LOOP('',(#8313,#8314,#8320,#8321));
#8313 = ORIENTED_EDGE('',*,*,#7202,.T.);
#8314 = ORIENTED_EDGE('',*,*,#8315,.T.);
#8315 = EDGE_CURVE('',#7194,#6840,#8316,.T.);
#8316 = LINE('',#8317,#8318);
#8317 = CARTESIAN_POINT('',(4.633578643763,-2.708578643763,1.55));
#8318 = VECTOR('',#8319,1.);
#8319 = DIRECTION('',(-0.,-0.,1.));
#8320 = ORIENTED_EDGE('',*,*,#6839,.T.);
#8321 = ORIENTED_EDGE('',*,*,#8298,.F.);
#8322 = PLANE('',#8323);
#8323 = AXIS2_PLACEMENT_3D('',#8324,#8325,#8326);
#8324 = CARTESIAN_POINT('',(5.316421356237,-3.391421356237,1.55));
#8325 = DIRECTION('',(-0.707106781187,-0.707106781187,0.));
#8326 = DIRECTION('',(0.707106781187,-0.707106781187,0.));
#8327 = ADVANCED_FACE('',(#8328),#8339,.F.);
#8328 = FACE_BOUND('',#8329,.F.);
#8329 = EDGE_LOOP('',(#8330,#8331,#8332,#8338));
#8330 = ORIENTED_EDGE('',*,*,#8315,.T.);
#8331 = ORIENTED_EDGE('',*,*,#6847,.F.);
#8332 = ORIENTED_EDGE('',*,*,#8333,.F.);
#8333 = EDGE_CURVE('',#7186,#6848,#8334,.T.);
#8334 = LINE('',#8335,#8336);
#8335 = CARTESIAN_POINT('',(4.575,-2.567157287525,1.55));
#8336 = VECTOR('',#8337,1.);
#8337 = DIRECTION('',(-0.,-0.,1.));
#8338 = ORIENTED_EDGE('',*,*,#7193,.F.);
#8339 = CYLINDRICAL_SURFACE('',#8340,0.2);
#8340 = AXIS2_PLACEMENT_3D('',#8341,#8342,#8343);
#8341 = CARTESIAN_POINT('',(4.775,-2.567157287525,1.55));
#8342 = DIRECTION('',(-0.,-0.,1.));
#8343 = DIRECTION('',(1.,0.,0.));
#8344 = ADVANCED_FACE('',(#8345),#8356,.F.);
#8345 = FACE_BOUND('',#8346,.T.);
#8346 = EDGE_LOOP('',(#8347,#8348,#8354,#8355));
#8347 = ORIENTED_EDGE('',*,*,#7185,.T.);
#8348 = ORIENTED_EDGE('',*,*,#8349,.T.);
#8349 = EDGE_CURVE('',#7177,#6857,#8350,.T.);
#8350 = LINE('',#8351,#8352);
#8351 = CARTESIAN_POINT('',(4.575,-1.25,1.55));
#8352 = VECTOR('',#8353,1.);
#8353 = DIRECTION('',(-0.,-0.,1.));
#8354 = ORIENTED_EDGE('',*,*,#6856,.T.);
#8355 = ORIENTED_EDGE('',*,*,#8333,.F.);
#8356 = PLANE('',#8357);
#8357 = AXIS2_PLACEMENT_3D('',#8358,#8359,#8360);
#8358 = CARTESIAN_POINT('',(4.575,-2.567157287525,1.55));
#8359 = DIRECTION('',(-1.,0.,0.));
#8360 = DIRECTION('',(0.,0.,1.));
#8361 = ADVANCED_FACE('',(#8362),#8373,.F.);
#8362 = FACE_BOUND('',#8363,.F.);
#8363 = EDGE_LOOP('',(#8364,#8365,#8366,#8372));
#8364 = ORIENTED_EDGE('',*,*,#8349,.T.);
#8365 = ORIENTED_EDGE('',*,*,#6864,.F.);
#8366 = ORIENTED_EDGE('',*,*,#8367,.F.);
#8367 = EDGE_CURVE('',#7169,#6865,#8368,.T.);
#8368 = LINE('',#8369,#8370);
#8369 = CARTESIAN_POINT('',(4.775,-1.05,1.55));
#8370 = VECTOR('',#8371,1.);
#8371 = DIRECTION('',(-0.,-0.,1.));
#8372 = ORIENTED_EDGE('',*,*,#7176,.F.);
#8373 = CYLINDRICAL_SURFACE('',#8374,0.2);
#8374 = AXIS2_PLACEMENT_3D('',#8375,#8376,#8377);
#8375 = CARTESIAN_POINT('',(4.775,-1.25,1.55));
#8376 = DIRECTION('',(-0.,-0.,1.));
#8377 = DIRECTION('',(1.,0.,0.));
#8378 = ADVANCED_FACE('',(#8379),#8393,.F.);
#8379 = FACE_BOUND('',#8380,.T.);
#8380 = EDGE_LOOP('',(#8381,#8382,#8388,#8389,#8390,#8391,#8392));
#8381 = ORIENTED_EDGE('',*,*,#6478,.T.);
#8382 = ORIENTED_EDGE('',*,*,#8383,.F.);
#8383 = EDGE_CURVE('',#6368,#6471,#8384,.T.);
#8384 = LINE('',#8385,#8386);
#8385 = CARTESIAN_POINT('',(4.775,-1.05,1.55));
#8386 = VECTOR('',#8387,1.);
#8387 = DIRECTION('',(-1.,-0.,-0.));
#8388 = ORIENTED_EDGE('',*,*,#6455,.T.);
#8389 = ORIENTED_EDGE('',*,*,#7423,.T.);
#8390 = ORIENTED_EDGE('',*,*,#6873,.T.);
#8391 = ORIENTED_EDGE('',*,*,#8367,.F.);
#8392 = ORIENTED_EDGE('',*,*,#7168,.T.);
#8393 = PLANE('',#8394);
#8394 = AXIS2_PLACEMENT_3D('',#8395,#8396,#8397);
#8395 = CARTESIAN_POINT('',(4.775,-1.05,1.55));
#8396 = DIRECTION('',(-0.,1.,0.));
#8397 = DIRECTION('',(0.,0.,1.));
#8398 = ADVANCED_FACE('',(#8399),#8405,.F.);
#8399 = FACE_BOUND('',#8400,.T.);
#8400 = EDGE_LOOP('',(#8401,#8402,#8403,#8404));
#8401 = ORIENTED_EDGE('',*,*,#6470,.T.);
#8402 = ORIENTED_EDGE('',*,*,#6225,.T.);
#8403 = ORIENTED_EDGE('',*,*,#6367,.T.);
#8404 = ORIENTED_EDGE('',*,*,#8383,.T.);
#8405 = PLANE('',#8406);
#8406 = AXIS2_PLACEMENT_3D('',#8407,#8408,#8409);
#8407 = CARTESIAN_POINT('',(5.575,-5.65,1.55));
#8408 = DIRECTION('',(-0.,0.,-1.));
#8409 = DIRECTION('',(-1.,0.,0.));
#8410 = ADVANCED_FACE('',(#8411),#8452,.F.);
#8411 = FACE_BOUND('',#8412,.T.);
#8412 = EDGE_LOOP('',(#8413,#8421,#8429,#8437,#8445,#8451));
#8413 = ORIENTED_EDGE('',*,*,#8414,.T.);
#8414 = EDGE_CURVE('',#7245,#8415,#8417,.T.);
#8415 = VERTEX_POINT('',#8416);
#8416 = CARTESIAN_POINT('',(5.775,-3.313644993041,1.655425668793));
#8417 = LINE('',#8418,#8419);
#8418 = CARTESIAN_POINT('',(5.775,-4.840152084444,1.901918129166));
#8419 = VECTOR('',#8420,1.);
#8420 = DIRECTION('',(0.,0.987212472226,-0.15940995791));
#8421 = ORIENTED_EDGE('',*,*,#8422,.F.);
#8422 = EDGE_CURVE('',#8423,#8415,#8425,.T.);
#8423 = VERTEX_POINT('',#8424);
#8424 = CARTESIAN_POINT('',(4.875,-2.436515374254,1.513791320012));
#8425 = LINE('',#8426,#8427);
#8426 = CARTESIAN_POINT('',(5.775,-3.313644993041,1.655425668793));
#8427 = VECTOR('',#8428,1.);
#8428 = DIRECTION('',(0.71164221398,-0.693558293179,0.111992201714));
#8429 = ORIENTED_EDGE('',*,*,#8430,.F.);
#8430 = EDGE_CURVE('',#8431,#8423,#8433,.T.);
#8431 = VERTEX_POINT('',#8432);
#8432 = CARTESIAN_POINT('',(4.875,-1.465781188743,1.357042190511));
#8433 = LINE('',#8434,#8435);
#8434 = CARTESIAN_POINT('',(4.875,-2.436515374254,1.513791320012));
#8435 = VECTOR('',#8436,1.);
#8436 = DIRECTION('',(-0.,-0.987212472226,0.15940995791));
#8437 = ORIENTED_EDGE('',*,*,#8438,.F.);
#8438 = EDGE_CURVE('',#8439,#8431,#8441,.T.);
#8439 = VERTEX_POINT('',#8440);
#8440 = CARTESIAN_POINT('',(6.775,-1.465781188743,1.357042190511));
#8441 = LINE('',#8442,#8443);
#8442 = CARTESIAN_POINT('',(4.875,-1.465781188743,1.357042190511));
#8443 = VECTOR('',#8444,1.);
#8444 = DIRECTION('',(-1.,-0.,-0.));
#8445 = ORIENTED_EDGE('',*,*,#8446,.F.);
#8446 = EDGE_CURVE('',#7253,#8439,#8447,.T.);
#8447 = LINE('',#8448,#8449);
#8448 = CARTESIAN_POINT('',(6.775,-4.840152084444,1.901918129166));
#8449 = VECTOR('',#8450,1.);
#8450 = DIRECTION('',(0.,0.987212472226,-0.15940995791));
#8451 = ORIENTED_EDGE('',*,*,#7252,.T.);
#8452 = PLANE('',#8453);
#8453 = AXIS2_PLACEMENT_3D('',#8454,#8455,#8456);
#8454 = CARTESIAN_POINT('',(6.775,-4.840152084444,1.901918129166));
#8455 = DIRECTION('',(-0.,0.15940995791,0.987212472226));
#8456 = DIRECTION('',(0.,-0.987212472226,0.15940995791));
#8457 = ADVANCED_FACE('',(#8458),#8499,.T.);
#8458 = FACE_BOUND('',#8459,.T.);
#8459 = EDGE_LOOP('',(#8460,#8468,#8469,#8477,#8485,#8493));
#8460 = ORIENTED_EDGE('',*,*,#8461,.F.);
#8461 = EDGE_CURVE('',#6790,#8462,#8464,.T.);
#8462 = VERTEX_POINT('',#8463);
#8463 = CARTESIAN_POINT('',(5.775,-3.289733499355,1.803507539627));
#8464 = LINE('',#8465,#8466);
#8465 = CARTESIAN_POINT('',(5.775,-4.816240590758,2.05));
#8466 = VECTOR('',#8467,1.);
#8467 = DIRECTION('',(0.,0.987212472226,-0.15940995791));
#8468 = ORIENTED_EDGE('',*,*,#6789,.F.);
#8469 = ORIENTED_EDGE('',*,*,#8470,.T.);
#8470 = EDGE_CURVE('',#6782,#8471,#8473,.T.);
#8471 = VERTEX_POINT('',#8472);
#8472 = CARTESIAN_POINT('',(6.775,-1.441869695056,1.505124061345));
#8473 = LINE('',#8474,#8475);
#8474 = CARTESIAN_POINT('',(6.775,-4.816240590758,2.05));
#8475 = VECTOR('',#8476,1.);
#8476 = DIRECTION('',(0.,0.987212472226,-0.15940995791));
#8477 = ORIENTED_EDGE('',*,*,#8478,.T.);
#8478 = EDGE_CURVE('',#8471,#8479,#8481,.T.);
#8479 = VERTEX_POINT('',#8480);
#8480 = CARTESIAN_POINT('',(4.875,-1.441869695056,1.505124061345));
#8481 = LINE('',#8482,#8483);
#8482 = CARTESIAN_POINT('',(4.875,-1.441869695056,1.505124061345));
#8483 = VECTOR('',#8484,1.);
#8484 = DIRECTION('',(-1.,-0.,-0.));
#8485 = ORIENTED_EDGE('',*,*,#8486,.T.);
#8486 = EDGE_CURVE('',#8479,#8487,#8489,.T.);
#8487 = VERTEX_POINT('',#8488);
#8488 = CARTESIAN_POINT('',(4.875,-2.412603880568,1.661873190846));
#8489 = LINE('',#8490,#8491);
#8490 = CARTESIAN_POINT('',(4.875,-2.412603880568,1.661873190846));
#8491 = VECTOR('',#8492,1.);
#8492 = DIRECTION('',(-0.,-0.987212472226,0.15940995791));
#8493 = ORIENTED_EDGE('',*,*,#8494,.T.);
#8494 = EDGE_CURVE('',#8487,#8462,#8495,.T.);
#8495 = LINE('',#8496,#8497);
#8496 = CARTESIAN_POINT('',(5.775,-3.289733499355,1.803507539627));
#8497 = VECTOR('',#8498,1.);
#8498 = DIRECTION('',(0.71164221398,-0.693558293179,0.111992201714));
#8499 = PLANE('',#8500);
#8500 = AXIS2_PLACEMENT_3D('',#8501,#8502,#8503);
#8501 = CARTESIAN_POINT('',(6.775,-4.816240590758,2.05));
#8502 = DIRECTION('',(-0.,0.15940995791,0.987212472226));
#8503 = DIRECTION('',(0.,-0.987212472226,0.15940995791));
#8504 = ADVANCED_FACE('',(#8505),#8518,.F.);
#8505 = FACE_BOUND('',#8506,.T.);
#8506 = EDGE_LOOP('',(#8507,#8508,#8514,#8515,#8516,#8517));
#8507 = ORIENTED_EDGE('',*,*,#8446,.T.);
#8508 = ORIENTED_EDGE('',*,*,#8509,.T.);
#8509 = EDGE_CURVE('',#8439,#8471,#8510,.T.);
#8510 = LINE('',#8511,#8512);
#8511 = CARTESIAN_POINT('',(6.775,-1.465781188743,1.357042190511));
#8512 = VECTOR('',#8513,1.);
#8513 = DIRECTION('',(0.,0.15940995791,0.987212472226));
#8514 = ORIENTED_EDGE('',*,*,#8470,.F.);
#8515 = ORIENTED_EDGE('',*,*,#6781,.F.);
#8516 = ORIENTED_EDGE('',*,*,#6190,.F.);
#8517 = ORIENTED_EDGE('',*,*,#7260,.T.);
#8518 = PLANE('',#8519);
#8519 = AXIS2_PLACEMENT_3D('',#8520,#8521,#8522);
#8520 = CARTESIAN_POINT('',(6.775,0.,0.));
#8521 = DIRECTION('',(-1.,0.,0.));
#8522 = DIRECTION('',(0.,0.,1.));
#8523 = ADVANCED_FACE('',(#8524),#8537,.T.);
#8524 = FACE_BOUND('',#8525,.T.);
#8525 = EDGE_LOOP('',(#8526,#8527,#8528,#8529,#8530,#8531));
#8526 = ORIENTED_EDGE('',*,*,#8414,.F.);
#8527 = ORIENTED_EDGE('',*,*,#7244,.F.);
#8528 = ORIENTED_EDGE('',*,*,#8242,.T.);
#8529 = ORIENTED_EDGE('',*,*,#6797,.T.);
#8530 = ORIENTED_EDGE('',*,*,#8461,.T.);
#8531 = ORIENTED_EDGE('',*,*,#8532,.T.);
#8532 = EDGE_CURVE('',#8462,#8415,#8533,.T.);
#8533 = LINE('',#8534,#8535);
#8534 = CARTESIAN_POINT('',(5.775,-3.289733499355,1.803507539627));
#8535 = VECTOR('',#8536,1.);
#8536 = DIRECTION('',(0.,-0.15940995791,-0.987212472226));
#8537 = PLANE('',#8538);
#8538 = AXIS2_PLACEMENT_3D('',#8539,#8540,#8541);
#8539 = CARTESIAN_POINT('',(5.775,0.,0.));
#8540 = DIRECTION('',(-1.,0.,0.));
#8541 = DIRECTION('',(0.,0.,1.));
#8542 = ADVANCED_FACE('',(#8543),#8554,.T.);
#8543 = FACE_BOUND('',#8544,.T.);
#8544 = EDGE_LOOP('',(#8545,#8546,#8552,#8553));
#8545 = ORIENTED_EDGE('',*,*,#8494,.F.);
#8546 = ORIENTED_EDGE('',*,*,#8547,.F.);
#8547 = EDGE_CURVE('',#8423,#8487,#8548,.T.);
#8548 = LINE('',#8549,#8550);
#8549 = CARTESIAN_POINT('',(4.875,-2.436515374254,1.513791320012));
#8550 = VECTOR('',#8551,1.);
#8551 = DIRECTION('',(0.,0.15940995791,0.987212472226));
#8552 = ORIENTED_EDGE('',*,*,#8422,.T.);
#8553 = ORIENTED_EDGE('',*,*,#8532,.F.);
#8554 = PLANE('',#8555);
#8555 = AXIS2_PLACEMENT_3D('',#8556,#8557,#8558);
#8556 = CARTESIAN_POINT('',(5.775,-3.313644993041,1.655425668793));
#8557 = DIRECTION('',(-0.702542069404,-0.702542069404,0.113442855377));
#8558 = DIRECTION('',(0.707106781187,-0.707106781187,1.306450437417E-17)
  );
#8559 = ADVANCED_FACE('',(#8560),#8571,.T.);
#8560 = FACE_BOUND('',#8561,.T.);
#8561 = EDGE_LOOP('',(#8562,#8563,#8569,#8570));
#8562 = ORIENTED_EDGE('',*,*,#8486,.F.);
#8563 = ORIENTED_EDGE('',*,*,#8564,.F.);
#8564 = EDGE_CURVE('',#8431,#8479,#8565,.T.);
#8565 = LINE('',#8566,#8567);
#8566 = CARTESIAN_POINT('',(4.875,-1.465781188743,1.357042190511));
#8567 = VECTOR('',#8568,1.);
#8568 = DIRECTION('',(0.,0.15940995791,0.987212472226));
#8569 = ORIENTED_EDGE('',*,*,#8430,.T.);
#8570 = ORIENTED_EDGE('',*,*,#8547,.T.);
#8571 = PLANE('',#8572);
#8572 = AXIS2_PLACEMENT_3D('',#8573,#8574,#8575);
#8573 = CARTESIAN_POINT('',(4.875,-2.436515374254,1.513791320012));
#8574 = DIRECTION('',(-1.,0.,0.));
#8575 = DIRECTION('',(0.,0.,1.));
#8576 = ADVANCED_FACE('',(#8577),#8583,.T.);
#8577 = FACE_BOUND('',#8578,.T.);
#8578 = EDGE_LOOP('',(#8579,#8580,#8581,#8582));
#8579 = ORIENTED_EDGE('',*,*,#8478,.F.);
#8580 = ORIENTED_EDGE('',*,*,#8509,.F.);
#8581 = ORIENTED_EDGE('',*,*,#8438,.T.);
#8582 = ORIENTED_EDGE('',*,*,#8564,.T.);
#8583 = PLANE('',#8584);
#8584 = AXIS2_PLACEMENT_3D('',#8585,#8586,#8587);
#8585 = CARTESIAN_POINT('',(4.875,-1.465781188743,1.357042190511));
#8586 = DIRECTION('',(0.,0.987212472226,-0.15940995791));
#8587 = DIRECTION('',(0.,0.15940995791,0.987212472226));
#8588 = ( GEOMETRIC_REPRESENTATION_CONTEXT(3) 
GLOBAL_UNCERTAINTY_ASSIGNED_CONTEXT((#8592)) 
GLOBAL_UNIT_ASSIGNED_CONTEXT((#8589,#8590,#8591)) REPRESENTATION_CONTEXT
('Context #1','3D Context with UNIT and UNCERTAINTY') );
#8589 = ( LENGTH_UNIT() NAMED_UNIT(*) SI_UNIT(.MILLI.,.METRE.) );
#8590 = ( NAMED_UNIT(*) PLANE_ANGLE_UNIT() SI_UNIT($,.RADIAN.) );
#8591 = ( NAMED_UNIT(*) SI_UNIT($,.STERADIAN.) SOLID_ANGLE_UNIT() );
#8592 = UNCERTAINTY_MEASURE_WITH_UNIT(LENGTH_MEASURE(1.E-07),#8589,
  'distance_accuracy_value','confusion accuracy');
#8593 = CONTEXT_DEPENDENT_SHAPE_REPRESENTATION(#8594,#8596);
#8594 = ( REPRESENTATION_RELATIONSHIP('','',#6183,#10) 
REPRESENTATION_RELATIONSHIP_WITH_TRANSFORMATION(#8595) 
SHAPE_REPRESENTATION_RELATIONSHIP() );
#8595 = ITEM_DEFINED_TRANSFORMATION('','',#11,#55);
#8596 = PRODUCT_DEFINITION_SHAPE('Placement','Placement of an item',
  #8597);
#8597 = NEXT_ASSEMBLY_USAGE_OCCURRENCE('11','TF-SMD_TF-PUSH010','',#5,
  #6178,$);
#8598 = PRODUCT_RELATED_PRODUCT_CATEGORY('part',$,(#6180));
#8599 = MECHANICAL_DESIGN_GEOMETRIC_PRESENTATION_REPRESENTATION('',(
    #8600),#1237);
#8600 = STYLED_ITEM('color',(#8601),#1087);
#8601 = PRESENTATION_STYLE_ASSIGNMENT((#8602,#8608));
#8602 = SURFACE_STYLE_USAGE(.BOTH.,#8603);
#8603 = SURFACE_SIDE_STYLE('',(#8604));
#8604 = SURFACE_STYLE_FILL_AREA(#8605);
#8605 = FILL_AREA_STYLE('',(#8606));
#8606 = FILL_AREA_STYLE_COLOUR('',#8607);
#8607 = COLOUR_RGB('',0.666666687201,0.666666687201,0.666666687201);
#8608 = CURVE_STYLE('',#8609,POSITIVE_LENGTH_MEASURE(0.1),#8610);
#8609 = DRAUGHTING_PRE_DEFINED_CURVE_FONT('continuous');
#8610 = COLOUR_RGB('',9.803921802644E-02,9.803921802644E-02,
  9.803921802644E-02);
#8611 = MECHANICAL_DESIGN_GEOMETRIC_PRESENTATION_REPRESENTATION('',(
    #8612),#223);
#8612 = STYLED_ITEM('color',(#8613),#73);
#8613 = PRESENTATION_STYLE_ASSIGNMENT((#8614,#8619));
#8614 = SURFACE_STYLE_USAGE(.BOTH.,#8615);
#8615 = SURFACE_SIDE_STYLE('',(#8616));
#8616 = SURFACE_STYLE_FILL_AREA(#8617);
#8617 = FILL_AREA_STYLE('',(#8618));
#8618 = FILL_AREA_STYLE_COLOUR('',#8607);
#8619 = CURVE_STYLE('',#8620,POSITIVE_LENGTH_MEASURE(0.1),#8610);
#8620 = DRAUGHTING_PRE_DEFINED_CURVE_FONT('continuous');
#8621 = MECHANICAL_DESIGN_GEOMETRIC_PRESENTATION_REPRESENTATION('',(
    #8622),#392);
#8622 = STYLED_ITEM('color',(#8623),#242);
#8623 = PRESENTATION_STYLE_ASSIGNMENT((#8624,#8629));
#8624 = SURFACE_STYLE_USAGE(.BOTH.,#8625);
#8625 = SURFACE_SIDE_STYLE('',(#8626));
#8626 = SURFACE_STYLE_FILL_AREA(#8627);
#8627 = FILL_AREA_STYLE('',(#8628));
#8628 = FILL_AREA_STYLE_COLOUR('',#8607);
#8629 = CURVE_STYLE('',#8630,POSITIVE_LENGTH_MEASURE(0.1),#8610);
#8630 = DRAUGHTING_PRE_DEFINED_CURVE_FONT('continuous');
#8631 = MECHANICAL_DESIGN_GEOMETRIC_PRESENTATION_REPRESENTATION('',(
    #8632),#899);
#8632 = STYLED_ITEM('color',(#8633),#749);
#8633 = PRESENTATION_STYLE_ASSIGNMENT((#8634,#8639));
#8634 = SURFACE_STYLE_USAGE(.BOTH.,#8635);
#8635 = SURFACE_SIDE_STYLE('',(#8636));
#8636 = SURFACE_STYLE_FILL_AREA(#8637);
#8637 = FILL_AREA_STYLE('',(#8638));
#8638 = FILL_AREA_STYLE_COLOUR('',#8607);
#8639 = CURVE_STYLE('',#8640,POSITIVE_LENGTH_MEASURE(0.1),#8610);
#8640 = DRAUGHTING_PRE_DEFINED_CURVE_FONT('continuous');
#8641 = MECHANICAL_DESIGN_GEOMETRIC_PRESENTATION_REPRESENTATION('',(
    #8642),#1068);
#8642 = STYLED_ITEM('color',(#8643),#918);
#8643 = PRESENTATION_STYLE_ASSIGNMENT((#8644,#8649));
#8644 = SURFACE_STYLE_USAGE(.BOTH.,#8645);
#8645 = SURFACE_SIDE_STYLE('',(#8646));
#8646 = SURFACE_STYLE_FILL_AREA(#8647);
#8647 = FILL_AREA_STYLE('',(#8648));
#8648 = FILL_AREA_STYLE_COLOUR('',#8607);
#8649 = CURVE_STYLE('',#8650,POSITIVE_LENGTH_MEASURE(0.1),#8610);
#8650 = DRAUGHTING_PRE_DEFINED_CURVE_FONT('continuous');
#8651 = MECHANICAL_DESIGN_GEOMETRIC_PRESENTATION_REPRESENTATION('',(
    #8652),#730);
#8652 = STYLED_ITEM('color',(#8653),#580);
#8653 = PRESENTATION_STYLE_ASSIGNMENT((#8654,#8659));
#8654 = SURFACE_STYLE_USAGE(.BOTH.,#8655);
#8655 = SURFACE_SIDE_STYLE('',(#8656));
#8656 = SURFACE_STYLE_FILL_AREA(#8657);
#8657 = FILL_AREA_STYLE('',(#8658));
#8658 = FILL_AREA_STYLE_COLOUR('',#8607);
#8659 = CURVE_STYLE('',#8660,POSITIVE_LENGTH_MEASURE(0.1),#8610);
#8660 = DRAUGHTING_PRE_DEFINED_CURVE_FONT('continuous');
#8661 = MECHANICAL_DESIGN_GEOMETRIC_PRESENTATION_REPRESENTATION('',(
    #8662,#8672,#8680,#8687,#8694,#8701,#8708,#8715,#8722,#8729,#8736,
    #8743,#8750,#8757,#8764,#8771,#8778,#8785,#8792,#8799,#8806,#8813,
    #8820,#8827,#8834,#8841,#8848,#8855,#8862,#8869,#8876,#8883,#8890,
    #8897,#8904,#8911,#8918,#8925,#8932,#8939,#8946,#8953,#8960,#8967,
    #8974,#8981,#8988,#8995,#9002,#9009,#9016,#9023,#9030,#9037,#9044,
    #9051,#9058,#9065),#6165);
#8662 = STYLED_ITEM('color',(#8663),#1594);
#8663 = PRESENTATION_STYLE_ASSIGNMENT((#8664,#8670));
#8664 = SURFACE_STYLE_USAGE(.BOTH.,#8665);
#8665 = SURFACE_SIDE_STYLE('',(#8666));
#8666 = SURFACE_STYLE_FILL_AREA(#8667);
#8667 = FILL_AREA_STYLE('',(#8668));
#8668 = FILL_AREA_STYLE_COLOUR('',#8669);
#8669 = COLOUR_RGB('',0.298039221799,0.298039221799,0.298039221799);
#8670 = CURVE_STYLE('',#8671,POSITIVE_LENGTH_MEASURE(0.1),#8610);
#8671 = DRAUGHTING_PRE_DEFINED_CURVE_FONT('continuous');
#8672 = OVER_RIDING_STYLED_ITEM('overriding color',(#8673),#3821,#8662);
#8673 = PRESENTATION_STYLE_ASSIGNMENT((#8674));
#8674 = SURFACE_STYLE_USAGE(.BOTH.,#8675);
#8675 = SURFACE_SIDE_STYLE('',(#8676));
#8676 = SURFACE_STYLE_FILL_AREA(#8677);
#8677 = FILL_AREA_STYLE('',(#8678));
#8678 = FILL_AREA_STYLE_COLOUR('',#8679);
#8679 = DRAUGHTING_PRE_DEFINED_COLOUR('white');
#8680 = OVER_RIDING_STYLED_ITEM('overriding color',(#8681),#3852,#8662);
#8681 = PRESENTATION_STYLE_ASSIGNMENT((#8682));
#8682 = SURFACE_STYLE_USAGE(.BOTH.,#8683);
#8683 = SURFACE_SIDE_STYLE('',(#8684));
#8684 = SURFACE_STYLE_FILL_AREA(#8685);
#8685 = FILL_AREA_STYLE('',(#8686));
#8686 = FILL_AREA_STYLE_COLOUR('',#8679);
#8687 = OVER_RIDING_STYLED_ITEM('overriding color',(#8688),#3876,#8662);
#8688 = PRESENTATION_STYLE_ASSIGNMENT((#8689));
#8689 = SURFACE_STYLE_USAGE(.BOTH.,#8690);
#8690 = SURFACE_SIDE_STYLE('',(#8691));
#8691 = SURFACE_STYLE_FILL_AREA(#8692);
#8692 = FILL_AREA_STYLE('',(#8693));
#8693 = FILL_AREA_STYLE_COLOUR('',#8679);
#8694 = OVER_RIDING_STYLED_ITEM('overriding color',(#8695),#3900,#8662);
#8695 = PRESENTATION_STYLE_ASSIGNMENT((#8696));
#8696 = SURFACE_STYLE_USAGE(.BOTH.,#8697);
#8697 = SURFACE_SIDE_STYLE('',(#8698));
#8698 = SURFACE_STYLE_FILL_AREA(#8699);
#8699 = FILL_AREA_STYLE('',(#8700));
#8700 = FILL_AREA_STYLE_COLOUR('',#8679);
#8701 = OVER_RIDING_STYLED_ITEM('overriding color',(#8702),#3924,#8662);
#8702 = PRESENTATION_STYLE_ASSIGNMENT((#8703));
#8703 = SURFACE_STYLE_USAGE(.BOTH.,#8704);
#8704 = SURFACE_SIDE_STYLE('',(#8705));
#8705 = SURFACE_STYLE_FILL_AREA(#8706);
#8706 = FILL_AREA_STYLE('',(#8707));
#8707 = FILL_AREA_STYLE_COLOUR('',#8679);
#8708 = OVER_RIDING_STYLED_ITEM('overriding color',(#8709),#3948,#8662);
#8709 = PRESENTATION_STYLE_ASSIGNMENT((#8710));
#8710 = SURFACE_STYLE_USAGE(.BOTH.,#8711);
#8711 = SURFACE_SIDE_STYLE('',(#8712));
#8712 = SURFACE_STYLE_FILL_AREA(#8713);
#8713 = FILL_AREA_STYLE('',(#8714));
#8714 = FILL_AREA_STYLE_COLOUR('',#8679);
#8715 = OVER_RIDING_STYLED_ITEM('overriding color',(#8716),#3972,#8662);
#8716 = PRESENTATION_STYLE_ASSIGNMENT((#8717));
#8717 = SURFACE_STYLE_USAGE(.BOTH.,#8718);
#8718 = SURFACE_SIDE_STYLE('',(#8719));
#8719 = SURFACE_STYLE_FILL_AREA(#8720);
#8720 = FILL_AREA_STYLE('',(#8721));
#8721 = FILL_AREA_STYLE_COLOUR('',#8679);
#8722 = OVER_RIDING_STYLED_ITEM('overriding color',(#8723),#3996,#8662);
#8723 = PRESENTATION_STYLE_ASSIGNMENT((#8724));
#8724 = SURFACE_STYLE_USAGE(.BOTH.,#8725);
#8725 = SURFACE_SIDE_STYLE('',(#8726));
#8726 = SURFACE_STYLE_FILL_AREA(#8727);
#8727 = FILL_AREA_STYLE('',(#8728));
#8728 = FILL_AREA_STYLE_COLOUR('',#8679);
#8729 = OVER_RIDING_STYLED_ITEM('overriding color',(#8730),#4013,#8662);
#8730 = PRESENTATION_STYLE_ASSIGNMENT((#8731));
#8731 = SURFACE_STYLE_USAGE(.BOTH.,#8732);
#8732 = SURFACE_SIDE_STYLE('',(#8733));
#8733 = SURFACE_STYLE_FILL_AREA(#8734);
#8734 = FILL_AREA_STYLE('',(#8735));
#8735 = FILL_AREA_STYLE_COLOUR('',#8679);
#8736 = OVER_RIDING_STYLED_ITEM('overriding color',(#8737),#4087,#8662);
#8737 = PRESENTATION_STYLE_ASSIGNMENT((#8738));
#8738 = SURFACE_STYLE_USAGE(.BOTH.,#8739);
#8739 = SURFACE_SIDE_STYLE('',(#8740));
#8740 = SURFACE_STYLE_FILL_AREA(#8741);
#8741 = FILL_AREA_STYLE('',(#8742));
#8742 = FILL_AREA_STYLE_COLOUR('',#8679);
#8743 = OVER_RIDING_STYLED_ITEM('overriding color',(#8744),#4118,#8662);
#8744 = PRESENTATION_STYLE_ASSIGNMENT((#8745));
#8745 = SURFACE_STYLE_USAGE(.BOTH.,#8746);
#8746 = SURFACE_SIDE_STYLE('',(#8747));
#8747 = SURFACE_STYLE_FILL_AREA(#8748);
#8748 = FILL_AREA_STYLE('',(#8749));
#8749 = FILL_AREA_STYLE_COLOUR('',#8679);
#8750 = OVER_RIDING_STYLED_ITEM('overriding color',(#8751),#4142,#8662);
#8751 = PRESENTATION_STYLE_ASSIGNMENT((#8752));
#8752 = SURFACE_STYLE_USAGE(.BOTH.,#8753);
#8753 = SURFACE_SIDE_STYLE('',(#8754));
#8754 = SURFACE_STYLE_FILL_AREA(#8755);
#8755 = FILL_AREA_STYLE('',(#8756));
#8756 = FILL_AREA_STYLE_COLOUR('',#8679);
#8757 = OVER_RIDING_STYLED_ITEM('overriding color',(#8758),#4180,#8662);
#8758 = PRESENTATION_STYLE_ASSIGNMENT((#8759));
#8759 = SURFACE_STYLE_USAGE(.BOTH.,#8760);
#8760 = SURFACE_SIDE_STYLE('',(#8761));
#8761 = SURFACE_STYLE_FILL_AREA(#8762);
#8762 = FILL_AREA_STYLE('',(#8763));
#8763 = FILL_AREA_STYLE_COLOUR('',#8679);
#8764 = OVER_RIDING_STYLED_ITEM('overriding color',(#8765),#4204,#8662);
#8765 = PRESENTATION_STYLE_ASSIGNMENT((#8766));
#8766 = SURFACE_STYLE_USAGE(.BOTH.,#8767);
#8767 = SURFACE_SIDE_STYLE('',(#8768));
#8768 = SURFACE_STYLE_FILL_AREA(#8769);
#8769 = FILL_AREA_STYLE('',(#8770));
#8770 = FILL_AREA_STYLE_COLOUR('',#8679);
#8771 = OVER_RIDING_STYLED_ITEM('overriding color',(#8772),#4242,#8662);
#8772 = PRESENTATION_STYLE_ASSIGNMENT((#8773));
#8773 = SURFACE_STYLE_USAGE(.BOTH.,#8774);
#8774 = SURFACE_SIDE_STYLE('',(#8775));
#8775 = SURFACE_STYLE_FILL_AREA(#8776);
#8776 = FILL_AREA_STYLE('',(#8777));
#8777 = FILL_AREA_STYLE_COLOUR('',#8679);
#8778 = OVER_RIDING_STYLED_ITEM('overriding color',(#8779),#4259,#8662);
#8779 = PRESENTATION_STYLE_ASSIGNMENT((#8780));
#8780 = SURFACE_STYLE_USAGE(.BOTH.,#8781);
#8781 = SURFACE_SIDE_STYLE('',(#8782));
#8782 = SURFACE_STYLE_FILL_AREA(#8783);
#8783 = FILL_AREA_STYLE('',(#8784));
#8784 = FILL_AREA_STYLE_COLOUR('',#8679);
#8785 = OVER_RIDING_STYLED_ITEM('overriding color',(#8786),#4290,#8662);
#8786 = PRESENTATION_STYLE_ASSIGNMENT((#8787));
#8787 = SURFACE_STYLE_USAGE(.BOTH.,#8788);
#8788 = SURFACE_SIDE_STYLE('',(#8789));
#8789 = SURFACE_STYLE_FILL_AREA(#8790);
#8790 = FILL_AREA_STYLE('',(#8791));
#8791 = FILL_AREA_STYLE_COLOUR('',#8679);
#8792 = OVER_RIDING_STYLED_ITEM('overriding color',(#8793),#4314,#8662);
#8793 = PRESENTATION_STYLE_ASSIGNMENT((#8794));
#8794 = SURFACE_STYLE_USAGE(.BOTH.,#8795);
#8795 = SURFACE_SIDE_STYLE('',(#8796));
#8796 = SURFACE_STYLE_FILL_AREA(#8797);
#8797 = FILL_AREA_STYLE('',(#8798));
#8798 = FILL_AREA_STYLE_COLOUR('',#8679);
#8799 = OVER_RIDING_STYLED_ITEM('overriding color',(#8800),#4338,#8662);
#8800 = PRESENTATION_STYLE_ASSIGNMENT((#8801));
#8801 = SURFACE_STYLE_USAGE(.BOTH.,#8802);
#8802 = SURFACE_SIDE_STYLE('',(#8803));
#8803 = SURFACE_STYLE_FILL_AREA(#8804);
#8804 = FILL_AREA_STYLE('',(#8805));
#8805 = FILL_AREA_STYLE_COLOUR('',#8679);
#8806 = OVER_RIDING_STYLED_ITEM('overriding color',(#8807),#4412,#8662);
#8807 = PRESENTATION_STYLE_ASSIGNMENT((#8808));
#8808 = SURFACE_STYLE_USAGE(.BOTH.,#8809);
#8809 = SURFACE_SIDE_STYLE('',(#8810));
#8810 = SURFACE_STYLE_FILL_AREA(#8811);
#8811 = FILL_AREA_STYLE('',(#8812));
#8812 = FILL_AREA_STYLE_COLOUR('',#8679);
#8813 = OVER_RIDING_STYLED_ITEM('overriding color',(#8814),#4479,#8662);
#8814 = PRESENTATION_STYLE_ASSIGNMENT((#8815));
#8815 = SURFACE_STYLE_USAGE(.BOTH.,#8816);
#8816 = SURFACE_SIDE_STYLE('',(#8817));
#8817 = SURFACE_STYLE_FILL_AREA(#8818);
#8818 = FILL_AREA_STYLE('',(#8819));
#8819 = FILL_AREA_STYLE_COLOUR('',#8679);
#8820 = OVER_RIDING_STYLED_ITEM('overriding color',(#8821),#4566,#8662);
#8821 = PRESENTATION_STYLE_ASSIGNMENT((#8822));
#8822 = SURFACE_STYLE_USAGE(.BOTH.,#8823);
#8823 = SURFACE_SIDE_STYLE('',(#8824));
#8824 = SURFACE_STYLE_FILL_AREA(#8825);
#8825 = FILL_AREA_STYLE('',(#8826));
#8826 = FILL_AREA_STYLE_COLOUR('',#8679);
#8827 = OVER_RIDING_STYLED_ITEM('overriding color',(#8828),#4597,#8662);
#8828 = PRESENTATION_STYLE_ASSIGNMENT((#8829));
#8829 = SURFACE_STYLE_USAGE(.BOTH.,#8830);
#8830 = SURFACE_SIDE_STYLE('',(#8831));
#8831 = SURFACE_STYLE_FILL_AREA(#8832);
#8832 = FILL_AREA_STYLE('',(#8833));
#8833 = FILL_AREA_STYLE_COLOUR('',#8679);
#8834 = OVER_RIDING_STYLED_ITEM('overriding color',(#8835),#4671,#8662);
#8835 = PRESENTATION_STYLE_ASSIGNMENT((#8836));
#8836 = SURFACE_STYLE_USAGE(.BOTH.,#8837);
#8837 = SURFACE_SIDE_STYLE('',(#8838));
#8838 = SURFACE_STYLE_FILL_AREA(#8839);
#8839 = FILL_AREA_STYLE('',(#8840));
#8840 = FILL_AREA_STYLE_COLOUR('',#8679);
#8841 = OVER_RIDING_STYLED_ITEM('overriding color',(#8842),#4745,#8662);
#8842 = PRESENTATION_STYLE_ASSIGNMENT((#8843));
#8843 = SURFACE_STYLE_USAGE(.BOTH.,#8844);
#8844 = SURFACE_SIDE_STYLE('',(#8845));
#8845 = SURFACE_STYLE_FILL_AREA(#8846);
#8846 = FILL_AREA_STYLE('',(#8847));
#8847 = FILL_AREA_STYLE_COLOUR('',#8679);
#8848 = OVER_RIDING_STYLED_ITEM('overriding color',(#8849),#4769,#8662);
#8849 = PRESENTATION_STYLE_ASSIGNMENT((#8850));
#8850 = SURFACE_STYLE_USAGE(.BOTH.,#8851);
#8851 = SURFACE_SIDE_STYLE('',(#8852));
#8852 = SURFACE_STYLE_FILL_AREA(#8853);
#8853 = FILL_AREA_STYLE('',(#8854));
#8854 = FILL_AREA_STYLE_COLOUR('',#8679);
#8855 = OVER_RIDING_STYLED_ITEM('overriding color',(#8856),#4786,#8662);
#8856 = PRESENTATION_STYLE_ASSIGNMENT((#8857));
#8857 = SURFACE_STYLE_USAGE(.BOTH.,#8858);
#8858 = SURFACE_SIDE_STYLE('',(#8859));
#8859 = SURFACE_STYLE_FILL_AREA(#8860);
#8860 = FILL_AREA_STYLE('',(#8861));
#8861 = FILL_AREA_STYLE_COLOUR('',#8679);
#8862 = OVER_RIDING_STYLED_ITEM('overriding color',(#8863),#4817,#8662);
#8863 = PRESENTATION_STYLE_ASSIGNMENT((#8864));
#8864 = SURFACE_STYLE_USAGE(.BOTH.,#8865);
#8865 = SURFACE_SIDE_STYLE('',(#8866));
#8866 = SURFACE_STYLE_FILL_AREA(#8867);
#8867 = FILL_AREA_STYLE('',(#8868));
#8868 = FILL_AREA_STYLE_COLOUR('',#8679);
#8869 = OVER_RIDING_STYLED_ITEM('overriding color',(#8870),#4841,#8662);
#8870 = PRESENTATION_STYLE_ASSIGNMENT((#8871));
#8871 = SURFACE_STYLE_USAGE(.BOTH.,#8872);
#8872 = SURFACE_SIDE_STYLE('',(#8873));
#8873 = SURFACE_STYLE_FILL_AREA(#8874);
#8874 = FILL_AREA_STYLE('',(#8875));
#8875 = FILL_AREA_STYLE_COLOUR('',#8679);
#8876 = OVER_RIDING_STYLED_ITEM('overriding color',(#8877),#4865,#8662);
#8877 = PRESENTATION_STYLE_ASSIGNMENT((#8878));
#8878 = SURFACE_STYLE_USAGE(.BOTH.,#8879);
#8879 = SURFACE_SIDE_STYLE('',(#8880));
#8880 = SURFACE_STYLE_FILL_AREA(#8881);
#8881 = FILL_AREA_STYLE('',(#8882));
#8882 = FILL_AREA_STYLE_COLOUR('',#8679);
#8883 = OVER_RIDING_STYLED_ITEM('overriding color',(#8884),#4889,#8662);
#8884 = PRESENTATION_STYLE_ASSIGNMENT((#8885));
#8885 = SURFACE_STYLE_USAGE(.BOTH.,#8886);
#8886 = SURFACE_SIDE_STYLE('',(#8887));
#8887 = SURFACE_STYLE_FILL_AREA(#8888);
#8888 = FILL_AREA_STYLE('',(#8889));
#8889 = FILL_AREA_STYLE_COLOUR('',#8679);
#8890 = OVER_RIDING_STYLED_ITEM('overriding color',(#8891),#4913,#8662);
#8891 = PRESENTATION_STYLE_ASSIGNMENT((#8892));
#8892 = SURFACE_STYLE_USAGE(.BOTH.,#8893);
#8893 = SURFACE_SIDE_STYLE('',(#8894));
#8894 = SURFACE_STYLE_FILL_AREA(#8895);
#8895 = FILL_AREA_STYLE('',(#8896));
#8896 = FILL_AREA_STYLE_COLOUR('',#8679);
#8897 = OVER_RIDING_STYLED_ITEM('overriding color',(#8898),#4937,#8662);
#8898 = PRESENTATION_STYLE_ASSIGNMENT((#8899));
#8899 = SURFACE_STYLE_USAGE(.BOTH.,#8900);
#8900 = SURFACE_SIDE_STYLE('',(#8901));
#8901 = SURFACE_STYLE_FILL_AREA(#8902);
#8902 = FILL_AREA_STYLE('',(#8903));
#8903 = FILL_AREA_STYLE_COLOUR('',#8679);
#8904 = OVER_RIDING_STYLED_ITEM('overriding color',(#8905),#4961,#8662);
#8905 = PRESENTATION_STYLE_ASSIGNMENT((#8906));
#8906 = SURFACE_STYLE_USAGE(.BOTH.,#8907);
#8907 = SURFACE_SIDE_STYLE('',(#8908));
#8908 = SURFACE_STYLE_FILL_AREA(#8909);
#8909 = FILL_AREA_STYLE('',(#8910));
#8910 = FILL_AREA_STYLE_COLOUR('',#8679);
#8911 = OVER_RIDING_STYLED_ITEM('overriding color',(#8912),#4985,#8662);
#8912 = PRESENTATION_STYLE_ASSIGNMENT((#8913));
#8913 = SURFACE_STYLE_USAGE(.BOTH.,#8914);
#8914 = SURFACE_SIDE_STYLE('',(#8915));
#8915 = SURFACE_STYLE_FILL_AREA(#8916);
#8916 = FILL_AREA_STYLE('',(#8917));
#8917 = FILL_AREA_STYLE_COLOUR('',#8679);
#8918 = OVER_RIDING_STYLED_ITEM('overriding color',(#8919),#5009,#8662);
#8919 = PRESENTATION_STYLE_ASSIGNMENT((#8920));
#8920 = SURFACE_STYLE_USAGE(.BOTH.,#8921);
#8921 = SURFACE_SIDE_STYLE('',(#8922));
#8922 = SURFACE_STYLE_FILL_AREA(#8923);
#8923 = FILL_AREA_STYLE('',(#8924));
#8924 = FILL_AREA_STYLE_COLOUR('',#8679);
#8925 = OVER_RIDING_STYLED_ITEM('overriding color',(#8926),#5033,#8662);
#8926 = PRESENTATION_STYLE_ASSIGNMENT((#8927));
#8927 = SURFACE_STYLE_USAGE(.BOTH.,#8928);
#8928 = SURFACE_SIDE_STYLE('',(#8929));
#8929 = SURFACE_STYLE_FILL_AREA(#8930);
#8930 = FILL_AREA_STYLE('',(#8931));
#8931 = FILL_AREA_STYLE_COLOUR('',#8679);
#8932 = OVER_RIDING_STYLED_ITEM('overriding color',(#8933),#5057,#8662);
#8933 = PRESENTATION_STYLE_ASSIGNMENT((#8934));
#8934 = SURFACE_STYLE_USAGE(.BOTH.,#8935);
#8935 = SURFACE_SIDE_STYLE('',(#8936));
#8936 = SURFACE_STYLE_FILL_AREA(#8937);
#8937 = FILL_AREA_STYLE('',(#8938));
#8938 = FILL_AREA_STYLE_COLOUR('',#8679);
#8939 = OVER_RIDING_STYLED_ITEM('overriding color',(#8940),#5074,#8662);
#8940 = PRESENTATION_STYLE_ASSIGNMENT((#8941));
#8941 = SURFACE_STYLE_USAGE(.BOTH.,#8942);
#8942 = SURFACE_SIDE_STYLE('',(#8943));
#8943 = SURFACE_STYLE_FILL_AREA(#8944);
#8944 = FILL_AREA_STYLE('',(#8945));
#8945 = FILL_AREA_STYLE_COLOUR('',#8679);
#8946 = OVER_RIDING_STYLED_ITEM('overriding color',(#8947),#5094,#8662);
#8947 = PRESENTATION_STYLE_ASSIGNMENT((#8948));
#8948 = SURFACE_STYLE_USAGE(.BOTH.,#8949);
#8949 = SURFACE_SIDE_STYLE('',(#8950));
#8950 = SURFACE_STYLE_FILL_AREA(#8951);
#8951 = FILL_AREA_STYLE('',(#8952));
#8952 = FILL_AREA_STYLE_COLOUR('',#8679);
#8953 = OVER_RIDING_STYLED_ITEM('overriding color',(#8954),#5125,#8662);
#8954 = PRESENTATION_STYLE_ASSIGNMENT((#8955));
#8955 = SURFACE_STYLE_USAGE(.BOTH.,#8956);
#8956 = SURFACE_SIDE_STYLE('',(#8957));
#8957 = SURFACE_STYLE_FILL_AREA(#8958);
#8958 = FILL_AREA_STYLE('',(#8959));
#8959 = FILL_AREA_STYLE_COLOUR('',#8679);
#8960 = OVER_RIDING_STYLED_ITEM('overriding color',(#8961),#5175,#8662);
#8961 = PRESENTATION_STYLE_ASSIGNMENT((#8962));
#8962 = SURFACE_STYLE_USAGE(.BOTH.,#8963);
#8963 = SURFACE_SIDE_STYLE('',(#8964));
#8964 = SURFACE_STYLE_FILL_AREA(#8965);
#8965 = FILL_AREA_STYLE('',(#8966));
#8966 = FILL_AREA_STYLE_COLOUR('',#8679);
#8967 = OVER_RIDING_STYLED_ITEM('overriding color',(#8968),#5249,#8662);
#8968 = PRESENTATION_STYLE_ASSIGNMENT((#8969));
#8969 = SURFACE_STYLE_USAGE(.BOTH.,#8970);
#8970 = SURFACE_SIDE_STYLE('',(#8971));
#8971 = SURFACE_STYLE_FILL_AREA(#8972);
#8972 = FILL_AREA_STYLE('',(#8973));
#8973 = FILL_AREA_STYLE_COLOUR('',#8679);
#8974 = OVER_RIDING_STYLED_ITEM('overriding color',(#8975),#5323,#8662);
#8975 = PRESENTATION_STYLE_ASSIGNMENT((#8976));
#8976 = SURFACE_STYLE_USAGE(.BOTH.,#8977);
#8977 = SURFACE_SIDE_STYLE('',(#8978));
#8978 = SURFACE_STYLE_FILL_AREA(#8979);
#8979 = FILL_AREA_STYLE('',(#8980));
#8980 = FILL_AREA_STYLE_COLOUR('',#8679);
#8981 = OVER_RIDING_STYLED_ITEM('overriding color',(#8982),#5373,#8662);
#8982 = PRESENTATION_STYLE_ASSIGNMENT((#8983));
#8983 = SURFACE_STYLE_USAGE(.BOTH.,#8984);
#8984 = SURFACE_SIDE_STYLE('',(#8985));
#8985 = SURFACE_STYLE_FILL_AREA(#8986);
#8986 = FILL_AREA_STYLE('',(#8987));
#8987 = FILL_AREA_STYLE_COLOUR('',#8679);
#8988 = OVER_RIDING_STYLED_ITEM('overriding color',(#8989),#5397,#8662);
#8989 = PRESENTATION_STYLE_ASSIGNMENT((#8990));
#8990 = SURFACE_STYLE_USAGE(.BOTH.,#8991);
#8991 = SURFACE_SIDE_STYLE('',(#8992));
#8992 = SURFACE_STYLE_FILL_AREA(#8993);
#8993 = FILL_AREA_STYLE('',(#8994));
#8994 = FILL_AREA_STYLE_COLOUR('',#8679);
#8995 = OVER_RIDING_STYLED_ITEM('overriding color',(#8996),#5447,#8662);
#8996 = PRESENTATION_STYLE_ASSIGNMENT((#8997));
#8997 = SURFACE_STYLE_USAGE(.BOTH.,#8998);
#8998 = SURFACE_SIDE_STYLE('',(#8999));
#8999 = SURFACE_STYLE_FILL_AREA(#9000);
#9000 = FILL_AREA_STYLE('',(#9001));
#9001 = FILL_AREA_STYLE_COLOUR('',#8679);
#9002 = OVER_RIDING_STYLED_ITEM('overriding color',(#9003),#5521,#8662);
#9003 = PRESENTATION_STYLE_ASSIGNMENT((#9004));
#9004 = SURFACE_STYLE_USAGE(.BOTH.,#9005);
#9005 = SURFACE_SIDE_STYLE('',(#9006));
#9006 = SURFACE_STYLE_FILL_AREA(#9007);
#9007 = FILL_AREA_STYLE('',(#9008));
#9008 = FILL_AREA_STYLE_COLOUR('',#8679);
#9009 = OVER_RIDING_STYLED_ITEM('overriding color',(#9010),#5595,#8662);
#9010 = PRESENTATION_STYLE_ASSIGNMENT((#9011));
#9011 = SURFACE_STYLE_USAGE(.BOTH.,#9012);
#9012 = SURFACE_SIDE_STYLE('',(#9013));
#9013 = SURFACE_STYLE_FILL_AREA(#9014);
#9014 = FILL_AREA_STYLE('',(#9015));
#9015 = FILL_AREA_STYLE_COLOUR('',#8679);
#9016 = OVER_RIDING_STYLED_ITEM('overriding color',(#9017),#5638,#8662);
#9017 = PRESENTATION_STYLE_ASSIGNMENT((#9018));
#9018 = SURFACE_STYLE_USAGE(.BOTH.,#9019);
#9019 = SURFACE_SIDE_STYLE('',(#9020));
#9020 = SURFACE_STYLE_FILL_AREA(#9021);
#9021 = FILL_AREA_STYLE('',(#9022));
#9022 = FILL_AREA_STYLE_COLOUR('',#8679);
#9023 = OVER_RIDING_STYLED_ITEM('overriding color',(#9024),#5656,#8662);
#9024 = PRESENTATION_STYLE_ASSIGNMENT((#9025));
#9025 = SURFACE_STYLE_USAGE(.BOTH.,#9026);
#9026 = SURFACE_SIDE_STYLE('',(#9027));
#9027 = SURFACE_STYLE_FILL_AREA(#9028);
#9028 = FILL_AREA_STYLE('',(#9029));
#9029 = FILL_AREA_STYLE_COLOUR('',#8679);
#9030 = OVER_RIDING_STYLED_ITEM('overriding color',(#9031),#5687,#8662);
#9031 = PRESENTATION_STYLE_ASSIGNMENT((#9032));
#9032 = SURFACE_STYLE_USAGE(.BOTH.,#9033);
#9033 = SURFACE_SIDE_STYLE('',(#9034));
#9034 = SURFACE_STYLE_FILL_AREA(#9035);
#9035 = FILL_AREA_STYLE('',(#9036));
#9036 = FILL_AREA_STYLE_COLOUR('',#8679);
#9037 = OVER_RIDING_STYLED_ITEM('overriding color',(#9038),#5711,#8662);
#9038 = PRESENTATION_STYLE_ASSIGNMENT((#9039));
#9039 = SURFACE_STYLE_USAGE(.BOTH.,#9040);
#9040 = SURFACE_SIDE_STYLE('',(#9041));
#9041 = SURFACE_STYLE_FILL_AREA(#9042);
#9042 = FILL_AREA_STYLE('',(#9043));
#9043 = FILL_AREA_STYLE_COLOUR('',#8679);
#9044 = OVER_RIDING_STYLED_ITEM('overriding color',(#9045),#5735,#8662);
#9045 = PRESENTATION_STYLE_ASSIGNMENT((#9046));
#9046 = SURFACE_STYLE_USAGE(.BOTH.,#9047);
#9047 = SURFACE_SIDE_STYLE('',(#9048));
#9048 = SURFACE_STYLE_FILL_AREA(#9049);
#9049 = FILL_AREA_STYLE('',(#9050));
#9050 = FILL_AREA_STYLE_COLOUR('',#8679);
#9051 = OVER_RIDING_STYLED_ITEM('overriding color',(#9052),#5759,#8662);
#9052 = PRESENTATION_STYLE_ASSIGNMENT((#9053));
#9053 = SURFACE_STYLE_USAGE(.BOTH.,#9054);
#9054 = SURFACE_SIDE_STYLE('',(#9055));
#9055 = SURFACE_STYLE_FILL_AREA(#9056);
#9056 = FILL_AREA_STYLE('',(#9057));
#9057 = FILL_AREA_STYLE_COLOUR('',#8679);
#9058 = OVER_RIDING_STYLED_ITEM('overriding color',(#9059),#5783,#8662);
#9059 = PRESENTATION_STYLE_ASSIGNMENT((#9060));
#9060 = SURFACE_STYLE_USAGE(.BOTH.,#9061);
#9061 = SURFACE_SIDE_STYLE('',(#9062));
#9062 = SURFACE_STYLE_FILL_AREA(#9063);
#9063 = FILL_AREA_STYLE('',(#9064));
#9064 = FILL_AREA_STYLE_COLOUR('',#8679);
#9065 = OVER_RIDING_STYLED_ITEM('overriding color',(#9066),#5800,#8662);
#9066 = PRESENTATION_STYLE_ASSIGNMENT((#9067));
#9067 = SURFACE_STYLE_USAGE(.BOTH.,#9068);
#9068 = SURFACE_SIDE_STYLE('',(#9069));
#9069 = SURFACE_STYLE_FILL_AREA(#9070);
#9070 = FILL_AREA_STYLE('',(#9071));
#9071 = FILL_AREA_STYLE_COLOUR('',#8679);
#9072 = MECHANICAL_DESIGN_GEOMETRIC_PRESENTATION_REPRESENTATION('',(
    #9073),#8588);
#9073 = STYLED_ITEM('color',(#9074),#6184);
#9074 = PRESENTATION_STYLE_ASSIGNMENT((#9075,#9080));
#9075 = SURFACE_STYLE_USAGE(.BOTH.,#9076);
#9076 = SURFACE_SIDE_STYLE('',(#9077));
#9077 = SURFACE_STYLE_FILL_AREA(#9078);
#9078 = FILL_AREA_STYLE('',(#9079));
#9079 = FILL_AREA_STYLE_COLOUR('',#8607);
#9080 = CURVE_STYLE('',#9081,POSITIVE_LENGTH_MEASURE(0.1),#8610);
#9081 = DRAUGHTING_PRE_DEFINED_CURVE_FONT('continuous');
#9082 = MECHANICAL_DESIGN_GEOMETRIC_PRESENTATION_REPRESENTATION('',(
    #9083),#1575);
#9083 = STYLED_ITEM('color',(#9084),#1425);
#9084 = PRESENTATION_STYLE_ASSIGNMENT((#9085,#9090));
#9085 = SURFACE_STYLE_USAGE(.BOTH.,#9086);
#9086 = SURFACE_SIDE_STYLE('',(#9087));
#9087 = SURFACE_STYLE_FILL_AREA(#9088);
#9088 = FILL_AREA_STYLE('',(#9089));
#9089 = FILL_AREA_STYLE_COLOUR('',#8607);
#9090 = CURVE_STYLE('',#9091,POSITIVE_LENGTH_MEASURE(0.1),#8610);
#9091 = DRAUGHTING_PRE_DEFINED_CURVE_FONT('continuous');
#9092 = MECHANICAL_DESIGN_GEOMETRIC_PRESENTATION_REPRESENTATION('',(
    #9093),#1406);
#9093 = STYLED_ITEM('color',(#9094),#1256);
#9094 = PRESENTATION_STYLE_ASSIGNMENT((#9095,#9100));
#9095 = SURFACE_STYLE_USAGE(.BOTH.,#9096);
#9096 = SURFACE_SIDE_STYLE('',(#9097));
#9097 = SURFACE_STYLE_FILL_AREA(#9098);
#9098 = FILL_AREA_STYLE('',(#9099));
#9099 = FILL_AREA_STYLE_COLOUR('',#8607);
#9100 = CURVE_STYLE('',#9101,POSITIVE_LENGTH_MEASURE(0.1),#8610);
#9101 = DRAUGHTING_PRE_DEFINED_CURVE_FONT('continuous');
#9102 = MECHANICAL_DESIGN_GEOMETRIC_PRESENTATION_REPRESENTATION('',(
    #9103),#561);
#9103 = STYLED_ITEM('color',(#9104),#411);
#9104 = PRESENTATION_STYLE_ASSIGNMENT((#9105,#9110));
#9105 = SURFACE_STYLE_USAGE(.BOTH.,#9106);
#9106 = SURFACE_SIDE_STYLE('',(#9107));
#9107 = SURFACE_STYLE_FILL_AREA(#9108);
#9108 = FILL_AREA_STYLE('',(#9109));
#9109 = FILL_AREA_STYLE_COLOUR('',#8607);
#9110 = CURVE_STYLE('',#9111,POSITIVE_LENGTH_MEASURE(0.1),#8610);
#9111 = DRAUGHTING_PRE_DEFINED_CURVE_FONT('continuous');
ENDSEC;
END-ISO-10303-21;
