ISO-10303-21;
HEADER;
FILE_DESCRIPTION (( 'STEP AP203' ),
    '1' );
FILE_NAME ('MS110-10F.step',
    '2020-10-06T07:02:03',
    ( '' ),
    ( '' ),
    'SwSTEP 2.0',
    'SolidWorks 2018',
    '' );
FILE_SCHEMA (( 'CONFIG_CONTROL_DESIGN' ));
ENDSEC;

DATA;
#1 = PERSON_AND_ORGANIZATION ( #543, #1487 ) ;
#2 = CARTESIAN_POINT ( 'NONE',  ( 3.999999999999781508, -0.3000000000001300515, -5.200000000000329692 ) ) ;
#3 = CC_DESIGN_APPROVAL ( #2178, ( #406 ) ) ;
#4 = VECTOR ( 'NONE', #2034, 1000.000000000000000 ) ;
#5 = AXIS2_PLACEMENT_3D ( 'NONE', #757, #1108, #1987 ) ;
#6 = DIRECTION ( 'NONE',  ( -1.000000000000000000, 3.446445110293652127E-14, -6.971853649950620474E-15 ) ) ;
#7 = FACE_OUTER_BOUND ( 'NONE', #2131, .T. ) ;
#8 = ORIENTED_EDGE ( 'NONE', *, *, #501, .F. ) ;
#9 = DIRECTION ( 'NONE',  ( -8.673617379883298676E-15, 1.626303258728118403E-15, 1.000000000000000000 ) ) ;
#10 = ORIENTED_EDGE ( 'NONE', *, *, #383, .F. ) ;
#11 = VECTOR ( 'NONE', #1313, 1000.000000000000000 ) ;
#12 = ORIENTED_EDGE ( 'NONE', *, *, #309, .F. ) ;
#13 = DIRECTION ( 'NONE',  ( -3.446445110293486782E-14, 1.000000000000000000, 1.642999669122312898E-15 ) ) ;
#14 = ORIENTED_EDGE ( 'NONE', *, *, #786, .T. ) ;
#15 = DIRECTION ( 'NONE',  ( 1.000000000000000000, -3.446445110293655283E-14, -1.070553785268569865E-14 ) ) ;
#16 = DIRECTION ( 'NONE',  ( -3.446445110293486782E-14, 1.000000000000000000, 1.642999669122312898E-15 ) ) ;
#17 = VERTEX_POINT ( 'NONE', #249 ) ;
#18 = ORIENTED_EDGE ( 'NONE', *, *, #1986, .F. ) ;
#19 = CYLINDRICAL_SURFACE ( 'NONE', #2090, 0.4000000000000345501 ) ;
#20 = CARTESIAN_POINT ( 'NONE',  ( 1.000000000000007772, -0.3000000000000415668, 1.870828693387019293 ) ) ;
#21 = ORIENTED_EDGE ( 'NONE', *, *, #1411, .F. ) ;
#22 = CARTESIAN_POINT ( 'NONE',  ( 3.999999999999767741, -0.3000000000001300515, -4.000000000000350830 ) ) ;
#23 = VECTOR ( 'NONE', #1049, 1000.000000000000000 ) ;
#24 = AXIS2_PLACEMENT_3D ( 'NONE', #185, #1433, #1076 ) ;
#25 = CARTESIAN_POINT ( 'NONE',  ( -0.8194444444444282105, 3.989863994746656317E-14, 2.925580516513176299 ) ) ;
#26 = ADVANCED_FACE ( 'NONE', ( #1334 ), #1055, .F. ) ;
#27 = AXIS2_PLACEMENT_3D ( 'NONE', #1087, #2116, #1064 ) ;
#28 = CARTESIAN_POINT ( 'NONE',  ( 5.499999999999824141, -2.800000000000159250, 4.000000000000280664 ) ) ;
#29 = CARTESIAN_POINT ( 'NONE',  ( 3.999999999999823252, -2.800000000000165912, 4.000000000000280664 ) ) ;
#30 = EDGE_CURVE ( 'NONE', #160, #492, #1363, .T. ) ;
#31 = CARTESIAN_POINT ( 'NONE',  ( 3.999999999999781508, -0.8000000000001361578, -4.000000000000336620 ) ) ;
#32 = EDGE_CURVE ( 'NONE', #1995, #1280, #2275, .T. ) ;
#33 = CARTESIAN_POINT ( 'NONE',  ( -0.7499999999999867883, 3.989863994746656317E-14, 2.685419176710529321 ) ) ;
#34 = DIRECTION ( 'NONE',  ( -1.040834085585991329E-14, 1.734723475976652280E-15, 1.000000000000000000 ) ) ;
#35 = CARTESIAN_POINT ( 'NONE',  ( -3.999999999999733102, 1.301042606982605321E-13, 4.000000000000280664 ) ) ;
#36 = ADVANCED_FACE ( 'NONE', ( #229 ), #1747, .F. ) ;
#37 = VECTOR ( 'NONE', #1674, 1000.000000000000000 ) ;
#38 = EDGE_CURVE ( 'NONE', #1477, #315, #1304, .T. ) ;
#39 = ORIENTED_EDGE ( 'NONE', *, *, #2287, .T. ) ;
#40 = DIRECTION ( 'NONE',  ( -3.446445110293486782E-14, 1.000000000000000000, 1.642999669122312898E-15 ) ) ;
#41 = ORIENTED_EDGE ( 'NONE', *, *, #749, .F. ) ;
#42 = LINE ( 'NONE', #1789, #1032 ) ;
#43 = AXIS2_PLACEMENT_3D ( 'NONE', #630, #2011, #1503 ) ;
#44 = DIRECTION ( 'NONE',  ( -1.040834085585995589E-14, 1.626303258728118009E-15, 1.000000000000000000 ) ) ;
#45 = LINE ( 'NONE', #1463, #1608 ) ;
#46 = ORIENTED_EDGE ( 'NONE', *, *, #78, .T. ) ;
#47 = DIRECTION ( 'NONE',  ( 1.000000000000000000, -3.446445110293655283E-14, -1.070553785268569865E-14 ) ) ;
#48 = ORIENTED_EDGE ( 'NONE', *, *, #2035, .T. ) ;
#49 = ORIENTED_EDGE ( 'NONE', *, *, #649, .T. ) ;
#50 = EDGE_LOOP ( 'NONE', ( #1981, #1795, #1399, #2187 ) ) ;
#51 = CARTESIAN_POINT ( 'NONE',  ( 1.250000000000007994, -4.857225732735059864E-14, 1.870828693387019293 ) ) ;
#52 = PLANE ( 'NONE',  #230 ) ;
#53 = CYLINDRICAL_SURFACE ( 'NONE', #2007, 0.2500000000000223155 ) ;
#54 = DIRECTION ( 'NONE',  ( -1.115179377413570331E-14, 1.626303258728123334E-15, 1.000000000000000000 ) ) ;
#55 = ORIENTED_EDGE ( 'NONE', *, *, #1244, .T. ) ;
#56 = AXIS2_PLACEMENT_3D ( 'NONE', #448, #2012, #963 ) ;
#57 = EDGE_CURVE ( 'NONE', #1972, #173, #1656, .T. ) ;
#58 = CARTESIAN_POINT ( 'NONE',  ( 0.9999999999999314992, -0.3000000000000363487, 4.200000000000272848 ) ) ;
#59 = DIRECTION ( 'NONE',  ( -3.446445110293486782E-14, 1.000000000000000000, 1.642999669122312898E-15 ) ) ;
#60 = VECTOR ( 'NONE', #1228, 1000.000000000000000 ) ;
#61 = CIRCLE ( 'NONE', #1526, 0.4999999999999787392 ) ;
#62 = ORIENTED_EDGE ( 'NONE', *, *, #2162, .T. ) ;
#63 = DIRECTION ( 'NONE',  ( -1.000000000000000000, 2.114194236346824523E-14, 1.084202172485550977E-14 ) ) ;
#64 = CARTESIAN_POINT ( 'NONE',  ( -1.111111111111062755, -0.2999999999999515832, -1.662958838566194864 ) ) ;
#65 = EDGE_LOOP ( 'NONE', ( #1822, #1174, #1862, #1155 ) ) ;
#66 = CIRCLE ( 'NONE', #285, 0.6500000000000550893 ) ;
#67 = ORIENTED_EDGE ( 'NONE', *, *, #1878, .F. ) ;
#68 = ORIENTED_EDGE ( 'NONE', *, *, #860, .T. ) ;
#69 = ADVANCED_FACE ( 'NONE', ( #1522 ), #1691, .F. ) ;
#70 = DIRECTION ( 'NONE',  ( -1.065814103640070604E-14, 1.642999669122173467E-15, 1.000000000000000000 ) ) ;
#71 = EDGE_LOOP ( 'NONE', ( #957, #1909, #1254, #1695 ) ) ;
#72 = VERTEX_POINT ( 'NONE', #444 ) ;
#73 = LINE ( 'NONE', #312, #1895 ) ;
#74 = CARTESIAN_POINT ( 'NONE',  ( -3.999999999999746869, 1.301042606982605321E-13, 5.500000000000282441 ) ) ;
#75 = ORIENTED_EDGE ( 'NONE', *, *, #910, .T. ) ;
#76 = LINE ( 'NONE', #1791, #299 ) ;
#77 = PRODUCT_DEFINITION ( 'UNKNOWN', '', #1898, #606 ) ;
#78 = EDGE_CURVE ( 'NONE', #315, #1699, #398, .T. ) ;
#79 = CARTESIAN_POINT ( 'NONE',  ( -3.999999999999712230, -0.7999999999998793632, -5.500000000000337508 ) ) ;
#80 = AXIS2_PLACEMENT_3D ( 'NONE', #58, #1453, #1130 ) ;
#81 = DIRECTION ( 'NONE',  ( 1.000000000000000000, -3.446445110293655283E-14, -1.297110567103824375E-14 ) ) ;
#82 = DIRECTION ( 'NONE',  ( 1.040834085585994800E-14, -1.734723475976658000E-15, -1.000000000000000000 ) ) ;
#83 = APPROVAL_DATE_TIME ( #307, #808 ) ;
#84 = DIRECTION ( 'NONE',  ( 1.000000000000000000, -3.446445110293652127E-14, 1.076656125364930066E-14 ) ) ;
#85 = DIRECTION ( 'NONE',  ( -3.446445110293486782E-14, 1.000000000000000000, 1.642999669122312898E-15 ) ) ;
#86 = DIRECTION ( 'NONE',  ( 8.923417560424167157E-15, -1.642999669122113908E-15, -1.000000000000000000 ) ) ;
#87 = CARTESIAN_POINT ( 'NONE',  ( -4.199999999999731948, -0.2999999999998732569, -4.000000000000322409 ) ) ;
#88 = VECTOR ( 'NONE', #2204, 1000.000000000000000 ) ;
#89 = DIRECTION ( 'NONE',  ( -3.446445110293486782E-14, 1.000000000000000000, 1.642999669122312898E-15 ) ) ;
#90 = ORIENTED_EDGE ( 'NONE', *, *, #1296, .T. ) ;
#91 = ORIENTED_EDGE ( 'NONE', *, *, #1915, .T. ) ;
#92 = AXIS2_PLACEMENT_3D ( 'NONE', #386, #547, #1784 ) ;
#93 = DIRECTION ( 'NONE',  ( 1.000000000000000000, -3.446445110293655283E-14, -1.070553785268569865E-14 ) ) ;
#94 = LINE ( 'NONE', #486, #736 ) ;
#95 = CARTESIAN_POINT ( 'NONE',  ( -0.9999999999999245048, -0.2999999999999636846, -2.685419176710529321 ) ) ;
#96 = VECTOR ( 'NONE', #1213, 1000.000000000000000 ) ;
#97 = DIRECTION ( 'NONE',  ( -3.446445110293486782E-14, 1.000000000000000000, 1.642999669122312898E-15 ) ) ;
#98 = VERTEX_POINT ( 'NONE', #189 ) ;
#99 = CARTESIAN_POINT ( 'NONE',  ( -4.699999999999718625, -0.7999999999998481659, -4.000000000000336620 ) ) ;
#100 = ORIENTED_EDGE ( 'NONE', *, *, #617, .F. ) ;
#101 = DIRECTION ( 'NONE',  ( -3.446445110293486782E-14, 1.000000000000000000, 1.642999669122312898E-15 ) ) ;
#102 = ORIENTED_EDGE ( 'NONE', *, *, #1924, .T. ) ;
#103 = ORIENTED_EDGE ( 'NONE', *, *, #111, .F. ) ;
#104 = EDGE_CURVE ( 'NONE', #1696, #346, #1602, .T. ) ;
#105 = ORIENTED_EDGE ( 'NONE', *, *, #1014, .T. ) ;
#106 = FACE_OUTER_BOUND ( 'NONE', #785, .T. ) ;
#107 = DIRECTION ( 'NONE',  ( 1.000000000000000000, -3.446445110293655283E-14, -1.065814103640217805E-14 ) ) ;
#108 = DIRECTION ( 'NONE',  ( 1.076656125364924386E-14, -1.642999669122178200E-15, -1.000000000000000000 ) ) ;
#109 = ORIENTED_EDGE ( 'NONE', *, *, #937, .F. ) ;
#110 = EDGE_CURVE ( 'NONE', #1833, #725, #119, .T. ) ;
#111 = EDGE_CURVE ( 'NONE', #1506, #1417, #842, .T. ) ;
#112 = DIRECTION ( 'NONE',  ( -1.040834085585985965E-14, -1.642999669122671830E-15, 1.000000000000000000 ) ) ;
#113 = AXIS2_PLACEMENT_3D ( 'NONE', #33, #887, #360 ) ;
#114 = CARTESIAN_POINT ( 'NONE',  ( -3.999999999999725997, -0.2999999999998802513, -4.000000000000322409 ) ) ;
#115 = PLANE ( 'NONE',  #350 ) ;
#116 = CARTESIAN_POINT ( 'NONE',  ( 4.699999999999787903, -0.8000000000001673550, -4.000000000000336620 ) ) ;
#117 = CIRCLE ( 'NONE', #2167, 0.2000000000000169975 ) ;
#118 = ADVANCED_FACE ( 'NONE', ( #1934 ), #867, .F. ) ;
#119 = CIRCLE ( 'NONE', #1481, 0.2500000000000219269 ) ;
#120 = DIRECTION ( 'NONE',  ( 3.446445110293486782E-14, -1.000000000000000000, -1.642999669122312898E-15 ) ) ;
#121 = CYLINDRICAL_SURFACE ( 'NONE', #639, 0.2000000000000169975 ) ;
#122 = ORIENTED_EDGE ( 'NONE', *, *, #1296, .F. ) ;
#123 = CC_DESIGN_SECURITY_CLASSIFICATION ( #406, ( #1898 ) ) ;
#124 = ORIENTED_EDGE ( 'NONE', *, *, #1612, .F. ) ;
#125 = DIRECTION ( 'NONE',  ( 1.084202172485409297E-14, -1.734723475976655041E-15, -1.000000000000000000 ) ) ;
#126 =( LENGTH_UNIT ( ) NAMED_UNIT ( * ) SI_UNIT ( .MILLI., .METRE. ) );
#127 = AXIS2_PLACEMENT_3D ( 'NONE', #1123, #2152, #922 ) ;
#128 = DIRECTION ( 'NONE',  ( -1.000000000000000000, 3.446445110293655283E-14, 1.065814103640217805E-14 ) ) ;
#129 = VERTEX_POINT ( 'NONE', #1719 ) ;
#130 = ORIENTED_EDGE ( 'NONE', *, *, #501, .T. ) ;
#131 = VECTOR ( 'NONE', #416, 1000.000000000000000 ) ;
#132 = CARTESIAN_POINT ( 'NONE',  ( 1.000000000000007772, -0.3000000000000415668, 1.870828693387019293 ) ) ;
#133 = ORIENTED_EDGE ( 'NONE', *, *, #578, .T. ) ;
#134 = CIRCLE ( 'NONE', #2117, 0.6500000000000563105 ) ;
#135 = CARTESIAN_POINT ( 'NONE',  ( -3.999999999999712230, -0.7999999999998793632, -4.000000000000336620 ) ) ;
#136 = DIRECTION ( 'NONE',  ( 1.000000000000000000, 0.0000000000000000000, 0.0000000000000000000 ) ) ;
#137 = ADVANCED_FACE ( 'NONE', ( #1468 ), #1196, .T. ) ;
#138 = DIRECTION ( 'NONE',  ( -1.470582914701532222E-14, -1.642999669121299015E-15, -1.000000000000000000 ) ) ;
#139 = EDGE_CURVE ( 'NONE', #98, #1736, #1717, .T. ) ;
#140 = CARTESIAN_POINT ( 'NONE',  ( -1.249999999999931610, -0.2999999999999515832, -1.870828693387019293 ) ) ;
#141 = AXIS2_PLACEMENT_3D ( 'NONE', #666, #495, #913 ) ;
#142 = EDGE_CURVE ( 'NONE', #1917, #1290, #1574, .T. ) ;
#143 = FACE_OUTER_BOUND ( 'NONE', #2220, .T. ) ;
#144 = EDGE_LOOP ( 'NONE', ( #791, #1009, #1826, #1918 ) ) ;
#145 = EDGE_CURVE ( 'NONE', #1305, #797, #2127, .T. ) ;
#146 = DIRECTION ( 'NONE',  ( 1.076656125364924386E-14, -1.642999669122178200E-15, -1.000000000000000000 ) ) ;
#147 = ORIENTED_EDGE ( 'NONE', *, *, #1379, .F. ) ;
#148 = FACE_OUTER_BOUND ( 'NONE', #573, .T. ) ;
#149 = FACE_OUTER_BOUND ( 'NONE', #1668, .T. ) ;
#150 = ORIENTED_EDGE ( 'NONE', *, *, #749, .T. ) ;
#151 = EDGE_CURVE ( 'NONE', #1733, #824, #1282, .T. ) ;
#152 = ORIENTED_EDGE ( 'NONE', *, *, #139, .T. ) ;
#153 = PERSON_AND_ORGANIZATION_ROLE ( 'creator' ) ;
#154 = ORIENTED_EDGE ( 'NONE', *, *, #2078, .F. ) ;
#155 = AXIS2_PLACEMENT_3D ( 'NONE', #1875, #1177, #2251 ) ;
#156 = LINE ( 'NONE', #1315, #1209 ) ;
#157 = DIRECTION ( 'NONE',  ( -3.446445110293486782E-14, 1.000000000000000000, 1.642999669122312898E-15 ) ) ;
#158 = ORIENTED_EDGE ( 'NONE', *, *, #617, .T. ) ;
#159 = CYLINDRICAL_SURFACE ( 'NONE', #1882, 0.2500000000000238698 ) ;
#160 = VERTEX_POINT ( 'NONE', #2004 ) ;
#161 = ADVANCED_FACE ( 'NONE', ( #813 ), #1629, .F. ) ;
#162 = CARTESIAN_POINT ( 'NONE',  ( 3.999999999999781508, -0.8000000000001361578, -5.500000000000337508 ) ) ;
#163 = AXIS2_PLACEMENT_3D ( 'NONE', #1929, #13, #1046 ) ;
#164 = DIRECTION ( 'NONE',  ( 1.065814103640223485E-14, 1.642999669121438643E-15, 1.000000000000000000 ) ) ;
#165 = AXIS2_PLACEMENT_3D ( 'NONE', #2210, #85, #435 ) ;
#166 = COORDINATED_UNIVERSAL_TIME_OFFSET ( 2, 0, .AHEAD. ) ;
#167 = DIRECTION ( 'NONE',  ( -1.115179377413567491E-14, 1.626303258728119192E-15, 1.000000000000000000 ) ) ;
#168 = CYLINDRICAL_SURFACE ( 'NONE', #141, 0.4000000000000345501 ) ;
#169 = CIRCLE ( 'NONE', #2115, 1.200000000000102096 ) ;
#170 = DIRECTION ( 'NONE',  ( -1.040834085586005686E-14, 1.734723475976676144E-15, 1.000000000000000000 ) ) ;
#171 = EDGE_CURVE ( 'NONE', #1605, #851, #1252, .T. ) ;
#172 = CIRCLE ( 'NONE', #920, 0.4000000000000345501 ) ;
#173 = VERTEX_POINT ( 'NONE', #1044 ) ;
#174 = CARTESIAN_POINT ( 'NONE',  ( -3.999999999999725997, -0.2999999999998698152, 4.200000000000287059 ) ) ;
#175 = VERTEX_POINT ( 'NONE', #1414 ) ;
#176 = CARTESIAN_POINT ( 'NONE',  ( -3.999999999999746869, -0.2999999999998698152, 4.000000000000280664 ) ) ;
#177 = CLOSED_SHELL ( 'NONE', ( #316, #1358, #733, #2266, #1618, #557, #1371, #1125, #1636, #852, #1299, #1392, #118, #1110, #2080, #2176, #839, #1557, #1193, #1712, #1819, #689, #871, #242, #1051, #593, #1960, #26, #192, #1800, #302, #1404, #1686, #1042, #1088, #592, #2265, #696, #1648, #137, #474, #1537, #1464, #675, #161, #612, #2183, #1902, #2098, #662, #1545, #771, #520, #36, #1307, #2003, #1005, #2270, #1186, #1383, #1218, #1524, #1231, #409, #1746, #1268, #1208, #1350, #2042, #2160, #2284, #1906, #69, #2140 ) ) ;
#178 = CIRCLE ( 'NONE', #1580, 0.6500000000000550893 ) ;
#179 = AXIS2_PLACEMENT_3D ( 'NONE', #389, #2137, #741 ) ;
#180 = VERTEX_POINT ( 'NONE', #552 ) ;
#181 = DIRECTION ( 'NONE',  ( 3.446445110293482995E-14, -1.000000000000000000, 1.642999669122540682E-15 ) ) ;
#182 = AXIS2_PLACEMENT_3D ( 'NONE', #2281, #1759, #1912 ) ;
#183 = DIRECTION ( 'NONE',  ( 1.084202172485412295E-14, -6.098637220230444160E-15, -1.000000000000000000 ) ) ;
#184 = CIRCLE ( 'NONE', #1298, 0.7999999999999656275 ) ;
#185 = CARTESIAN_POINT ( 'NONE',  ( 0.9999999999999870104, -0.3000000000000467848, -3.550000000000344436 ) ) ;
#186 = DIRECTION ( 'NONE',  ( -3.446445110293486782E-14, 1.000000000000000000, 1.642999669122312898E-15 ) ) ;
#187 = DIRECTION ( 'NONE',  ( -1.067522139062560031E-14, 1.642999669122172087E-15, 1.000000000000000000 ) ) ;
#188 = EDGE_CURVE ( 'NONE', #1418, #1289, #2245, .T. ) ;
#189 = CARTESIAN_POINT ( 'NONE',  ( 5.499999999999727329, -0.8000000000001828981, 4.000000000000280664 ) ) ;
#190 = DIRECTION ( 'NONE',  ( -1.000000000000000000, 3.446445110293655283E-14, 1.076656125365073954E-14 ) ) ;
#191 = CALENDAR_DATE ( 2020, 6, 10 ) ;
#192 = ADVANCED_FACE ( 'NONE', ( #1194 ), #286, .T. ) ;
#193 = EDGE_CURVE ( 'NONE', #17, #1883, #890, .T. ) ;
#194 = AXIS2_PLACEMENT_3D ( 'NONE', #1585, #373, #533 ) ;
#195 = PLANE ( 'NONE',  #1482 ) ;
#196 = LINE ( 'NONE', #2192, #2094 ) ;
#197 = EDGE_LOOP ( 'NONE', ( #987, #67, #635, #1555 ) ) ;
#198 = DIRECTION ( 'NONE',  ( -3.446445110293486782E-14, 1.000000000000000000, 1.642999669122312898E-15 ) ) ;
#199 = CARTESIAN_POINT ( 'NONE',  ( 3.999999999999725997, -1.196959198423996895E-13, 5.500000000000282441 ) ) ;
#200 = ORIENTED_EDGE ( 'NONE', *, *, #649, .F. ) ;
#201 = VECTOR ( 'NONE', #719, 1000.000000000000000 ) ;
#202 = CARTESIAN_POINT ( 'NONE',  ( -3.999999999999746869, -0.2999999999998698152, 4.700000000000273737 ) ) ;
#203 = VECTOR ( 'NONE', #942, 1000.000000000000000 ) ;
#204 = ORIENTED_EDGE ( 'NONE', *, *, #1823, .T. ) ;
#205 = DIRECTION ( 'NONE',  ( -3.446445110293486782E-14, 1.000000000000000000, 1.642999669122312898E-15 ) ) ;
#206 = DIRECTION ( 'NONE',  ( -3.446445110293486782E-14, 1.000000000000000000, 1.642999669122312898E-15 ) ) ;
#207 = DIRECTION ( 'NONE',  ( 1.065814103640070604E-14, -1.642999669122173467E-15, -1.000000000000000000 ) ) ;
#208 = VERTEX_POINT ( 'NONE', #356 ) ;
#209 = ORIENTED_EDGE ( 'NONE', *, *, #1873, .T. ) ;
#210 = CC_DESIGN_DATE_AND_TIME_ASSIGNMENT ( #1650, #2258, ( #77 ) ) ;
#211 = LINE ( 'NONE', #1306, #2144 ) ;
#212 = DIRECTION ( 'NONE',  ( -2.139880577972877413E-15, 1.642999669121879419E-15, 1.000000000000000000 ) ) ;
#213 = ORIENTED_EDGE ( 'NONE', *, *, #502, .F. ) ;
#214 = CARTESIAN_POINT ( 'NONE',  ( 3.999999999999725997, -0.8000000000001205036, 5.500000000000282441 ) ) ;
#215 = LINE ( 'NONE', #174, #1838 ) ;
#216 = ORIENTED_EDGE ( 'NONE', *, *, #387, .F. ) ;
#217 = CARTESIAN_POINT ( 'NONE',  ( 4.699999999999718625, -1.543903893619358314E-13, 4.000000000000280664 ) ) ;
#218 = EDGE_CURVE ( 'NONE', #977, #1666, #727, .T. ) ;
#219 = DIRECTION ( 'NONE',  ( -1.000000000000000000, 3.447762908504054930E-14, 1.098658201452025737E-14 ) ) ;
#220 = DIRECTION ( 'NONE',  ( -1.098658201451884215E-14, 1.734723475976659183E-15, 1.000000000000000000 ) ) ;
#221 = DIRECTION ( 'NONE',  ( -1.065814103640070604E-14, 1.642999669122173270E-15, 1.000000000000000000 ) ) ;
#222 = DIRECTION ( 'NONE',  ( -1.054972081915217137E-14, 1.642999669122169523E-15, 1.000000000000000000 ) ) ;
#223 = VECTOR ( 'NONE', #81, 1000.000000000000000 ) ;
#224 = CARTESIAN_POINT ( 'NONE',  ( 5.199999999999718625, -0.8000000000001725731, 4.000000000000280664 ) ) ;
#225 = EDGE_CURVE ( 'NONE', #339, #1069, #1169, .T. ) ;
#226 = ORIENTED_EDGE ( 'NONE', *, *, #225, .T. ) ;
#227 = EDGE_CURVE ( 'NONE', #928, #2282, #1797, .T. ) ;
#228 = ORIENTED_EDGE ( 'NONE', *, *, #937, .T. ) ;
#229 = FACE_OUTER_BOUND ( 'NONE', #1744, .T. ) ;
#230 = AXIS2_PLACEMENT_3D ( 'NONE', #589, #1285, #221 ) ;
#231 = DIRECTION ( 'NONE',  ( -3.446445110293486782E-14, 1.000000000000000000, 1.642999669122312898E-15 ) ) ;
#232 = LINE ( 'NONE', #333, #532 ) ;
#233 = ORIENTED_EDGE ( 'NONE', *, *, #2078, .T. ) ;
#234 = CARTESIAN_POINT ( 'NONE',  ( -3.999999999999746869, -0.7999999999998637090, 4.000000000000280664 ) ) ;
#235 = ORIENTED_EDGE ( 'NONE', *, *, #227, .F. ) ;
#236 = CARTESIAN_POINT ( 'NONE',  ( 3.999999999999940936, -2.800000000000166800, -5.500000000000337508 ) ) ;
#237 = ORIENTED_EDGE ( 'NONE', *, *, #885, .T. ) ;
#238 = CYLINDRICAL_SURFACE ( 'NONE', #2096, 0.6500000000000558664 ) ;
#239 = ORIENTED_EDGE ( 'NONE', *, *, #1054, .T. ) ;
#240 = PRODUCT_RELATED_PRODUCT_CATEGORY ( 'detail', '', ( #1940 ) ) ;
#241 = LINE ( 'NONE', #1764, #381 ) ;
#242 = ADVANCED_FACE ( 'NONE', ( #1227 ), #524, .F. ) ;
#243 = CARTESIAN_POINT ( 'NONE',  ( -5.499999999999752198, -1.599999999999808908, 0.4000000000000345501 ) ) ;
#244 = CARTESIAN_POINT ( 'NONE',  ( 3.999999999999767741, -1.301042606982605321E-13, -4.200000000000356337 ) ) ;
#245 = DIRECTION ( 'NONE',  ( 1.065814103640223485E-14, 1.642999669121438643E-15, 1.000000000000000000 ) ) ;
#246 = LOCAL_TIME ( 10, 2, 3.000000000000000000, #166 ) ;
#247 = CARTESIAN_POINT ( 'NONE',  ( 5.199999999999829647, -2.800000000000204992, 4.000000000000280664 ) ) ;
#248 = FACE_BOUND ( 'NONE', #2252, .T. ) ;
#249 = CARTESIAN_POINT ( 'NONE',  ( -4.199999999999731948, -0.2999999999998628764, 4.000000000000280664 ) ) ;
#250 = LINE ( 'NONE', #372, #528 ) ;
#251 = ORIENTED_EDGE ( 'NONE', *, *, #826, .F. ) ;
#252 = DIRECTION ( 'NONE',  ( -3.446445110293486782E-14, 1.000000000000000000, 1.642999669122312898E-15 ) ) ;
#253 = DIRECTION ( 'NONE',  ( -1.000000000000000000, 3.446445110293655914E-14, 1.412758798835626871E-14 ) ) ;
#254 = ORIENTED_EDGE ( 'NONE', *, *, #774, .F. ) ;
#255 = TOROIDAL_SURFACE ( 'NONE', #1396, 0.6999999999999992895, 0.7999999999999999334 ) ;
#256 = EDGE_CURVE ( 'NONE', #1290, #648, #250, .T. ) ;
#257 = AXIS2_PLACEMENT_3D ( 'NONE', #1772, #2123, #9 ) ;
#258 = FACE_OUTER_BOUND ( 'NONE', #1634, .T. ) ;
#259 = ORIENTED_EDGE ( 'NONE', *, *, #1652, .F. ) ;
#260 = DIRECTION ( 'NONE',  ( -1.040834085586001268E-14, 1.734723475976668847E-15, 1.000000000000000000 ) ) ;
#261 = EDGE_CURVE ( 'NONE', #1773, #1573, #61, .T. ) ;
#262 = PLANE ( 'NONE',  #521 ) ;
#263 = CARTESIAN_POINT ( 'NONE',  ( 0.0000000000000000000, -0.2999999999999999334, 0.0000000000000000000 ) ) ;
#264 = EDGE_CURVE ( 'NONE', #725, #1696, #1115, .T. ) ;
#265 = VERTEX_POINT ( 'NONE', #162 ) ;
#266 = ORIENTED_EDGE ( 'NONE', *, *, #1372, .F. ) ;
#267 = VECTOR ( 'NONE', #767, 1000.000000000000000 ) ;
#268 = CARTESIAN_POINT ( 'NONE',  ( 3.999999999999767741, -1.301042606982605321E-13, -4.000000000000350830 ) ) ;
#269 = VERTEX_POINT ( 'NONE', #1765 ) ;
#270 = CIRCLE ( 'NONE', #182, 0.5000000000000429656 ) ;
#271 = DIRECTION ( 'NONE',  ( -1.084202172485401409E-14, -1.642999669122686227E-15, 1.000000000000000000 ) ) ;
#272 = ORIENTED_EDGE ( 'NONE', *, *, #145, .T. ) ;
#273 = EDGE_CURVE ( 'NONE', #797, #98, #644, .T. ) ;
#274 = CARTESIAN_POINT ( 'NONE',  ( 3.999999999999940936, -2.800000000000166800, -4.000000000000336620 ) ) ;
#275 = CARTESIAN_POINT ( 'NONE',  ( -5.499999999999554134, -2.799999999999840838, -4.000000000000336620 ) ) ;
#276 = AXIS2_PLACEMENT_3D ( 'NONE', #1065, #912, #729 ) ;
#277 = DIRECTION ( 'NONE',  ( -1.084202172485409297E-14, 1.642999669122172875E-15, 1.000000000000000000 ) ) ;
#278 = DIRECTION ( 'NONE',  ( 8.673617379883298676E-15, -1.642999669122152759E-15, -1.000000000000000000 ) ) ;
#279 = DIRECTION ( 'NONE',  ( 1.084202172485410717E-14, -1.626303258728116234E-15, -1.000000000000000000 ) ) ;
#280 = APPROVAL_PERSON_ORGANIZATION ( #1818, #808, #861 ) ;
#281 = CARTESIAN_POINT ( 'NONE',  ( 3.999999999999781508, -0.8000000000001361578, -5.200000000000329692 ) ) ;
#282 = LINE ( 'NONE', #2024, #37 ) ;
#283 = VERTEX_POINT ( 'NONE', #1409 ) ;
#284 = ORIENTED_EDGE ( 'NONE', *, *, #966, .F. ) ;
#285 = AXIS2_PLACEMENT_3D ( 'NONE', #522, #1062, #187 ) ;
#286 = CYLINDRICAL_SURFACE ( 'NONE', #1297, 2.000000000000170974 ) ;
#287 = CARTESIAN_POINT ( 'NONE',  ( -3.999999999999552358, -2.799999999999833733, -5.500000000000337508 ) ) ;
#288 = CIRCLE ( 'NONE', #1907, 0.4000000000000345501 ) ;
#289 = FACE_OUTER_BOUND ( 'NONE', #408, .T. ) ;
#290 = CARTESIAN_POINT ( 'NONE',  ( -0.9999999999999870104, 4.683753385137379155E-14, 2.685419176710529321 ) ) ;
#291 = VERTEX_POINT ( 'NONE', #1575 ) ;
#292 = ORIENTED_EDGE ( 'NONE', *, *, #171, .T. ) ;
#293 = DIRECTION ( 'NONE',  ( -1.000000000000000000, 3.446445110293655914E-14, 1.412758798835626871E-14 ) ) ;
#294 = ORIENTED_EDGE ( 'NONE', *, *, #660, .F. ) ;
#295 = EDGE_CURVE ( 'NONE', #2083, #595, #169, .T. ) ;
#296 = ORIENTED_EDGE ( 'NONE', *, *, #1455, .F. ) ;
#297 = VECTOR ( 'NONE', #86, 1000.000000000000000 ) ;
#298 = CARTESIAN_POINT ( 'NONE',  ( 3.999999999999781508, -0.3000000000001300515, -4.000000000000336620 ) ) ;
#299 = VECTOR ( 'NONE', #2169, 1000.000000000000000 ) ;
#300 = CARTESIAN_POINT ( 'NONE',  ( -0.9999999999999870104, 4.683753385137379155E-14, 2.685419176710529321 ) ) ;
#301 = DIRECTION ( 'NONE',  ( -3.446445110293486782E-14, 1.000000000000000000, 1.642999669122312898E-15 ) ) ;
#302 = ADVANCED_FACE ( 'NONE', ( #761 ), #540, .F. ) ;
#303 = EDGE_CURVE ( 'NONE', #2172, #175, #944, .T. ) ;
#304 = DIRECTION ( 'NONE',  ( -2.139880577972869524E-15, 1.642999669121879025E-15, 1.000000000000000000 ) ) ;
#305 = AXIS2_PLACEMENT_3D ( 'NONE', #877, #503, #1905 ) ;
#306 = DIRECTION ( 'NONE',  ( 3.446445110293486782E-14, -1.000000000000000000, -1.642999669122312898E-15 ) ) ;
#307 = DATE_AND_TIME ( #1462, #359 ) ;
#308 = CARTESIAN_POINT ( 'NONE',  ( -1.111111111111104499, 4.857225732735059864E-14, 1.662958838566194864 ) ) ;
#309 = EDGE_CURVE ( 'NONE', #571, #1676, #418, .T. ) ;
#310 = DIRECTION ( 'NONE',  ( -3.446445110293486782E-14, 1.000000000000000000, 1.642999669122312898E-15 ) ) ;
#311 = FACE_OUTER_BOUND ( 'NONE', #2138, .T. ) ;
#312 = CARTESIAN_POINT ( 'NONE',  ( 4.199999999999745270, -0.3000000000001265543, 4.000000000000267342 ) ) ;
#313 = EDGE_LOOP ( 'NONE', ( #1091, #875, #1978, #1454 ) ) ;
#314 = VERTEX_POINT ( 'NONE', #1090 ) ;
#315 = VERTEX_POINT ( 'NONE', #2293 ) ;
#316 = ADVANCED_FACE ( 'NONE', ( #7 ), #168, .F. ) ;
#317 = VECTOR ( 'NONE', #433, 1000.000000000000000 ) ;
#318 = DIRECTION ( 'NONE',  ( -3.446445110293486782E-14, 1.000000000000000000, 1.642999669122312898E-15 ) ) ;
#319 = VERTEX_POINT ( 'NONE', #1609 ) ;
#320 = EDGE_CURVE ( 'NONE', #2029, #796, #1988, .T. ) ;
#321 = ORIENTED_EDGE ( 'NONE', *, *, #1839, .F. ) ;
#322 = LINE ( 'NONE', #1156, #2159 ) ;
#323 = AXIS2_PLACEMENT_3D ( 'NONE', #426, #1480, #2179 ) ;
#324 = DIRECTION ( 'NONE',  ( 3.446445110293486782E-14, -1.000000000000000000, -1.642999669122312898E-15 ) ) ;
#325 = ORIENTED_EDGE ( 'NONE', *, *, #218, .F. ) ;
#326 = EDGE_LOOP ( 'NONE', ( #91, #737, #1999, #228 ) ) ;
#327 = CIRCLE ( 'NONE', #911, 0.7000000000000573541 ) ;
#328 = DIRECTION ( 'NONE',  ( -1.065814103640070604E-14, 1.642999669122173467E-15, 1.000000000000000000 ) ) ;
#329 = ORIENTED_EDGE ( 'NONE', *, *, #1288, .F. ) ;
#330 = FACE_OUTER_BOUND ( 'NONE', #379, .T. ) ;
#331 = CARTESIAN_POINT ( 'NONE',  ( 1.250000000000007994, -0.3000000000000485056, 1.870828693387019293 ) ) ;
#332 = ORIENTED_EDGE ( 'NONE', *, *, #1761, .T. ) ;
#333 = CARTESIAN_POINT ( 'NONE',  ( 0.9999999999999870104, -0.3000000000000467848, -4.200000000000342126 ) ) ;
#334 = CARTESIAN_POINT ( 'NONE',  ( 3.999999999999767741, -0.3000000000001300515, -4.200000000000356337 ) ) ;
#335 = EDGE_CURVE ( 'NONE', #801, #1368, #504, .T. ) ;
#336 = VECTOR ( 'NONE', #293, 1000.000000000000000 ) ;
#337 = ORIENTED_EDGE ( 'NONE', *, *, #629, .T. ) ;
#338 = EDGE_LOOP ( 'NONE', ( #337, #100, #2001, #1893 ) ) ;
#339 = VERTEX_POINT ( 'NONE', #637 ) ;
#340 = VECTOR ( 'NONE', #958, 1000.000000000000000 ) ;
#341 = DIRECTION ( 'NONE',  ( -3.446445110293486782E-14, 1.000000000000000000, 1.642999669122312898E-15 ) ) ;
#342 = DIRECTION ( 'NONE',  ( -3.446445110293486782E-14, 1.000000000000000000, 1.642999669122312898E-15 ) ) ;
#343 = CYLINDRICAL_SURFACE ( 'NONE', #2227, 0.4000000000000345501 ) ;
#344 = VECTOR ( 'NONE', #2269, 1000.000000000000000 ) ;
#345 = ORIENTED_EDGE ( 'NONE', *, *, #1762, .F. ) ;
#346 = VERTEX_POINT ( 'NONE', #621 ) ;
#347 = EDGE_CURVE ( 'NONE', #954, #1852, #282, .T. ) ;
#348 = AXIS2_PLACEMENT_3D ( 'NONE', #658, #301, #478 ) ;
#349 = ORIENTED_EDGE ( 'NONE', *, *, #936, .T. ) ;
#350 = AXIS2_PLACEMENT_3D ( 'NONE', #992, #2052, #2206 ) ;
#351 = ORIENTED_EDGE ( 'NONE', *, *, #1775, .T. ) ;
#352 = VECTOR ( 'NONE', #1352, 1000.000000000000000 ) ;
#353 = DIRECTION ( 'NONE',  ( -1.054972081915217137E-14, 1.642999669122169523E-15, 1.000000000000000000 ) ) ;
#354 = CIRCLE ( 'NONE', #739, 0.4000000000000345501 ) ;
#355 = DIRECTION ( 'NONE',  ( -1.084202172485412295E-14, 7.860465750519239770E-15, 1.000000000000000000 ) ) ;
#356 = CARTESIAN_POINT ( 'NONE',  ( 5.199999999999787903, -0.8000000000001881162, -4.000000000000336620 ) ) ;
#357 = DIRECTION ( 'NONE',  ( -3.446445110293486782E-14, 1.000000000000000000, 1.642999669122312898E-15 ) ) ;
#358 = AXIS2_PLACEMENT_3D ( 'NONE', #1625, #762, #575 ) ;
#359 = LOCAL_TIME ( 10, 2, 3.000000000000000000, #667 ) ;
#360 = DIRECTION ( 'NONE',  ( 1.084202172485413242E-14, -1.642999669122178792E-15, -1.000000000000000000 ) ) ;
#361 = CARTESIAN_POINT ( 'NONE',  ( 3.999999999999725997, -1.196959198423996895E-13, 5.200000000000273737 ) ) ;
#362 = DIRECTION ( 'NONE',  ( -1.000000000000000000, 3.446445110293654652E-14, 1.412758798835626556E-14 ) ) ;
#363 = CIRCLE ( 'NONE', #2194, 0.8000000000000679901 ) ;
#364 = VECTOR ( 'NONE', #1710, 1000.000000000000000 ) ;
#365 = ORIENTED_EDGE ( 'NONE', *, *, #1756, .F. ) ;
#366 = CARTESIAN_POINT ( 'NONE',  ( -3.999999999999746869, 1.301042606982605321E-13, 5.500000000000282441 ) ) ;
#367 = EDGE_LOOP ( 'NONE', ( #1962, #1881, #2195, #2186 ) ) ;
#368 = FACE_OUTER_BOUND ( 'NONE', #891, .T. ) ;
#369 = CARTESIAN_POINT ( 'NONE',  ( 3.999999999999781508, -0.8000000000001361578, -4.700000000000328804 ) ) ;
#370 = DIRECTION ( 'NONE',  ( -3.446445110293486782E-14, 1.000000000000000000, 1.642999669122312898E-15 ) ) ;
#371 = VERTEX_POINT ( 'NONE', #1138 ) ;
#372 = CARTESIAN_POINT ( 'NONE',  ( -0.9999999999999453770, 4.163336342344337027E-14, -1.870828693387019293 ) ) ;
#373 = DIRECTION ( 'NONE',  ( -1.000000000000000000, 3.446445110293655283E-14, 1.231203319588792056E-14 ) ) ;
#374 = DIRECTION ( 'NONE',  ( -1.115179377413567491E-14, 1.626303258728119192E-15, 1.000000000000000000 ) ) ;
#375 = ORIENTED_EDGE ( 'NONE', *, *, #585, .T. ) ;
#376 = ORIENTED_EDGE ( 'NONE', *, *, #497, .T. ) ;
#377 = CIRCLE ( 'NONE', #56, 2.000000000000170974 ) ;
#378 = EDGE_CURVE ( 'NONE', #562, #650, #641, .T. ) ;
#379 = EDGE_LOOP ( 'NONE', ( #1012, #769, #1096, #1378 ) ) ;
#380 = AXIS2_PLACEMENT_3D ( 'NONE', #1180, #1353, #2231 ) ;
#381 = VECTOR ( 'NONE', #906, 1000.000000000000000 ) ;
#382 = DIRECTION ( 'NONE',  ( 1.000000000000000000, -2.209061926439310263E-14, -1.084202172485550977E-14 ) ) ;
#383 = EDGE_CURVE ( 'NONE', #941, #595, #1224, .T. ) ;
#384 = CARTESIAN_POINT ( 'NONE',  ( -3.999999999999607869, -2.799999999999832845, 4.000000000000280664 ) ) ;
#385 = ORIENTED_EDGE ( 'NONE', *, *, #171, .F. ) ;
#386 = CARTESIAN_POINT ( 'NONE',  ( -3.999999999999712230, -0.2999999999998802513, -4.000000000000336620 ) ) ;
#387 = EDGE_CURVE ( 'NONE', #989, #283, #1279, .T. ) ;
#388 = DIRECTION ( 'NONE',  ( -1.084202172485412137E-14, 1.626303258728118206E-15, 1.000000000000000000 ) ) ;
#389 = CARTESIAN_POINT ( 'NONE',  ( -0.9999999999999870104, -0.2999999999999533040, 2.685419176710529321 ) ) ;
#390 = DIRECTION ( 'NONE',  ( 1.084202172485409297E-14, -1.642999669122172875E-15, -1.000000000000000000 ) ) ;
#391 = EDGE_CURVE ( 'NONE', #1167, #2218, #1684, .T. ) ;
#392 = DIRECTION ( 'NONE',  ( 1.000000000000000000, -3.446445110293655283E-14, -1.065814103640217805E-14 ) ) ;
#393 = AXIS2_PLACEMENT_3D ( 'NONE', #2285, #874, #1366 ) ;
#394 = LINE ( 'NONE', #2237, #1053 ) ;
#395 = ORIENTED_EDGE ( 'NONE', *, *, #548, .F. ) ;
#396 = DIRECTION ( 'NONE',  ( -3.446445110293486782E-14, 1.000000000000000000, 1.642999669122312898E-15 ) ) ;
#397 = ORIENTED_EDGE ( 'NONE', *, *, #142, .F. ) ;
#398 = LINE ( 'NONE', #1153, #2045 ) ;
#399 = CYLINDRICAL_SURFACE ( 'NONE', #1739, 0.6500000000000550893 ) ;
#400 = FACE_BOUND ( 'NONE', #580, .T. ) ;
#401 = CYLINDRICAL_SURFACE ( 'NONE', #1982, 0.7999999999999656275 ) ;
#402 = EDGE_LOOP ( 'NONE', ( #1474, #39, #2051, #1639 ) ) ;
#403 = ORIENTED_EDGE ( 'NONE', *, *, #151, .T. ) ;
#404 = CARTESIAN_POINT ( 'NONE',  ( 1.111111111111118266, -4.857225732735059864E-14, 1.662958838566194864 ) ) ;
#405 = VERTEX_POINT ( 'NONE', #965 ) ;
#406 = SECURITY_CLASSIFICATION ( '', '', #1216 ) ;
#407 = DIRECTION ( 'NONE',  ( -3.446445110293486782E-14, 1.000000000000000000, 1.642999669122312898E-15 ) ) ;
#408 = EDGE_LOOP ( 'NONE', ( #152, #251, #893, #2135 ) ) ;
#409 = ADVANCED_FACE ( 'NONE', ( #610 ), #1571, .T. ) ;
#410 = DIRECTION ( 'NONE',  ( -3.446445110293486782E-14, 1.000000000000000000, 1.642999669122312898E-15 ) ) ;
#411 = AXIS2_PLACEMENT_3D ( 'NONE', #1892, #1713, #482 ) ;
#412 = VECTOR ( 'NONE', #107, 1000.000000000000000 ) ;
#413 = EDGE_CURVE ( 'NONE', #595, #1676, #969, .T. ) ;
#414 = DIRECTION ( 'NONE',  ( -1.067522139062558769E-14, 1.668003342285248077E-15, 1.000000000000000000 ) ) ;
#415 = CIRCLE ( 'NONE', #1645, 1.500000000000126121 ) ;
#416 = DIRECTION ( 'NONE',  ( -1.000000000000000000, 3.446445110293655283E-14, 1.065814103640217805E-14 ) ) ;
#417 = EDGE_CURVE ( 'NONE', #1721, #2219, #117, .T. ) ;
#418 = LINE ( 'NONE', #1275, #1519 ) ;
#419 = AXIS2_PLACEMENT_3D ( 'NONE', #51, #581, #1284 ) ;
#420 = VERTEX_POINT ( 'NONE', #1329 ) ;
#421 = ORIENTED_EDGE ( 'NONE', *, *, #1385, .F. ) ;
#422 = VECTOR ( 'NONE', #710, 1000.000000000000000 ) ;
#423 = DIRECTION ( 'NONE',  ( 1.000000000000000000, -3.446445110293655283E-14, -1.065814103640217805E-14 ) ) ;
#424 = ORIENTED_EDGE ( 'NONE', *, *, #1377, .F. ) ;
#425 = EDGE_CURVE ( 'NONE', #1913, #866, #1932, .T. ) ;
#426 = CARTESIAN_POINT ( 'NONE',  ( -3.999999999999746869, -0.7999999999998637090, 4.700000000000273737 ) ) ;
#427 = MANIFOLD_SOLID_BREP ( 'Cut-Extrude1', #177 ) ;
#428 = VERTEX_POINT ( 'NONE', #2032 ) ;
#429 = ORIENTED_EDGE ( 'NONE', *, *, #391, .F. ) ;
#430 = CARTESIAN_POINT ( 'NONE',  ( 3.999999999999781508, -0.8000000000001361578, -4.000000000000336620 ) ) ;
#431 = LINE ( 'NONE', #1514, #1642 ) ;
#432 = ORIENTED_EDGE ( 'NONE', *, *, #1054, .F. ) ;
#433 = DIRECTION ( 'NONE',  ( -1.065814103640070604E-14, 1.642999669122173467E-15, 1.000000000000000000 ) ) ;
#434 = EDGE_CURVE ( 'NONE', #1029, #314, #1330, .T. ) ;
#435 = DIRECTION ( 'NONE',  ( -1.067522139062558769E-14, 1.642999669122170312E-15, 1.000000000000000000 ) ) ;
#436 = LINE ( 'NONE', #1075, #1432 ) ;
#437 = AXIS2_PLACEMENT_3D ( 'NONE', #834, #1521, #1359 ) ;
#438 = CARTESIAN_POINT ( 'NONE',  ( -4.699999999999718625, -0.7999999999998481659, -4.000000000000336620 ) ) ;
#439 = DIRECTION ( 'NONE',  ( -3.446445110293486782E-14, 1.000000000000000000, 1.642999669122312898E-15 ) ) ;
#440 = CARTESIAN_POINT ( 'NONE',  ( -5.499999999999752198, -1.599999999999808908, 0.4000000000000345501 ) ) ;
#441 = CARTESIAN_POINT ( 'NONE',  ( 1.111111111111104499, -0.3000000000000485056, -1.662958838566208630 ) ) ;
#442 = CARTESIAN_POINT ( 'NONE',  ( 3.999999999999725997, -0.8000000000001205036, 5.200000000000273737 ) ) ;
#443 = DIRECTION ( 'NONE',  ( 3.446445110293486782E-14, -1.000000000000000000, -1.642999669122312898E-15 ) ) ;
#444 = CARTESIAN_POINT ( 'NONE',  ( 4.199999999999773692, -0.3000000000001369349, -4.000000000000350830 ) ) ;
#445 = CARTESIAN_POINT ( 'NONE',  ( -3.999999999999712230, -0.7999999999998793632, -5.200000000000329692 ) ) ;
#446 = CIRCLE ( 'NONE', #380, 0.8000000000000679901 ) ;
#447 = ORIENTED_EDGE ( 'NONE', *, *, #434, .F. ) ;
#448 = CARTESIAN_POINT ( 'NONE',  ( 0.0000000000000000000, 0.0000000000000000000, 0.0000000000000000000 ) ) ;
#449 = ORIENTED_EDGE ( 'NONE', *, *, #586, .F. ) ;
#450 = EDGE_LOOP ( 'NONE', ( #1197, #1365, #41, #2230 ) ) ;
#451 = CIRCLE ( 'NONE', #481, 0.6999999999999697575 ) ;
#452 = CARTESIAN_POINT ( 'NONE',  ( -3.999999999999746869, -0.2999999999998698152, 4.000000000000280664 ) ) ;
#453 = CARTESIAN_POINT ( 'NONE',  ( -5.199999999999746159, 1.856154119295183591E-13, 4.000000000000280664 ) ) ;
#454 = FACE_OUTER_BOUND ( 'NONE', #483, .T. ) ;
#455 = ORIENTED_EDGE ( 'NONE', *, *, #1176, .F. ) ;
#456 = EDGE_CURVE ( 'NONE', #1730, #1833, #196, .T. ) ;
#457 = ORIENTED_EDGE ( 'NONE', *, *, #1675, .F. ) ;
#458 = DIRECTION ( 'NONE',  ( 1.000000000000000000, -3.446445110293655283E-14, -1.070553785268569865E-14 ) ) ;
#459 = CARTESIAN_POINT ( 'NONE',  ( -5.499999999999713118, -0.7999999999998169686, -4.000000000000336620 ) ) ;
#460 = ORIENTED_EDGE ( 'NONE', *, *, #1410, .T. ) ;
#461 = DIRECTION ( 'NONE',  ( 3.446445110293486782E-14, -1.000000000000000000, -1.642999669122312898E-15 ) ) ;
#462 = ORIENTED_EDGE ( 'NONE', *, *, #111, .T. ) ;
#463 = CARTESIAN_POINT ( 'NONE',  ( -0.9999999999999314992, 3.642919299551294898E-14, -4.200000000000328804 ) ) ;
#464 = CIRCLE ( 'NONE', #768, 0.2500000000000240918 ) ;
#465 = PLANE ( 'NONE',  #2254 ) ;
#466 = ORIENTED_EDGE ( 'NONE', *, *, #745, .F. ) ;
#467 = EDGE_CURVE ( 'NONE', #2070, #1865, #1794, .T. ) ;
#468 = AXIS2_PLACEMENT_3D ( 'NONE', #1401, #342, #1568 ) ;
#469 = DIRECTION ( 'NONE',  ( -1.040834085585996693E-14, 1.626303258728119981E-15, 1.000000000000000000 ) ) ;
#470 = AXIS2_PLACEMENT_3D ( 'NONE', #1188, #306, #485 ) ;
#471 = DIRECTION ( 'NONE',  ( -3.446445110293486782E-14, 1.000000000000000000, 1.642999669122312898E-15 ) ) ;
#472 = DIRECTION ( 'NONE',  ( 1.084202172485410717E-14, -1.626303258728116234E-15, -1.000000000000000000 ) ) ;
#473 = LINE ( 'NONE', #463, #336 ) ;
#474 = ADVANCED_FACE ( 'NONE', ( #2040 ), #1465, .F. ) ;
#475 = DIRECTION ( 'NONE',  ( -2.139880577972869130E-15, 1.642999669121879222E-15, 1.000000000000000000 ) ) ;
#476 = VECTOR ( 'NONE', #1436, 1000.000000000000000 ) ;
#477 = ORIENTED_EDGE ( 'NONE', *, *, #1340, .F. ) ;
#478 = DIRECTION ( 'NONE',  ( -1.040834085586001268E-14, 1.642999669122186089E-15, 1.000000000000000000 ) ) ;
#479 = ORIENTED_EDGE ( 'NONE', *, *, #857, .F. ) ;
#480 = VECTOR ( 'NONE', #1083, 1000.000000000000000 ) ;
#481 = AXIS2_PLACEMENT_3D ( 'NONE', #1247, #1068, #560 ) ;
#482 = DIRECTION ( 'NONE',  ( 1.076656125364924386E-14, -1.642999669122178200E-15, -1.000000000000000000 ) ) ;
#483 = EDGE_LOOP ( 'NONE', ( #10, #1831, #49, #1508 ) ) ;
#484 = EDGE_LOOP ( 'NONE', ( #699, #272, #680, #2097, #462, #1614, #133, #843 ) ) ;
#485 = DIRECTION ( 'NONE',  ( -1.065814103640070604E-14, 1.653408313040252859E-15, 1.000000000000000000 ) ) ;
#486 = CARTESIAN_POINT ( 'NONE',  ( -0.9999999999999870104, -0.2999999999999533040, 2.685419176710529321 ) ) ;
#487 = ORIENTED_EDGE ( 'NONE', *, *, #702, .F. ) ;
#488 = DIRECTION ( 'NONE',  ( -3.446445110293656545E-14, -1.000000000000000000, -1.642999669121578074E-15 ) ) ;
#489 = EDGE_LOOP ( 'NONE', ( #903, #534, #2092, #672 ) ) ;
#490 = LINE ( 'NONE', #1859, #352 ) ;
#491 = DIRECTION ( 'NONE',  ( -1.000000000000000000, 3.446445110293655283E-14, 1.065814103640217805E-14 ) ) ;
#492 = VERTEX_POINT ( 'NONE', #442 ) ;
#493 = CIRCLE ( 'NONE', #1837, 0.2000000000000169975 ) ;
#494 = CARTESIAN_POINT ( 'NONE',  ( -3.999999999999733102, -0.2999999999998698152, 4.000000000000280664 ) ) ;
#495 = DIRECTION ( 'NONE',  ( 1.000000000000000000, -3.446445110293655283E-14, -1.070553785268569865E-14 ) ) ;
#496 = CARTESIAN_POINT ( 'NONE',  ( 0.9999999999999940048, -0.3000000000000467848, -2.685419176710529321 ) ) ;
#497 = EDGE_CURVE ( 'NONE', #1836, #319, #446, .T. ) ;
#498 = CARTESIAN_POINT ( 'NONE',  ( 3.999999999999781508, -0.8000000000001361578, -4.700000000000328804 ) ) ;
#499 = AXIS2_PLACEMENT_3D ( 'NONE', #99, #2213, #820 ) ;
#500 = CARTESIAN_POINT ( 'NONE',  ( -5.199999999999741718, -1.599999999999814015, 0.4000000000000004663 ) ) ;
#501 = EDGE_CURVE ( 'NONE', #1124, #1029, #1851, .T. ) ;
#502 = EDGE_CURVE ( 'NONE', #1215, #1203, #1389, .T. ) ;
#503 = DIRECTION ( 'NONE',  ( -3.446445110293486782E-14, 1.000000000000000000, 1.642999669122312898E-15 ) ) ;
#504 = CIRCLE ( 'NONE', #2071, 0.7000000000000582423 ) ;
#505 = ORIENTED_EDGE ( 'NONE', *, *, #413, .T. ) ;
#506 = ORIENTED_EDGE ( 'NONE', *, *, #548, .T. ) ;
#507 = CIRCLE ( 'NONE', #840, 0.2500000000000219269 ) ;
#508 = CARTESIAN_POINT ( 'NONE',  ( 3.999999999999781508, -0.8000000000001361578, -5.500000000000337508 ) ) ;
#509 = EDGE_CURVE ( 'NONE', #1736, #571, #394, .T. ) ;
#510 = FACE_OUTER_BOUND ( 'NONE', #1099, .T. ) ;
#511 = ORIENTED_EDGE ( 'NONE', *, *, #1956, .T. ) ;
#512 = AXIS2_PLACEMENT_3D ( 'NONE', #1790, #15, #1581 ) ;
#513 = EDGE_LOOP ( 'NONE', ( #1033, #1225, #1809, #542 ) ) ;
#514 = EDGE_LOOP ( 'NONE', ( #204, #18, #254, #1173 ) ) ;
#515 = DIRECTION ( 'NONE',  ( -3.446445110293486782E-14, 1.000000000000000000, 1.642999669122312898E-15 ) ) ;
#516 = ORIENTED_EDGE ( 'NONE', *, *, #1688, .T. ) ;
#517 = LINE ( 'NONE', #841, #1317 ) ;
#518 = CARTESIAN_POINT ( 'NONE',  ( 0.0000000000000000000, -0.2999999999999999334, 0.0000000000000000000 ) ) ;
#519 = ORIENTED_EDGE ( 'NONE', *, *, #1792, .F. ) ;
#520 = ADVANCED_FACE ( 'NONE', ( #916 ), #2217, .F. ) ;
#521 = AXIS2_PLACEMENT_3D ( 'NONE', #1349, #1516, #1874 ) ;
#522 = CARTESIAN_POINT ( 'NONE',  ( 0.9999999999999870104, -4.683753385137379155E-14, -3.550000000000344436 ) ) ;
#523 = AXIS2_PLACEMENT_3D ( 'NONE', #1466, #59, #414 ) ;
#524 = PLANE ( 'NONE',  #1643 ) ;
#525 = EDGE_CURVE ( 'NONE', #1280, #1666, #998, .T. ) ;
#526 = TOROIDAL_SURFACE ( 'NONE', #1343, 0.6999999999999984013, 0.5000000000000000000 ) ;
#527 = CARTESIAN_POINT ( 'NONE',  ( -3.999999999999712230, 1.196959198423996895E-13, -5.200000000000329692 ) ) ;
#528 = VECTOR ( 'NONE', #888, 1000.000000000000000 ) ;
#529 = CARTESIAN_POINT ( 'NONE',  ( 1.111111111111118266, -0.3000000000000485056, 1.662958838566194864 ) ) ;
#530 = DIRECTION ( 'NONE',  ( 1.071937337635806572E-14, -1.642999669122175834E-15, -1.000000000000000000 ) ) ;
#531 = ORIENTED_EDGE ( 'NONE', *, *, #1446, .F. ) ;
#532 = VECTOR ( 'NONE', #515, 1000.000000000000000 ) ;
#533 = DIRECTION ( 'NONE',  ( 8.673617379883290787E-15, -6.071532165918303393E-15, -1.000000000000000000 ) ) ;
#534 = ORIENTED_EDGE ( 'NONE', *, *, #1630, .F. ) ;
#535 = DIRECTION ( 'NONE',  ( -1.040834085585995746E-14, 1.626303258728118403E-15, 1.000000000000000000 ) ) ;
#536 = ORIENTED_EDGE ( 'NONE', *, *, #1372, .T. ) ;
#537 = AXIS2_PLACEMENT_3D ( 'NONE', #1854, #803, #2207 ) ;
#538 = AXIS2_PLACEMENT_3D ( 'NONE', #1801, #231, #44 ) ;
#539 = CARTESIAN_POINT ( 'NONE',  ( 3.999999999999781508, -0.8000000000001361578, -4.700000000000328804 ) ) ;
#540 = PLANE ( 'NONE',  #179 ) ;
#541 = ORIENTED_EDGE ( 'NONE', *, *, #629, .F. ) ;
#542 = ORIENTED_EDGE ( 'NONE', *, *, #1132, .T. ) ;
#543 = PERSON ( 'UNSPECIFIED', 'UNSPECIFIED', 'UNSPECIFIED', ('UNSPECIFIED'), ('UNSPECIFIED'), ('UNSPECIFIED') ) ;
#544 = FACE_OUTER_BOUND ( 'NONE', #1205, .T. ) ;
#545 = VERTEX_POINT ( 'NONE', #1331 ) ;
#546 = ORIENTED_EDGE ( 'NONE', *, *, #1492, .F. ) ;
#547 = DIRECTION ( 'NONE',  ( -3.446445110293486782E-14, 1.000000000000000000, 1.642999669122312898E-15 ) ) ;
#548 = EDGE_CURVE ( 'NONE', #571, #1913, #1743, .T. ) ;
#549 = FACE_OUTER_BOUND ( 'NONE', #367, .T. ) ;
#550 = CARTESIAN_POINT ( 'NONE',  ( -0.8194444444443726994, -0.2999999999999706235, -2.925580516513176299 ) ) ;
#551 = DIRECTION ( 'NONE',  ( 1.076656125364924386E-14, -1.642999669122178200E-15, -1.000000000000000000 ) ) ;
#552 = CARTESIAN_POINT ( 'NONE',  ( -3.999999999999552358, -2.799999999999833733, -5.500000000000337508 ) ) ;
#553 = CARTESIAN_POINT ( 'NONE',  ( 4.699999999999718625, -0.3000000000001543099, 4.000000000000280664 ) ) ;
#554 = EDGE_CURVE ( 'NONE', #346, #1944, #473, .T. ) ;
#555 = AXIS2_PLACEMENT_3D ( 'NONE', #1951, #570, #1611 ) ;
#556 = DIRECTION ( 'NONE',  ( 3.446445110293486782E-14, -1.000000000000000000, -1.642999669122312898E-15 ) ) ;
#557 = ADVANCED_FACE ( 'NONE', ( #1415 ), #1111, .T. ) ;
#558 = CARTESIAN_POINT ( 'NONE',  ( 3.999999999999739764, -0.3000000000001196154, 4.000000000000267342 ) ) ;
#559 = DIRECTION ( 'NONE',  ( -3.446445110293486782E-14, 1.000000000000000000, 1.642999669122312898E-15 ) ) ;
#560 = DIRECTION ( 'NONE',  ( 1.000000000000000000, -3.446445110293651496E-14, -8.673617379884410970E-15 ) ) ;
#561 = VECTOR ( 'NONE', #1715, 1000.000000000000000 ) ;
#562 = VERTEX_POINT ( 'NONE', #638 ) ;
#563 = CARTESIAN_POINT ( 'NONE',  ( -5.499999999999747757, -1.599999999999809575, 0.0000000000000000000 ) ) ;
#564 = ORIENTED_EDGE ( 'NONE', *, *, #859, .F. ) ;
#565 = VECTOR ( 'NONE', #1793, 1000.000000000000000 ) ;
#566 = CARTESIAN_POINT ( 'NONE',  ( 4.199999999999773692, -0.3000000000001369349, -4.000000000000350830 ) ) ;
#567 = LINE ( 'NONE', #132, #96 ) ;
#568 = ORIENTED_EDGE ( 'NONE', *, *, #1220, .T. ) ;
#569 = AXIS2_PLACEMENT_3D ( 'NONE', #1604, #1270, #2141 ) ;
#570 = DIRECTION ( 'NONE',  ( -3.446445110293486782E-14, 1.000000000000000000, 1.642999669122312898E-15 ) ) ;
#571 = VERTEX_POINT ( 'NONE', #1161 ) ;
#572 = ORIENTED_EDGE ( 'NONE', *, *, #1952, .T. ) ;
#573 = EDGE_LOOP ( 'NONE', ( #1120, #872, #1375, #1644 ) ) ;
#574 = ORIENTED_EDGE ( 'NONE', *, *, #1560, .F. ) ;
#575 = DIRECTION ( 'NONE',  ( -1.084202172485412926E-14, 1.626303258728119586E-15, 1.000000000000000000 ) ) ;
#576 = CARTESIAN_POINT ( 'NONE',  ( 5.199999999999787903, -1.856154119295183591E-13, -4.000000000000336620 ) ) ;
#577 = FACE_OUTER_BOUND ( 'NONE', #953, .T. ) ;
#578 = EDGE_CURVE ( 'NONE', #1469, #2256, #1877, .T. ) ;
#579 = DIRECTION ( 'NONE',  ( -3.446445110293486782E-14, 1.000000000000000000, 1.642999669122312898E-15 ) ) ;
#580 = EDGE_LOOP ( 'NONE', ( #1975, #1097, #1667, #1140, #1947, #449, #684, #1657, #2199, #1663, #397, #2273, #1771, #1345 ) ) ;
#581 = DIRECTION ( 'NONE',  ( -3.446445110293486782E-14, 1.000000000000000000, 1.642999669122312898E-15 ) ) ;
#582 = DIRECTION ( 'NONE',  ( 1.076656125364924386E-14, -1.642999669122178200E-15, -1.000000000000000000 ) ) ;
#583 = CARTESIAN_POINT ( 'NONE',  ( 0.9999999999999314992, -0.3000000000000363487, 4.200000000000272848 ) ) ;
#584 = DIRECTION ( 'NONE',  ( -1.084202172485413242E-14, 1.734723475976661155E-15, 1.000000000000000000 ) ) ;
#585 = EDGE_CURVE ( 'NONE', #2218, #283, #810, .T. ) ;
#586 = EDGE_CURVE ( 'NONE', #1944, #314, #1166, .T. ) ;
#587 = AXIS2_PLACEMENT_3D ( 'NONE', #539, #190, #183 ) ;
#588 = VECTOR ( 'NONE', #1682, 1000.000000000000000 ) ;
#589 = CARTESIAN_POINT ( 'NONE',  ( -5.499999999999554134, -2.799999999999840838, -4.000000000000336620 ) ) ;
#590 = EDGE_LOOP ( 'NONE', ( #1548, #447, #8, #1884 ) ) ;
#591 = CARTESIAN_POINT ( 'NONE',  ( -0.9999999999999453770, -0.2999999999999585221, -1.870828693387019293 ) ) ;
#592 = ADVANCED_FACE ( 'NONE', ( #1027 ), #115, .T. ) ;
#593 = ADVANCED_FACE ( 'NONE', ( #143 ), #943, .T. ) ;
#594 = LINE ( 'NONE', #1078, #1576 ) ;
#595 = VERTEX_POINT ( 'NONE', #1354 ) ;
#596 = ORIENTED_EDGE ( 'NONE', *, *, #347, .T. ) ;
#597 = CARTESIAN_POINT ( 'NONE',  ( 0.9999999999999592548, -0.3000000000000363487, 2.685419176710515554 ) ) ;
#598 = ORIENTED_EDGE ( 'NONE', *, *, #665, .T. ) ;
#599 = FACE_OUTER_BOUND ( 'NONE', #624, .T. ) ;
#600 = ORIENTED_EDGE ( 'NONE', *, *, #780, .F. ) ;
#601 = ADVANCED_BREP_SHAPE_REPRESENTATION ( 'MS110-10F', ( #427, #835 ), #1816 ) ;
#602 = CIRCLE ( 'NONE', #985, 1.499999999999935385 ) ;
#603 = CARTESIAN_POINT ( 'NONE',  ( -4.199999999999731948, -0.2999999999998628764, 4.000000000000280664 ) ) ;
#604 = DIRECTION ( 'NONE',  ( 1.000000000000000000, -3.446445110293655283E-14, -1.070553785268569865E-14 ) ) ;
#605 = CARTESIAN_POINT ( 'NONE',  ( 3.999999999999725997, -0.3000000000001196154, 4.000000000000280664 ) ) ;
#606 = DESIGN_CONTEXT ( 'detailed design', #837, 'design' ) ;
#607 = DIRECTION ( 'NONE',  ( -1.065814103640223485E-14, -1.642999669121438643E-15, -1.000000000000000000 ) ) ;
#608 = CARTESIAN_POINT ( 'NONE',  ( 3.999999999999940936, -2.800000000000166800, -5.500000000000337508 ) ) ;
#609 = EDGE_CURVE ( 'NONE', #1613, #1418, #2154, .T. ) ;
#610 = FACE_OUTER_BOUND ( 'NONE', #1028, .T. ) ;
#611 = AXIS2_PLACEMENT_3D ( 'NONE', #298, #1700, #1876 ) ;
#612 = ADVANCED_FACE ( 'NONE', ( #1626 ), #526, .F. ) ;
#613 = EDGE_LOOP ( 'NONE', ( #1894, #2196, #1990, #2158 ) ) ;
#614 = ORIENTED_EDGE ( 'NONE', *, *, #38, .T. ) ;
#615 = CARTESIAN_POINT ( 'NONE',  ( 3.999999999999725997, -0.8000000000001205036, 4.700000000000273737 ) ) ;
#616 = EDGE_CURVE ( 'NONE', #2112, #1418, #697, .T. ) ;
#617 = EDGE_CURVE ( 'NONE', #1215, #1226, #2009, .T. ) ;
#618 = FACE_OUTER_BOUND ( 'NONE', #1238, .T. ) ;
#619 = DIRECTION ( 'NONE',  ( -1.067522139062558769E-14, 1.668003342285248077E-15, 1.000000000000000000 ) ) ;
#620 = EDGE_LOOP ( 'NONE', ( #1347, #395, #731, #2274 ) ) ;
#621 = CARTESIAN_POINT ( 'NONE',  ( -0.9999999999999314992, 3.642919299551294898E-14, -4.200000000000328804 ) ) ;
#622 = CARTESIAN_POINT ( 'NONE',  ( -3.999999999999552358, -2.799999999999833733, -4.000000000000336620 ) ) ;
#623 = ORIENTED_EDGE ( 'NONE', *, *, #2088, .T. ) ;
#624 = EDGE_LOOP ( 'NONE', ( #209, #154, #1451, #728 ) ) ;
#625 = DIRECTION ( 'NONE',  ( -3.446445110293486782E-14, 1.000000000000000000, 1.642999669122312898E-15 ) ) ;
#626 = CIRCLE ( 'NONE', #1817, 0.4000000000000345501 ) ;
#627 = ORIENTED_EDGE ( 'NONE', *, *, #1014, .F. ) ;
#628 = DIRECTION ( 'NONE',  ( 1.084202172485410717E-14, -1.626303258728116234E-15, -1.000000000000000000 ) ) ;
#629 = EDGE_CURVE ( 'NONE', #180, #1226, #415, .T. ) ;
#630 = CARTESIAN_POINT ( 'NONE',  ( 3.999999999999823252, -2.800000000000165912, 4.000000000000280664 ) ) ;
#631 = VECTOR ( 'NONE', #157, 1000.000000000000000 ) ;
#632 = PLANE ( 'NONE',  #1867 ) ;
#633 = AXIS2_PLACEMENT_3D ( 'NONE', #558, #370, #1421 ) ;
#634 = DIRECTION ( 'NONE',  ( 2.139880577972877413E-15, -1.642999669121879419E-15, -1.000000000000000000 ) ) ;
#635 = ORIENTED_EDGE ( 'NONE', *, *, #828, .F. ) ;
#636 = DIRECTION ( 'NONE',  ( -3.446445110293486782E-14, 1.000000000000000000, 1.642999669122312898E-15 ) ) ;
#637 = CARTESIAN_POINT ( 'NONE',  ( 1.000000000000000888, -0.3000000000000415668, -1.870828693387033281 ) ) ;
#638 = CARTESIAN_POINT ( 'NONE',  ( 0.8194444444444420883, -3.989863994746656317E-14, -2.925580516513176299 ) ) ;
#639 = AXIS2_PLACEMENT_3D ( 'NONE', #22, #40, #1776 ) ;
#640 = CARTESIAN_POINT ( 'NONE',  ( 3.999999999999725997, -1.196959198423996895E-13, 4.000000000000280664 ) ) ;
#641 = CIRCLE ( 'NONE', #1179, 0.2500000000000219269 ) ;
#642 = AXIS2_PLACEMENT_3D ( 'NONE', #2021, #1849, #469 ) ;
#643 = PLANE ( 'NONE',  #155 ) ;
#644 = CIRCLE ( 'NONE', #1879, 0.7999999999999656275 ) ;
#645 = CARTESIAN_POINT ( 'NONE',  ( -5.499999999999713118, -0.7999999999998169686, -4.000000000000336620 ) ) ;
#646 = DIRECTION ( 'NONE',  ( -1.084202172485402513E-14, -1.642999669122686621E-15, 1.000000000000000000 ) ) ;
#647 = VECTOR ( 'NONE', #825, 1000.000000000000000 ) ;
#648 = VERTEX_POINT ( 'NONE', #1677 ) ;
#649 = EDGE_CURVE ( 'NONE', #175, #2083, #1546, .T. ) ;
#650 = VERTEX_POINT ( 'NONE', #975 ) ;
#651 = CARTESIAN_POINT ( 'NONE',  ( -3.999999999999746869, -0.7999999999998637090, 5.200000000000273737 ) ) ;
#652 = VERTEX_POINT ( 'NONE', #1531 ) ;
#653 = CARTESIAN_POINT ( 'NONE',  ( -4.699999999999718625, 1.543903893619358314E-13, -4.000000000000336620 ) ) ;
#654 = CIRCLE ( 'NONE', #1498, 0.2500000000000199285 ) ;
#655 = CARTESIAN_POINT ( 'NONE',  ( 0.0000000000000000000, -0.2999999999999999334, 0.0000000000000000000 ) ) ;
#656 = ORIENTED_EDGE ( 'NONE', *, *, #110, .F. ) ;
#657 = CIRCLE ( 'NONE', #113, 0.2500000000000210387 ) ;
#658 = CARTESIAN_POINT ( 'NONE',  ( -1.249999999999931610, 4.857225732735059864E-14, -1.870828693387019293 ) ) ;
#659 = APPLICATION_CONTEXT ( 'configuration controlled 3d designs of mechanical parts and assemblies' ) ;
#660 = EDGE_CURVE ( 'NONE', #283, #1613, #1081, .T. ) ;
#661 = DIRECTION ( 'NONE',  ( -1.040834085586001268E-14, 1.734723475976668847E-15, 1.000000000000000000 ) ) ;
#662 = ADVANCED_FACE ( 'NONE', ( #889 ), #2125, .F. ) ;
#663 = CARTESIAN_POINT ( 'NONE',  ( -3.999999999999746869, -0.2999999999998698152, 5.200000000000273737 ) ) ;
#664 = CARTESIAN_POINT ( 'NONE',  ( 4.699999999999718625, -0.8000000000001517009, 4.000000000000280664 ) ) ;
#665 = EDGE_CURVE ( 'NONE', #954, #1441, #1769, .T. ) ;
#666 = CARTESIAN_POINT ( 'NONE',  ( -5.499999999999747757, -1.599999999999809575, 0.0000000000000000000 ) ) ;
#667 = COORDINATED_UNIVERSAL_TIME_OFFSET ( 2, 0, .AHEAD. ) ;
#668 = CARTESIAN_POINT ( 'NONE',  ( 0.9999999999999592548, -0.3000000000000363487, 2.685419176710515554 ) ) ;
#669 = CARTESIAN_POINT ( 'NONE',  ( -0.9999999999999245048, -0.2999999999999636846, -2.685419176710529321 ) ) ;
#670 = ORIENTED_EDGE ( 'NONE', *, *, #1709, .T. ) ;
#671 = EDGE_CURVE ( 'NONE', #1364, #1289, #1600, .T. ) ;
#672 = ORIENTED_EDGE ( 'NONE', *, *, #467, .T. ) ;
#673 = CARTESIAN_POINT ( 'NONE',  ( 3.999999999999725997, -1.196959198423996895E-13, 4.000000000000280664 ) ) ;
#674 = ORIENTED_EDGE ( 'NONE', *, *, #1340, .T. ) ;
#675 = ADVANCED_FACE ( 'NONE', ( #782 ), #2067, .F. ) ;
#676 = CIRCLE ( 'NONE', #163, 0.2500000000000188738 ) ;
#677 = AXIS2_PLACEMENT_3D ( 'NONE', #135, #2062, #1183 ) ;
#678 = CARTESIAN_POINT ( 'NONE',  ( 0.7499999999999590328, -2.949029909160572061E-14, 2.685419176710515554 ) ) ;
#679 = CIRCLE ( 'NONE', #2180, 0.7999999999999656275 ) ;
#680 = ORIENTED_EDGE ( 'NONE', *, *, #1047, .T. ) ;
#681 = DIRECTION ( 'NONE',  ( 1.000000000000000000, -3.447762908504050513E-14, -1.040834085586128591E-14 ) ) ;
#682 = ORIENTED_EDGE ( 'NONE', *, *, #1523, .F. ) ;
#683 = APPROVAL_ROLE ( '' ) ;
#684 = ORIENTED_EDGE ( 'NONE', *, *, #554, .F. ) ;
#685 = LINE ( 'NONE', #244, #2099 ) ;
#686 = DIRECTION ( 'NONE',  ( 1.000000000000000000, -3.446445110293652127E-14, 6.971853649950627574E-15 ) ) ;
#687 = EDGE_LOOP ( 'NONE', ( #2249, #2226, #1853, #1547 ) ) ;
#688 = FACE_OUTER_BOUND ( 'NONE', #844, .T. ) ;
#689 = ADVANCED_FACE ( 'NONE', ( #1653 ), #195, .F. ) ;
#690 = CARTESIAN_POINT ( 'NONE',  ( -0.9999999999999870104, -0.2999999999999533040, 2.685419176710529321 ) ) ;
#691 = ORIENTED_EDGE ( 'NONE', *, *, #1095, .F. ) ;
#692 = CARTESIAN_POINT ( 'NONE',  ( 4.699999999999787903, -0.3000000000001646905, -4.000000000000336620 ) ) ;
#693 = CARTESIAN_POINT ( 'NONE',  ( -3.999999999999725997, 1.301042606982605321E-13, 4.200000000000287059 ) ) ;
#694 = EDGE_CURVE ( 'NONE', #1444, #180, #1192, .T. ) ;
#695 = CALENDAR_DATE ( 2020, 6, 10 ) ;
#696 = ADVANCED_FACE ( 'NONE', ( #2184 ), #751, .T. ) ;
#697 = LINE ( 'NONE', #830, #4 ) ;
#698 = ORIENTED_EDGE ( 'NONE', *, *, #1554, .F. ) ;
#699 = ORIENTED_EDGE ( 'NONE', *, *, #815, .T. ) ;
#700 = ORIENTED_EDGE ( 'NONE', *, *, #1847, .T. ) ;
#701 = DIRECTION ( 'NONE',  ( 3.446445110293486782E-14, -1.000000000000000000, -1.642999669122312898E-15 ) ) ;
#702 = EDGE_CURVE ( 'NONE', #652, #1804, #726, .T. ) ;
#703 = FACE_OUTER_BOUND ( 'NONE', #620, .T. ) ;
#704 = LINE ( 'NONE', #1768, #818 ) ;
#705 = AXIS2_PLACEMENT_3D ( 'NONE', #898, #1950, #1582 ) ;
#706 = ORIENTED_EDGE ( 'NONE', *, *, #1164, .F. ) ;
#707 = CARTESIAN_POINT ( 'NONE',  ( 3.999999999999781508, -0.8000000000001361578, -5.200000000000329692 ) ) ;
#708 = VERTEX_POINT ( 'NONE', #25 ) ;
#709 = DIRECTION ( 'NONE',  ( 1.000000000000000000, -1.409462824231215718E-14, -1.040834085586128591E-14 ) ) ;
#710 = DIRECTION ( 'NONE',  ( 6.971853649950568409E-15, -1.642999669122046658E-15, -1.000000000000000000 ) ) ;
#711 = ORIENTED_EDGE ( 'NONE', *, *, #2028, .T. ) ;
#712 = CIRCLE ( 'NONE', #358, 1.200000000000101208 ) ;
#713 = ORIENTED_EDGE ( 'NONE', *, *, #910, .F. ) ;
#714 = CARTESIAN_POINT ( 'NONE',  ( -1.111111111111104499, -0.2999999999999515832, 1.662958838566194864 ) ) ;
#715 = LINE ( 'NONE', #566, #1072 ) ;
#716 = DIRECTION ( 'NONE',  ( -3.446445110293486782E-14, 1.000000000000000000, 1.642999669122312898E-15 ) ) ;
#717 = DIRECTION ( 'NONE',  ( -1.000000000000000000, 3.446445110293655283E-14, 1.065814103640217805E-14 ) ) ;
#718 = AXIS2_PLACEMENT_3D ( 'NONE', #2277, #1749, #374 ) ;
#719 = DIRECTION ( 'NONE',  ( -1.000000000000000000, 3.446445110293655283E-14, 1.065814103640217805E-14 ) ) ;
#720 = AXIS2_PLACEMENT_3D ( 'NONE', #384, #724, #909 ) ;
#721 = DIRECTION ( 'NONE',  ( 3.446445110293482995E-14, -1.000000000000000000, 1.642999669122549359E-15 ) ) ;
#722 = CARTESIAN_POINT ( 'NONE',  ( 1.250000000000001110, -0.3000000000000485056, -1.870828693387033281 ) ) ;
#723 = CARTESIAN_POINT ( 'NONE',  ( -0.8194444444443726994, -0.2999999999999706235, -2.925580516513176299 ) ) ;
#724 = DIRECTION ( 'NONE',  ( 3.446445110293482995E-14, -1.000000000000000000, 1.642999669122540682E-15 ) ) ;
#725 = VERTEX_POINT ( 'NONE', #550 ) ;
#726 = CIRCLE ( 'NONE', #512, 0.4000000000000345501 ) ;
#727 = CIRCLE ( 'NONE', #705, 0.2000000000000169975 ) ;
#728 = ORIENTED_EDGE ( 'NONE', *, *, #1839, .T. ) ;
#729 = DIRECTION ( 'NONE',  ( 1.040834085585983914E-14, -1.734723475976639856E-15, -1.000000000000000000 ) ) ;
#730 = DIRECTION ( 'NONE',  ( -3.446445110293486782E-14, 1.000000000000000000, 1.642999669122312898E-15 ) ) ;
#731 = ORIENTED_EDGE ( 'NONE', *, *, #309, .T. ) ;
#732 = LINE ( 'NONE', #1914, #845 ) ;
#733 = ADVANCED_FACE ( 'NONE', ( #311, #1714, #248 ), #1786, .T. ) ;
#734 = CARTESIAN_POINT ( 'NONE',  ( 0.9999999999999314992, -0.3000000000000363487, 4.200000000000272848 ) ) ;
#735 = VERTEX_POINT ( 'NONE', #1074 ) ;
#736 = VECTOR ( 'NONE', #2239, 1000.000000000000000 ) ;
#737 = ORIENTED_EDGE ( 'NONE', *, *, #1679, .F. ) ;
#738 = EDGE_CURVE ( 'NONE', #1305, #2172, #363, .T. ) ;
#739 = AXIS2_PLACEMENT_3D ( 'NONE', #2147, #1963, #2118 ) ;
#740 = CARTESIAN_POINT ( 'NONE',  ( 0.9999999999999314992, -3.642919299551294898E-14, 4.200000000000272848 ) ) ;
#741 = DIRECTION ( 'NONE',  ( 1.065814103640070604E-14, -1.642999669122173270E-15, -1.000000000000000000 ) ) ;
#742 = ORIENTED_EDGE ( 'NONE', *, *, #1250, .T. ) ;
#743 = ORIENTED_EDGE ( 'NONE', *, *, #303, .F. ) ;
#744 = CIRCLE ( 'NONE', #883, 0.5000000000000429656 ) ;
#745 = EDGE_CURVE ( 'NONE', #2218, #1972, #838, .T. ) ;
#746 = CARTESIAN_POINT ( 'NONE',  ( -5.199999999999746159, -1.599999999999822897, 0.0000000000000000000 ) ) ;
#747 = ORIENTED_EDGE ( 'NONE', *, *, #509, .F. ) ;
#748 = DIRECTION ( 'NONE',  ( -3.446445110293486782E-14, 1.000000000000000000, 1.642999669122312898E-15 ) ) ;
#749 = EDGE_CURVE ( 'NONE', #2282, #1178, #2026, .T. ) ;
#750 = FACE_OUTER_BOUND ( 'NONE', #613, .T. ) ;
#751 = PLANE ( 'NONE',  #1373 ) ;
#752 = ORIENTED_EDGE ( 'NONE', *, *, #1269, .F. ) ;
#753 = DIRECTION ( 'NONE',  ( 8.673617379883298676E-15, -1.626303258728118403E-15, -1.000000000000000000 ) ) ;
#754 = CARTESIAN_POINT ( 'NONE',  ( -0.9999999999999453770, -0.2999999999999585221, -1.870828693387019293 ) ) ;
#755 = EDGE_CURVE ( 'NONE', #708, #1865, #657, .T. ) ;
#756 = AXIS2_PLACEMENT_3D ( 'NONE', #1590, #16, #34 ) ;
#757 = CARTESIAN_POINT ( 'NONE',  ( 3.999999999999781508, -1.301042606982605321E-13, -5.200000000000329692 ) ) ;
#758 = VECTOR ( 'NONE', #2050, 1000.000000000000000 ) ;
#759 = ORIENTED_EDGE ( 'NONE', *, *, #1539, .F. ) ;
#760 = EDGE_LOOP ( 'NONE', ( #2191, #752, #235, #48 ) ) ;
#761 = FACE_OUTER_BOUND ( 'NONE', #489, .T. ) ;
#762 = DIRECTION ( 'NONE',  ( -3.446445110293486782E-14, 1.000000000000000000, 1.642999669122312898E-15 ) ) ;
#763 = CARTESIAN_POINT ( 'NONE',  ( -4.699999999999718625, -0.2999999999998455014, -4.000000000000336620 ) ) ;
#764 = VECTOR ( 'NONE', #1435, 1000.000000000000000 ) ;
#765 = EDGE_LOOP ( 'NONE', ( #984, #124, #1422, #226 ) ) ;
#766 = ORIENTED_EDGE ( 'NONE', *, *, #2278, .F. ) ;
#767 = DIRECTION ( 'NONE',  ( 1.076656125364924386E-14, -1.642999669122178200E-15, -1.000000000000000000 ) ) ;
#768 = AXIS2_PLACEMENT_3D ( 'NONE', #1137, #1131, #935 ) ;
#769 = ORIENTED_EDGE ( 'NONE', *, *, #2035, .F. ) ;
#770 = ORIENTED_EDGE ( 'NONE', *, *, #1406, .T. ) ;
#771 = ADVANCED_FACE ( 'NONE', ( #1979 ), #2002, .F. ) ;
#772 = DIRECTION ( 'NONE',  ( 1.000000000000000000, -3.447762908504052406E-14, -9.251858538543369808E-15 ) ) ;
#773 = FACE_OUTER_BOUND ( 'NONE', #1395, .T. ) ;
#774 = EDGE_CURVE ( 'NONE', #1417, #1469, #2264, .T. ) ;
#775 = CARTESIAN_POINT ( 'NONE',  ( -5.499999999999744205, -1.599999999999814015, 0.4000000000000004663 ) ) ;
#776 = CIRCLE ( 'NONE', #756, 0.2500000000000223155 ) ;
#777 = CARTESIAN_POINT ( 'NONE',  ( 4.199999999999745270, -0.3000000000001265543, 4.000000000000267342 ) ) ;
#778 = CARTESIAN_POINT ( 'NONE',  ( -5.199999999999545430, -2.799999999999794653, -4.000000000000336620 ) ) ;
#779 = DIRECTION ( 'NONE',  ( -1.084202172485409297E-14, 1.734723475976655041E-15, 1.000000000000000000 ) ) ;
#780 = EDGE_CURVE ( 'NONE', #208, #1167, #1185, .T. ) ;
#781 = AXIS2_PLACEMENT_3D ( 'NONE', #2133, #1100, #1079 ) ;
#782 = FACE_OUTER_BOUND ( 'NONE', #1532, .T. ) ;
#783 = DIRECTION ( 'NONE',  ( 1.000000000000000000, -3.446445110293655283E-14, -1.070553785268569865E-14 ) ) ;
#784 = VECTOR ( 'NONE', #146, 1000.000000000000000 ) ;
#785 = EDGE_LOOP ( 'NONE', ( #572, #2020, #103, #1195 ) ) ;
#786 = EDGE_CURVE ( 'NONE', #824, #1888, #1511, .T. ) ;
#787 = CARTESIAN_POINT ( 'NONE',  ( -4.699999999999718625, 1.543903893619358314E-13, -4.000000000000336620 ) ) ;
#788 = ORIENTED_EDGE ( 'NONE', *, *, #901, .F. ) ;
#789 = FACE_OUTER_BOUND ( 'NONE', #1128, .T. ) ;
#790 = DIRECTION ( 'NONE',  ( -1.084202172485412137E-14, 1.626303258728118206E-15, 1.000000000000000000 ) ) ;
#791 = ORIENTED_EDGE ( 'NONE', *, *, #188, .F. ) ;
#792 = CYLINDRICAL_SURFACE ( 'NONE', #555, 1.500000000000125899 ) ;
#793 = CARTESIAN_POINT ( 'NONE',  ( -3.999999999999552358, -2.799999999999833733, -4.000000000000336620 ) ) ;
#794 = DIRECTION ( 'NONE',  ( -1.000000000000000000, 3.446445110293655283E-14, 1.065814103640217805E-14 ) ) ;
#795 = EDGE_CURVE ( 'NONE', #175, #941, #1295, .T. ) ;
#796 = VERTEX_POINT ( 'NONE', #1959 ) ;
#797 = VERTEX_POINT ( 'NONE', #1106 ) ;
#798 = AXIS2_PLACEMENT_3D ( 'NONE', #746, #717, #1941 ) ;
#799 = LINE ( 'NONE', #224, #267 ) ;
#800 = CARTESIAN_POINT ( 'NONE',  ( 5.499999999999824141, -2.800000000000159250, 4.000000000000280664 ) ) ;
#801 = VERTEX_POINT ( 'NONE', #926 ) ;
#802 = LINE ( 'NONE', #1217, #1619 ) ;
#803 = DIRECTION ( 'NONE',  ( 1.000000000000000000, -3.446445110293655283E-14, -1.070553785268569865E-14 ) ) ;
#804 = DIRECTION ( 'NONE',  ( 1.076656125364924386E-14, -1.642999669122178200E-15, -1.000000000000000000 ) ) ;
#805 = ORIENTED_EDGE ( 'NONE', *, *, #1360, .T. ) ;
#806 = CARTESIAN_POINT ( 'NONE',  ( -5.499999999999747757, -0.7999999999998013145, 4.000000000000280664 ) ) ;
#807 = DIRECTION ( 'NONE',  ( -3.446445110293486782E-14, 1.000000000000000000, 1.642999669122312898E-15 ) ) ;
#808 = APPROVAL ( #1002, 'UNSPECIFIED' ) ;
#809 = CARTESIAN_POINT ( 'NONE',  ( -3.999999999999712230, -0.7999999999998793632, -4.000000000000336620 ) ) ;
#810 = CIRCLE ( 'NONE', #1458, 1.200000000000100320 ) ;
#811 = ORIENTED_EDGE ( 'NONE', *, *, #2193, .T. ) ;
#812 = ORIENTED_EDGE ( 'NONE', *, *, #1601, .F. ) ;
#813 = FACE_OUTER_BOUND ( 'NONE', #144, .T. ) ;
#814 = CIRCLE ( 'NONE', #1190, 0.2000000000000169975 ) ;
#815 = EDGE_CURVE ( 'NONE', #1836, #1305, #2175, .T. ) ;
#816 = DIRECTION ( 'NONE',  ( 1.065814103640070604E-14, -1.642999669122173270E-15, -1.000000000000000000 ) ) ;
#817 = LINE ( 'NONE', #1697, #1525 ) ;
#818 = VECTOR ( 'NONE', #701, 1000.000000000000000 ) ;
#819 = ORIENTED_EDGE ( 'NONE', *, *, #1447, .T. ) ;
#820 = DIRECTION ( 'NONE',  ( -1.000000000000000000, 1.409462824231215718E-14, 1.214306433183816558E-14 ) ) ;
#821 = ORIENTED_EDGE ( 'NONE', *, *, #828, .T. ) ;
#822 = CARTESIAN_POINT ( 'NONE',  ( -3.999999999999712230, -0.7999999999998793632, -4.000000000000336620 ) ) ;
#823 = ORIENTED_EDGE ( 'NONE', *, *, #2128, .F. ) ;
#824 = VERTEX_POINT ( 'NONE', #404 ) ;
#825 = DIRECTION ( 'NONE',  ( 1.000000000000000000, -3.446445110293655283E-14, -1.070553785268569865E-14 ) ) ;
#826 = EDGE_CURVE ( 'NONE', #1348, #1736, #184, .T. ) ;
#827 = CYLINDRICAL_SURFACE ( 'NONE', #2260, 0.2500000000000219269 ) ;
#828 = EDGE_CURVE ( 'NONE', #72, #1993, #493, .T. ) ;
#829 = CYLINDRICAL_SURFACE ( 'NONE', #257, 0.2000000000000169975 ) ;
#830 = CARTESIAN_POINT ( 'NONE',  ( -5.499999999999609201, -2.799999999999832845, 4.000000000000280664 ) ) ;
#831 = CARTESIAN_POINT ( 'NONE',  ( -3.999999999999746869, -0.2999999999998698152, 4.700000000000273737 ) ) ;
#832 = DIRECTION ( 'NONE',  ( 1.000000000000000000, -3.440534894020815499E-14, -9.251858538543369808E-15 ) ) ;
#833 = PERSON_AND_ORGANIZATION ( #543, #1487 ) ;
#834 = CARTESIAN_POINT ( 'NONE',  ( -3.999999999999746869, 1.301042606982605321E-13, 4.000000000000280664 ) ) ;
#835 = AXIS2_PLACEMENT_3D ( 'NONE', #1720, #2248, #136 ) ;
#836 = CARTESIAN_POINT ( 'NONE',  ( -3.999999999999607869, -2.799999999999832845, 5.500000000000282441 ) ) ;
#837 = APPLICATION_CONTEXT ( 'configuration controlled 3d designs of mechanical parts and assemblies' ) ;
#838 = LINE ( 'NONE', #527, #2242 ) ;
#839 = ADVANCED_FACE ( 'NONE', ( #907 ), #1785, .F. ) ;
#840 = AXIS2_PLACEMENT_3D ( 'NONE', #1967, #2149, #390 ) ;
#841 = CARTESIAN_POINT ( 'NONE',  ( 3.999999999999940936, -2.800000000000166800, -5.200000000000329692 ) ) ;
#842 = LINE ( 'NONE', #1020, #364 ) ;
#843 = ORIENTED_EDGE ( 'NONE', *, *, #1792, .T. ) ;
#844 = EDGE_LOOP ( 'NONE', ( #14, #321, #479, #511 ) ) ;
#845 = VECTOR ( 'NONE', #1426, 1000.000000000000000 ) ;
#846 = CARTESIAN_POINT ( 'NONE',  ( 1.000000000000007772, -4.163336342344337027E-14, 1.870828693387019293 ) ) ;
#847 = ORIENTED_EDGE ( 'NONE', *, *, #57, .F. ) ;
#848 = CARTESIAN_POINT ( 'NONE',  ( -0.7499999999999242828, -0.2999999999999706235, -2.685419176710529321 ) ) ;
#849 =( NAMED_UNIT ( * ) SI_UNIT ( $, .STERADIAN. ) SOLID_ANGLE_UNIT ( ) );
#850 = ORIENTED_EDGE ( 'NONE', *, *, #1325, .T. ) ;
#851 = VERTEX_POINT ( 'NONE', #740 ) ;
#852 = ADVANCED_FACE ( 'NONE', ( #1706 ), #159, .F. ) ;
#853 = VECTOR ( 'NONE', #1698, 1000.000000000000000 ) ;
#854 = ORIENTED_EDGE ( 'NONE', *, *, #264, .F. ) ;
#855 = CIRCLE ( 'NONE', #1253, 1.499999999999934497 ) ;
#856 = DIRECTION ( 'NONE',  ( 1.065814103640070604E-14, -1.642999669122173270E-15, -1.000000000000000000 ) ) ;
#857 = EDGE_CURVE ( 'NONE', #948, #1755, #776, .T. ) ;
#858 = CARTESIAN_POINT ( 'NONE',  ( 3.999999999999725997, -0.8000000000001205036, 4.000000000000280664 ) ) ;
#859 = EDGE_CURVE ( 'NONE', #1699, #1939, #354, .T. ) ;
#860 = EDGE_CURVE ( 'NONE', #492, #2083, #1562, .T. ) ;
#861 = APPROVAL_ROLE ( '' ) ;
#862 = DIRECTION ( 'NONE',  ( -1.000000000000000000, 3.446445110293654652E-14, 1.470582914701526542E-14 ) ) ;
#863 = VECTOR ( 'NONE', #807, 1000.000000000000000 ) ;
#864 = EDGE_CURVE ( 'NONE', #1506, #265, #1479, .T. ) ;
#865 = ORIENTED_EDGE ( 'NONE', *, *, #525, .F. ) ;
#866 = VERTEX_POINT ( 'NONE', #1598 ) ;
#867 = CYLINDRICAL_SURFACE ( 'NONE', #1595, 0.6500000000000550893 ) ;
#868 = CIRCLE ( 'NONE', #677, 1.500000000000126121 ) ;
#869 = AXIS2_PLACEMENT_3D ( 'NONE', #605, #986, #790 ) ;
#870 = VECTOR ( 'NONE', #1175, 1000.000000000000000 ) ;
#871 = ADVANCED_FACE ( 'NONE', ( #1018 ), #829, .F. ) ;
#872 = ORIENTED_EDGE ( 'NONE', *, *, #261, .T. ) ;
#873 = PLANE ( 'NONE',  #1070 ) ;
#874 = DIRECTION ( 'NONE',  ( -3.446445110293486782E-14, 1.000000000000000000, 1.642999669122312898E-15 ) ) ;
#875 = ORIENTED_EDGE ( 'NONE', *, *, #347, .F. ) ;
#876 = ORIENTED_EDGE ( 'NONE', *, *, #1261, .T. ) ;
#877 = CARTESIAN_POINT ( 'NONE',  ( -0.9999999999999245048, -0.2999999999999636846, -3.550000000000330669 ) ) ;
#878 = DIRECTION ( 'NONE',  ( -3.446445110293486782E-14, 1.000000000000000000, 1.642999669122312898E-15 ) ) ;
#879 = ORIENTED_EDGE ( 'NONE', *, *, #1411, .T. ) ;
#880 = FACE_OUTER_BOUND ( 'NONE', #514, .T. ) ;
#881 = AXIS2_PLACEMENT_3D ( 'NONE', #31, #748, #915 ) ;
#882 = CARTESIAN_POINT ( 'NONE',  ( -4.699999999999718625, -0.7999999999998481659, -4.000000000000336620 ) ) ;
#883 = AXIS2_PLACEMENT_3D ( 'NONE', #1832, #1473, #2185 ) ;
#884 = CARTESIAN_POINT ( 'NONE',  ( 3.999999999999781508, -0.3000000000001300515, -4.000000000000336620 ) ) ;
#885 = EDGE_CURVE ( 'NONE', #339, #545, #2148, .T. ) ;
#886 = CALENDAR_DATE ( 2020, 6, 10 ) ;
#887 = DIRECTION ( 'NONE',  ( 3.446445110293486782E-14, -1.000000000000000000, -1.642999669122312898E-15 ) ) ;
#888 = DIRECTION ( 'NONE',  ( 2.139880577972877413E-15, -1.642999669121879419E-15, -1.000000000000000000 ) ) ;
#889 = FACE_OUTER_BOUND ( 'NONE', #1037, .T. ) ;
#890 = LINE ( 'NONE', #1223, #1416 ) ;
#891 = EDGE_LOOP ( 'NONE', ( #506, #284, #2081, #1201 ) ) ;
#892 = CARTESIAN_POINT ( 'NONE',  ( 3.999999999999739764, -0.3000000000001196154, 4.200000000000258638 ) ) ;
#893 = ORIENTED_EDGE ( 'NONE', *, *, #1047, .F. ) ;
#894 = FACE_OUTER_BOUND ( 'NONE', #71, .T. ) ;
#895 = ORIENTED_EDGE ( 'NONE', *, *, #755, .T. ) ;
#896 = AXIS2_PLACEMENT_3D ( 'NONE', #1251, #205, #388 ) ;
#897 = ORIENTED_EDGE ( 'NONE', *, *, #2202, .F. ) ;
#898 = CARTESIAN_POINT ( 'NONE',  ( 3.999999999999739764, -1.196959198423996895E-13, 4.000000000000267342 ) ) ;
#899 = DIRECTION ( 'NONE',  ( 1.076656125364924386E-14, -1.642999669122178200E-15, -1.000000000000000000 ) ) ;
#900 = CARTESIAN_POINT ( 'NONE',  ( 5.199999999999779021, -1.600000000000181277, -0.4000000000000345501 ) ) ;
#901 = EDGE_CURVE ( 'NONE', #1773, #1084, #436, .T. ) ;
#902 = ORIENTED_EDGE ( 'NONE', *, *, #1244, .F. ) ;
#903 = ORIENTED_EDGE ( 'NONE', *, *, #1210, .T. ) ;
#904 = LINE ( 'NONE', #2211, #1403 ) ;
#905 = ORIENTED_EDGE ( 'NONE', *, *, #1612, .T. ) ;
#906 = DIRECTION ( 'NONE',  ( -3.446445110293486782E-14, 1.000000000000000000, 1.642999669122312898E-15 ) ) ;
#907 = FACE_OUTER_BOUND ( 'NONE', #1811, .T. ) ;
#908 = DIRECTION ( 'NONE',  ( -3.446445110293486782E-14, 1.000000000000000000, 1.642999669122312898E-15 ) ) ;
#909 = DIRECTION ( 'NONE',  ( 1.065814103640070604E-14, -1.642999669122173270E-15, -1.000000000000000000 ) ) ;
#910 = EDGE_CURVE ( 'NONE', #725, #405, #134, .T. ) ;
#911 = AXIS2_PLACEMENT_3D ( 'NONE', #1486, #579, #54 ) ;
#912 = DIRECTION ( 'NONE',  ( -3.446445110293486782E-14, 1.000000000000000000, 1.642999669122312898E-15 ) ) ;
#913 = DIRECTION ( 'NONE',  ( 1.084202172485410717E-14, -1.626303258728116234E-15, -1.000000000000000000 ) ) ;
#914 = PLANE ( 'NONE',  #720 ) ;
#915 = DIRECTION ( 'NONE',  ( -1.040834085585984702E-14, -1.642999669122671830E-15, 1.000000000000000000 ) ) ;
#916 = FACE_OUTER_BOUND ( 'NONE', #951, .T. ) ;
#917 = ORIENTED_EDGE ( 'NONE', *, *, #1560, .T. ) ;
#918 = DIRECTION ( 'NONE',  ( -3.446445110293486782E-14, 1.000000000000000000, 1.642999669122312898E-15 ) ) ;
#919 = ORIENTED_EDGE ( 'NONE', *, *, #1679, .T. ) ;
#920 = AXIS2_PLACEMENT_3D ( 'NONE', #1683, #979, #628 ) ;
#921 = LINE ( 'NONE', #1077, #1966 ) ;
#922 = DIRECTION ( 'NONE',  ( 1.000000000000000000, -3.447762908504050513E-14, -1.040834085586128591E-14 ) ) ;
#923 = FACE_OUTER_BOUND ( 'NONE', #313, .T. ) ;
#924 = ORIENTED_EDGE ( 'NONE', *, *, #671, .F. ) ;
#925 = ORIENTED_EDGE ( 'NONE', *, *, #467, .F. ) ;
#926 = CARTESIAN_POINT ( 'NONE',  ( -4.699999999999746159, -0.2999999999998351208, 4.000000000000280664 ) ) ;
#927 = DIRECTION ( 'NONE',  ( -1.084202172485412137E-14, 1.626303258728118206E-15, 1.000000000000000000 ) ) ;
#928 = VERTEX_POINT ( 'NONE', #1442 ) ;
#929 = EDGE_CURVE ( 'NONE', #72, #1721, #715, .T. ) ;
#930 = DIRECTION ( 'NONE',  ( -1.065814103640070604E-14, 1.642999669122173467E-15, 1.000000000000000000 ) ) ;
#931 = ORIENTED_EDGE ( 'NONE', *, *, #578, .F. ) ;
#932 = PLANE ( 'NONE',  #1272 ) ;
#933 = CYLINDRICAL_SURFACE ( 'NONE', #323, 0.8000000000000679901 ) ;
#934 = EDGE_LOOP ( 'NONE', ( #1408, #266, #1160, #1579 ) ) ;
#935 = DIRECTION ( 'NONE',  ( 1.040834085585983914E-14, -1.642999669122183328E-15, -1.000000000000000000 ) ) ;
#936 = EDGE_CURVE ( 'NONE', #2059, #2029, #215, .T. ) ;
#937 = EDGE_CURVE ( 'NONE', #1577, #851, #241, .T. ) ;
#938 = AXIS2_PLACEMENT_3D ( 'NONE', #1596, #181, #1273 ) ;
#939 = CARTESIAN_POINT ( 'NONE',  ( -5.499999999999554134, -2.799999999999840838, -4.000000000000336620 ) ) ;
#940 = LOCAL_TIME ( 10, 2, 3.000000000000000000, #2008 ) ;
#941 = VERTEX_POINT ( 'NONE', #28 ) ;
#942 = DIRECTION ( 'NONE',  ( -6.971853649950563676E-15, 1.642999669122046658E-15, 1.000000000000000000 ) ) ;
#943 = CYLINDRICAL_SURFACE ( 'NONE', #1133, 0.2500000000000219269 ) ;
#944 = LINE ( 'NONE', #199, #476 ) ;
#945 = ORIENTED_EDGE ( 'NONE', *, *, #1762, .T. ) ;
#946 = ORIENTED_EDGE ( 'NONE', *, *, #972, .F. ) ;
#947 = CYLINDRICAL_SURFACE ( 'NONE', #2268, 1.500000000000127454 ) ;
#948 = VERTEX_POINT ( 'NONE', #529 ) ;
#949 = CC_DESIGN_DATE_AND_TIME_ASSIGNMENT ( #1904, #1370, ( #406 ) ) ;
#950 = DIRECTION ( 'NONE',  ( -3.446445110293486782E-14, 1.000000000000000000, 1.642999669122312898E-15 ) ) ;
#951 = EDGE_LOOP ( 'NONE', ( #1897, #2263, #1635, #1082 ) ) ;
#952 = CARTESIAN_POINT ( 'NONE',  ( -0.9999999999999314992, -0.2999999999999636846, -4.200000000000328804 ) ) ;
#953 = EDGE_LOOP ( 'NONE', ( #973, #1860, #259, #568 ) ) ;
#954 = VERTEX_POINT ( 'NONE', #714 ) ;
#955 = CARTESIAN_POINT ( 'NONE',  ( -1.249999999999931610, -0.2999999999999515832, -1.870828693387019293 ) ) ;
#956 = LINE ( 'NONE', #668, #1240 ) ;
#957 = ORIENTED_EDGE ( 'NONE', *, *, #145, .F. ) ;
#958 = DIRECTION ( 'NONE',  ( -2.139880577972877413E-15, 1.642999669121879419E-15, 1.000000000000000000 ) ) ;
#959 = FACE_OUTER_BOUND ( 'NONE', #1687, .T. ) ;
#960 = DIRECTION ( 'NONE',  ( -1.065814103640070604E-14, 1.642999669122173467E-15, 1.000000000000000000 ) ) ;
#961 = CARTESIAN_POINT ( 'NONE',  ( 0.8194444444444490827, -0.3000000000000397904, -2.925580516513176299 ) ) ;
#962 = DIRECTION ( 'NONE',  ( -3.446445110293486782E-14, 1.000000000000000000, 1.642999669122312898E-15 ) ) ;
#963 = DIRECTION ( 'NONE',  ( -1.065814103640070604E-14, 1.642999669122173467E-15, 1.000000000000000000 ) ) ;
#964 = PERSON_AND_ORGANIZATION ( #543, #1487 ) ;
#965 = CARTESIAN_POINT ( 'NONE',  ( -0.9999999999999314992, -0.2999999999999636846, -4.200000000000328804 ) ) ;
#966 = EDGE_CURVE ( 'NONE', #265, #1913, #76, .T. ) ;
#967 = EDGE_CURVE ( 'NONE', #17, #2059, #2060, .T. ) ;
#968 = CARTESIAN_POINT ( 'NONE',  ( 0.9999999999999592548, -3.642919299551294898E-14, 2.685419176710515554 ) ) ;
#969 = LINE ( 'NONE', #247, #1440 ) ;
#970 = ORIENTED_EDGE ( 'NONE', *, *, #2235, .T. ) ;
#971 = DIRECTION ( 'NONE',  ( -1.065814103640070604E-14, 1.653408313040254042E-15, 1.000000000000000000 ) ) ;
#972 = EDGE_CURVE ( 'NONE', #1226, #173, #1734, .T. ) ;
#973 = ORIENTED_EDGE ( 'NONE', *, *, #1685, .T. ) ;
#974 = LINE ( 'NONE', #591, #1858 ) ;
#975 = CARTESIAN_POINT ( 'NONE',  ( 0.9999999999999940048, -4.683753385137379155E-14, -2.685419176710529321 ) ) ;
#976 = TOROIDAL_SURFACE ( 'NONE', #995, 0.6999999999999992895, 0.5000000000000000000 ) ;
#977 = VERTEX_POINT ( 'NONE', #1107 ) ;
#978 = VERTEX_POINT ( 'NONE', #1292 ) ;
#979 = DIRECTION ( 'NONE',  ( 1.000000000000000000, -3.446445110293655283E-14, -1.054972081915361499E-14 ) ) ;
#980 = EDGE_CURVE ( 'NONE', #1736, #265, #602, .T. ) ;
#981 = CARTESIAN_POINT ( 'NONE',  ( -5.199999999999746159, -0.7999999999998117506, 4.000000000000280664 ) ) ;
#982 = ORIENTED_EDGE ( 'NONE', *, *, #1952, .F. ) ;
#983 = DIRECTION ( 'NONE',  ( -3.446445110293486782E-14, 1.000000000000000000, 1.642999669122312898E-15 ) ) ;
#984 = ORIENTED_EDGE ( 'NONE', *, *, #1385, .T. ) ;
#985 = AXIS2_PLACEMENT_3D ( 'NONE', #1991, #1984, #772 ) ;
#986 = DIRECTION ( 'NONE',  ( -3.446445110293486782E-14, 1.000000000000000000, 1.642999669122312898E-15 ) ) ;
#987 = ORIENTED_EDGE ( 'NONE', *, *, #417, .T. ) ;
#988 = DIRECTION ( 'NONE',  ( 1.065814103640070604E-14, -1.642999669122173270E-15, -1.000000000000000000 ) ) ;
#989 = VERTEX_POINT ( 'NONE', #763 ) ;
#990 = CARTESIAN_POINT ( 'NONE',  ( -0.9999999999999453770, 4.163336342344337027E-14, -1.870828693387019293 ) ) ;
#991 = DIRECTION ( 'NONE',  ( 1.000000000000000000, -2.209061926439310263E-14, -1.084202172485550977E-14 ) ) ;
#992 = CARTESIAN_POINT ( 'NONE',  ( 3.999999999999940936, -2.800000000000166800, -5.500000000000337508 ) ) ;
#993 = CC_DESIGN_PERSON_AND_ORGANIZATION_ASSIGNMENT ( #1985, #153, ( #77 ) ) ;
#994 = DIRECTION ( 'NONE',  ( -1.000000000000000000, 3.446445110293655283E-14, 1.076656125365073954E-14 ) ) ;
#995 = AXIS2_PLACEMENT_3D ( 'NONE', #1994, #1623, #1830 ) ;
#996 = APPROVAL_DATE_TIME ( #2122, #2178 ) ;
#997 = CARTESIAN_POINT ( 'NONE',  ( -5.499999999999713118, 1.890848588814719733E-13, -4.000000000000336620 ) ) ;
#998 = LINE ( 'NONE', #1693, #863 ) ;
#999 = DIRECTION ( 'NONE',  ( -1.098658201451884215E-14, 1.662443331144298400E-15, 1.000000000000000000 ) ) ;
#1000 = VECTOR ( 'NONE', #2119, 1000.000000000000000 ) ;
#1001 = EDGE_CURVE ( 'NONE', #208, #1676, #2089, .T. ) ;
#1002 = APPROVAL_STATUS ( 'not_yet_approved' ) ;
#1003 = ORIENTED_EDGE ( 'NONE', *, *, #609, .T. ) ;
#1004 = ORIENTED_EDGE ( 'NONE', *, *, #864, .F. ) ;
#1005 = ADVANCED_FACE ( 'NONE', ( #549 ), #1588, .T. ) ;
#1006 = DIRECTION ( 'NONE',  ( 1.040834085585994800E-14, -1.734723475976658000E-15, -1.000000000000000000 ) ) ;
#1007 = CARTESIAN_POINT ( 'NONE',  ( -3.999999999999746869, 1.301042606982605321E-13, 4.700000000000273737 ) ) ;
#1008 = UNCERTAINTY_MEASURE_WITH_UNIT (LENGTH_MEASURE( 1.000000000000000082E-05 ), #126, 'distance_accuracy_value', 'NONE');
#1009 = ORIENTED_EDGE ( 'NONE', *, *, #609, .F. ) ;
#1010 = DIRECTION ( 'NONE',  ( -1.239088197126186066E-14, 1.642999669122206402E-15, 1.000000000000000000 ) ) ;
#1011 = APPLICATION_PROTOCOL_DEFINITION ( 'international standard', 'config_control_design', 1994, #837 ) ;
#1012 = ORIENTED_EDGE ( 'NONE', *, *, #1523, .T. ) ;
#1013 = LINE ( 'NONE', #290, #853 ) ;
#1014 = EDGE_CURVE ( 'NONE', #978, #708, #1673, .T. ) ;
#1015 = DIRECTION ( 'NONE',  ( -3.446445110293486782E-14, 1.000000000000000000, 1.642999669122312898E-15 ) ) ;
#1016 = ORIENTED_EDGE ( 'NONE', *, *, #660, .T. ) ;
#1017 = AXIS2_PLACEMENT_3D ( 'NONE', #1622, #1460, #1815 ) ;
#1018 = FACE_OUTER_BOUND ( 'NONE', #590, .T. ) ;
#1019 = DIRECTION ( 'NONE',  ( 1.076656125364924386E-14, -1.642999669122178200E-15, -1.000000000000000000 ) ) ;
#1020 = CARTESIAN_POINT ( 'NONE',  ( 3.999999999999781508, -1.301042606982605321E-13, -4.700000000000328804 ) ) ;
#1021 = CARTESIAN_POINT ( 'NONE',  ( 5.499999999999780620, -1.600000000000188383, -0.4000000000000345501 ) ) ;
#1022 = EDGE_CURVE ( 'NONE', #492, #1573, #1380, .T. ) ;
#1023 = DIRECTION ( 'NONE',  ( -1.067522139062560031E-14, 1.668003342285250049E-15, 1.000000000000000000 ) ) ;
#1024 = APPROVAL_ROLE ( '' ) ;
#1025 = AXIS2_PLACEMENT_3D ( 'NONE', #858, #2267, #999 ) ;
#1026 = DIRECTION ( 'NONE',  ( -3.446445110293486782E-14, 1.000000000000000000, 1.642999669122312898E-15 ) ) ;
#1027 = FACE_OUTER_BOUND ( 'NONE', #934, .T. ) ;
#1028 = EDGE_LOOP ( 'NONE', ( #1257, #698, #931, #1472 ) ) ;
#1029 = VERTEX_POINT ( 'NONE', #1121 ) ;
#1030 = VECTOR ( 'NONE', #2126, 1000.000000000000000 ) ;
#1031 = CARTESIAN_POINT ( 'NONE',  ( 3.999999999999940936, -2.800000000000166800, -5.500000000000337508 ) ) ;
#1032 = VECTOR ( 'NONE', #899, 1000.000000000000000 ) ;
#1033 = ORIENTED_EDGE ( 'NONE', *, *, #554, .T. ) ;
#1034 = DIRECTION ( 'NONE',  ( 3.446445110293486782E-14, -1.000000000000000000, -1.642999669122312898E-15 ) ) ;
#1035 = ORIENTED_EDGE ( 'NONE', *, *, #1379, .T. ) ;
#1036 = ORIENTED_EDGE ( 'NONE', *, *, #929, .F. ) ;
#1037 = EDGE_LOOP ( 'NONE', ( #2166, #1552, #1151, #1628 ) ) ;
#1038 = CC_DESIGN_APPROVAL ( #808, ( #1898 ) ) ;
#1039 = CARTESIAN_POINT ( 'NONE',  ( -3.999999999999712230, -0.2999999999998802513, -4.700000000000328804 ) ) ;
#1040 = ORIENTED_EDGE ( 'NONE', *, *, #2005, .F. ) ;
#1041 = FACE_BOUND ( 'NONE', #1535, .T. ) ;
#1042 = ADVANCED_FACE ( 'NONE', ( #750 ), #52, .T. ) ;
#1043 = CARTESIAN_POINT ( 'NONE',  ( 3.999999999999767741, -0.3000000000001300515, -4.200000000000356337 ) ) ;
#1044 = CARTESIAN_POINT ( 'NONE',  ( -5.199999999999545430, -2.799999999999794653, -4.000000000000336620 ) ) ;
#1045 = ORIENTED_EDGE ( 'NONE', *, *, #497, .F. ) ;
#1046 = DIRECTION ( 'NONE',  ( -1.040834085586005686E-14, 1.642999669122168339E-15, 1.000000000000000000 ) ) ;
#1047 = EDGE_CURVE ( 'NONE', #797, #1348, #1319, .T. ) ;
#1048 = CARTESIAN_POINT ( 'NONE',  ( -5.199999999999718625, -0.7999999999998272937, -4.000000000000336620 ) ) ;
#1049 = DIRECTION ( 'NONE',  ( -3.446445110293486782E-14, 1.000000000000000000, 1.642999669122312898E-15 ) ) ;
#1050 = DIRECTION ( 'NONE',  ( -1.065814103640070604E-14, 1.653408313040252859E-15, 1.000000000000000000 ) ) ;
#1051 = ADVANCED_FACE ( 'NONE', ( #959 ), #1157, .F. ) ;
#1052 = CARTESIAN_POINT ( 'NONE',  ( 4.699999999999718625, -0.8000000000001517009, 4.000000000000280664 ) ) ;
#1053 = VECTOR ( 'NONE', #2039, 1000.000000000000000 ) ;
#1054 = EDGE_CURVE ( 'NONE', #371, #1605, #1129, .T. ) ;
#1055 = CYLINDRICAL_SURFACE ( 'NONE', #1457, 0.2500000000000199285 ) ;
#1056 = AXIS2_PLACEMENT_3D ( 'NONE', #114, #471, #1357 ) ;
#1057 = PLANE ( 'NONE',  #1725 ) ;
#1058 = CARTESIAN_POINT ( 'NONE',  ( -0.9999999999999314992, -0.2999999999999636846, -4.200000000000328804 ) ) ;
#1059 = CIRCLE ( 'NONE', #1538, 0.7999999999999656275 ) ;
#1060 = CARTESIAN_POINT ( 'NONE',  ( -0.9999999999999870104, -0.2999999999999533040, 4.200000000000272848 ) ) ;
#1061 = ORIENTED_EDGE ( 'NONE', *, *, #264, .T. ) ;
#1062 = DIRECTION ( 'NONE',  ( -3.446445110293486782E-14, 1.000000000000000000, 1.642999669122312898E-15 ) ) ;
#1063 = ORIENTED_EDGE ( 'NONE', *, *, #110, .T. ) ;
#1064 = DIRECTION ( 'NONE',  ( -1.084202172485409297E-14, 1.734723475976655041E-15, 1.000000000000000000 ) ) ;
#1065 = CARTESIAN_POINT ( 'NONE',  ( 1.250000000000001110, -0.3000000000000485056, -1.870828693387033281 ) ) ;
#1066 = ORIENTED_EDGE ( 'NONE', *, *, #2151, .T. ) ;
#1067 = FACE_OUTER_BOUND ( 'NONE', #402, .T. ) ;
#1068 = DIRECTION ( 'NONE',  ( -3.446445110293486782E-14, 1.000000000000000000, 1.642999669122312898E-15 ) ) ;
#1069 = VERTEX_POINT ( 'NONE', #2100 ) ;
#1070 = AXIS2_PLACEMENT_3D ( 'NONE', #1405, #1942, #1243 ) ;
#1071 = DIRECTION ( 'NONE',  ( 1.076656125364924386E-14, -1.642999669122178200E-15, -1.000000000000000000 ) ) ;
#1072 = VECTOR ( 'NONE', #1413, 1000.000000000000000 ) ;
#1073 = AXIS2_PLACEMENT_3D ( 'NONE', #263, #1494, #971 ) ;
#1074 = CARTESIAN_POINT ( 'NONE',  ( -0.9999999999999870104, 4.163336342344337027E-14, 1.870828693387033281 ) ) ;
#1075 = CARTESIAN_POINT ( 'NONE',  ( 4.699999999999718625, -0.3000000000001543099, 4.000000000000280664 ) ) ;
#1076 = DIRECTION ( 'NONE',  ( -1.067522139062560031E-14, 1.668003342285250049E-15, 1.000000000000000000 ) ) ;
#1077 = CARTESIAN_POINT ( 'NONE',  ( -0.9999999999999870104, -0.2999999999999533040, 4.200000000000272848 ) ) ;
#1078 = CARTESIAN_POINT ( 'NONE',  ( -3.999999999999607869, -2.799999999999832845, 5.200000000000273737 ) ) ;
#1079 = DIRECTION ( 'NONE',  ( 1.239088197126189222E-14, -1.642999669122210544E-15, -1.000000000000000000 ) ) ;
#1080 = CARTESIAN_POINT ( 'NONE',  ( 1.111111111111104499, -4.857225732735059864E-14, -1.662958838566208630 ) ) ;
#1081 = LINE ( 'NONE', #1048, #60 ) ;
#1082 = ORIENTED_EDGE ( 'NONE', *, *, #1756, .T. ) ;
#1083 = DIRECTION ( 'NONE',  ( 3.446445110293486782E-14, -1.000000000000000000, -1.642999669122312898E-15 ) ) ;
#1084 = VERTEX_POINT ( 'NONE', #692 ) ;
#1085 = LINE ( 'NONE', #603, #203 ) ;
#1086 = EDGE_CURVE ( 'NONE', #2112, #1510, #855, .T. ) ;
#1087 = CARTESIAN_POINT ( 'NONE',  ( 0.7499999999999937828, -0.3000000000000397904, -2.685419176710529321 ) ) ;
#1088 = ADVANCED_FACE ( 'NONE', ( #2203 ), #1753, .T. ) ;
#1089 = LINE ( 'NONE', #1977, #1393 ) ;
#1090 = CARTESIAN_POINT ( 'NONE',  ( -4.199999999999731948, 1.266348137463069179E-13, -4.000000000000322409 ) ) ;
#1091 = ORIENTED_EDGE ( 'NONE', *, *, #1968, .T. ) ;
#1092 = EDGE_CURVE ( 'NONE', #1124, #1944, #802, .T. ) ;
#1093 = CARTESIAN_POINT ( 'NONE',  ( 5.499999999999783284, -0.8000000000001985523, -4.000000000000336620 ) ) ;
#1094 = DIRECTION ( 'NONE',  ( 1.084202172485410717E-14, -1.626303258728116234E-15, -1.000000000000000000 ) ) ;
#1095 = EDGE_CURVE ( 'NONE', #1493, #371, #1271, .T. ) ;
#1096 = ORIENTED_EDGE ( 'NONE', *, *, #1360, .F. ) ;
#1097 = ORIENTED_EDGE ( 'NONE', *, *, #1641, .F. ) ;
#1098 = LINE ( 'NONE', #952, #2085 ) ;
#1099 = EDGE_LOOP ( 'NONE', ( #1627, #1045, #519, #2010 ) ) ;
#1100 = DIRECTION ( 'NONE',  ( -3.446445110293486782E-14, 1.000000000000000000, 1.642999669122312898E-15 ) ) ;
#1101 = CARTESIAN_POINT ( 'NONE',  ( 3.999999999999725997, -0.8000000000001205036, 4.000000000000280664 ) ) ;
#1102 = CIRCLE ( 'NONE', #1954, 0.2500000000000205946 ) ;
#1103 = ORIENTED_EDGE ( 'NONE', *, *, #826, .T. ) ;
#1104 = EDGE_CURVE ( 'NONE', #2055, #2218, #270, .T. ) ;
#1105 = AXIS2_PLACEMENT_3D ( 'NONE', #1742, #1553, #856 ) ;
#1106 = CARTESIAN_POINT ( 'NONE',  ( 4.699999999999718625, -1.543903893619358314E-13, 4.000000000000280664 ) ) ;
#1107 = CARTESIAN_POINT ( 'NONE',  ( 3.999999999999739764, -1.196959198423996895E-13, 4.200000000000258638 ) ) ;
#1108 = DIRECTION ( 'NONE',  ( -1.065814103640223485E-14, -1.642999669121438643E-15, -1.000000000000000000 ) ) ;
#1109 = PLANE ( 'NONE',  #1578 ) ;
#1110 = ADVANCED_FACE ( 'NONE', ( #330 ), #1057, .F. ) ;
#1111 = CYLINDRICAL_SURFACE ( 'NONE', #2243, 0.2500000000000205946 ) ;
#1112 = ORIENTED_EDGE ( 'NONE', *, *, #1122, .F. ) ;
#1113 = DIRECTION ( 'NONE',  ( 1.000000000000000000, -3.446445110293655283E-14, -1.239286451237922812E-14 ) ) ;
#1114 = AXIS2_PLACEMENT_3D ( 'NONE', #1550, #328, #681 ) ;
#1115 = LINE ( 'NONE', #723, #1821 ) ;
#1116 = CARTESIAN_POINT ( 'NONE',  ( -3.999999999999746869, 1.301042606982605321E-13, 5.200000000000273737 ) ) ;
#1117 = FACE_OUTER_BOUND ( 'NONE', #1701, .T. ) ;
#1118 = AXIS2_PLACEMENT_3D ( 'NONE', #274, #252, #2201 ) ;
#1119 = ORIENTED_EDGE ( 'NONE', *, *, #256, .T. ) ;
#1120 = ORIENTED_EDGE ( 'NONE', *, *, #1144, .T. ) ;
#1121 = CARTESIAN_POINT ( 'NONE',  ( -4.199999999999731948, -0.2999999999998732569, -4.000000000000322409 ) ) ;
#1122 = EDGE_CURVE ( 'NONE', #2283, #1605, #1102, .T. ) ;
#1123 = CARTESIAN_POINT ( 'NONE',  ( -4.699999999999746159, -0.7999999999998325118, 4.000000000000280664 ) ) ;
#1124 = VERTEX_POINT ( 'NONE', #1233 ) ;
#1125 = ADVANCED_FACE ( 'NONE', ( #688 ), #53, .F. ) ;
#1126 = CARTESIAN_POINT ( 'NONE',  ( -0.7499999999999867883, -0.2999999999999602429, 2.685419176710529321 ) ) ;
#1127 = FACE_BOUND ( 'NONE', #1496, .T. ) ;
#1128 = EDGE_LOOP ( 'NONE', ( #1603, #1036, #477, #1806 ) ) ;
#1129 = LINE ( 'NONE', #1927, #23 ) ;
#1130 = DIRECTION ( 'NONE',  ( 1.000000000000000000, -3.446445110293654652E-14, -1.297110567103823586E-14 ) ) ;
#1131 = DIRECTION ( 'NONE',  ( -3.446445110293486782E-14, 1.000000000000000000, 1.642999669122312898E-15 ) ) ;
#1132 = EDGE_CURVE ( 'NONE', #405, #346, #1212, .T. ) ;
#1133 = AXIS2_PLACEMENT_3D ( 'NONE', #1170, #1324, #1509 ) ;
#1134 = CARTESIAN_POINT ( 'NONE',  ( 0.0000000000000000000, 0.0000000000000000000, 0.0000000000000000000 ) ) ;
#1135 = PERSON_AND_ORGANIZATION ( #543, #1487 ) ;
#1136 = CARTESIAN_POINT ( 'NONE',  ( 5.199999999999947775, -2.800000000000222311, -4.000000000000336620 ) ) ;
#1137 = CARTESIAN_POINT ( 'NONE',  ( 1.250000000000001110, -4.857225732735059864E-14, -1.870828693387033281 ) ) ;
#1138 = CARTESIAN_POINT ( 'NONE',  ( 0.8194444444444490827, -0.3000000000000294098, 2.925580516513162532 ) ) ;
#1139 = ORIENTED_EDGE ( 'NONE', *, *, #2255, .F. ) ;
#1140 = ORIENTED_EDGE ( 'NONE', *, *, #1737, .F. ) ;
#1141 = ORIENTED_EDGE ( 'NONE', *, *, #966, .T. ) ;
#1142 = LINE ( 'NONE', #2121, #1229 ) ;
#1143 = CARTESIAN_POINT ( 'NONE',  ( 5.499999999999727329, -1.890848588814719733E-13, 4.000000000000280664 ) ) ;
#1144 = EDGE_CURVE ( 'NONE', #160, #1773, #1584, .T. ) ;
#1145 = DIRECTION ( 'NONE',  ( -1.067522139062560031E-14, 1.668003342285250049E-15, 1.000000000000000000 ) ) ;
#1146 = FACE_OUTER_BOUND ( 'NONE', #1267, .T. ) ;
#1147 = ORIENTED_EDGE ( 'NONE', *, *, #456, .F. ) ;
#1148 = AXIS2_PLACEMENT_3D ( 'NONE', #1880, #2058, #304 ) ;
#1149 = DIRECTION ( 'NONE',  ( -3.446445110293486782E-14, 1.000000000000000000, 1.642999669122312898E-15 ) ) ;
#1150 = CARTESIAN_POINT ( 'NONE',  ( 3.999999999999940936, -2.800000000000166800, -4.000000000000336620 ) ) ;
#1151 = ORIENTED_EDGE ( 'NONE', *, *, #1446, .T. ) ;
#1152 = EDGE_LOOP ( 'NONE', ( #62, #2095, #812, #1427 ) ) ;
#1153 = CARTESIAN_POINT ( 'NONE',  ( -5.499999999999744205, -1.599999999999810019, -0.4000000000000345501 ) ) ;
#1154 = FACE_OUTER_BOUND ( 'NONE', #2292, .T. ) ;
#1155 = ORIENTED_EDGE ( 'NONE', *, *, #188, .T. ) ;
#1156 = CARTESIAN_POINT ( 'NONE',  ( -0.9999999999999870104, -0.2999999999999585221, 1.870828693387033281 ) ) ;
#1157 = CYLINDRICAL_SURFACE ( 'NONE', #305, 0.6500000000000563105 ) ;
#1158 = CARTESIAN_POINT ( 'NONE',  ( -0.9999999999999870104, -0.2999999999999533040, 3.550000000000275158 ) ) ;
#1159 = DIRECTION ( 'NONE',  ( -3.446445110293486782E-14, 1.000000000000000000, 1.642999669122312898E-15 ) ) ;
#1160 = ORIENTED_EDGE ( 'NONE', *, *, #425, .T. ) ;
#1161 = CARTESIAN_POINT ( 'NONE',  ( 5.499999999999942268, -2.800000000000165912, -4.000000000000336620 ) ) ;
#1162 = CARTESIAN_POINT ( 'NONE',  ( 3.999999999999781508, -1.301042606982605321E-13, -5.500000000000337508 ) ) ;
#1163 = DIRECTION ( 'NONE',  ( 1.098658201451885477E-14, -1.734723475976661155E-15, -1.000000000000000000 ) ) ;
#1164 = EDGE_CURVE ( 'NONE', #1573, #595, #1293, .T. ) ;
#1165 = CARTESIAN_POINT ( 'NONE',  ( 3.999999999999725997, -0.8000000000001205036, 4.000000000000280664 ) ) ;
#1166 = CIRCLE ( 'NONE', #2038, 0.2000000000000169975 ) ;
#1167 = VERTEX_POINT ( 'NONE', #707 ) ;
#1168 = ORIENTED_EDGE ( 'NONE', *, *, #1001, .T. ) ;
#1169 = LINE ( 'NONE', #2109, #1000 ) ;
#1170 = CARTESIAN_POINT ( 'NONE',  ( -0.7499999999999242828, -0.2999999999999706235, -2.685419176710529321 ) ) ;
#1171 = TOROIDAL_SURFACE ( 'NONE', #881, 0.6999999999999992895, 0.7999999999999999334 ) ;
#1172 = LINE ( 'NONE', #2086, #2164 ) ;
#1173 = ORIENTED_EDGE ( 'NONE', *, *, #2198, .T. ) ;
#1174 = ORIENTED_EDGE ( 'NONE', *, *, #1086, .F. ) ;
#1175 = DIRECTION ( 'NONE',  ( -3.446445110293486782E-14, 1.000000000000000000, 1.642999669122312898E-15 ) ) ;
#1176 = EDGE_CURVE ( 'NONE', #1613, #1364, #712, .T. ) ;
#1177 = DIRECTION ( 'NONE',  ( -1.000000000000000000, 3.446445110293652758E-14, -2.139880577972933817E-15 ) ) ;
#1178 = VERTEX_POINT ( 'NONE', #496 ) ;
#1179 = AXIS2_PLACEMENT_3D ( 'NONE', #1681, #461, #277 ) ;
#1180 = CARTESIAN_POINT ( 'NONE',  ( -3.999999999999746869, -0.7999999999998637090, 4.700000000000273737 ) ) ;
#1181 = ORIENTED_EDGE ( 'NONE', *, *, #1723, .F. ) ;
#1182 = CIRCLE ( 'NONE', #523, 0.6500000000000558664 ) ;
#1183 = DIRECTION ( 'NONE',  ( 1.098658201451885477E-14, -1.662443331144300372E-15, -1.000000000000000000 ) ) ;
#1184 = ORIENTED_EDGE ( 'NONE', *, *, #1470, .T. ) ;
#1185 = CIRCLE ( 'NONE', #896, 1.200000000000102096 ) ;
#1186 = ADVANCED_FACE ( 'NONE', ( #1703 ), #2082, .T. ) ;
#1187 = CARTESIAN_POINT ( 'NONE',  ( 4.699999999999787903, -1.647987302177966740E-13, -4.000000000000336620 ) ) ;
#1188 = CARTESIAN_POINT ( 'NONE',  ( 0.0000000000000000000, -0.2999999999999999334, 0.0000000000000000000 ) ) ;
#1189 = APPROVAL_STATUS ( 'not_yet_approved' ) ;
#1190 = AXIS2_PLACEMENT_3D ( 'NONE', #35, #1434, #1957 ) ;
#1191 = PLANE ( 'NONE',  #411 ) ;
#1192 = LINE ( 'NONE', #1948, #1249 ) ;
#1193 = ADVANCED_FACE ( 'NONE', ( #2197 ), #238, .F. ) ;
#1194 = FACE_OUTER_BOUND ( 'NONE', #1528, .T. ) ;
#1195 = ORIENTED_EDGE ( 'NONE', *, *, #864, .T. ) ;
#1196 = PLANE ( 'NONE',  #1221 ) ;
#1197 = ORIENTED_EDGE ( 'NONE', *, *, #378, .T. ) ;
#1198 = LINE ( 'NONE', #366, #480 ) ;
#1199 = CARTESIAN_POINT ( 'NONE',  ( 5.199999999999718625, -0.3000000000001751266, 4.000000000000280664 ) ) ;
#1200 = DIRECTION ( 'NONE',  ( -1.000000000000000000, 3.446445110293655283E-14, 1.470582914701526542E-14 ) ) ;
#1201 = ORIENTED_EDGE ( 'NONE', *, *, #509, .T. ) ;
#1202 = LINE ( 'NONE', #2, #565 ) ;
#1203 = VERTEX_POINT ( 'NONE', #806 ) ;
#1204 = DIRECTION ( 'NONE',  ( -8.673617379883298676E-15, 1.626303258728118403E-15, 1.000000000000000000 ) ) ;
#1205 = EDGE_LOOP ( 'NONE', ( #2016, #1864, #213, #158 ) ) ;
#1206 = PERSON_AND_ORGANIZATION_ROLE ( 'design_owner' ) ;
#1207 = ORIENTED_EDGE ( 'NONE', *, *, #2202, .T. ) ;
#1208 = ADVANCED_FACE ( 'NONE', ( #2057 ), #1527, .T. ) ;
#1209 = VECTOR ( 'NONE', #1989, 1000.000000000000000 ) ;
#1210 = EDGE_CURVE ( 'NONE', #1865, #735, #1013, .T. ) ;
#1211 = EDGE_LOOP ( 'NONE', ( #2228, #706, #2145, #1168 ) ) ;
#1212 = LINE ( 'NONE', #2108, #631 ) ;
#1213 = DIRECTION ( 'NONE',  ( -3.446445110293486782E-14, 1.000000000000000000, 1.642999669122312898E-15 ) ) ;
#1214 = EDGE_CURVE ( 'NONE', #1510, #175, #2261, .T. ) ;
#1215 = VERTEX_POINT ( 'NONE', #459 ) ;
#1216 = SECURITY_CLASSIFICATION_LEVEL ( 'unclassified' ) ;
#1217 = CARTESIAN_POINT ( 'NONE',  ( -3.999999999999725997, -0.2999999999998802513, -4.200000000000328804 ) ) ;
#1218 = ADVANCED_FACE ( 'NONE', ( #1429 ), #1731, .T. ) ;
#1219 = DIRECTION ( 'NONE',  ( -3.446445110293486782E-14, 1.000000000000000000, 1.642999669122312898E-15 ) ) ;
#1220 = EDGE_CURVE ( 'NONE', #1178, #650, #1834, .T. ) ;
#1221 = AXIS2_PLACEMENT_3D ( 'NONE', #836, #488, #1381 ) ;
#1222 = AXIS2_PLACEMENT_3D ( 'NONE', #2065, #1384, #472 ) ;
#1223 = CARTESIAN_POINT ( 'NONE',  ( -4.199999999999731948, -0.2999999999998628764, 4.000000000000280664 ) ) ;
#1224 = LINE ( 'NONE', #800, #2272 ) ;
#1225 = ORIENTED_EDGE ( 'NONE', *, *, #1092, .F. ) ;
#1226 = VERTEX_POINT ( 'NONE', #275 ) ;
#1227 = FACE_OUTER_BOUND ( 'NONE', #513, .T. ) ;
#1228 = DIRECTION ( 'NONE',  ( -1.065814103640070604E-14, 1.642999669122173467E-15, 1.000000000000000000 ) ) ;
#1229 = VECTOR ( 'NONE', #1219, 1000.000000000000000 ) ;
#1230 = LINE ( 'NONE', #2076, #2225 ) ;
#1231 = ADVANCED_FACE ( 'NONE', ( #1041, #544 ), #632, .T. ) ;
#1232 = ORIENTED_EDGE ( 'NONE', *, *, #1997, .F. ) ;
#1233 = CARTESIAN_POINT ( 'NONE',  ( -3.999999999999725997, -0.2999999999998802513, -4.200000000000328804 ) ) ;
#1234 = ORIENTED_EDGE ( 'NONE', *, *, #1214, .F. ) ;
#1235 = ORIENTED_EDGE ( 'NONE', *, *, #1144, .F. ) ;
#1236 = AXIS2_PLACEMENT_3D ( 'NONE', #1846, #994, #2018 ) ;
#1237 = CARTESIAN_POINT ( 'NONE',  ( -3.999999999999552358, -2.799999999999833733, -5.200000000000329692 ) ) ;
#1238 = EDGE_LOOP ( 'NONE', ( #1658, #365, #2188, #2155 ) ) ;
#1239 = AXIS2_PLACEMENT_3D ( 'NONE', #1162, #607, #1328 ) ;
#1240 = VECTOR ( 'NONE', #2069, 1000.000000000000000 ) ;
#1241 = VECTOR ( 'NONE', #1113, 1000.000000000000000 ) ;
#1242 = CARTESIAN_POINT ( 'NONE',  ( 4.699999999999718625, -0.8000000000001517009, 4.000000000000280664 ) ) ;
#1243 = DIRECTION ( 'NONE',  ( 2.139880577972877019E-15, -1.642999669121879025E-15, -1.000000000000000000 ) ) ;
#1244 = EDGE_CURVE ( 'NONE', #989, #801, #904, .T. ) ;
#1245 = DIRECTION ( 'NONE',  ( -6.971853649950563676E-15, 1.642999669122046460E-15, 1.000000000000000000 ) ) ;
#1246 = COORDINATED_UNIVERSAL_TIME_OFFSET ( 2, 0, .AHEAD. ) ;
#1247 = CARTESIAN_POINT ( 'NONE',  ( 3.999999999999781508, -1.301042606982605321E-13, -4.000000000000336620 ) ) ;
#1248 = DIRECTION ( 'NONE',  ( 1.000000000000000000, -3.446445110293655283E-14, -1.297110567103823586E-14 ) ) ;
#1249 = VECTOR ( 'NONE', #556, 1000.000000000000000 ) ;
#1250 = EDGE_CURVE ( 'NONE', #1510, #1289, #1534, .T. ) ;
#1251 = CARTESIAN_POINT ( 'NONE',  ( 3.999999999999781508, -0.8000000000001361578, -4.000000000000336620 ) ) ;
#1252 = CIRCLE ( 'NONE', #468, 0.6500000000000550893 ) ;
#1253 = AXIS2_PLACEMENT_3D ( 'NONE', #2290, #1919, #1387 ) ;
#1254 = ORIENTED_EDGE ( 'NONE', *, *, #1807, .T. ) ;
#1255 = DIRECTION ( 'NONE',  ( 3.446445110293486782E-14, -1.000000000000000000, -1.642999669122312898E-15 ) ) ;
#1256 = DIRECTION ( 'NONE',  ( -3.446445110293486782E-14, 1.000000000000000000, 1.642999669122312898E-15 ) ) ;
#1257 = ORIENTED_EDGE ( 'NONE', *, *, #502, .T. ) ;
#1258 = CYLINDRICAL_SURFACE ( 'NONE', #92, 1.200000000000100320 ) ;
#1259 = DIRECTION ( 'NONE',  ( 1.000000000000000000, -3.446445110293655283E-14, -1.070553785268569865E-14 ) ) ;
#1260 = ORIENTED_EDGE ( 'NONE', *, *, #1565, .F. ) ;
#1261 = EDGE_CURVE ( 'NONE', #1852, #1917, #377, .T. ) ;
#1262 = FACE_OUTER_BOUND ( 'NONE', #326, .T. ) ;
#1263 = ORIENTED_EDGE ( 'NONE', *, *, #1325, .F. ) ;
#1264 = ORIENTED_EDGE ( 'NONE', *, *, #1728, .F. ) ;
#1265 = VECTOR ( 'NONE', #97, 1000.000000000000000 ) ;
#1266 = CARTESIAN_POINT ( 'NONE',  ( -4.199999999999731948, 1.370431546021677605E-13, 4.000000000000280664 ) ) ;
#1267 = EDGE_LOOP ( 'NONE', ( #292, #109, #147, #239 ) ) ;
#1268 = ADVANCED_FACE ( 'NONE', ( #880 ), #2234, .T. ) ;
#1269 = EDGE_CURVE ( 'NONE', #2282, #562, #1456, .T. ) ;
#1270 = DIRECTION ( 'NONE',  ( 3.446445110293486782E-14, -1.000000000000000000, -1.642999669122312898E-15 ) ) ;
#1271 = CIRCLE ( 'NONE', #1692, 0.2500000000000205946 ) ;
#1272 = AXIS2_PLACEMENT_3D ( 'NONE', #1116, #245, #2161 ) ;
#1273 = DIRECTION ( 'NONE',  ( 1.065814103640070604E-14, -1.642999669122173270E-15, -1.000000000000000000 ) ) ;
#1274 = EDGE_LOOP ( 'NONE', ( #1965, #743, #122, #1066 ) ) ;
#1275 = CARTESIAN_POINT ( 'NONE',  ( 5.499999999999942268, -2.800000000000165912, -4.000000000000336620 ) ) ;
#1276 = PLANE ( 'NONE',  #1850 ) ;
#1277 = DIRECTION ( 'NONE',  ( -3.446445110293486782E-14, 1.000000000000000000, 1.642999669122312898E-15 ) ) ;
#1278 = APPROVAL ( #1738, 'UNSPECIFIED' ) ;
#1279 = CIRCLE ( 'NONE', #499, 0.4999999999999787392 ) ;
#1280 = VERTEX_POINT ( 'NONE', #1680 ) ;
#1281 = ORIENTED_EDGE ( 'NONE', *, *, #1652, .T. ) ;
#1282 = CIRCLE ( 'NONE', #1835, 2.000000000000169642 ) ;
#1283 = VECTOR ( 'NONE', #1672, 1000.000000000000000 ) ;
#1284 = DIRECTION ( 'NONE',  ( -1.040834085585991329E-14, 1.642999669122170312E-15, 1.000000000000000000 ) ) ;
#1285 = DIRECTION ( 'NONE',  ( 3.446445110293482995E-14, -1.000000000000000000, 1.642999669122540682E-15 ) ) ;
#1286 = FACE_BOUND ( 'NONE', #1780, .T. ) ;
#1287 = ORIENTED_EDGE ( 'NONE', *, *, #30, .T. ) ;
#1288 = EDGE_CURVE ( 'NONE', #291, #796, #431, .T. ) ;
#1289 = VERTEX_POINT ( 'NONE', #2037 ) ;
#1290 = VERTEX_POINT ( 'NONE', #990 ) ;
#1291 = ORIENTED_EDGE ( 'NONE', *, *, #1641, .T. ) ;
#1292 = CARTESIAN_POINT ( 'NONE',  ( -0.8194444444444282105, -0.2999999999999602429, 2.925580516513176299 ) ) ;
#1293 = LINE ( 'NONE', #1199, #1946 ) ;
#1294 = CARTESIAN_POINT ( 'NONE',  ( 5.499999999999776179, -1.600000000000187717, 0.0000000000000000000 ) ) ;
#1295 = CIRCLE ( 'NONE', #1567, 1.500000000000127898 ) ;
#1296 = EDGE_CURVE ( 'NONE', #319, #2172, #490, .T. ) ;
#1297 = AXIS2_PLACEMENT_3D ( 'NONE', #518, #730, #1050 ) ;
#1298 = AXIS2_PLACEMENT_3D ( 'NONE', #1799, #1953, #991 ) ;
#1299 = ADVANCED_FACE ( 'NONE', ( #577 ), #643, .F. ) ;
#1300 = DIRECTION ( 'NONE',  ( -1.000000000000000000, 3.446445110293655283E-14, 1.470582914701526542E-14 ) ) ;
#1301 = PERSON_AND_ORGANIZATION ( #543, #1487 ) ;
#1302 = VECTOR ( 'NONE', #1922, 1000.000000000000000 ) ;
#1303 = CC_DESIGN_PERSON_AND_ORGANIZATION_ASSIGNMENT ( #1, #2063, ( #406 ) ) ;
#1304 = CIRCLE ( 'NONE', #537, 0.4000000000000345501 ) ;
#1305 = VERTEX_POINT ( 'NONE', #1518 ) ;
#1306 = CARTESIAN_POINT ( 'NONE',  ( -5.499999999999744205, -1.599999999999810019, -0.4000000000000345501 ) ) ;
#1307 = ADVANCED_FACE ( 'NONE', ( #1127, #1781 ), #1191, .F. ) ;
#1308 = ORIENTED_EDGE ( 'NONE', *, *, #738, .F. ) ;
#1309 = CIRCLE ( 'NONE', #569, 0.2500000000000210387 ) ;
#1310 = AXIS2_PLACEMENT_3D ( 'NONE', #2271, #341, #167 ) ;
#1311 = DIRECTION ( 'NONE',  ( -1.000000000000000000, 3.446445110293655283E-14, 1.065814103640217805E-14 ) ) ;
#1312 = ORIENTED_EDGE ( 'NONE', *, *, #1873, .F. ) ;
#1313 = DIRECTION ( 'NONE',  ( -6.971853649950563676E-15, 1.642999669122046658E-15, 1.000000000000000000 ) ) ;
#1314 = EDGE_LOOP ( 'NONE', ( #1513, #2044, #2157, #1184 ) ) ;
#1315 = CARTESIAN_POINT ( 'NONE',  ( -1.111111111111062755, -0.2999999999999515832, -1.662958838566194864 ) ) ;
#1316 = EDGE_LOOP ( 'NONE', ( #1291, #627, #424, #1943 ) ) ;
#1317 = VECTOR ( 'NONE', #128, 1000.000000000000000 ) ;
#1318 = ORIENTED_EDGE ( 'NONE', *, *, #1685, .F. ) ;
#1319 = LINE ( 'NONE', #217, #1900 ) ;
#1320 = DIRECTION ( 'NONE',  ( 3.446445110293482995E-14, -1.000000000000000000, 1.642999669122540682E-15 ) ) ;
#1321 = DIRECTION ( 'NONE',  ( -3.446445110293486782E-14, 1.000000000000000000, 1.642999669122312898E-15 ) ) ;
#1322 = DIRECTION ( 'NONE',  ( -3.446445110293486782E-14, 1.000000000000000000, 1.642999669122312898E-15 ) ) ;
#1323 = AXIS2_PLACEMENT_3D ( 'NONE', #430, #1659, #271 ) ;
#1324 = DIRECTION ( 'NONE',  ( -3.446445110293486782E-14, 1.000000000000000000, 1.642999669122312898E-15 ) ) ;
#1325 = EDGE_CURVE ( 'NONE', #1441, #1730, #654, .T. ) ;
#1326 = PLANE ( 'NONE',  #43 ) ;
#1327 = EDGE_CURVE ( 'NONE', #866, #1972, #517, .T. ) ;
#1328 = DIRECTION ( 'NONE',  ( -1.000000000000000000, 3.446445110293654652E-14, 1.065814103640217805E-14 ) ) ;
#1329 = CARTESIAN_POINT ( 'NONE',  ( 5.199999999999779021, -1.600000000000182832, 0.4000000000000004108 ) ) ;
#1330 = LINE ( 'NONE', #87, #1908 ) ;
#1331 = CARTESIAN_POINT ( 'NONE',  ( 1.111111111111104499, -0.3000000000000485056, -1.662958838566208630 ) ) ;
#1332 = EDGE_LOOP ( 'NONE', ( #1745, #385, #1112, #1312, #2170, #1450, #421, #1318, #1770, #1232, #682, #1757, #1040, #325 ) ) ;
#1333 = EDGE_LOOP ( 'NONE', ( #1369, #897, #46, #345 ) ) ;
#1334 = FACE_OUTER_BOUND ( 'NONE', #1923, .T. ) ;
#1335 = FACE_OUTER_BOUND ( 'NONE', #50, .T. ) ;
#1336 = PLANE ( 'NONE',  #1651 ) ;
#1337 = EDGE_CURVE ( 'NONE', #1755, #1493, #956, .T. ) ;
#1338 = LINE ( 'NONE', #287, #317 ) ;
#1339 = FACE_OUTER_BOUND ( 'NONE', #2246, .T. ) ;
#1340 = EDGE_CURVE ( 'NONE', #1280, #72, #73, .T. ) ;
#1341 = CARTESIAN_POINT ( 'NONE',  ( -3.999999999999607869, -2.799999999999832845, 5.500000000000282441 ) ) ;
#1342 = ORIENTED_EDGE ( 'NONE', *, *, #1122, .T. ) ;
#1343 = AXIS2_PLACEMENT_3D ( 'NONE', #1702, #2223, #646 ) ;
#1344 = CARTESIAN_POINT ( 'NONE',  ( -0.9999999999999870104, 4.683753385137379155E-14, 4.200000000000272848 ) ) ;
#1345 = ORIENTED_EDGE ( 'NONE', *, *, #1210, .F. ) ;
#1346 = CARTESIAN_POINT ( 'NONE',  ( -5.499999999999713118, 1.890848588814719733E-13, -4.000000000000336620 ) ) ;
#1347 = ORIENTED_EDGE ( 'NONE', *, *, #425, .F. ) ;
#1348 = VERTEX_POINT ( 'NONE', #1187 ) ;
#1349 = CARTESIAN_POINT ( 'NONE',  ( -5.199999999999718625, 1.752070710736575165E-13, -4.000000000000336620 ) ) ;
#1350 = ADVANCED_FACE ( 'NONE', ( #106 ), #2000, .T. ) ;
#1351 = CYLINDRICAL_SURFACE ( 'NONE', #1707, 0.2500000000000210387 ) ;
#1352 = DIRECTION ( 'NONE',  ( 1.000000000000000000, -3.446445110293655283E-14, -1.065814103640217805E-14 ) ) ;
#1353 = DIRECTION ( 'NONE',  ( 1.000000000000000000, -3.446445110293655283E-14, -1.076656125365073954E-14 ) ) ;
#1354 = CARTESIAN_POINT ( 'NONE',  ( 5.199999999999829647, -2.800000000000204992, 4.000000000000280664 ) ) ;
#1355 = AXIS2_PLACEMENT_3D ( 'NONE', #116, #804, #1856 ) ;
#1356 = CARTESIAN_POINT ( 'NONE',  ( 3.999999999999940936, -2.800000000000166800, -4.000000000000336620 ) ) ;
#1357 = DIRECTION ( 'NONE',  ( 8.673617379883298676E-15, -1.626303258728118403E-15, -1.000000000000000000 ) ) ;
#1358 = ADVANCED_FACE ( 'NONE', ( #1067 ), #19, .F. ) ;
#1359 = DIRECTION ( 'NONE',  ( -1.000000000000000000, 3.446445110293652758E-14, 1.239088197126345889E-14 ) ) ;
#1360 = EDGE_CURVE ( 'NONE', #1993, #928, #2288, .T. ) ;
#1361 = VECTOR ( 'NONE', #443, 1000.000000000000000 ) ;
#1362 = DIRECTION ( 'NONE',  ( 1.084202172485410717E-14, -1.626303258728116234E-15, -1.000000000000000000 ) ) ;
#1363 = CIRCLE ( 'NONE', #1566, 0.5000000000000429656 ) ;
#1364 = VERTEX_POINT ( 'NONE', #651 ) ;
#1365 = ORIENTED_EDGE ( 'NONE', *, *, #1220, .F. ) ;
#1366 = DIRECTION ( 'NONE',  ( -1.084202172485402986E-14, -1.642999669122686621E-15, 1.000000000000000000 ) ) ;
#1367 = LINE ( 'NONE', #95, #870 ) ;
#1368 = VERTEX_POINT ( 'NONE', #831 ) ;
#1369 = ORIENTED_EDGE ( 'NONE', *, *, #1406, .F. ) ;
#1370 = DATE_TIME_ROLE ( 'classification_date' ) ;
#1371 = ADVANCED_FACE ( 'NONE', ( #599 ), #1708, .F. ) ;
#1372 = EDGE_CURVE ( 'NONE', #1913, #180, #1476, .T. ) ;
#1373 = AXIS2_PLACEMENT_3D ( 'NONE', #1937, #721, #1431 ) ;
#1374 = ORIENTED_EDGE ( 'NONE', *, *, #104, .T. ) ;
#1375 = ORIENTED_EDGE ( 'NONE', *, *, #1022, .F. ) ;
#1376 = VECTOR ( 'NONE', #1200, 1000.000000000000000 ) ;
#1377 = EDGE_CURVE ( 'NONE', #291, #978, #1182, .T. ) ;
#1378 = ORIENTED_EDGE ( 'NONE', *, *, #1878, .T. ) ;
#1379 = EDGE_CURVE ( 'NONE', #371, #1577, #178, .T. ) ;
#1380 = CIRCLE ( 'NONE', #1597, 1.200000000000102096 ) ;
#1381 = DIRECTION ( 'NONE',  ( 1.000000000000000000, -3.446445110293654652E-14, -1.065814103640217805E-14 ) ) ;
#1382 =( NAMED_UNIT ( * ) PLANE_ANGLE_UNIT ( ) SI_UNIT ( $, .RADIAN. ) );
#1383 = ADVANCED_FACE ( 'NONE', ( #1813 ), #933, .T. ) ;
#1384 = DIRECTION ( 'NONE',  ( 1.000000000000000000, -3.446445110293655283E-14, -1.054972081915361499E-14 ) ) ;
#1385 = EDGE_CURVE ( 'NONE', #1069, #1733, #464, .T. ) ;
#1386 = AXIS2_PLACEMENT_3D ( 'NONE', #2053, #2253, #1887 ) ;
#1387 = DIRECTION ( 'NONE',  ( -1.000000000000000000, 3.440534894020817393E-14, 1.098658201452025737E-14 ) ) ;
#1388 = DIRECTION ( 'NONE',  ( -1.065814103640070604E-14, 1.653408313040254042E-15, 1.000000000000000000 ) ) ;
#1389 = LINE ( 'NONE', #645, #758 ) ;
#1390 = ORIENTED_EDGE ( 'NONE', *, *, #383, .T. ) ;
#1391 = ORIENTED_EDGE ( 'NONE', *, *, #142, .T. ) ;
#1392 = ADVANCED_FACE ( 'NONE', ( #2174 ), #827, .T. ) ;
#1393 = VECTOR ( 'NONE', #2229, 1000.000000000000000 ) ;
#1394 = CIRCLE ( 'NONE', #165, 0.6500000000000558664 ) ;
#1395 = EDGE_LOOP ( 'NONE', ( #895, #925, #1976, #105 ) ) ;
#1396 = AXIS2_PLACEMENT_3D ( 'NONE', #1165, #2208, #2200 ) ;
#1397 = DIRECTION ( 'NONE',  ( -1.000000000000000000, 2.114194236346824523E-14, 1.084202172485550977E-14 ) ) ;
#1398 = EDGE_LOOP ( 'NONE', ( #1430, #747, #1564, #351 ) ) ;
#1399 = ORIENTED_EDGE ( 'NONE', *, *, #967, .F. ) ;
#1400 = DIRECTION ( 'NONE',  ( -1.040834085585991329E-14, 1.734723475976652280E-15, 1.000000000000000000 ) ) ;
#1401 = CARTESIAN_POINT ( 'NONE',  ( 0.9999999999999592548, -3.642919299551294898E-14, 3.550000000000275158 ) ) ;
#1402 = ORIENTED_EDGE ( 'NONE', *, *, #1104, .T. ) ;
#1403 = VECTOR ( 'NONE', #1505, 1000.000000000000000 ) ;
#1404 = ADVANCED_FACE ( 'NONE', ( #773 ), #1351, .T. ) ;
#1405 = CARTESIAN_POINT ( 'NONE',  ( -0.9999999999999453770, -0.2999999999999585221, -1.870828693387019293 ) ) ;
#1406 = EDGE_CURVE ( 'NONE', #1477, #1939, #2111, .T. ) ;
#1407 = CARTESIAN_POINT ( 'NONE',  ( -3.999999999999746869, -0.7999999999998637090, 4.700000000000273737 ) ) ;
#1408 = ORIENTED_EDGE ( 'NONE', *, *, #2235, .F. ) ;
#1409 = CARTESIAN_POINT ( 'NONE',  ( -5.199999999999718625, -0.7999999999998272937, -4.000000000000336620 ) ) ;
#1410 = EDGE_CURVE ( 'NONE', #1368, #1364, #744, .T. ) ;
#1411 = EDGE_CURVE ( 'NONE', #1441, #1917, #156, .T. ) ;
#1412 = DIRECTION ( 'NONE',  ( 1.000000000000000000, -3.446445110293655283E-14, -1.076656125365073954E-14 ) ) ;
#1413 = DIRECTION ( 'NONE',  ( -3.446445110293486782E-14, 1.000000000000000000, 1.642999669122312898E-15 ) ) ;
#1414 = CARTESIAN_POINT ( 'NONE',  ( 3.999999999999823252, -2.800000000000165912, 5.500000000000282441 ) ) ;
#1415 = FACE_OUTER_BOUND ( 'NONE', #1616, .T. ) ;
#1416 = VECTOR ( 'NONE', #908, 1000.000000000000000 ) ;
#1417 = VERTEX_POINT ( 'NONE', #1654 ) ;
#1418 = VERTEX_POINT ( 'NONE', #2173 ) ;
#1419 = CYLINDRICAL_SURFACE ( 'NONE', #1933, 0.4999999999999787392 ) ;
#1420 = ORIENTED_EDGE ( 'NONE', *, *, #1842, .T. ) ;
#1421 = DIRECTION ( 'NONE',  ( -8.673617379883298676E-15, 1.626303258728118403E-15, 1.000000000000000000 ) ) ;
#1422 = ORIENTED_EDGE ( 'NONE', *, *, #885, .F. ) ;
#1423 = DIRECTION ( 'NONE',  ( -1.412758798835632236E-14, -1.642999669121320117E-15, -1.000000000000000000 ) ) ;
#1424 = CARTESIAN_POINT ( 'NONE',  ( 4.199999999999773692, -1.370431546021677605E-13, -4.000000000000350830 ) ) ;
#1425 = CC_DESIGN_APPROVAL ( #1278, ( #77 ) ) ;
#1426 = DIRECTION ( 'NONE',  ( -3.446445110293486782E-14, 1.000000000000000000, 1.642999669122312898E-15 ) ) ;
#1427 = ORIENTED_EDGE ( 'NONE', *, *, #434, .T. ) ;
#1428 = ORIENTED_EDGE ( 'NONE', *, *, #2077, .T. ) ;
#1429 = FACE_OUTER_BOUND ( 'NONE', #2259, .T. ) ;
#1430 = ORIENTED_EDGE ( 'NONE', *, *, #1728, .T. ) ;
#1431 = DIRECTION ( 'NONE',  ( 1.076656125364924386E-14, -1.642999669122178200E-15, -1.000000000000000000 ) ) ;
#1432 = VECTOR ( 'NONE', #551, 1000.000000000000000 ) ;
#1433 = DIRECTION ( 'NONE',  ( -3.446445110293486782E-14, 1.000000000000000000, 1.642999669122312898E-15 ) ) ;
#1434 = DIRECTION ( 'NONE',  ( -3.446445110293486782E-14, 1.000000000000000000, 1.642999669122312898E-15 ) ) ;
#1435 = DIRECTION ( 'NONE',  ( 1.000000000000000000, -3.446445110293655283E-14, -1.297110567103823586E-14 ) ) ;
#1436 = DIRECTION ( 'NONE',  ( 3.446445110293486782E-14, -1.000000000000000000, -1.642999669122312898E-15 ) ) ;
#1437 = LOCAL_TIME ( 10, 2, 3.000000000000000000, #1624 ) ;
#1438 = AXIS2_PLACEMENT_3D ( 'NONE', #1483, #783, #2189 ) ;
#1439 = DIRECTION ( 'NONE',  ( -1.000000000000000000, 3.446445110293655283E-14, 1.065814103640217805E-14 ) ) ;
#1440 = VECTOR ( 'NONE', #108, 1000.000000000000000 ) ;
#1441 = VERTEX_POINT ( 'NONE', #64 ) ;
#1442 = CARTESIAN_POINT ( 'NONE',  ( 0.9999999999999870104, -0.3000000000000467848, -4.200000000000342126 ) ) ;
#1443 = CARTESIAN_POINT ( 'NONE',  ( 3.999999999999767741, -0.3000000000001300515, -4.000000000000350830 ) ) ;
#1444 = VERTEX_POINT ( 'NONE', #79 ) ;
#1445 = LINE ( 'NONE', #441, #1283 ) ;
#1446 = EDGE_CURVE ( 'NONE', #2055, #989, #327, .T. ) ;
#1447 = EDGE_CURVE ( 'NONE', #405, #1124, #1098, .T. ) ;
#1448 = FACE_OUTER_BOUND ( 'NONE', #65, .T. ) ;
#1449 = ORIENTED_EDGE ( 'NONE', *, *, #227, .T. ) ;
#1450 = ORIENTED_EDGE ( 'NONE', *, *, #151, .F. ) ;
#1451 = ORIENTED_EDGE ( 'NONE', *, *, #1337, .F. ) ;
#1452 = ORIENTED_EDGE ( 'NONE', *, *, #335, .T. ) ;
#1453 = DIRECTION ( 'NONE',  ( 1.297110567103829266E-14, 1.642999669121358968E-15, 1.000000000000000000 ) ) ;
#1454 = ORIENTED_EDGE ( 'NONE', *, *, #1630, .T. ) ;
#1455 = EDGE_CURVE ( 'NONE', #1573, #208, #799, .T. ) ;
#1456 = LINE ( 'NONE', #1869, #1921 ) ;
#1457 = AXIS2_PLACEMENT_3D ( 'NONE', #955, #625, #260 ) ;
#1458 = AXIS2_PLACEMENT_3D ( 'NONE', #822, #2041, #2215 ) ;
#1459 = ORIENTED_EDGE ( 'NONE', *, *, #1761, .F. ) ;
#1460 = DIRECTION ( 'NONE',  ( -3.446445110293486782E-14, 1.000000000000000000, 1.642999669122312898E-15 ) ) ;
#1461 = DIRECTION ( 'NONE',  ( 1.000000000000000000, -3.446445110293655283E-14, -1.070553785268569865E-14 ) ) ;
#1462 = CALENDAR_DATE ( 2020, 6, 10 ) ;
#1463 = CARTESIAN_POINT ( 'NONE',  ( -3.999999999999746869, -0.7999999999998637090, 5.200000000000273737 ) ) ;
#1464 = ADVANCED_FACE ( 'NONE', ( #1154 ), #932, .F. ) ;
#1465 = CYLINDRICAL_SURFACE ( 'NONE', #869, 1.200000000000102096 ) ;
#1466 = CARTESIAN_POINT ( 'NONE',  ( -0.9999999999999870104, -0.2999999999999533040, 3.550000000000275158 ) ) ;
#1467 = AXIS2_PLACEMENT_3D ( 'NONE', #809, #983, #112 ) ;
#1468 = FACE_OUTER_BOUND ( 'NONE', #1754, .T. ) ;
#1469 = VERTEX_POINT ( 'NONE', #787 ) ;
#1470 = EDGE_CURVE ( 'NONE', #1804, #652, #626, .T. ) ;
#1471 = CARTESIAN_POINT ( 'NONE',  ( -5.499999999999554134, -2.799999999999840838, -4.000000000000336620 ) ) ;
#1472 = ORIENTED_EDGE ( 'NONE', *, *, #1986, .T. ) ;
#1473 = DIRECTION ( 'NONE',  ( 1.000000000000000000, -3.446445110293655283E-14, -1.271401144675310119E-14 ) ) ;
#1474 = ORIENTED_EDGE ( 'NONE', *, *, #1899, .F. ) ;
#1475 = ORIENTED_EDGE ( 'NONE', *, *, #1847, .F. ) ;
#1476 = LINE ( 'NONE', #236, #131 ) ;
#1477 = VERTEX_POINT ( 'NONE', #775 ) ;
#1478 = PLANE ( 'NONE',  #80 ) ;
#1479 = CIRCLE ( 'NONE', #587, 0.8000000000000679901 ) ;
#1480 = DIRECTION ( 'NONE',  ( 1.000000000000000000, -3.446445110293655283E-14, -1.065814103640217805E-14 ) ) ;
#1481 = AXIS2_PLACEMENT_3D ( 'NONE', #848, #1540, #125 ) ;
#1482 = AXIS2_PLACEMENT_3D ( 'NONE', #1589, #6, #1245 ) ;
#1483 = CARTESIAN_POINT ( 'NONE',  ( -5.499999999999747757, -1.599999999999809575, 0.0000000000000000000 ) ) ;
#1484 = EDGE_CURVE ( 'NONE', #1226, #2112, #2023, .T. ) ;
#1485 = EDGE_CURVE ( 'NONE', #2129, #1804, #211, .T. ) ;
#1486 = CARTESIAN_POINT ( 'NONE',  ( -3.999999999999712230, -0.2999999999998802513, -4.000000000000336620 ) ) ;
#1487 = ORGANIZATION ( 'UNSPECIFIED', 'UNSPECIFIED', '' ) ;
#1488 = DIRECTION ( 'NONE',  ( -1.000000000000000000, 3.446445110293655283E-14, 1.065814103640217805E-14 ) ) ;
#1489 = DIRECTION ( 'NONE',  ( 1.076656125364924386E-14, -1.642999669122178200E-15, -1.000000000000000000 ) ) ;
#1490 = VECTOR ( 'NONE', #2222, 1000.000000000000000 ) ;
#1491 = PRODUCT_DEFINITION_SHAPE ( 'NONE', 'NONE',  #77 ) ;
#1492 = EDGE_CURVE ( 'NONE', #1203, #319, #1670, .T. ) ;
#1493 = VERTEX_POINT ( 'NONE', #597 ) ;
#1494 = DIRECTION ( 'NONE',  ( -3.446445110293486782E-14, 1.000000000000000000, 1.642999669122312898E-15 ) ) ;
#1495 = CARTESIAN_POINT ( 'NONE',  ( 0.9999999999999940048, -0.3000000000000467848, -2.685419176710529321 ) ) ;
#1496 = EDGE_LOOP ( 'NONE', ( #1572, #1504 ) ) ;
#1497 = LINE ( 'NONE', #2139, #1030 ) ;
#1498 = AXIS2_PLACEMENT_3D ( 'NONE', #140, #1015, #661 ) ;
#1499 = TOROIDAL_SURFACE ( 'NONE', #2056, 0.6999999999999984013, 0.7999999999999999334 ) ;
#1500 = ORIENTED_EDGE ( 'NONE', *, *, #2128, .T. ) ;
#1501 = CARTESIAN_POINT ( 'NONE',  ( 3.999999999999739764, -0.3000000000001196154, 4.000000000000267342 ) ) ;
#1502 = ORIENTED_EDGE ( 'NONE', *, *, #261, .F. ) ;
#1503 = DIRECTION ( 'NONE',  ( 1.065814103640070604E-14, -1.642999669122173270E-15, -1.000000000000000000 ) ) ;
#1504 = ORIENTED_EDGE ( 'NONE', *, *, #1899, .T. ) ;
#1505 = DIRECTION ( 'NONE',  ( -1.065814103640070604E-14, 1.642999669122173467E-15, 1.000000000000000000 ) ) ;
#1506 = VERTEX_POINT ( 'NONE', #2171 ) ;
#1507 = DIRECTION ( 'NONE',  ( -3.446445110293486782E-14, 1.000000000000000000, 1.642999669122312898E-15 ) ) ;
#1508 = ORIENTED_EDGE ( 'NONE', *, *, #295, .T. ) ;
#1509 = DIRECTION ( 'NONE',  ( -1.084202172485409297E-14, 1.734723475976655041E-15, 1.000000000000000000 ) ) ;
#1510 = VERTEX_POINT ( 'NONE', #1824 ) ;
#1511 = CIRCLE ( 'NONE', #419, 0.2500000000000223155 ) ;
#1512 = AXIS2_PLACEMENT_3D ( 'NONE', #2104, #2113, #170 ) ;
#1513 = ORIENTED_EDGE ( 'NONE', *, *, #2287, .F. ) ;
#1514 = CARTESIAN_POINT ( 'NONE',  ( -0.9999999999999870104, -0.2999999999999533040, 4.200000000000272848 ) ) ;
#1515 = EDGE_CURVE ( 'NONE', #173, #1418, #1758, .T. ) ;
#1516 = DIRECTION ( 'NONE',  ( -1.000000000000000000, 3.446445110293652127E-14, -1.065814103640076284E-14 ) ) ;
#1517 = APPROVAL_PERSON_ORGANIZATION ( #1301, #2178, #683 ) ;
#1518 = CARTESIAN_POINT ( 'NONE',  ( 3.999999999999725997, -1.196959198423996895E-13, 4.700000000000273737 ) ) ;
#1519 = VECTOR ( 'NONE', #1964, 1000.000000000000000 ) ;
#1520 = CARTESIAN_POINT ( 'NONE',  ( 0.7500000000000075495, -0.3000000000000294098, 2.685419176710515554 ) ) ;
#1521 = DIRECTION ( 'NONE',  ( -3.446445110293486782E-14, 1.000000000000000000, 1.642999669122312898E-15 ) ) ;
#1522 = FACE_OUTER_BOUND ( 'NONE', #1314, .T. ) ;
#1523 = EDGE_CURVE ( 'NONE', #2219, #129, #685, .T. ) ;
#1524 = ADVANCED_FACE ( 'NONE', ( #510 ), #1499, .T. ) ;
#1525 = VECTOR ( 'NONE', #794, 1000.000000000000000 ) ;
#1526 = AXIS2_PLACEMENT_3D ( 'NONE', #1599, #530, #709 ) ;
#1527 = PLANE ( 'NONE',  #1239 ) ;
#1528 = EDGE_LOOP ( 'NONE', ( #876, #21, #2106, #596 ) ) ;
#1529 = AXIS2_PLACEMENT_3D ( 'NONE', #1150, #1885, #832 ) ;
#1530 = EDGE_LOOP ( 'NONE', ( #1916, #945 ) ) ;
#1531 = CARTESIAN_POINT ( 'NONE',  ( 5.499999999999780620, -1.600000000000182832, 0.4000000000000004108 ) ) ;
#1532 = EDGE_LOOP ( 'NONE', ( #759, #1671, #1500, #1287 ) ) ;
#1533 = PERSON_AND_ORGANIZATION_ROLE ( 'design_supplier' ) ;
#1534 = LINE ( 'NONE', #1341, #297 ) ;
#1535 = EDGE_LOOP ( 'NONE', ( #1207, #614 ) ) ;
#1536 = VECTOR ( 'NONE', #1255, 1000.000000000000000 ) ;
#1537 = ADVANCED_FACE ( 'NONE', ( #148 ), #976, .F. ) ;
#1538 = AXIS2_PLACEMENT_3D ( 'NONE', #882, #353, #1397 ) ;
#1539 = EDGE_CURVE ( 'NONE', #1364, #492, #45, .T. ) ;
#1540 = DIRECTION ( 'NONE',  ( 3.446445110293486782E-14, -1.000000000000000000, -1.642999669122312898E-15 ) ) ;
#1541 = AXIS2_PLACEMENT_3D ( 'NONE', #1647, #1983, #219 ) ;
#1542 = DIRECTION ( 'NONE',  ( 6.971853649950568409E-15, -1.642999669122046658E-15, -1.000000000000000000 ) ) ;
#1543 = LOCAL_TIME ( 10, 2, 3.000000000000000000, #1246 ) ;
#1544 = CARTESIAN_POINT ( 'NONE',  ( 3.999999999999767741, -0.3000000000001300515, -4.200000000000356337 ) ) ;
#1545 = ADVANCED_FACE ( 'NONE', ( #618 ), #1805, .F. ) ;
#1546 = LINE ( 'NONE', #2238, #561 ) ;
#1547 = ORIENTED_EDGE ( 'NONE', *, *, #860, .F. ) ;
#1548 = ORIENTED_EDGE ( 'NONE', *, *, #586, .T. ) ;
#1549 = CIRCLE ( 'NONE', #1025, 1.500000000000127898 ) ;
#1550 = CARTESIAN_POINT ( 'NONE',  ( -4.699999999999718625, -0.7999999999998481659, -4.000000000000336620 ) ) ;
#1551 = CIRCLE ( 'NONE', #194, 0.5000000000000429656 ) ;
#1552 = ORIENTED_EDGE ( 'NONE', *, *, #1104, .F. ) ;
#1553 = DIRECTION ( 'NONE',  ( 3.446445110293482995E-14, -1.000000000000000000, 1.642999669122540682E-15 ) ) ;
#1554 = EDGE_CURVE ( 'NONE', #2256, #1203, #679, .T. ) ;
#1555 = ORIENTED_EDGE ( 'NONE', *, *, #929, .T. ) ;
#1556 = EDGE_LOOP ( 'NONE', ( #536, #2025, #982, #1141 ) ) ;
#1557 = ADVANCED_FACE ( 'NONE', ( #1262 ), #1478, .F. ) ;
#1558 = VECTOR ( 'NONE', #70, 1000.000000000000000 ) ;
#1559 = CARTESIAN_POINT ( 'NONE',  ( -3.999999999999725997, -0.2999999999998698152, 4.200000000000287059 ) ) ;
#1560 = EDGE_CURVE ( 'NONE', #1730, #1290, #974, .T. ) ;
#1561 = ORIENTED_EDGE ( 'NONE', *, *, #1956, .F. ) ;
#1562 = LINE ( 'NONE', #361, #1536 ) ;
#1563 = DIRECTION ( 'NONE',  ( -1.084202172485415135E-14, 1.734723475976664113E-15, 1.000000000000000000 ) ) ;
#1564 = ORIENTED_EDGE ( 'NONE', *, *, #139, .F. ) ;
#1565 = EDGE_CURVE ( 'NONE', #801, #1613, #1803, .T. ) ;
#1566 = AXIS2_PLACEMENT_3D ( 'NONE', #615, #2027, #82 ) ;
#1567 = AXIS2_PLACEMENT_3D ( 'NONE', #1980, #1812, #220 ) ;
#1568 = DIRECTION ( 'NONE',  ( -1.067522139062560031E-14, 1.642999669122172087E-15, 1.000000000000000000 ) ) ;
#1569 = CALENDAR_DATE ( 2020, 6, 10 ) ;
#1570 = CARTESIAN_POINT ( 'NONE',  ( -3.999999999999725997, 1.196959198423996895E-13, -4.200000000000328804 ) ) ;
#1571 = CYLINDRICAL_SURFACE ( 'NONE', #1926, 0.7999999999999656275 ) ;
#1572 = ORIENTED_EDGE ( 'NONE', *, *, #2209, .T. ) ;
#1573 = VERTEX_POINT ( 'NONE', #1814 ) ;
#1574 = CIRCLE ( 'NONE', #348, 0.2500000000000199285 ) ;
#1575 = CARTESIAN_POINT ( 'NONE',  ( -0.9999999999999870104, -0.2999999999999533040, 4.200000000000272848 ) ) ;
#1576 = VECTOR ( 'NONE', #2130, 1000.000000000000000 ) ;
#1577 = VERTEX_POINT ( 'NONE', #583 ) ;
#1578 = AXIS2_PLACEMENT_3D ( 'NONE', #777, #686, #2216 ) ;
#1579 = ORIENTED_EDGE ( 'NONE', *, *, #1327, .T. ) ;
#1580 = AXIS2_PLACEMENT_3D ( 'NONE', #1649, #2006, #1996 ) ;
#1581 = DIRECTION ( 'NONE',  ( 1.084202172485410717E-14, -1.626303258728116234E-15, -1.000000000000000000 ) ) ;
#1582 = DIRECTION ( 'NONE',  ( 8.673617379883298676E-15, -1.642999669122152759E-15, -1.000000000000000000 ) ) ;
#1583 = ORIENTED_EDGE ( 'NONE', *, *, #218, .T. ) ;
#1584 = CIRCLE ( 'NONE', #1310, 0.7000000000000591305 ) ;
#1585 = CARTESIAN_POINT ( 'NONE',  ( 3.999999999999781508, -0.8000000000001361578, -4.700000000000328804 ) ) ;
#1586 = ORIENTED_EDGE ( 'NONE', *, *, #815, .F. ) ;
#1587 = EDGE_CURVE ( 'NONE', #1676, #866, #1798, .T. ) ;
#1588 = CYLINDRICAL_SURFACE ( 'NONE', #538, 1.500000000000127898 ) ;
#1589 = CARTESIAN_POINT ( 'NONE',  ( -4.199999999999731948, -0.2999999999998628764, 4.000000000000280664 ) ) ;
#1590 = CARTESIAN_POINT ( 'NONE',  ( 1.250000000000007994, -0.3000000000000485056, 1.870828693387019293 ) ) ;
#1591 = DIRECTION ( 'NONE',  ( -1.084202172485412926E-14, 1.626303258728119586E-15, 1.000000000000000000 ) ) ;
#1592 = DIRECTION ( 'NONE',  ( 1.000000000000000000, -3.446445110293655283E-14, -1.297110567103824375E-14 ) ) ;
#1593 = CARTESIAN_POINT ( 'NONE',  ( 3.999999999999823252, -2.800000000000165912, 5.200000000000273737 ) ) ;
#1594 = APPROVAL_PERSON_ORGANIZATION ( #1135, #1278, #1024 ) ;
#1595 = AXIS2_PLACEMENT_3D ( 'NONE', #1890, #2257, #1023 ) ;
#1596 = CARTESIAN_POINT ( 'NONE',  ( 3.999999999999725997, -0.3000000000001196154, 4.000000000000280664 ) ) ;
#1597 = AXIS2_PLACEMENT_3D ( 'NONE', #1101, #1277, #927 ) ;
#1598 = CARTESIAN_POINT ( 'NONE',  ( 3.999999999999940936, -2.800000000000166800, -5.200000000000329692 ) ) ;
#1599 = CARTESIAN_POINT ( 'NONE',  ( 4.699999999999718625, -0.8000000000001517009, 4.000000000000280664 ) ) ;
#1600 = LINE ( 'NONE', #663, #1302 ) ;
#1601 = EDGE_CURVE ( 'NONE', #1029, #17, #1085, .T. ) ;
#1602 = CIRCLE ( 'NONE', #2036, 0.6500000000000563105 ) ;
#1603 = ORIENTED_EDGE ( 'NONE', *, *, #2005, .T. ) ;
#1604 = CARTESIAN_POINT ( 'NONE',  ( -0.7499999999999867883, -0.2999999999999602429, 2.685419176710529321 ) ) ;
#1605 = VERTEX_POINT ( 'NONE', #1841 ) ;
#1606 = FACE_OUTER_BOUND ( 'NONE', #484, .T. ) ;
#1607 = DIRECTION ( 'NONE',  ( -3.446445110293486782E-14, 1.000000000000000000, 1.642999669122312898E-15 ) ) ;
#1608 = VECTOR ( 'NONE', #423, 1000.000000000000000 ) ;
#1609 = CARTESIAN_POINT ( 'NONE',  ( -3.999999999999746869, -0.7999999999998637090, 5.500000000000282441 ) ) ;
#1610 = ORIENTED_EDGE ( 'NONE', *, *, #1470, .F. ) ;
#1611 = DIRECTION ( 'NONE',  ( -1.040834085585996851E-14, 1.626303258728120178E-15, 1.000000000000000000 ) ) ;
#1612 = EDGE_CURVE ( 'NONE', #545, #1733, #1445, .T. ) ;
#1613 = VERTEX_POINT ( 'NONE', #981 ) ;
#1614 = ORIENTED_EDGE ( 'NONE', *, *, #774, .T. ) ;
#1615 = AXIS2_PLACEMENT_3D ( 'NONE', #498, #491, #2064 ) ;
#1616 = EDGE_LOOP ( 'NONE', ( #1342, #432, #691, #233 ) ) ;
#1617 = CARTESIAN_POINT ( 'NONE',  ( -3.999999999999746869, 1.301042606982605321E-13, 4.700000000000273737 ) ) ;
#1618 = ADVANCED_FACE ( 'NONE', ( #1146 ), #399, .F. ) ;
#1619 = VECTOR ( 'NONE', #1026, 1000.000000000000000 ) ;
#1620 = DIRECTION ( 'NONE',  ( 1.000000000000000000, -3.446445110293654652E-14, -1.297110567103824217E-14 ) ) ;
#1621 = ORIENTED_EDGE ( 'NONE', *, *, #1601, .T. ) ;
#1622 = CARTESIAN_POINT ( 'NONE',  ( -3.999999999999733102, -0.2999999999998698152, 4.000000000000280664 ) ) ;
#1623 = DIRECTION ( 'NONE',  ( -3.446445110293486782E-14, 1.000000000000000000, 1.642999669122312898E-15 ) ) ;
#1624 = COORDINATED_UNIVERSAL_TIME_OFFSET ( 2, 0, .AHEAD. ) ;
#1625 = CARTESIAN_POINT ( 'NONE',  ( -3.999999999999746869, -0.7999999999998637090, 4.000000000000280664 ) ) ;
#1626 = FACE_OUTER_BOUND ( 'NONE', #2033, .T. ) ;
#1627 = ORIENTED_EDGE ( 'NONE', *, *, #1492, .T. ) ;
#1628 = ORIENTED_EDGE ( 'NONE', *, *, #387, .T. ) ;
#1629 = CYLINDRICAL_SURFACE ( 'NONE', #2165, 1.200000000000101208 ) ;
#1630 = EDGE_CURVE ( 'NONE', #269, #735, #322, .T. ) ;
#1631 = DIRECTION ( 'NONE',  ( 1.084202172485410717E-14, -1.626303258728116234E-15, -1.000000000000000000 ) ) ;
#1632 = FACE_OUTER_BOUND ( 'NONE', #1828, .T. ) ;
#1633 = LINE ( 'NONE', #1544, #344 ) ;
#1634 = EDGE_LOOP ( 'NONE', ( #1726, #329, #1181, #349 ) ) ;
#1635 = ORIENTED_EDGE ( 'NONE', *, *, #780, .T. ) ;
#1636 = ADVANCED_FACE ( 'NONE', ( #149 ), #2221, .T. ) ;
#1637 = ORIENTED_EDGE ( 'NONE', *, *, #2105, .T. ) ;
#1638 = DIRECTION ( 'NONE',  ( -1.040834085585985333E-14, -1.642999669122671830E-15, 1.000000000000000000 ) ) ;
#1639 = ORIENTED_EDGE ( 'NONE', *, *, #1485, .F. ) ;
#1640 = CARTESIAN_POINT ( 'NONE',  ( 0.7499999999999937828, -0.3000000000000397904, -2.685419176710529321 ) ) ;
#1641 = EDGE_CURVE ( 'NONE', #796, #708, #1394, .T. ) ;
#1642 = VECTOR ( 'NONE', #1322, 1000.000000000000000 ) ;
#1643 = AXIS2_PLACEMENT_3D ( 'NONE', #1058, #1423, #362 ) ;
#1644 = ORIENTED_EDGE ( 'NONE', *, *, #30, .F. ) ;
#1645 = AXIS2_PLACEMENT_3D ( 'NONE', #622, #1863, #1163 ) ;
#1646 = VECTOR ( 'NONE', #396, 1000.000000000000000 ) ;
#1647 = CARTESIAN_POINT ( 'NONE',  ( -3.999999999999746869, -0.7999999999998637090, 4.000000000000280664 ) ) ;
#1648 = ADVANCED_FACE ( 'NONE', ( #454 ), #1326, .T. ) ;
#1649 = CARTESIAN_POINT ( 'NONE',  ( 0.9999999999999592548, -0.3000000000000363487, 3.550000000000275158 ) ) ;
#1650 = DATE_AND_TIME ( #695, #246 ) ;
#1651 = AXIS2_PLACEMENT_3D ( 'NONE', #640, #1866, #988 ) ;
#1652 = EDGE_CURVE ( 'NONE', #1178, #339, #1969, .T. ) ;
#1653 = FACE_OUTER_BOUND ( 'NONE', #1152, .T. ) ;
#1654 = CARTESIAN_POINT ( 'NONE',  ( -3.999999999999712230, 1.196959198423996895E-13, -4.700000000000328804 ) ) ;
#1655 = CARTESIAN_POINT ( 'NONE',  ( -0.9999999999999870104, -0.2999999999999533040, 2.685419176710529321 ) ) ;
#1656 = CIRCLE ( 'NONE', #1808, 1.200000000000100320 ) ;
#1657 = ORIENTED_EDGE ( 'NONE', *, *, #104, .F. ) ;
#1658 = ORIENTED_EDGE ( 'NONE', *, *, #1327, .F. ) ;
#1659 = DIRECTION ( 'NONE',  ( -3.446445110293486782E-14, 1.000000000000000000, 1.642999669122312898E-15 ) ) ;
#1660 = FACE_OUTER_BOUND ( 'NONE', #1333, .T. ) ;
#1661 = CARTESIAN_POINT ( 'NONE',  ( 3.999999999999767741, -1.301042606982605321E-13, -4.200000000000356337 ) ) ;
#1662 = CARTESIAN_POINT ( 'NONE',  ( 3.999999999999739764, -0.3000000000001196154, 4.200000000000258638 ) ) ;
#1663 = ORIENTED_EDGE ( 'NONE', *, *, #256, .F. ) ;
#1664 = VECTOR ( 'NONE', #186, 1000.000000000000000 ) ;
#1665 = DIRECTION ( 'NONE',  ( 1.000000000000000000, -3.446445110293654652E-14, -1.065814103640217805E-14 ) ) ;
#1666 = VERTEX_POINT ( 'NONE', #2019 ) ;
#1667 = ORIENTED_EDGE ( 'NONE', *, *, #320, .F. ) ;
#1668 = EDGE_LOOP ( 'NONE', ( #403, #1561, #1475, #905 ) ) ;
#1669 = DIRECTION ( 'NONE',  ( 8.673617379883298676E-15, -1.626303258728118403E-15, -1.000000000000000000 ) ) ;
#1670 = CIRCLE ( 'NONE', #1541, 1.499999999999934497 ) ;
#1671 = ORIENTED_EDGE ( 'NONE', *, *, #1410, .F. ) ;
#1672 = DIRECTION ( 'NONE',  ( -3.446445110293486782E-14, 1.000000000000000000, 1.642999669122312898E-15 ) ) ;
#1673 = LINE ( 'NONE', #2177, #1646 ) ;
#1674 = DIRECTION ( 'NONE',  ( -3.446445110293486782E-14, 1.000000000000000000, 1.642999669122312898E-15 ) ) ;
#1675 = EDGE_CURVE ( 'NONE', #1348, #1506, #451, .T. ) ;
#1676 = VERTEX_POINT ( 'NONE', #1136 ) ;
#1677 = CARTESIAN_POINT ( 'NONE',  ( -0.9999999999999245048, 3.642919299551294898E-14, -2.685419176710529321 ) ) ;
#1678 = DIRECTION ( 'NONE',  ( -3.446445110293486782E-14, 1.000000000000000000, 1.642999669122312898E-15 ) ) ;
#1679 = EDGE_CURVE ( 'NONE', #1995, #977, #2279, .T. ) ;
#1680 = CARTESIAN_POINT ( 'NONE',  ( 4.199999999999745270, -0.3000000000001265543, 4.000000000000267342 ) ) ;
#1681 = CARTESIAN_POINT ( 'NONE',  ( 0.7499999999999937828, -3.989863994746656317E-14, -2.685419176710529321 ) ) ;
#1682 = DIRECTION ( 'NONE',  ( -1.065814103640070604E-14, 1.642999669122173467E-15, 1.000000000000000000 ) ) ;
#1683 = CARTESIAN_POINT ( 'NONE',  ( 5.199999999999774580, -1.600000000000180611, 0.0000000000000000000 ) ) ;
#1684 = LINE ( 'NONE', #281, #1961 ) ;
#1685 = EDGE_CURVE ( 'NONE', #650, #1069, #1748, .T. ) ;
#1686 = ADVANCED_FACE ( 'NONE', ( #1448 ), #914, .T. ) ;
#1687 = EDGE_LOOP ( 'NONE', ( #1374, #2205, #713, #1061 ) ) ;
#1688 = EDGE_CURVE ( 'NONE', #1203, #2112, #1497, .T. ) ;
#1689 = DIRECTION ( 'NONE',  ( -1.000000000000000000, 3.446445110293652127E-14, -1.065814103640076284E-14 ) ) ;
#1690 = ORIENTED_EDGE ( 'NONE', *, *, #2068, .F. ) ;
#1691 = CYLINDRICAL_SURFACE ( 'NONE', #1438, 0.4000000000000345501 ) ;
#1692 = AXIS2_PLACEMENT_3D ( 'NONE', #1732, #324, #1563 ) ;
#1693 = CARTESIAN_POINT ( 'NONE',  ( 4.199999999999745270, -0.3000000000001265543, 4.000000000000267342 ) ) ;
#1694 = CIRCLE ( 'NONE', #1222, 0.4000000000000345501 ) ;
#1695 = ORIENTED_EDGE ( 'NONE', *, *, #273, .F. ) ;
#1696 = VERTEX_POINT ( 'NONE', #2120 ) ;
#1697 = CARTESIAN_POINT ( 'NONE',  ( 3.999999999999781508, -0.3000000000001300515, -4.700000000000328804 ) ) ;
#1698 = DIRECTION ( 'NONE',  ( 1.065814103640070604E-14, -1.642999669122173467E-15, -1.000000000000000000 ) ) ;
#1699 = VERTEX_POINT ( 'NONE', #1767 ) ;
#1700 = DIRECTION ( 'NONE',  ( -3.446445110293486782E-14, 1.000000000000000000, 1.642999669122312898E-15 ) ) ;
#1701 = EDGE_LOOP ( 'NONE', ( #847, #466, #375, #102 ) ) ;
#1702 = CARTESIAN_POINT ( 'NONE',  ( -3.999999999999746869, -0.7999999999998637090, 4.000000000000280664 ) ) ;
#1703 = FACE_OUTER_BOUND ( 'NONE', #1274, .T. ) ;
#1704 = DIRECTION ( 'NONE',  ( -1.000000000000000000, 3.442341897641624253E-14, 1.084202172485550977E-14 ) ) ;
#1705 = AXIS2_PLACEMENT_3D ( 'NONE', #1143, #84, #1489 ) ;
#1706 = FACE_OUTER_BOUND ( 'NONE', #765, .T. ) ;
#1707 = AXIS2_PLACEMENT_3D ( 'NONE', #1126, #410, #584 ) ;
#1708 = PLANE ( 'NONE',  #1148 ) ;
#1709 = EDGE_CURVE ( 'NONE', #648, #1696, #507, .T. ) ;
#1710 = DIRECTION ( 'NONE',  ( -1.000000000000000000, 3.446445110293655283E-14, 1.065814103640217805E-14 ) ) ;
#1711 = MECHANICAL_CONTEXT ( 'NONE', #659, 'mechanical' ) ;
#1712 = ADVANCED_FACE ( 'NONE', ( #258 ), #1276, .F. ) ;
#1713 = DIRECTION ( 'NONE',  ( 1.000000000000000000, -3.446445110293652127E-14, 1.076656125364930066E-14 ) ) ;
#1714 = FACE_BOUND ( 'NONE', #1871, .T. ) ;
#1715 = DIRECTION ( 'NONE',  ( 1.065814103640070604E-14, -1.642999669122173467E-15, -1.000000000000000000 ) ) ;
#1716 = DIRECTION ( 'NONE',  ( 3.446445110293486782E-14, -1.000000000000000000, -1.642999669122312898E-15 ) ) ;
#1717 = LINE ( 'NONE', #2247, #784 ) ;
#1718 = EDGE_LOOP ( 'NONE', ( #946, #541, #970, #2143 ) ) ;
#1719 = CARTESIAN_POINT ( 'NONE',  ( 0.9999999999999870104, -4.683753385137379155E-14, -4.200000000000342126 ) ) ;
#1720 = CARTESIAN_POINT ( 'NONE',  ( 0.0000000000000000000, 0.0000000000000000000, 0.0000000000000000000 ) ) ;
#1721 = VERTEX_POINT ( 'NONE', #1424 ) ;
#1722 = CIRCLE ( 'NONE', #1512, 0.2500000000000188738 ) ;
#1723 = EDGE_CURVE ( 'NONE', #2059, #291, #921, .T. ) ;
#1724 = CARTESIAN_POINT ( 'NONE',  ( -5.499999999999747757, -1.599999999999809575, 0.0000000000000000000 ) ) ;
#1725 = AXIS2_PLACEMENT_3D ( 'NONE', #1043, #138, #862 ) ;
#1726 = ORIENTED_EDGE ( 'NONE', *, *, #320, .T. ) ;
#1727 = VECTOR ( 'NONE', #212, 1000.000000000000000 ) ;
#1728 = EDGE_CURVE ( 'NONE', #941, #571, #42, .T. ) ;
#1729 = ORIENTED_EDGE ( 'NONE', *, *, #38, .F. ) ;
#1730 = VERTEX_POINT ( 'NONE', #754 ) ;
#1731 = CYLINDRICAL_SURFACE ( 'NONE', #642, 1.500000000000126121 ) ;
#1732 = CARTESIAN_POINT ( 'NONE',  ( 0.7500000000000075495, -0.3000000000000294098, 2.685419176710515554 ) ) ;
#1733 = VERTEX_POINT ( 'NONE', #1080 ) ;
#1734 = LINE ( 'NONE', #939, #1241 ) ;
#1735 = CARTESIAN_POINT ( 'NONE',  ( -4.199999999999731948, 1.370431546021677605E-13, 4.000000000000280664 ) ) ;
#1736 = VERTEX_POINT ( 'NONE', #1093 ) ;
#1737 = EDGE_CURVE ( 'NONE', #1883, #2029, #814, .T. ) ;
#1738 = APPROVAL_STATUS ( 'not_yet_approved' ) ;
#1739 = AXIS2_PLACEMENT_3D ( 'NONE', #1848, #1321, #1145 ) ;
#1740 = DIRECTION ( 'NONE',  ( -3.446445110293486782E-14, 1.000000000000000000, 1.642999669122312898E-15 ) ) ;
#1741 = DIRECTION ( 'NONE',  ( -1.065814103640070604E-14, 1.642999669122173467E-15, 1.000000000000000000 ) ) ;
#1742 = CARTESIAN_POINT ( 'NONE',  ( -3.999999999999552358, -2.799999999999833733, -4.000000000000336620 ) ) ;
#1743 = CIRCLE ( 'NONE', #1529, 1.499999999999935385 ) ;
#1744 = EDGE_LOOP ( 'NONE', ( #600, #1139, #1829, #332 ) ) ;
#1745 = ORIENTED_EDGE ( 'NONE', *, *, #1915, .F. ) ;
#1746 = ADVANCED_FACE ( 'NONE', ( #2015 ), #792, .T. ) ;
#1747 = TOROIDAL_SURFACE ( 'NONE', #1323, 0.6999999999999992895, 0.5000000000000000000 ) ;
#1748 = LINE ( 'NONE', #1857, #1727 ) ;
#1749 = DIRECTION ( 'NONE',  ( -3.446445110293486782E-14, 1.000000000000000000, 1.642999669122312898E-15 ) ) ;
#1750 = LINE ( 'NONE', #1760, #422 ) ;
#1751 = CYLINDRICAL_SURFACE ( 'NONE', #1114, 0.4999999999999787392 ) ;
#1752 = EDGE_LOOP ( 'NONE', ( #2107, #1004, #457, #1103 ) ) ;
#1753 = PLANE ( 'NONE',  #1105 ) ;
#1754 = EDGE_LOOP ( 'NONE', ( #1234, #742, #623, #200 ) ) ;
#1755 = VERTEX_POINT ( 'NONE', #20 ) ;
#1756 = EDGE_CURVE ( 'NONE', #1167, #866, #1202, .T. ) ;
#1757 = ORIENTED_EDGE ( 'NONE', *, *, #417, .F. ) ;
#1758 = LINE ( 'NONE', #778, #2244 ) ;
#1759 = DIRECTION ( 'NONE',  ( -1.000000000000000000, 3.446445110293655283E-14, 1.065814103640217805E-14 ) ) ;
#1760 = CARTESIAN_POINT ( 'NONE',  ( 4.199999999999745270, -1.266348137463069179E-13, 4.000000000000267342 ) ) ;
#1761 = EDGE_CURVE ( 'NONE', #428, #1167, #1551, .T. ) ;
#1762 = EDGE_CURVE ( 'NONE', #1939, #1699, #2079, .T. ) ;
#1763 = AXIS2_PLACEMENT_3D ( 'NONE', #369, #1439, #1973 ) ;
#1764 = CARTESIAN_POINT ( 'NONE',  ( 0.9999999999999314992, -0.3000000000000363487, 4.200000000000272848 ) ) ;
#1765 = CARTESIAN_POINT ( 'NONE',  ( -0.9999999999999870104, -0.2999999999999585221, 1.870828693387033281 ) ) ;
#1766 = APPROVAL_DATE_TIME ( #1930, #1278 ) ;
#1767 = CARTESIAN_POINT ( 'NONE',  ( -5.199999999999750599, -1.599999999999815348, -0.4000000000000004663 ) ) ;
#1768 = CARTESIAN_POINT ( 'NONE',  ( -5.199999999999718625, -0.2999999999998247402, -4.000000000000336620 ) ) ;
#1769 = CIRCLE ( 'NONE', #470, 2.000000000000170974 ) ;
#1770 = ORIENTED_EDGE ( 'NONE', *, *, #378, .F. ) ;
#1771 = ORIENTED_EDGE ( 'NONE', *, *, #1968, .F. ) ;
#1772 = CARTESIAN_POINT ( 'NONE',  ( -3.999999999999725997, -0.2999999999998802513, -4.000000000000322409 ) ) ;
#1773 = VERTEX_POINT ( 'NONE', #553 ) ;
#1774 = CIRCLE ( 'NONE', #1236, 0.8000000000000679901 ) ;
#1775 = EDGE_CURVE ( 'NONE', #98, #941, #1089, .T. ) ;
#1776 = DIRECTION ( 'NONE',  ( -8.673617379883298676E-15, 1.626303258728118403E-15, 1.000000000000000000 ) ) ;
#1777 = ORIENTED_EDGE ( 'NONE', *, *, #78, .F. ) ;
#1778 = DIRECTION ( 'NONE',  ( 3.446445110293486782E-14, -1.000000000000000000, -1.642999669122312898E-15 ) ) ;
#1779 = ORIENTED_EDGE ( 'NONE', *, *, #456, .T. ) ;
#1780 = EDGE_LOOP ( 'NONE', ( #1610, #487 ) ) ;
#1781 = FACE_OUTER_BOUND ( 'NONE', #1211, .T. ) ;
#1782 = DIRECTION ( 'NONE',  ( 1.297110567103829897E-14, 1.642999669121358968E-15, 1.000000000000000000 ) ) ;
#1783 = ORIENTED_EDGE ( 'NONE', *, *, #1924, .F. ) ;
#1784 = DIRECTION ( 'NONE',  ( -1.084202172485413873E-14, 1.626303258728120770E-15, 1.000000000000000000 ) ) ;
#1785 = CYLINDRICAL_SURFACE ( 'NONE', #633, 0.2000000000000169975 ) ;
#1786 = PLANE ( 'NONE',  #938 ) ;
#1787 = DIRECTION ( 'NONE',  ( -1.040834085585984860E-14, 1.734723475976641434E-15, 1.000000000000000000 ) ) ;
#1788 = DIRECTION ( 'NONE',  ( -1.084202172485412137E-14, 1.807003620809020360E-15, 1.000000000000000000 ) ) ;
#1789 = CARTESIAN_POINT ( 'NONE',  ( 5.499999999999824141, -2.800000000000159250, 4.000000000000280664 ) ) ;
#1790 = CARTESIAN_POINT ( 'NONE',  ( 5.499999999999776179, -1.600000000000187717, 0.0000000000000000000 ) ) ;
#1791 = CARTESIAN_POINT ( 'NONE',  ( 3.999999999999781508, -1.301042606982605321E-13, -5.500000000000337508 ) ) ;
#1792 = EDGE_CURVE ( 'NONE', #2256, #1836, #2276, .T. ) ;
#1793 = DIRECTION ( 'NONE',  ( 3.446445110293486782E-14, -1.000000000000000000, -1.642999669122312898E-15 ) ) ;
#1794 = LINE ( 'NONE', #1655, #1490 ) ;
#1795 = ORIENTED_EDGE ( 'NONE', *, *, #936, .F. ) ;
#1796 = ORIENTED_EDGE ( 'NONE', *, *, #2088, .F. ) ;
#1797 = CIRCLE ( 'NONE', #24, 0.6500000000000550893 ) ;
#1798 = CIRCLE ( 'NONE', #1118, 1.200000000000102096 ) ;
#1799 = CARTESIAN_POINT ( 'NONE',  ( 4.699999999999787903, -0.8000000000001673550, -4.000000000000336620 ) ) ;
#1800 = ADVANCED_FACE ( 'NONE', ( #923 ), #1911, .F. ) ;
#1801 = CARTESIAN_POINT ( 'NONE',  ( 3.999999999999725997, -0.3000000000001196154, 4.000000000000280664 ) ) ;
#1802 = LINE ( 'NONE', #202, #2190 ) ;
#1803 = CIRCLE ( 'NONE', #127, 0.4999999999999787392 ) ;
#1804 = VERTEX_POINT ( 'NONE', #1021 ) ;
#1805 = PLANE ( 'NONE',  #5 ) ;
#1806 = ORIENTED_EDGE ( 'NONE', *, *, #525, .T. ) ;
#1807 = EDGE_CURVE ( 'NONE', #2172, #98, #1549, .T. ) ;
#1808 = AXIS2_PLACEMENT_3D ( 'NONE', #793, #1678, #1845 ) ;
#1809 = ORIENTED_EDGE ( 'NONE', *, *, #1447, .F. ) ;
#1810 = AXIS2_PLACEMENT_3D ( 'NONE', #1407, #2061, #1006 ) ;
#1811 = EDGE_LOOP ( 'NONE', ( #1583, #865, #1970, #919 ) ) ;
#1812 = DIRECTION ( 'NONE',  ( -3.446445110293486782E-14, 1.000000000000000000, 1.642999669122312898E-15 ) ) ;
#1813 = FACE_OUTER_BOUND ( 'NONE', #2073, .T. ) ;
#1814 = CARTESIAN_POINT ( 'NONE',  ( 5.199999999999718625, -0.8000000000001724620, 4.000000000000280664 ) ) ;
#1815 = DIRECTION ( 'NONE',  ( 8.673617379883298676E-15, -1.626303258728118403E-15, -1.000000000000000000 ) ) ;
#1816 =( GEOMETRIC_REPRESENTATION_CONTEXT ( 3 ) GLOBAL_UNCERTAINTY_ASSIGNED_CONTEXT ( ( #1008 ) ) GLOBAL_UNIT_ASSIGNED_CONTEXT ( ( #126, #1382, #849 ) ) REPRESENTATION_CONTEXT ( 'NONE', 'WORKASPACE' ) );
#1817 = AXIS2_PLACEMENT_3D ( 'NONE', #1294, #1461, #1631 ) ;
#1818 = PERSON_AND_ORGANIZATION ( #543, #1487 ) ;
#1819 = ADVANCED_FACE ( 'NONE', ( #1335 ), #1855, .F. ) ;
#1820 = VECTOR ( 'NONE', #120, 1000.000000000000000 ) ;
#1821 = VECTOR ( 'NONE', #1256, 1000.000000000000000 ) ;
#1822 = ORIENTED_EDGE ( 'NONE', *, *, #1250, .F. ) ;
#1823 = EDGE_CURVE ( 'NONE', #1444, #1215, #868, .T. ) ;
#1824 = CARTESIAN_POINT ( 'NONE',  ( -3.999999999999607869, -2.799999999999832845, 5.500000000000282441 ) ) ;
#1825 = DIRECTION ( 'NONE',  ( -3.446445110293486782E-14, 1.000000000000000000, 1.642999669122312898E-15 ) ) ;
#1826 = ORIENTED_EDGE ( 'NONE', *, *, #1176, .T. ) ;
#1827 = FACE_OUTER_BOUND ( 'NONE', #2232, .T. ) ;
#1828 = EDGE_LOOP ( 'NONE', ( #2074, #1783, #1016, #1003 ) ) ;
#1829 = ORIENTED_EDGE ( 'NONE', *, *, #2068, .T. ) ;
#1830 = DIRECTION ( 'NONE',  ( -1.084202172485400935E-14, -1.642999669122686818E-15, 1.000000000000000000 ) ) ;
#1831 = ORIENTED_EDGE ( 'NONE', *, *, #795, .F. ) ;
#1832 = CARTESIAN_POINT ( 'NONE',  ( -3.999999999999746869, -0.7999999999998637090, 4.700000000000273737 ) ) ;
#1833 = VERTEX_POINT ( 'NONE', #669 ) ;
#1834 = LINE ( 'NONE', #1495, #1265 ) ;
#1835 = AXIS2_PLACEMENT_3D ( 'NONE', #1134, #2214, #1741 ) ;
#1836 = VERTEX_POINT ( 'NONE', #1007 ) ;
#1837 = AXIS2_PLACEMENT_3D ( 'NONE', #1443, #1607, #753 ) ;
#1838 = VECTOR ( 'NONE', #918, 1000.000000000000000 ) ;
#1839 = EDGE_CURVE ( 'NONE', #1755, #1888, #567, .T. ) ;
#1840 = CARTESIAN_POINT ( 'NONE',  ( -4.699999999999746159, 1.647987302177966740E-13, 4.000000000000280664 ) ) ;
#1841 = CARTESIAN_POINT ( 'NONE',  ( 0.8194444444444004549, -2.949029909160572061E-14, 2.925580516513162532 ) ) ;
#1842 = EDGE_CURVE ( 'NONE', #2070, #269, #94, .T. ) ;
#1843 = DIRECTION ( 'NONE',  ( -1.065814103640070604E-14, 1.642999669122173270E-15, 1.000000000000000000 ) ) ;
#1844 = DIRECTION ( 'NONE',  ( -1.115179377413568911E-14, 1.626303258728121361E-15, 1.000000000000000000 ) ) ;
#1845 = DIRECTION ( 'NONE',  ( -1.084202172485413873E-14, 1.807003620809023121E-15, 1.000000000000000000 ) ) ;
#1846 = CARTESIAN_POINT ( 'NONE',  ( -3.999999999999712230, -0.7999999999998793632, -4.700000000000328804 ) ) ;
#1847 = EDGE_CURVE ( 'NONE', #545, #948, #2136, .T. ) ;
#1848 = CARTESIAN_POINT ( 'NONE',  ( 0.9999999999999592548, -0.3000000000000363487, 3.550000000000275158 ) ) ;
#1849 = DIRECTION ( 'NONE',  ( -3.446445110293486782E-14, 1.000000000000000000, 1.642999669122312898E-15 ) ) ;
#1850 = AXIS2_PLACEMENT_3D ( 'NONE', #1060, #1782, #1620 ) ;
#1851 = CIRCLE ( 'NONE', #1056, 0.2000000000000169975 ) ;
#1852 = VERTEX_POINT ( 'NONE', #308 ) ;
#1853 = ORIENTED_EDGE ( 'NONE', *, *, #295, .F. ) ;
#1854 = CARTESIAN_POINT ( 'NONE',  ( -5.499999999999747757, -1.599999999999809575, 0.0000000000000000000 ) ) ;
#1855 = CYLINDRICAL_SURFACE ( 'NONE', #2212, 0.2000000000000169975 ) ;
#1856 = DIRECTION ( 'NONE',  ( -1.000000000000000000, 3.447762908504050513E-14, 1.040834085586128591E-14 ) ) ;
#1857 = CARTESIAN_POINT ( 'NONE',  ( 1.000000000000000888, -4.163336342344337027E-14, -1.870828693387033281 ) ) ;
#1858 = VECTOR ( 'NONE', #407, 1000.000000000000000 ) ;
#1859 = CARTESIAN_POINT ( 'NONE',  ( -3.999999999999746869, -0.7999999999998637090, 5.500000000000282441 ) ) ;
#1860 = ORIENTED_EDGE ( 'NONE', *, *, #225, .F. ) ;
#1861 = DIRECTION ( 'NONE',  ( 8.673617379883298676E-15, -1.642999669122152759E-15, -1.000000000000000000 ) ) ;
#1862 = ORIENTED_EDGE ( 'NONE', *, *, #616, .T. ) ;
#1863 = DIRECTION ( 'NONE',  ( -3.446445110293486782E-14, 1.000000000000000000, 1.642999669122312898E-15 ) ) ;
#1864 = ORIENTED_EDGE ( 'NONE', *, *, #1688, .F. ) ;
#1865 = VERTEX_POINT ( 'NONE', #300 ) ;
#1866 = DIRECTION ( 'NONE',  ( 3.446445110293482995E-14, -1.000000000000000000, 1.642999669122540682E-15 ) ) ;
#1867 = AXIS2_PLACEMENT_3D ( 'NONE', #997, #1689, #1843 ) ;
#1868 = VECTOR ( 'NONE', #604, 1000.000000000000000 ) ;
#1869 = CARTESIAN_POINT ( 'NONE',  ( 0.8194444444444490827, -0.3000000000000397904, -2.925580516513176299 ) ) ;
#1870 = DIRECTION ( 'NONE',  ( 1.000000000000000000, -3.442341897641624253E-14, -1.084202172485550977E-14 ) ) ;
#1871 = EDGE_LOOP ( 'NONE', ( #2072, #1428, #1420, #711, #598, #850, #1779, #1063, #75, #819, #130, #1621, #1910, #2087 ) ) ;
#1872 = CARTESIAN_POINT ( 'NONE',  ( -3.999999999999725997, 1.196959198423996895E-13, -4.000000000000322409 ) ) ;
#1873 = EDGE_CURVE ( 'NONE', #1888, #2283, #1172, .T. ) ;
#1874 = DIRECTION ( 'NONE',  ( -1.065814103640070604E-14, 1.642999669122173270E-15, 1.000000000000000000 ) ) ;
#1875 = CARTESIAN_POINT ( 'NONE',  ( 1.000000000000000888, -0.3000000000000415668, -1.870828693387033281 ) ) ;
#1876 = DIRECTION ( 'NONE',  ( -1.084202172485412137E-14, 1.626303258728118206E-15, 1.000000000000000000 ) ) ;
#1877 = LINE ( 'NONE', #653, #588 ) ;
#1878 = EDGE_CURVE ( 'NONE', #1993, #2219, #1633, .T. ) ;
#1879 = AXIS2_PLACEMENT_3D ( 'NONE', #1242, #207, #382 ) ;
#1880 = CARTESIAN_POINT ( 'NONE',  ( 0.9999999999999592548, -0.3000000000000363487, 2.685419176710515554 ) ) ;
#1881 = ORIENTED_EDGE ( 'NONE', *, *, #303, .T. ) ;
#1882 = AXIS2_PLACEMENT_3D ( 'NONE', #722, #206, #1787 ) ;
#1883 = VERTEX_POINT ( 'NONE', #1735 ) ;
#1884 = ORIENTED_EDGE ( 'NONE', *, *, #1092, .T. ) ;
#1885 = DIRECTION ( 'NONE',  ( -3.446445110293486782E-14, 1.000000000000000000, 1.642999669122312898E-15 ) ) ;
#1886 = FACE_OUTER_BOUND ( 'NONE', #197, .T. ) ;
#1887 = DIRECTION ( 'NONE',  ( -1.040834085586005686E-14, 1.734723475976676144E-15, 1.000000000000000000 ) ) ;
#1888 = VERTEX_POINT ( 'NONE', #846 ) ;
#1889 = ORIENTED_EDGE ( 'NONE', *, *, #1086, .T. ) ;
#1890 = CARTESIAN_POINT ( 'NONE',  ( 0.9999999999999870104, -0.3000000000000467848, -3.550000000000344436 ) ) ;
#1891 = APPLICATION_PROTOCOL_DEFINITION ( 'international standard', 'config_control_design', 1994, #659 ) ;
#1892 = CARTESIAN_POINT ( 'NONE',  ( 5.199999999999718625, -1.752070710736575165E-13, 4.000000000000280664 ) ) ;
#1893 = ORIENTED_EDGE ( 'NONE', *, *, #694, .T. ) ;
#1894 = ORIENTED_EDGE ( 'NONE', *, *, #616, .F. ) ;
#1895 = VECTOR ( 'NONE', #1542, 1000.000000000000000 ) ;
#1896 = CARTESIAN_POINT ( 'NONE',  ( -1.111111111111062755, 4.857225732735059864E-14, -1.662958838566194864 ) ) ;
#1897 = ORIENTED_EDGE ( 'NONE', *, *, #1587, .F. ) ;
#1898 = PRODUCT_DEFINITION_FORMATION_WITH_SPECIFIED_SOURCE ( 'ANY', '', #1940, .NOT_KNOWN. ) ;
#1899 = EDGE_CURVE ( 'NONE', #420, #2129, #1694, .T. ) ;
#1900 = VECTOR ( 'NONE', #582, 1000.000000000000000 ) ;
#1901 = DIRECTION ( 'NONE',  ( -1.067522139062557980E-14, 1.642999669122169128E-15, 1.000000000000000000 ) ) ;
#1902 = ADVANCED_FACE ( 'NONE', ( #1339 ), #1751, .F. ) ;
#1903 = DIRECTION ( 'NONE',  ( -3.446445110293486782E-14, 1.000000000000000000, 1.642999669122312898E-15 ) ) ;
#1904 = DATE_AND_TIME ( #886, #1543 ) ;
#1905 = DIRECTION ( 'NONE',  ( -1.067522139062557980E-14, 1.668003342285246893E-15, 1.000000000000000000 ) ) ;
#1906 = ADVANCED_FACE ( 'NONE', ( #289 ), #401, .T. ) ;
#1907 = AXIS2_PLACEMENT_3D ( 'NONE', #2236, #458, #279 ) ;
#1908 = VECTOR ( 'NONE', #1159, 1000.000000000000000 ) ;
#1909 = ORIENTED_EDGE ( 'NONE', *, *, #738, .T. ) ;
#1910 = ORIENTED_EDGE ( 'NONE', *, *, #967, .T. ) ;
#1911 = CYLINDRICAL_SURFACE ( 'NONE', #1386, 0.2500000000000188738 ) ;
#1912 = DIRECTION ( 'NONE',  ( -1.040834085585994800E-14, 1.734723475976658000E-15, 1.000000000000000000 ) ) ;
#1913 = VERTEX_POINT ( 'NONE', #1031 ) ;
#1914 = CARTESIAN_POINT ( 'NONE',  ( 0.9999999999999592548, -0.3000000000000363487, 2.685419176710515554 ) ) ;
#1915 = EDGE_CURVE ( 'NONE', #851, #977, #1230, .T. ) ;
#1916 = ORIENTED_EDGE ( 'NONE', *, *, #859, .T. ) ;
#1917 = VERTEX_POINT ( 'NONE', #1896 ) ;
#1918 = ORIENTED_EDGE ( 'NONE', *, *, #671, .T. ) ;
#1919 = DIRECTION ( 'NONE',  ( -3.446445110293486782E-14, 1.000000000000000000, 1.642999669122312898E-15 ) ) ;
#1920 = ORIENTED_EDGE ( 'NONE', *, *, #1095, .T. ) ;
#1921 = VECTOR ( 'NONE', #636, 1000.000000000000000 ) ;
#1922 = DIRECTION ( 'NONE',  ( 3.446445110293486782E-14, -1.000000000000000000, -1.642999669122312898E-15 ) ) ;
#1923 = EDGE_LOOP ( 'NONE', ( #1391, #574, #1263, #879 ) ) ;
#1924 = EDGE_CURVE ( 'NONE', #283, #173, #704, .T. ) ;
#1925 = AXIS2_PLACEMENT_3D ( 'NONE', #1501, #439, #1669 ) ;
#1926 = AXIS2_PLACEMENT_3D ( 'NONE', #438, #960, #1870 ) ;
#1927 = CARTESIAN_POINT ( 'NONE',  ( 0.8194444444444490827, -0.3000000000000294098, 2.925580516513162532 ) ) ;
#1928 = DIRECTION ( 'NONE',  ( -1.084202172485412926E-14, 1.807003620809021544E-15, 1.000000000000000000 ) ) ;
#1929 = CARTESIAN_POINT ( 'NONE',  ( -1.249999999999973355, 4.857225732735059864E-14, 1.870828693387033281 ) ) ;
#1930 = DATE_AND_TIME ( #191, #940 ) ;
#1931 = DIRECTION ( 'NONE',  ( -1.084202172485415135E-14, 1.642999669122181750E-15, 1.000000000000000000 ) ) ;
#1932 = LINE ( 'NONE', #608, #88 ) ;
#1933 = AXIS2_PLACEMENT_3D ( 'NONE', #1052, #1071, #2291 ) ;
#1934 = FACE_OUTER_BOUND ( 'NONE', #760, .T. ) ;
#1935 = FACE_BOUND ( 'NONE', #1530, .T. ) ;
#1936 = AXIS2_PLACEMENT_3D ( 'NONE', #74, #164, #1665 ) ;
#1937 = CARTESIAN_POINT ( 'NONE',  ( 5.499999999999824141, -2.800000000000159250, 4.000000000000280664 ) ) ;
#1938 = EDGE_LOOP ( 'NONE', ( #429, #1459, #2013, #1402 ) ) ;
#1939 = VERTEX_POINT ( 'NONE', #500 ) ;
#1940 = PRODUCT ( 'MS110-10F', 'MS110-10F', '', ( #1711 ) ) ;
#1941 = DIRECTION ( 'NONE',  ( -1.084202172485410717E-14, 1.626303258728116234E-15, 1.000000000000000000 ) ) ;
#1942 = DIRECTION ( 'NONE',  ( 1.000000000000000000, -3.446445110293652758E-14, 2.139880577972933817E-15 ) ) ;
#1943 = ORIENTED_EDGE ( 'NONE', *, *, #1288, .T. ) ;
#1944 = VERTEX_POINT ( 'NONE', #1570 ) ;
#1945 = EDGE_LOOP ( 'NONE', ( #12, #1264, #1390, #505 ) ) ;
#1946 = VECTOR ( 'NONE', #1034, 1000.000000000000000 ) ;
#1947 = ORIENTED_EDGE ( 'NONE', *, *, #2162, .F. ) ;
#1948 = CARTESIAN_POINT ( 'NONE',  ( -3.999999999999712230, 1.196959198423996895E-13, -5.500000000000337508 ) ) ;
#1949 = VECTOR ( 'NONE', #2153, 1000.000000000000000 ) ;
#1950 = DIRECTION ( 'NONE',  ( -3.446445110293486782E-14, 1.000000000000000000, 1.642999669122312898E-15 ) ) ;
#1951 = CARTESIAN_POINT ( 'NONE',  ( -3.999999999999712230, -0.2999999999998802513, -4.000000000000336620 ) ) ;
#1952 = EDGE_CURVE ( 'NONE', #265, #1444, #2102, .T. ) ;
#1953 = DIRECTION ( 'NONE',  ( 1.065814103640070604E-14, -1.642999669122173467E-15, -1.000000000000000000 ) ) ;
#1954 = AXIS2_PLACEMENT_3D ( 'NONE', #678, #2091, #1931 ) ;
#1955 = PERSON_AND_ORGANIZATION ( #543, #1487 ) ;
#1956 = EDGE_CURVE ( 'NONE', #948, #824, #1142, .T. ) ;
#1957 = DIRECTION ( 'NONE',  ( 8.673617379883298676E-15, -1.642999669122152759E-15, -1.000000000000000000 ) ) ;
#1958 = CARTESIAN_POINT ( 'NONE',  ( -5.499999999999609201, -2.799999999999832845, 4.000000000000280664 ) ) ;
#1959 = CARTESIAN_POINT ( 'NONE',  ( -0.9999999999999870104, 4.683753385137379155E-14, 4.200000000000272848 ) ) ;
#1960 = ADVANCED_FACE ( 'NONE', ( #1827 ), #873, .F. ) ;
#1961 = VECTOR ( 'NONE', #1311, 1000.000000000000000 ) ;
#1962 = ORIENTED_EDGE ( 'NONE', *, *, #1807, .F. ) ;
#1963 = DIRECTION ( 'NONE',  ( -1.000000000000000000, 3.446445110293655283E-14, 1.065814103640217805E-14 ) ) ;
#1964 = DIRECTION ( 'NONE',  ( -1.000000000000000000, 3.446445110293655283E-14, 1.054972081915361499E-14 ) ) ;
#1965 = ORIENTED_EDGE ( 'NONE', *, *, #1214, .T. ) ;
#1966 = VECTOR ( 'NONE', #1592, 1000.000000000000000 ) ;
#1967 = CARTESIAN_POINT ( 'NONE',  ( -0.7499999999999242828, 2.949029909160572061E-14, -2.685419176710529321 ) ) ;
#1968 = EDGE_CURVE ( 'NONE', #735, #1852, #676, .T. ) ;
#1969 = LINE ( 'NONE', #2030, #340 ) ;
#1970 = ORIENTED_EDGE ( 'NONE', *, *, #32, .F. ) ;
#1971 = AXIS2_PLACEMENT_3D ( 'NONE', #655, #1716, #1388 ) ;
#1972 = VERTEX_POINT ( 'NONE', #1237 ) ;
#1973 = DIRECTION ( 'NONE',  ( -1.040834085585994800E-14, 1.734723475976658000E-15, 1.000000000000000000 ) ) ;
#1974 = DIRECTION ( 'NONE',  ( -1.067522139062557980E-14, 1.668003342285246893E-15, 1.000000000000000000 ) ) ;
#1975 = ORIENTED_EDGE ( 'NONE', *, *, #755, .F. ) ;
#1976 = ORIENTED_EDGE ( 'NONE', *, *, #2077, .F. ) ;
#1977 = CARTESIAN_POINT ( 'NONE',  ( 5.499999999999727329, -1.890848588814719733E-13, 4.000000000000280664 ) ) ;
#1978 = ORIENTED_EDGE ( 'NONE', *, *, #2028, .F. ) ;
#1979 = FACE_OUTER_BOUND ( 'NONE', #1938, .T. ) ;
#1980 = CARTESIAN_POINT ( 'NONE',  ( 3.999999999999823252, -2.800000000000165912, 4.000000000000280664 ) ) ;
#1981 = ORIENTED_EDGE ( 'NONE', *, *, #1737, .T. ) ;
#1982 = AXIS2_PLACEMENT_3D ( 'NONE', #664, #1019, #1704 ) ;
#1983 = DIRECTION ( 'NONE',  ( -3.446445110293486782E-14, 1.000000000000000000, 1.642999669122312898E-15 ) ) ;
#1984 = DIRECTION ( 'NONE',  ( -3.446445110293486782E-14, 1.000000000000000000, 1.642999669122312898E-15 ) ) ;
#1985 = PERSON_AND_ORGANIZATION ( #543, #1487 ) ;
#1986 = EDGE_CURVE ( 'NONE', #1469, #1215, #1059, .T. ) ;
#1987 = DIRECTION ( 'NONE',  ( -1.000000000000000000, 3.446445110293654652E-14, 1.065814103640217805E-14 ) ) ;
#1988 = LINE ( 'NONE', #1344, #223 ) ;
#1989 = DIRECTION ( 'NONE',  ( -3.446445110293486782E-14, 1.000000000000000000, 1.642999669122312898E-15 ) ) ;
#1990 = ORIENTED_EDGE ( 'NONE', *, *, #972, .T. ) ;
#1991 = CARTESIAN_POINT ( 'NONE',  ( 3.999999999999781508, -0.8000000000001361578, -4.000000000000336620 ) ) ;
#1992 = CIRCLE ( 'NONE', #718, 0.7000000000000591305 ) ;
#1993 = VERTEX_POINT ( 'NONE', #334 ) ;
#1994 = CARTESIAN_POINT ( 'NONE',  ( 3.999999999999725997, -0.8000000000001205036, 4.000000000000280664 ) ) ;
#1995 = VERTEX_POINT ( 'NONE', #892 ) ;
#1996 = DIRECTION ( 'NONE',  ( -1.067522139062560031E-14, 1.668003342285250049E-15, 1.000000000000000000 ) ) ;
#1997 = EDGE_CURVE ( 'NONE', #129, #562, #66, .T. ) ;
#1998 = AXIS2_PLACEMENT_3D ( 'NONE', #2124, #878, #1928 ) ;
#1999 = ORIENTED_EDGE ( 'NONE', *, *, #2105, .F. ) ;
#2000 = CYLINDRICAL_SURFACE ( 'NONE', #1615, 0.8000000000000679901 ) ;
#2001 = ORIENTED_EDGE ( 'NONE', *, *, #1823, .F. ) ;
#2002 = CYLINDRICAL_SURFACE ( 'NONE', #1763, 0.5000000000000429656 ) ;
#2003 = ADVANCED_FACE ( 'NONE', ( #2250 ), #1419, .F. ) ;
#2004 = CARTESIAN_POINT ( 'NONE',  ( 3.999999999999725997, -0.3000000000001196154, 4.700000000000273737 ) ) ;
#2005 = EDGE_CURVE ( 'NONE', #1666, #1721, #1750, .T. ) ;
#2006 = DIRECTION ( 'NONE',  ( -3.446445110293486782E-14, 1.000000000000000000, 1.642999669122312898E-15 ) ) ;
#2007 = AXIS2_PLACEMENT_3D ( 'NONE', #331, #1740, #1400 ) ;
#2008 = COORDINATED_UNIVERSAL_TIME_OFFSET ( 2, 0, .AHEAD. ) ;
#2009 = LINE ( 'NONE', #1346, #1820 ) ;
#2010 = ORIENTED_EDGE ( 'NONE', *, *, #1554, .T. ) ;
#2011 = DIRECTION ( 'NONE',  ( 3.446445110293482995E-14, -1.000000000000000000, 1.642999669122540682E-15 ) ) ;
#2012 = DIRECTION ( 'NONE',  ( 3.446445110293486782E-14, -1.000000000000000000, -1.642999669122312898E-15 ) ) ;
#2013 = ORIENTED_EDGE ( 'NONE', *, *, #2278, .T. ) ;
#2014 = FACE_OUTER_BOUND ( 'NONE', #1752, .T. ) ;
#2015 = FACE_OUTER_BOUND ( 'NONE', #338, .T. ) ;
#2016 = ORIENTED_EDGE ( 'NONE', *, *, #1484, .T. ) ;
#2017 = CC_DESIGN_PERSON_AND_ORGANIZATION_ASSIGNMENT ( #833, #1206, ( #1940 ) ) ;
#2018 = DIRECTION ( 'NONE',  ( 1.084202172485412295E-14, -6.098637220230444160E-15, -1.000000000000000000 ) ) ;
#2019 = CARTESIAN_POINT ( 'NONE',  ( 4.199999999999745270, -1.266348137463069179E-13, 4.000000000000267342 ) ) ;
#2020 = ORIENTED_EDGE ( 'NONE', *, *, #2198, .F. ) ;
#2021 = CARTESIAN_POINT ( 'NONE',  ( -3.999999999999746869, -0.2999999999998698152, 4.000000000000280664 ) ) ;
#2022 = ORIENTED_EDGE ( 'NONE', *, *, #1565, .T. ) ;
#2023 = LINE ( 'NONE', #1471, #1558 ) ;
#2024 = CARTESIAN_POINT ( 'NONE',  ( -1.111111111111104499, -0.2999999999999515832, 1.662958838566194864 ) ) ;
#2025 = ORIENTED_EDGE ( 'NONE', *, *, #694, .F. ) ;
#2026 = CIRCLE ( 'NONE', #27, 0.2500000000000219269 ) ;
#2027 = DIRECTION ( 'NONE',  ( 1.000000000000000000, -3.446445110293655283E-14, -1.065814103640217805E-14 ) ) ;
#2028 = EDGE_CURVE ( 'NONE', #269, #954, #1722, .T. ) ;
#2029 = VERTEX_POINT ( 'NONE', #693 ) ;
#2030 = CARTESIAN_POINT ( 'NONE',  ( 1.000000000000000888, -0.3000000000000415668, -1.870828693387033281 ) ) ;
#2031 = CARTESIAN_POINT ( 'NONE',  ( -3.999999999999607869, -2.799999999999832845, 5.500000000000282441 ) ) ;
#2032 = CARTESIAN_POINT ( 'NONE',  ( 3.999999999999781508, -0.3000000000001300515, -4.700000000000328804 ) ) ;
#2033 = EDGE_LOOP ( 'NONE', ( #455, #1260, #1452, #460 ) ) ;
#2034 = DIRECTION ( 'NONE',  ( 1.000000000000000000, -3.446445110293655283E-14, -1.065814103640217805E-14 ) ) ;
#2035 = EDGE_CURVE ( 'NONE', #928, #129, #232, .T. ) ;
#2036 = AXIS2_PLACEMENT_3D ( 'NONE', #2066, #310, #1901 ) ;
#2037 = CARTESIAN_POINT ( 'NONE',  ( -3.999999999999607869, -2.799999999999832845, 5.200000000000273737 ) ) ;
#2038 = AXIS2_PLACEMENT_3D ( 'NONE', #1872, #101, #278 ) ;
#2039 = DIRECTION ( 'NONE',  ( 3.446445110293486782E-14, -1.000000000000000000, -1.642999669122312898E-15 ) ) ;
#2040 = FACE_OUTER_BOUND ( 'NONE', #687, .T. ) ;
#2041 = DIRECTION ( 'NONE',  ( -3.446445110293486782E-14, 1.000000000000000000, 1.642999669122312898E-15 ) ) ;
#2042 = ADVANCED_FACE ( 'NONE', ( #368 ), #947, .T. ) ;
#2043 = ORIENTED_EDGE ( 'NONE', *, *, #335, .F. ) ;
#2044 = ORIENTED_EDGE ( 'NONE', *, *, #2209, .F. ) ;
#2045 = VECTOR ( 'NONE', #93, 1000.000000000000000 ) ;
#2046 = PLANE ( 'NONE',  #1705 ) ;
#2047 = FACE_OUTER_BOUND ( 'NONE', #1398, .T. ) ;
#2048 = DIRECTION ( 'NONE',  ( -3.446445110293486782E-14, 1.000000000000000000, 1.642999669122312898E-15 ) ) ;
#2049 = EDGE_LOOP ( 'NONE', ( #296, #1502, #2150, #2084 ) ) ;
#2050 = DIRECTION ( 'NONE',  ( -1.065814103640070604E-14, 1.642999669122173467E-15, 1.000000000000000000 ) ) ;
#2051 = ORIENTED_EDGE ( 'NONE', *, *, #702, .T. ) ;
#2052 = DIRECTION ( 'NONE',  ( -3.446445110293656545E-14, -1.000000000000000000, -1.642999669121578074E-15 ) ) ;
#2053 = CARTESIAN_POINT ( 'NONE',  ( -1.249999999999973355, -0.2999999999999515832, 1.870828693387033281 ) ) ;
#2054 = CC_DESIGN_PERSON_AND_ORGANIZATION_ASSIGNMENT ( #1955, #2240, ( #1898 ) ) ;
#2055 = VERTEX_POINT ( 'NONE', #1039 ) ;
#2056 = AXIS2_PLACEMENT_3D ( 'NONE', #234, #950, #1638 ) ;
#2057 = FACE_OUTER_BOUND ( 'NONE', #1556, .T. ) ;
#2058 = DIRECTION ( 'NONE',  ( -1.000000000000000000, 3.446445110293652758E-14, -2.139880577972926322E-15 ) ) ;
#2059 = VERTEX_POINT ( 'NONE', #1559 ) ;
#2060 = CIRCLE ( 'NONE', #1017, 0.2000000000000169975 ) ;
#2061 = DIRECTION ( 'NONE',  ( 1.000000000000000000, -3.446445110293655283E-14, -1.065814103640217805E-14 ) ) ;
#2062 = DIRECTION ( 'NONE',  ( -3.446445110293486782E-14, 1.000000000000000000, 1.642999669122312898E-15 ) ) ;
#2063 = PERSON_AND_ORGANIZATION_ROLE ( 'classification_officer' ) ;
#2064 = DIRECTION ( 'NONE',  ( -1.084202172485412295E-14, 1.626303258728118403E-15, 1.000000000000000000 ) ) ;
#2065 = CARTESIAN_POINT ( 'NONE',  ( 5.199999999999774580, -1.600000000000180611, 0.0000000000000000000 ) ) ;
#2066 = CARTESIAN_POINT ( 'NONE',  ( -0.9999999999999245048, 3.642919299551294898E-14, -3.550000000000330669 ) ) ;
#2067 = CYLINDRICAL_SURFACE ( 'NONE', #1810, 0.5000000000000429656 ) ;
#2068 = EDGE_CURVE ( 'NONE', #1084, #428, #1992, .T. ) ;
#2069 = DIRECTION ( 'NONE',  ( -2.139880577972869130E-15, 1.642999669121879222E-15, 1.000000000000000000 ) ) ;
#2070 = VERTEX_POINT ( 'NONE', #690 ) ;
#2071 = AXIS2_PLACEMENT_3D ( 'NONE', #452, #1507, #1844 ) ;
#2072 = ORIENTED_EDGE ( 'NONE', *, *, #1377, .T. ) ;
#2073 = EDGE_LOOP ( 'NONE', ( #90, #1308, #1586, #376 ) ) ;
#2074 = ORIENTED_EDGE ( 'NONE', *, *, #1515, .F. ) ;
#2075 = LINE ( 'NONE', #1266, #11 ) ;
#2076 = CARTESIAN_POINT ( 'NONE',  ( 0.9999999999999314992, -3.642919299551294898E-14, 4.200000000000272848 ) ) ;
#2077 = EDGE_CURVE ( 'NONE', #978, #2070, #1309, .T. ) ;
#2078 = EDGE_CURVE ( 'NONE', #1493, #2283, #732, .T. ) ;
#2079 = CIRCLE ( 'NONE', #798, 0.4000000000000345501 ) ;
#2080 = ADVANCED_FACE ( 'NONE', ( #1886 ), #121, .F. ) ;
#2081 = ORIENTED_EDGE ( 'NONE', *, *, #980, .F. ) ;
#2082 = PLANE ( 'NONE',  #1936 ) ;
#2083 = VERTEX_POINT ( 'NONE', #1593 ) ;
#2084 = ORIENTED_EDGE ( 'NONE', *, *, #2255, .T. ) ;
#2085 = VECTOR ( 'NONE', #253, 1000.000000000000000 ) ;
#2086 = CARTESIAN_POINT ( 'NONE',  ( 0.9999999999999592548, -3.642919299551294898E-14, 2.685419176710515554 ) ) ;
#2087 = ORIENTED_EDGE ( 'NONE', *, *, #1723, .T. ) ;
#2088 = EDGE_CURVE ( 'NONE', #1289, #2083, #594, .T. ) ;
#2089 = LINE ( 'NONE', #576, #2114 ) ;
#2090 = AXIS2_PLACEMENT_3D ( 'NONE', #1724, #2241, #1362 ) ;
#2091 = DIRECTION ( 'NONE',  ( 3.446445110293486782E-14, -1.000000000000000000, -1.642999669122312898E-15 ) ) ;
#2092 = ORIENTED_EDGE ( 'NONE', *, *, #1842, .F. ) ;
#2093 = CC_DESIGN_PERSON_AND_ORGANIZATION_ASSIGNMENT ( #964, #1533, ( #1898 ) ) ;
#2094 = VECTOR ( 'NONE', #634, 1000.000000000000000 ) ;
#2095 = ORIENTED_EDGE ( 'NONE', *, *, #193, .F. ) ;
#2096 = AXIS2_PLACEMENT_3D ( 'NONE', #1158, #2048, #619 ) ;
#2097 = ORIENTED_EDGE ( 'NONE', *, *, #1675, .T. ) ;
#2098 = ADVANCED_FACE ( 'NONE', ( #1117 ), #1258, .F. ) ;
#2099 = VECTOR ( 'NONE', #1300, 1000.000000000000000 ) ;
#2100 = CARTESIAN_POINT ( 'NONE',  ( 1.000000000000000888, -4.163336342344337027E-14, -1.870828693387033281 ) ) ;
#2101 = LINE ( 'NONE', #440, #647 ) ;
#2102 = LINE ( 'NONE', #508, #201 ) ;
#2103 = ORIENTED_EDGE ( 'NONE', *, *, #2151, .F. ) ;
#2104 = CARTESIAN_POINT ( 'NONE',  ( -1.249999999999973355, -0.2999999999999515832, 1.870828693387033281 ) ) ;
#2105 = EDGE_CURVE ( 'NONE', #1577, #1995, #2163, .T. ) ;
#2106 = ORIENTED_EDGE ( 'NONE', *, *, #665, .F. ) ;
#2107 = ORIENTED_EDGE ( 'NONE', *, *, #980, .T. ) ;
#2108 = CARTESIAN_POINT ( 'NONE',  ( -0.9999999999999314992, -0.2999999999999636846, -4.200000000000328804 ) ) ;
#2109 = CARTESIAN_POINT ( 'NONE',  ( 1.000000000000000888, -0.3000000000000415668, -1.870828693387033281 ) ) ;
#2110 = ORIENTED_EDGE ( 'NONE', *, *, #32, .T. ) ;
#2111 = LINE ( 'NONE', #243, #1868 ) ;
#2112 = VERTEX_POINT ( 'NONE', #1958 ) ;
#2113 = DIRECTION ( 'NONE',  ( -3.446445110293486782E-14, 1.000000000000000000, 1.642999669122312898E-15 ) ) ;
#2114 = VECTOR ( 'NONE', #2156, 1000.000000000000000 ) ;
#2115 = AXIS2_PLACEMENT_3D ( 'NONE', #29, #559, #1788 ) ;
#2116 = DIRECTION ( 'NONE',  ( 3.446445110293486782E-14, -1.000000000000000000, -1.642999669122312898E-15 ) ) ;
#2117 = AXIS2_PLACEMENT_3D ( 'NONE', #2134, #198, #1974 ) ;
#2118 = DIRECTION ( 'NONE',  ( -1.084202172485410717E-14, 1.626303258728116234E-15, 1.000000000000000000 ) ) ;
#2119 = DIRECTION ( 'NONE',  ( -3.446445110293486782E-14, 1.000000000000000000, 1.642999669122312898E-15 ) ) ;
#2120 = CARTESIAN_POINT ( 'NONE',  ( -0.8194444444443726994, 2.949029909160572061E-14, -2.925580516513176299 ) ) ;
#2121 = CARTESIAN_POINT ( 'NONE',  ( 1.111111111111118266, -0.3000000000000485056, 1.662958838566194864 ) ) ;
#2122 = DATE_AND_TIME ( #1569, #1437 ) ;
#2123 = DIRECTION ( 'NONE',  ( -3.446445110293486782E-14, 1.000000000000000000, 1.642999669122312898E-15 ) ) ;
#2124 = CARTESIAN_POINT ( 'NONE',  ( -3.999999999999607869, -2.799999999999832845, 4.000000000000280664 ) ) ;
#2125 = TOROIDAL_SURFACE ( 'NONE', #393, 0.6999999999999975131, 0.5000000000000000000 ) ;
#2126 = DIRECTION ( 'NONE',  ( 3.446445110293486782E-14, -1.000000000000000000, -1.642999669122312898E-15 ) ) ;
#2127 = CIRCLE ( 'NONE', #2289, 0.7000000000000591305 ) ;
#2128 = EDGE_CURVE ( 'NONE', #1368, #160, #1802, .T. ) ;
#2129 = VERTEX_POINT ( 'NONE', #900 ) ;
#2130 = DIRECTION ( 'NONE',  ( 1.000000000000000000, -3.446445110293655283E-14, -1.065814103640217805E-14 ) ) ;
#2131 = EDGE_LOOP ( 'NONE', ( #1729, #770, #564, #1777 ) ) ;
#2132 = CIRCLE ( 'NONE', #1355, 0.4999999999999787392 ) ;
#2133 = CARTESIAN_POINT ( 'NONE',  ( -3.999999999999712230, 1.196959198423996895E-13, -4.000000000000336620 ) ) ;
#2134 = CARTESIAN_POINT ( 'NONE',  ( -0.9999999999999245048, -0.2999999999999636846, -3.550000000000330669 ) ) ;
#2135 = ORIENTED_EDGE ( 'NONE', *, *, #273, .T. ) ;
#2136 = CIRCLE ( 'NONE', #1971, 2.000000000000169642 ) ;
#2137 = DIRECTION ( 'NONE',  ( 1.000000000000000000, -3.446445110293652127E-14, 1.065814103640076284E-14 ) ) ;
#2138 = EDGE_LOOP ( 'NONE', ( #1235, #823, #2043, #902, #531, #766, #1690, #788 ) ) ;
#2139 = CARTESIAN_POINT ( 'NONE',  ( -5.499999999999747757, 1.994931997373328159E-13, 4.000000000000280664 ) ) ;
#2140 = ADVANCED_FACE ( 'NONE', ( #1660 ), #343, .F. ) ;
#2141 = DIRECTION ( 'NONE',  ( 1.084202172485413242E-14, -1.734723475976661155E-15, -1.000000000000000000 ) ) ;
#2142 = ORIENTED_EDGE ( 'NONE', *, *, #1539, .T. ) ;
#2143 = ORIENTED_EDGE ( 'NONE', *, *, #57, .T. ) ;
#2144 = VECTOR ( 'NONE', #47, 1000.000000000000000 ) ;
#2145 = ORIENTED_EDGE ( 'NONE', *, *, #1455, .T. ) ;
#2146 = CARTESIAN_POINT ( 'NONE',  ( 3.999999999999725997, -0.8000000000001205036, 4.700000000000273737 ) ) ;
#2147 = CARTESIAN_POINT ( 'NONE',  ( -5.199999999999746159, -1.599999999999822897, 0.0000000000000000000 ) ) ;
#2148 = CIRCLE ( 'NONE', #276, 0.2500000000000240918 ) ;
#2149 = DIRECTION ( 'NONE',  ( 3.446445110293486782E-14, -1.000000000000000000, -1.642999669122312898E-15 ) ) ;
#2150 = ORIENTED_EDGE ( 'NONE', *, *, #901, .T. ) ;
#2151 = EDGE_CURVE ( 'NONE', #319, #1510, #1198, .T. ) ;
#2152 = DIRECTION ( 'NONE',  ( -1.065814103640070604E-14, 1.642999669122173467E-15, 1.000000000000000000 ) ) ;
#2153 = DIRECTION ( 'NONE',  ( 1.000000000000000000, -3.446445110293655283E-14, -1.065814103640217805E-14 ) ) ;
#2154 = LINE ( 'NONE', #453, #1361 ) ;
#2155 = ORIENTED_EDGE ( 'NONE', *, *, #745, .T. ) ;
#2156 = DIRECTION ( 'NONE',  ( 3.446445110293486782E-14, -1.000000000000000000, -1.642999669122312898E-15 ) ) ;
#2157 = ORIENTED_EDGE ( 'NONE', *, *, #1485, .T. ) ;
#2158 = ORIENTED_EDGE ( 'NONE', *, *, #1515, .T. ) ;
#2159 = VECTOR ( 'NONE', #962, 1000.000000000000000 ) ;
#2160 = ADVANCED_FACE ( 'NONE', ( #2014 ), #1171, .T. ) ;
#2161 = DIRECTION ( 'NONE',  ( 1.000000000000000000, -3.446445110293654652E-14, -1.065814103640217805E-14 ) ) ;
#2162 = EDGE_CURVE ( 'NONE', #314, #1883, #2075, .T. ) ;
#2163 = LINE ( 'NONE', #734, #764 ) ;
#2164 = VECTOR ( 'NONE', #475, 1000.000000000000000 ) ;
#2165 = AXIS2_PLACEMENT_3D ( 'NONE', #176, #716, #1591 ) ;
#2166 = ORIENTED_EDGE ( 'NONE', *, *, #585, .F. ) ;
#2167 = AXIS2_PLACEMENT_3D ( 'NONE', #268, #1149, #1861 ) ;
#2168 = ORIENTED_EDGE ( 'NONE', *, *, #857, .T. ) ;
#2169 = DIRECTION ( 'NONE',  ( 3.446445110293486782E-14, -1.000000000000000000, -1.642999669122312898E-15 ) ) ;
#2170 = ORIENTED_EDGE ( 'NONE', *, *, #786, .F. ) ;
#2171 = CARTESIAN_POINT ( 'NONE',  ( 3.999999999999781508, -1.301042606982605321E-13, -4.700000000000328804 ) ) ;
#2172 = VERTEX_POINT ( 'NONE', #214 ) ;
#2173 = CARTESIAN_POINT ( 'NONE',  ( -5.199999999999600497, -2.799999999999784439, 4.000000000000280664 ) ) ;
#2174 = FACE_OUTER_BOUND ( 'NONE', #450, .T. ) ;
#2175 = LINE ( 'NONE', #1617, #1949 ) ;
#2176 = ADVANCED_FACE ( 'NONE', ( #789 ), #1109, .F. ) ;
#2177 = CARTESIAN_POINT ( 'NONE',  ( -0.8194444444444282105, -0.2999999999999602429, 2.925580516513176299 ) ) ;
#2178 = APPROVAL ( #1189, 'UNSPECIFIED' ) ;
#2179 = DIRECTION ( 'NONE',  ( 1.084202172485412295E-14, -1.626303258728118403E-15, -1.000000000000000000 ) ) ;
#2180 = AXIS2_PLACEMENT_3D ( 'NONE', #2182, #222, #63 ) ;
#2181 = SHAPE_DEFINITION_REPRESENTATION ( #1491, #601 ) ;
#2182 = CARTESIAN_POINT ( 'NONE',  ( -4.699999999999746159, -0.7999999999998325118, 4.000000000000280664 ) ) ;
#2183 = ADVANCED_FACE ( 'NONE', ( #1935, #1632 ), #262, .F. ) ;
#2184 = FACE_OUTER_BOUND ( 'NONE', #1945, .T. ) ;
#2185 = DIRECTION ( 'NONE',  ( -8.673617379883290787E-15, 7.806255641894961393E-15, 1.000000000000000000 ) ) ;
#2186 = ORIENTED_EDGE ( 'NONE', *, *, #1775, .F. ) ;
#2187 = ORIENTED_EDGE ( 'NONE', *, *, #193, .T. ) ;
#2188 = ORIENTED_EDGE ( 'NONE', *, *, #391, .T. ) ;
#2189 = DIRECTION ( 'NONE',  ( 1.084202172485410717E-14, -1.626303258728116234E-15, -1.000000000000000000 ) ) ;
#2190 = VECTOR ( 'NONE', #392, 1000.000000000000000 ) ;
#2191 = ORIENTED_EDGE ( 'NONE', *, *, #1997, .T. ) ;
#2192 = CARTESIAN_POINT ( 'NONE',  ( -0.9999999999999453770, -0.2999999999999585221, -1.870828693387019293 ) ) ;
#2193 = EDGE_CURVE ( 'NONE', #1833, #648, #1367, .T. ) ;
#2194 = AXIS2_PLACEMENT_3D ( 'NONE', #2146, #1412, #355 ) ;
#2195 = ORIENTED_EDGE ( 'NONE', *, *, #795, .T. ) ;
#2196 = ORIENTED_EDGE ( 'NONE', *, *, #1484, .F. ) ;
#2197 = FACE_OUTER_BOUND ( 'NONE', #1316, .T. ) ;
#2198 = EDGE_CURVE ( 'NONE', #1417, #1444, #1774, .T. ) ;
#2199 = ORIENTED_EDGE ( 'NONE', *, *, #1709, .F. ) ;
#2200 = DIRECTION ( 'NONE',  ( -1.040834085585984702E-14, -1.642999669122671830E-15, 1.000000000000000000 ) ) ;
#2201 = DIRECTION ( 'NONE',  ( -1.084202172485412137E-14, 1.807003620809020360E-15, 1.000000000000000000 ) ) ;
#2202 = EDGE_CURVE ( 'NONE', #315, #1477, #288, .T. ) ;
#2203 = FACE_OUTER_BOUND ( 'NONE', #1718, .T. ) ;
#2204 = DIRECTION ( 'NONE',  ( -8.923417560424170312E-15, 1.642999669122113908E-15, 1.000000000000000000 ) ) ;
#2205 = ORIENTED_EDGE ( 'NONE', *, *, #1132, .F. ) ;
#2206 = DIRECTION ( 'NONE',  ( -1.000000000000000000, 3.446445110293654652E-14, 1.065814103640217805E-14 ) ) ;
#2207 = DIRECTION ( 'NONE',  ( 1.084202172485410717E-14, -1.626303258728116234E-15, -1.000000000000000000 ) ) ;
#2208 = DIRECTION ( 'NONE',  ( -3.446445110293486782E-14, 1.000000000000000000, 1.642999669122312898E-15 ) ) ;
#2209 = EDGE_CURVE ( 'NONE', #2129, #420, #172, .T. ) ;
#2210 = CARTESIAN_POINT ( 'NONE',  ( -0.9999999999999870104, 4.683753385137379155E-14, 3.550000000000275158 ) ) ;
#2211 = CARTESIAN_POINT ( 'NONE',  ( -4.699999999999718625, -0.2999999999998455014, -4.000000000000336620 ) ) ;
#2212 = AXIS2_PLACEMENT_3D ( 'NONE', #494, #318, #1204 ) ;
#2213 = DIRECTION ( 'NONE',  ( -9.065481216872801265E-15, 1.642999669122118247E-15, 1.000000000000000000 ) ) ;
#2214 = DIRECTION ( 'NONE',  ( 3.446445110293486782E-14, -1.000000000000000000, -1.642999669122312898E-15 ) ) ;
#2215 = DIRECTION ( 'NONE',  ( -1.084202172485413873E-14, 1.626303258728120770E-15, 1.000000000000000000 ) ) ;
#2216 = DIRECTION ( 'NONE',  ( 6.971853649950570776E-15, -1.642999669122046460E-15, -1.000000000000000000 ) ) ;
#2217 = CYLINDRICAL_SURFACE ( 'NONE', #611, 1.200000000000102096 ) ;
#2218 = VERTEX_POINT ( 'NONE', #445 ) ;
#2219 = VERTEX_POINT ( 'NONE', #1661 ) ;
#2220 = EDGE_LOOP ( 'NONE', ( #670, #854, #656, #811 ) ) ;
#2221 = CYLINDRICAL_SURFACE ( 'NONE', #1073, 2.000000000000169642 ) ;
#2222 = DIRECTION ( 'NONE',  ( -3.446445110293486782E-14, 1.000000000000000000, 1.642999669122312898E-15 ) ) ;
#2223 = DIRECTION ( 'NONE',  ( -3.446445110293486782E-14, 1.000000000000000000, 1.642999669122312898E-15 ) ) ;
#2224 = FACE_BOUND ( 'NONE', #1332, .T. ) ;
#2225 = VECTOR ( 'NONE', #1248, 1000.000000000000000 ) ;
#2226 = ORIENTED_EDGE ( 'NONE', *, *, #1164, .T. ) ;
#2227 = AXIS2_PLACEMENT_3D ( 'NONE', #563, #1259, #1094 ) ;
#2228 = ORIENTED_EDGE ( 'NONE', *, *, #413, .F. ) ;
#2229 = DIRECTION ( 'NONE',  ( 3.446445110293486782E-14, -1.000000000000000000, -1.642999669122312898E-15 ) ) ;
#2230 = ORIENTED_EDGE ( 'NONE', *, *, #1269, .T. ) ;
#2231 = DIRECTION ( 'NONE',  ( -1.084202172485412295E-14, 7.860465750519239770E-15, 1.000000000000000000 ) ) ;
#2232 = EDGE_LOOP ( 'NONE', ( #1119, #2286, #1147, #917 ) ) ;
#2233 = DIRECTION ( 'NONE',  ( -1.084202172485415135E-14, 1.734723475976664113E-15, 1.000000000000000000 ) ) ;
#2234 = TOROIDAL_SURFACE ( 'NONE', #1467, 0.6999999999999975131, 0.7999999999999999334 ) ;
#2235 = EDGE_CURVE ( 'NONE', #180, #1972, #1338, .T. ) ;
#2236 = CARTESIAN_POINT ( 'NONE',  ( -5.499999999999747757, -1.599999999999809575, 0.0000000000000000000 ) ) ;
#2237 = CARTESIAN_POINT ( 'NONE',  ( 5.499999999999783284, -1.994931997373328159E-13, -4.000000000000336620 ) ) ;
#2238 = CARTESIAN_POINT ( 'NONE',  ( 3.999999999999823252, -2.800000000000165912, 5.500000000000282441 ) ) ;
#2239 = DIRECTION ( 'NONE',  ( 1.065814103640070604E-14, -1.642999669122173467E-15, -1.000000000000000000 ) ) ;
#2240 = PERSON_AND_ORGANIZATION_ROLE ( 'creator' ) ;
#2241 = DIRECTION ( 'NONE',  ( 1.000000000000000000, -3.446445110293655283E-14, -1.070553785268569865E-14 ) ) ;
#2242 = VECTOR ( 'NONE', #1778, 1000.000000000000000 ) ;
#2243 = AXIS2_PLACEMENT_3D ( 'NONE', #1520, #89, #2233 ) ;
#2244 = VECTOR ( 'NONE', #930, 1000.000000000000000 ) ;
#2245 = CIRCLE ( 'NONE', #1998, 1.200000000000101208 ) ;
#2246 = EDGE_LOOP ( 'NONE', ( #294, #216, #55, #2022 ) ) ;
#2247 = CARTESIAN_POINT ( 'NONE',  ( 5.499999999999727329, -0.8000000000001828981, 4.000000000000280664 ) ) ;
#2248 = DIRECTION ( 'NONE',  ( 0.0000000000000000000, 0.0000000000000000000, 1.000000000000000000 ) ) ;
#2249 = ORIENTED_EDGE ( 'NONE', *, *, #1022, .T. ) ;
#2250 = FACE_OUTER_BOUND ( 'NONE', #2049, .T. ) ;
#2251 = DIRECTION ( 'NONE',  ( -2.139880577972877019E-15, 1.642999669121879025E-15, 1.000000000000000000 ) ) ;
#2252 = EDGE_LOOP ( 'NONE', ( #1035, #1637, #2110, #674, #821, #805, #1449, #150, #1281, #237, #700, #2168, #2280, #1920 ) ) ;
#2253 = DIRECTION ( 'NONE',  ( -3.446445110293486782E-14, 1.000000000000000000, 1.642999669122312898E-15 ) ) ;
#2254 = AXIS2_PLACEMENT_3D ( 'NONE', #1356, #1320, #816 ) ;
#2255 = EDGE_CURVE ( 'NONE', #1084, #208, #2132, .T. ) ;
#2256 = VERTEX_POINT ( 'NONE', #1840 ) ;
#2257 = DIRECTION ( 'NONE',  ( -3.446445110293486782E-14, 1.000000000000000000, 1.642999669122312898E-15 ) ) ;
#2258 = DATE_TIME_ROLE ( 'creation_date' ) ;
#2259 = EDGE_LOOP ( 'NONE', ( #1889, #2103, #546, #516 ) ) ;
#2260 = AXIS2_PLACEMENT_3D ( 'NONE', #1640, #1825, #779 ) ;
#2261 = LINE ( 'NONE', #2031, #412 ) ;
#2262 = CARTESIAN_POINT ( 'NONE',  ( 3.999999999999767741, -0.3000000000001300515, -4.200000000000356337 ) ) ;
#2263 = ORIENTED_EDGE ( 'NONE', *, *, #1001, .F. ) ;
#2264 = CIRCLE ( 'NONE', #781, 0.7000000000000573541 ) ;
#2265 = ADVANCED_FACE ( 'NONE', ( #703 ), #465, .T. ) ;
#2266 = ADVANCED_FACE ( 'NONE', ( #1606, #400, #2224 ), #1336, .F. ) ;
#2267 = DIRECTION ( 'NONE',  ( -3.446445110293486782E-14, 1.000000000000000000, 1.642999669122312898E-15 ) ) ;
#2268 = AXIS2_PLACEMENT_3D ( 'NONE', #884, #357, #535 ) ;
#2269 = DIRECTION ( 'NONE',  ( -3.446445110293486782E-14, 1.000000000000000000, 1.642999669122312898E-15 ) ) ;
#2270 = ADVANCED_FACE ( 'NONE', ( #894 ), #255, .T. ) ;
#2271 = CARTESIAN_POINT ( 'NONE',  ( 3.999999999999725997, -0.3000000000001196154, 4.000000000000280664 ) ) ;
#2272 = VECTOR ( 'NONE', #1488, 1000.000000000000000 ) ;
#2273 = ORIENTED_EDGE ( 'NONE', *, *, #1261, .F. ) ;
#2274 = ORIENTED_EDGE ( 'NONE', *, *, #1587, .T. ) ;
#2275 = CIRCLE ( 'NONE', #1925, 0.2000000000000169975 ) ;
#2276 = CIRCLE ( 'NONE', #437, 0.6999999999999688693 ) ;
#2277 = CARTESIAN_POINT ( 'NONE',  ( 3.999999999999781508, -0.3000000000001300515, -4.000000000000336620 ) ) ;
#2278 = EDGE_CURVE ( 'NONE', #428, #2055, #817, .T. ) ;
#2279 = LINE ( 'NONE', #1662, #1664 ) ;
#2280 = ORIENTED_EDGE ( 'NONE', *, *, #1337, .T. ) ;
#2281 = CARTESIAN_POINT ( 'NONE',  ( -3.999999999999712230, -0.7999999999998793632, -4.700000000000328804 ) ) ;
#2282 = VERTEX_POINT ( 'NONE', #961 ) ;
#2283 = VERTEX_POINT ( 'NONE', #968 ) ;
#2284 = ADVANCED_FACE ( 'NONE', ( #1286, #2047 ), #2046, .T. ) ;
#2285 = CARTESIAN_POINT ( 'NONE',  ( -3.999999999999712230, -0.7999999999998793632, -4.000000000000336620 ) ) ;
#2286 = ORIENTED_EDGE ( 'NONE', *, *, #2193, .F. ) ;
#2287 = EDGE_CURVE ( 'NONE', #420, #652, #2101, .T. ) ;
#2288 = LINE ( 'NONE', #2262, #1376 ) ;
#2289 = AXIS2_PLACEMENT_3D ( 'NONE', #673, #1903, #1010 ) ;
#2290 = CARTESIAN_POINT ( 'NONE',  ( -3.999999999999607869, -2.799999999999832845, 4.000000000000280664 ) ) ;
#2291 = DIRECTION ( 'NONE',  ( -1.000000000000000000, 3.447762908504050513E-14, 1.040834085586128591E-14 ) ) ;
#2292 = EDGE_LOOP ( 'NONE', ( #1796, #924, #2142, #68 ) ) ;
#2293 = CARTESIAN_POINT ( 'NONE',  ( -5.499999999999744205, -1.599999999999810019, -0.4000000000000345501 ) ) ;
ENDSEC;
END-ISO-10303-21;
