ISO-10303-21;
HEADER;
FILE_DESCRIPTION (( 'STEP AP203' ),
    '1' );
FILE_NAME ('MS156-10F.step',
    '2020-10-13T09:43:04',
    ( '' ),
    ( '' ),
    'SwSTEP 2.0',
    'SolidWorks 2018',
    '' );
FILE_SCHEMA (( 'CONFIG_CONTROL_DESIGN' ));
ENDSEC;

DATA;
#1 = DIRECTION ( 'NONE',  ( -1.000000000000000000, 1.490116190161484065E-09, 0.0000000000000000000 ) ) ;
#2 = ORIENTED_EDGE ( 'NONE', *, *, #385, .T. ) ;
#3 = DIRECTION ( 'NONE',  ( -1.000000000000000000, 0.0000000000000000000, 0.0000000000000000000 ) ) ;
#4 = ORIENTED_EDGE ( 'NONE', *, *, #698, .T. ) ;
#5 = DIRECTION ( 'NONE',  ( 0.0000000000000000000, 0.0000000000000000000, -1.000000000000000000 ) ) ;
#6 = DIRECTION ( 'NONE',  ( 0.0000000000000000000, 0.0000000000000000000, 1.000000000000000000 ) ) ;
#7 = DIRECTION ( 'NONE',  ( 0.0000000000000000000, -1.000000000000000000, 1.490116190161484065E-09 ) ) ;
#8 = DIRECTION ( 'NONE',  ( 1.000000000000000000, 0.0000000000000000000, 1.032573497605241854E-16 ) ) ;
#9 = FACE_OUTER_BOUND ( 'NONE', #2345, .T. ) ;
#10 = FACE_OUTER_BOUND ( 'NONE', #254, .T. ) ;
#11 = CARTESIAN_POINT ( 'NONE',  ( 3.799999999999999822, -10.00000000000000000, -1.279843740462027979 ) ) ;
#12 = CIRCLE ( 'NONE', #2157, 0.7800000000000000266 ) ;
#13 = FACE_OUTER_BOUND ( 'NONE', #951, .T. ) ;
#14 = DIRECTION ( 'NONE',  ( 0.0000000000000000000, 0.0000000000000000000, 1.000000000000000000 ) ) ;
#15 = CIRCLE ( 'NONE', #653, 1.100000000000000311 ) ;
#16 = DIRECTION ( 'NONE',  ( 6.472848790958239474E-17, -0.0000000000000000000, 1.000000000000000000 ) ) ;
#17 = EDGE_LOOP ( 'NONE', ( #2308, #748, #372, #581 ) ) ;
#18 = DIRECTION ( 'NONE',  ( -4.130293990420970376E-16, 1.490116190161484065E-09, -1.000000000000000000 ) ) ;
#19 = ORIENTED_EDGE ( 'NONE', *, *, #607, .T. ) ;
#20 = CARTESIAN_POINT ( 'NONE',  ( -4.999999998509880861, -4.000000015348194715, 6.599999999999999645 ) ) ;
#21 = EDGE_LOOP ( 'NONE', ( #1309, #139, #1613, #426 ) ) ;
#22 = ORIENTED_EDGE ( 'NONE', *, *, #1378, .T. ) ;
#23 = ORIENTED_EDGE ( 'NONE', *, *, #1990, .F. ) ;
#24 = DIRECTION ( 'NONE',  ( 0.0000000000000000000, 0.0000000000000000000, 1.000000000000000000 ) ) ;
#25 = EDGE_CURVE ( 'NONE', #467, #1176, #2303, .T. ) ;
#26 = DIRECTION ( 'NONE',  ( 0.0000000000000000000, 0.0000000000000000000, 1.000000000000000000 ) ) ;
#27 = ORIENTED_EDGE ( 'NONE', *, *, #2110, .F. ) ;
#28 = ORIENTED_EDGE ( 'NONE', *, *, #867, .T. ) ;
#29 = CARTESIAN_POINT ( 'NONE',  ( 4.200000000000000178, -0.2999999999999999889, 6.700000000000000178 ) ) ;
#30 = ORIENTED_EDGE ( 'NONE', *, *, #592, .F. ) ;
#31 = AXIS2_PLACEMENT_3D ( 'NONE', #240, #970, #257 ) ;
#32 = DIRECTION ( 'NONE',  ( 1.000000000000000000, 1.538654486313240163E-25, 1.032573497605241854E-16 ) ) ;
#33 = DIRECTION ( 'NONE',  ( -1.490117057510236766E-09, -1.000000000000000000, 0.0000000000000000000 ) ) ;
#34 = CARTESIAN_POINT ( 'NONE',  ( 5.299999999999999822, -3.000000000000000000, -6.599999999999999645 ) ) ;
#35 = CYLINDRICAL_SURFACE ( 'NONE', #174, 0.5000000000043569592 ) ;
#36 = DIRECTION ( 'NONE',  ( 0.0000000000000000000, 0.0000000000000000000, 1.000000000000000000 ) ) ;
#37 = EDGE_CURVE ( 'NONE', #558, #1763, #1365, .T. ) ;
#38 = VECTOR ( 'NONE', #690, 1000.000000000000000 ) ;
#39 = EDGE_CURVE ( 'NONE', #235, #2346, #2220, .T. ) ;
#40 = ORIENTED_EDGE ( 'NONE', *, *, #418, .T. ) ;
#41 = PLANE ( 'NONE',  #759 ) ;
#42 = CIRCLE ( 'NONE', #1006, 0.5000000000043569592 ) ;
#43 = LINE ( 'NONE', #1801, #483 ) ;
#44 = DIRECTION ( 'NONE',  ( 6.472848790958239474E-17, -0.0000000000000000000, 1.000000000000000000 ) ) ;
#45 = VECTOR ( 'NONE', #664, 1000.000000000000000 ) ;
#46 = ORIENTED_EDGE ( 'NONE', *, *, #1602, .F. ) ;
#47 = CARTESIAN_POINT ( 'NONE',  ( 4.200000000000000178, -1.090000000000000080, 6.700000000000000178 ) ) ;
#48 = VECTOR ( 'NONE', #484, 1000.000000000000000 ) ;
#49 = EDGE_CURVE ( 'NONE', #2172, #1424, #316, .T. ) ;
#50 = ORIENTED_EDGE ( 'NONE', *, *, #2198, .F. ) ;
#51 = VERTEX_POINT ( 'NONE', #537 ) ;
#52 = DIRECTION ( 'NONE',  ( 0.0000000000000000000, 1.000000000000000000, 0.0000000000000000000 ) ) ;
#53 = DIRECTION ( 'NONE',  ( 0.0000000000000000000, 1.000000000000000000, 0.0000000000000000000 ) ) ;
#54 = DIRECTION ( 'NONE',  ( -1.490116190161484065E-09, -1.000000000000000000, 0.0000000000000000000 ) ) ;
#55 = ORIENTED_EDGE ( 'NONE', *, *, #1736, .T. ) ;
#56 = DIRECTION ( 'NONE',  ( 0.0000000000000000000, 0.0000000000000000000, 1.000000000000000000 ) ) ;
#57 = ORIENTED_EDGE ( 'NONE', *, *, #1602, .T. ) ;
#58 = EDGE_CURVE ( 'NONE', #471, #1062, #15, .T. ) ;
#59 = AXIS2_PLACEMENT_3D ( 'NONE', #1653, #371, #14 ) ;
#60 = CARTESIAN_POINT ( 'NONE',  ( 4.200000000000000178, 0.0000000000000000000, -6.700000000000000178 ) ) ;
#61 = ORIENTED_EDGE ( 'NONE', *, *, #1829, .F. ) ;
#62 = ORIENTED_EDGE ( 'NONE', *, *, #1063, .F. ) ;
#63 = CARTESIAN_POINT ( 'NONE',  ( 4.200000000000000178, 0.0000000000000000000, 7.799999995529649510 ) ) ;
#64 = EDGE_CURVE ( 'NONE', #1646, #1239, #2083, .T. ) ;
#65 = DIRECTION ( 'NONE',  ( 0.0000000000000000000, 1.000000000000000000, 0.0000000000000000000 ) ) ;
#66 = ADVANCED_FACE ( 'NONE', ( #1695 ), #351, .F. ) ;
#67 = LINE ( 'NONE', #277, #1161 ) ;
#68 = PLANE ( 'NONE',  #1573 ) ;
#69 = MANIFOLD_SOLID_BREP ( 'Imported1', #147 ) ;
#70 = VECTOR ( 'NONE', #269, 1000.000000000000000 ) ;
#71 = ORIENTED_EDGE ( 'NONE', *, *, #972, .T. ) ;
#72 = PLANE ( 'NONE',  #922 ) ;
#73 = FACE_OUTER_BOUND ( 'NONE', #1819, .T. ) ;
#74 = TOROIDAL_SURFACE ( 'NONE', #1622, 0.009999997153879549780, 0.7900000000000000355 ) ;
#75 = DIRECTION ( 'NONE',  ( 0.0000000000000000000, 0.0000000000000000000, 1.000000000000000000 ) ) ;
#76 = FACE_OUTER_BOUND ( 'NONE', #1978, .T. ) ;
#77 = EDGE_CURVE ( 'NONE', #1860, #2342, #341, .T. ) ;
#78 = CIRCLE ( 'NONE', #1167, 1.089999999999999858 ) ;
#79 = DIRECTION ( 'NONE',  ( -1.000000000000000000, 0.0000000000000000000, 0.0000000000000000000 ) ) ;
#80 = DIRECTION ( 'NONE',  ( 0.0000000000000000000, 0.0000000000000000000, 1.000000000000000000 ) ) ;
#81 = FACE_OUTER_BOUND ( 'NONE', #2256, .T. ) ;
#82 = ORIENTED_EDGE ( 'NONE', *, *, #578, .F. ) ;
#83 = ADVANCED_FACE ( 'NONE', ( #802 ), #1441, .T. ) ;
#84 = DIRECTION ( 'NONE',  ( 0.0000000000000000000, 0.0000000000000000000, 1.000000000000000000 ) ) ;
#85 = ORIENTED_EDGE ( 'NONE', *, *, #1203, .F. ) ;
#86 = AXIS2_PLACEMENT_3D ( 'NONE', #113, #1790, #1578 ) ;
#87 = CARTESIAN_POINT ( 'NONE',  ( -4.200000000000000178, -1.090000000000000080, -6.700000000000000178 ) ) ;
#88 = ORIENTED_EDGE ( 'NONE', *, *, #1566, .F. ) ;
#89 = ORIENTED_EDGE ( 'NONE', *, *, #1439, .F. ) ;
#90 = DIRECTION ( 'NONE',  ( 1.000000000000000000, 1.490116190161481997E-09, 5.524597057250979554E-17 ) ) ;
#91 = CARTESIAN_POINT ( 'NONE',  ( 3.550000000000000266, -10.00000000000000000, 6.299999999999999822 ) ) ;
#92 = ORIENTED_EDGE ( 'NONE', *, *, #418, .F. ) ;
#93 = EDGE_LOOP ( 'NONE', ( #949, #143, #2231, #1552 ) ) ;
#94 = EDGE_CURVE ( 'NONE', #1853, #1641, #1936, .T. ) ;
#95 = DIRECTION ( 'NONE',  ( 0.0000000000000000000, 1.000000000000000000, 0.0000000000000000000 ) ) ;
#96 = ADVANCED_FACE ( 'NONE', ( #890 ), #556, .T. ) ;
#97 = AXIS2_PLACEMENT_3D ( 'NONE', #1624, #719, #521 ) ;
#98 = DIRECTION ( 'NONE',  ( 0.0000000000000000000, 0.0000000000000000000, -1.000000000000000000 ) ) ;
#99 = DIRECTION ( 'NONE',  ( 6.123233995736769734E-17, -0.0000000000000000000, -1.000000000000000000 ) ) ;
#100 = CARTESIAN_POINT ( 'NONE',  ( -5.299999998509870025, -4.000000015795230013, 5.799999999999999822 ) ) ;
#101 = CIRCLE ( 'NONE', #1156, 2.500000000000000000 ) ;
#102 = PRODUCT_DEFINITION_SHAPE ( 'NONE', 'NONE',  #1488 ) ;
#103 = DIRECTION ( 'NONE',  ( -1.490116190161481997E-09, 1.000000000000000000, -8.232291519128171459E-26 ) ) ;
#104 = VECTOR ( 'NONE', #2146, 1000.000000000000000 ) ;
#105 = CARTESIAN_POINT ( 'NONE',  ( -3.799999999999999822, -0.2999999999999999889, 1.279843740461972024 ) ) ;
#106 = CYLINDRICAL_SURFACE ( 'NONE', #1611, 0.7999999985769399302 ) ;
#107 = LINE ( 'NONE', #406, #1724 ) ;
#108 = FACE_OUTER_BOUND ( 'NONE', #1334, .T. ) ;
#109 = EDGE_CURVE ( 'NONE', #206, #887, #576, .T. ) ;
#110 = EDGE_LOOP ( 'NONE', ( #1464, #23, #685, #1408, #1527, #981, #898, #1947 ) ) ;
#111 = CARTESIAN_POINT ( 'NONE',  ( -5.300000004917389873, -1.600000014171004903, -3.500000000000000000 ) ) ;
#112 = ORIENTED_EDGE ( 'NONE', *, *, #1195, .F. ) ;
#113 = CARTESIAN_POINT ( 'NONE',  ( -4.200000000000000178, -1.089999998375774215, 6.700000000000000178 ) ) ;
#114 = VERTEX_POINT ( 'NONE', #1463 ) ;
#115 = CARTESIAN_POINT ( 'NONE',  ( -4.200000000000000178, -1.089999998375774215, 7.499999998576940108 ) ) ;
#116 = ADVANCED_FACE ( 'NONE', ( #1791, #1421, #2108 ), #1650, .F. ) ;
#117 = EDGE_LOOP ( 'NONE', ( #631, #2005, #843, #1939 ) ) ;
#118 = DIRECTION ( 'NONE',  ( -1.000000000000000000, 0.0000000000000000000, 0.0000000000000000000 ) ) ;
#119 = EDGE_LOOP ( 'NONE', ( #1903, #1697, #1604, #1292 ) ) ;
#120 = EDGE_CURVE ( 'NONE', #171, #202, #1731, .T. ) ;
#121 = EDGE_CURVE ( 'NONE', #811, #1176, #1638, .T. ) ;
#122 = CARTESIAN_POINT ( 'NONE',  ( -5.299999999999999822, -3.000000000000000000, -6.700000000000000178 ) ) ;
#123 = DIRECTION ( 'NONE',  ( 0.0000000000000000000, 1.000000000000000000, 0.0000000000000000000 ) ) ;
#124 = ORIENTED_EDGE ( 'NONE', *, *, #1214, .T. ) ;
#125 = AXIS2_PLACEMENT_3D ( 'NONE', #1181, #1951, #2133 ) ;
#126 = APPROVAL_ROLE ( '' ) ;
#127 = AXIS2_PLACEMENT_3D ( 'NONE', #1780, #295, #508 ) ;
#128 = ADVANCED_FACE ( 'NONE', ( #81 ), #136, .T. ) ;
#129 = DIRECTION ( 'NONE',  ( 0.0000000000000000000, 0.0000000000000000000, 1.000000000000000000 ) ) ;
#130 = CYLINDRICAL_SURFACE ( 'NONE', #1079, 0.5000000000043569592 ) ;
#131 = CYLINDRICAL_SURFACE ( 'NONE', #1485, 0.7899999999999999245 ) ;
#132 = CIRCLE ( 'NONE', #59, 0.7999999985769399302 ) ;
#133 = FACE_OUTER_BOUND ( 'NONE', #21, .T. ) ;
#134 = LINE ( 'NONE', #324, #1004 ) ;
#135 = DIRECTION ( 'NONE',  ( 1.490115901040910181E-09, -1.000000000000000000, 0.0000000000000000000 ) ) ;
#136 = CYLINDRICAL_SURFACE ( 'NONE', #1742, 1.099999998576939753 ) ;
#137 = AXIS2_PLACEMENT_3D ( 'NONE', #317, #1383, #675 ) ;
#138 = CARTESIAN_POINT ( 'NONE',  ( 3.549999999999939870, -0.2999999999999999889, -6.299999999999999822 ) ) ;
#139 = ORIENTED_EDGE ( 'NONE', *, *, #707, .T. ) ;
#140 = ADVANCED_FACE ( 'NONE', ( #634 ), #1672, .T. ) ;
#141 = ORIENTED_EDGE ( 'NONE', *, *, #841, .T. ) ;
#142 = CARTESIAN_POINT ( 'NONE',  ( 4.200000000000000178, -1.090000000000000080, -6.709999997153880180 ) ) ;
#143 = ORIENTED_EDGE ( 'NONE', *, *, #2151, .F. ) ;
#144 = CC_DESIGN_PERSON_AND_ORGANIZATION_ASSIGNMENT ( #1685, #151, ( #1293 ) ) ;
#145 = DIRECTION ( 'NONE',  ( 0.0000000000000000000, 0.0000000000000000000, 1.000000000000000000 ) ) ;
#146 = ORIENTED_EDGE ( 'NONE', *, *, #1348, .F. ) ;
#147 = CLOSED_SHELL ( 'NONE', ( #2004, #1211, #2032, #1381, #2179, #2153, #818, #433, #2189, #83, #1983, #116, #1070, #1220, #1970, #1400, #334, #2121, #809, #301, #629, #870, #2379, #2309, #2017, #1917, #1198, #1615, #1925, #1410, #2333, #1335, #2320, #990, #164, #687, #1794, #919, #1536, #1775, #2202, #2099, #128, #2295, #140, #1764, #179, #1001, #1599, #1419, #1992, #2168, #1816, #1577, #1162, #1435, #66, #96, #1836, #1037, #473, #360, #1628, #893, #543, #250, #706, #1091, #456, #1952, #152, #674, #518, #846, #2348, #261, #493 ) ) ;
#148 = DIRECTION ( 'NONE',  ( -1.490117057510236766E-09, 1.000000000000000000, 0.0000000000000000000 ) ) ;
#149 = VERTEX_POINT ( 'NONE', #1686 ) ;
#150 = DIRECTION ( 'NONE',  ( 1.000000000000000000, 1.490116190161484065E-09, 6.472848790958239474E-17 ) ) ;
#151 = PERSON_AND_ORGANIZATION_ROLE ( 'design_supplier' ) ;
#152 = ADVANCED_FACE ( 'NONE', ( #394 ), #570, .F. ) ;
#153 = PLANE ( 'NONE',  #2282 ) ;
#154 = EDGE_CURVE ( 'NONE', #1844, #955, #220, .T. ) ;
#155 = DIRECTION ( 'NONE',  ( 0.0000000000000000000, -1.000000000000000000, 0.0000000000000000000 ) ) ;
#156 = DIRECTION ( 'NONE',  ( 6.472848790958239474E-17, 0.0000000000000000000, -1.000000000000000000 ) ) ;
#157 = CYLINDRICAL_SURFACE ( 'NONE', #2243, 2.500000000000000000 ) ;
#158 = AXIS2_PLACEMENT_3D ( 'NONE', #2078, #18, #388 ) ;
#159 = CARTESIAN_POINT ( 'NONE',  ( 3.019999999999964935, 0.0000000000000000000, -1.279843740462096147 ) ) ;
#160 = LINE ( 'NONE', #2074, #1660 ) ;
#161 = VECTOR ( 'NONE', #458, 1000.000000000000000 ) ;
#162 = CARTESIAN_POINT ( 'NONE',  ( -3.550000000000000266, -10.00000000000000000, 6.299999999999999822 ) ) ;
#163 = VECTOR ( 'NONE', #205, 1000.000000000000000 ) ;
#164 = ADVANCED_FACE ( 'NONE', ( #1114 ), #1668, .T. ) ;
#165 = ORIENTED_EDGE ( 'NONE', *, *, #373, .F. ) ;
#166 = ORIENTED_EDGE ( 'NONE', *, *, #1310, .T. ) ;
#167 = ORIENTED_EDGE ( 'NONE', *, *, #274, .F. ) ;
#168 = EDGE_CURVE ( 'NONE', #1642, #396, #743, .T. ) ;
#169 = CARTESIAN_POINT ( 'NONE',  ( 3.549999999999939870, -10.00000000000000000, -6.299999999999999822 ) ) ;
#170 = EDGE_CURVE ( 'NONE', #225, #503, #253, .T. ) ;
#171 = VERTEX_POINT ( 'NONE', #601 ) ;
#172 = CARTESIAN_POINT ( 'NONE',  ( 3.549999999999939870, -10.00000000000000000, -6.049999999999999822 ) ) ;
#173 = CARTESIAN_POINT ( 'NONE',  ( -5.299999998509870025, -4.000000015795230013, 6.599999999999999645 ) ) ;
#174 = AXIS2_PLACEMENT_3D ( 'NONE', #438, #815, #1720 ) ;
#175 = ORIENTED_EDGE ( 'NONE', *, *, #1827, .F. ) ;
#176 = EDGE_CURVE ( 'NONE', #751, #2098, #1306, .T. ) ;
#177 = CARTESIAN_POINT ( 'NONE',  ( 4.209999997153880180, 0.0000000000000000000, 6.700000000000000178 ) ) ;
#178 = ORIENTED_EDGE ( 'NONE', *, *, #1020, .F. ) ;
#179 = ADVANCED_FACE ( 'NONE', ( #2058 ), #2134, .T. ) ;
#180 = ORIENTED_EDGE ( 'NONE', *, *, #64, .F. ) ;
#181 = ORIENTED_EDGE ( 'NONE', *, *, #1777, .F. ) ;
#182 = CARTESIAN_POINT ( 'NONE',  ( 3.799999999999999822, -10.00000000000000000, 1.279843740461944046 ) ) ;
#183 = DIRECTION ( 'NONE',  ( 1.000000000000000000, 1.538654486313240163E-25, 1.032573497605241854E-16 ) ) ;
#184 = ORIENTED_EDGE ( 'NONE', *, *, #992, .T. ) ;
#185 = PLANE ( 'NONE',  #2373 ) ;
#186 = COORDINATED_UNIVERSAL_TIME_OFFSET ( 2, 0, .AHEAD. ) ;
#187 = EDGE_CURVE ( 'NONE', #1373, #523, #1005, .T. ) ;
#188 = DIRECTION ( 'NONE',  ( -1.490116190161484065E-09, -1.000000000000000000, 0.0000000000000000000 ) ) ;
#189 = CIRCLE ( 'NONE', #745, 0.7899999999999999245 ) ;
#190 = CARTESIAN_POINT ( 'NONE',  ( -4.200000000000000178, 0.0000000000000000000, 6.709999997153880180 ) ) ;
#191 = CYLINDRICAL_SURFACE ( 'NONE', #2310, 0.7800000000000000266 ) ;
#192 = CARTESIAN_POINT ( 'NONE',  ( -4.200000000000000178, -1.090000000000000080, 6.709999997153880180 ) ) ;
#193 = LINE ( 'NONE', #816, #826 ) ;
#194 = LINE ( 'NONE', #872, #574 ) ;
#195 = VECTOR ( 'NONE', #732, 1000.000000000000000 ) ;
#196 = CARTESIAN_POINT ( 'NONE',  ( 4.200000000000000178, -3.000000000000000000, -7.799999999999999822 ) ) ;
#197 = ORIENTED_EDGE ( 'NONE', *, *, #1154, .F. ) ;
#198 = VERTEX_POINT ( 'NONE', #34 ) ;
#199 = DIRECTION ( 'NONE',  ( 0.0000000000000000000, 1.000000000000000000, 0.0000000000000000000 ) ) ;
#200 = EDGE_CURVE ( 'NONE', #1996, #1071, #454, .T. ) ;
#201 = DIRECTION ( 'NONE',  ( 1.000000000000000000, 0.0000000000000000000, 0.0000000000000000000 ) ) ;
#202 = VERTEX_POINT ( 'NONE', #760 ) ;
#203 = VERTEX_POINT ( 'NONE', #953 ) ;
#204 = AXIS2_PLACEMENT_3D ( 'NONE', #1420, #332, #1429 ) ;
#205 = DIRECTION ( 'NONE',  ( -1.163717669002186102E-14, 0.0000000000000000000, -1.000000000000000000 ) ) ;
#206 = VERTEX_POINT ( 'NONE', #1289 ) ;
#207 = DIRECTION ( 'NONE',  ( 0.0000000000000000000, 0.0000000000000000000, -1.000000000000000000 ) ) ;
#208 = CARTESIAN_POINT ( 'NONE',  ( -4.200000000000000178, -0.2999999999999999889, 6.700000000000000178 ) ) ;
#209 = CARTESIAN_POINT ( 'NONE',  ( 4.200000000000000178, -1.090000000000000080, -6.700000000000000178 ) ) ;
#210 = EDGE_CURVE ( 'NONE', #206, #225, #1756, .T. ) ;
#211 = AXIS2_PLACEMENT_3D ( 'NONE', #111, #1589, #524 ) ;
#212 = CARTESIAN_POINT ( 'NONE',  ( -4.200000000000000178, -0.2999999999999999889, -6.709999997153880180 ) ) ;
#213 = DIRECTION ( 'NONE',  ( -1.490117057510236766E-09, 1.000000000000000000, 0.0000000000000000000 ) ) ;
#214 = FACE_OUTER_BOUND ( 'NONE', #119, .T. ) ;
#215 = VECTOR ( 'NONE', #1806, 1000.000000000000000 ) ;
#216 = DIRECTION ( 'NONE',  ( 0.0000000000000000000, 0.0000000000000000000, 1.000000000000000000 ) ) ;
#217 = LINE ( 'NONE', #2085, #598 ) ;
#218 = LINE ( 'NONE', #190, #569 ) ;
#219 = CARTESIAN_POINT ( 'NONE',  ( -4.200000000000000178, -0.2999999999999999889, 6.700000000000000178 ) ) ;
#220 = CIRCLE ( 'NONE', #1789, 0.009999997153879551515 ) ;
#221 = ORIENTED_EDGE ( 'NONE', *, *, #373, .T. ) ;
#222 = DIRECTION ( 'NONE',  ( 0.0000000000000000000, 1.000000000000000000, 0.0000000000000000000 ) ) ;
#223 = ORIENTED_EDGE ( 'NONE', *, *, #187, .F. ) ;
#224 = CARTESIAN_POINT ( 'NONE',  ( 5.000000001490120027, -4.000000000447034409, -5.799999999999999822 ) ) ;
#225 = VERTEX_POINT ( 'NONE', #403 ) ;
#226 = EDGE_LOOP ( 'NONE', ( #1145, #1308, #899, #378 ) ) ;
#227 = PLANE ( 'NONE',  #1233 ) ;
#228 = EDGE_LOOP ( 'NONE', ( #2377, #2246, #289, #1143 ) ) ;
#229 = CARTESIAN_POINT ( 'NONE',  ( 5.000000000000000000, -3.000000000447035298, 6.700000000000000178 ) ) ;
#230 = EDGE_CURVE ( 'NONE', #2144, #549, #2190, .T. ) ;
#231 = DIRECTION ( 'NONE',  ( 1.000000000000000000, 1.490116190161481997E-09, 5.524597057250979554E-17 ) ) ;
#232 = VERTEX_POINT ( 'NONE', #1117 ) ;
#233 = ORIENTED_EDGE ( 'NONE', *, *, #681, .F. ) ;
#234 = CARTESIAN_POINT ( 'NONE',  ( 4.209999997153880180, -1.090000000000000080, -6.700000000000000178 ) ) ;
#235 = VERTEX_POINT ( 'NONE', #1471 ) ;
#236 = DIRECTION ( 'NONE',  ( 0.0000000000000000000, 0.0000000000000000000, 1.000000000000000000 ) ) ;
#237 = CARTESIAN_POINT ( 'NONE',  ( 4.200000000000000178, -0.2999999999999999889, 6.700000000000000178 ) ) ;
#238 = DIRECTION ( 'NONE',  ( 1.000000000000000000, 1.490115901040910181E-09, 0.0000000000000000000 ) ) ;
#239 = DIRECTION ( 'NONE',  ( -1.000000000000000000, 0.0000000000000000000, 0.0000000000000000000 ) ) ;
#240 = CARTESIAN_POINT ( 'NONE',  ( -5.300000002086149742, -1.600000014171004903, 3.500000000000000000 ) ) ;
#241 = CALENDAR_DATE ( 2020, 13, 10 ) ;
#242 = CARTESIAN_POINT ( 'NONE',  ( 3.020000000000000018, 0.0000000000000000000, 1.279843740461958035 ) ) ;
#243 = EDGE_CURVE ( 'NONE', #689, #2172, #1257, .T. ) ;
#244 = FACE_OUTER_BOUND ( 'NONE', #1701, .T. ) ;
#245 = EDGE_CURVE ( 'NONE', #503, #51, #1086, .T. ) ;
#246 = VECTOR ( 'NONE', #795, 1000.000000000000000 ) ;
#247 = FACE_OUTER_BOUND ( 'NONE', #873, .T. ) ;
#248 = CARTESIAN_POINT ( 'NONE',  ( -4.200000000000000178, -0.2999999999999999889, 6.709999997153880180 ) ) ;
#249 = AXIS2_PLACEMENT_3D ( 'NONE', #1105, #763, #26 ) ;
#250 = ADVANCED_FACE ( 'NONE', ( #1966 ), #1141, .F. ) ;
#251 = LINE ( 'NONE', #488, #45 ) ;
#252 = LINE ( 'NONE', #2224, #1057 ) ;
#253 = LINE ( 'NONE', #1680, #1608 ) ;
#254 = EDGE_LOOP ( 'NONE', ( #1455, #986, #2055, #291 ) ) ;
#255 = DIRECTION ( 'NONE',  ( 0.0000000000000000000, 1.000000000000000000, 0.0000000000000000000 ) ) ;
#256 = ORIENTED_EDGE ( 'NONE', *, *, #2043, .T. ) ;
#257 = DIRECTION ( 'NONE',  ( -1.490117057510236766E-09, 1.000000000000000000, 0.0000000000000000000 ) ) ;
#258 = ORIENTED_EDGE ( 'NONE', *, *, #913, .T. ) ;
#259 = AXIS2_PLACEMENT_3D ( 'NONE', #1206, #266, #1353 ) ;
#260 = ORIENTED_EDGE ( 'NONE', *, *, #943, .T. ) ;
#261 = ADVANCED_FACE ( 'NONE', ( #278 ), #739, .F. ) ;
#262 = ORIENTED_EDGE ( 'NONE', *, *, #1274, .T. ) ;
#263 = ORIENTED_EDGE ( 'NONE', *, *, #2271, .F. ) ;
#264 = CARTESIAN_POINT ( 'NONE',  ( -4.200000000000000178, -1.090000000000000080, -6.709999997153880180 ) ) ;
#265 = DIRECTION ( 'NONE',  ( 0.0000000000000000000, 1.000000000000000000, 0.0000000000000000000 ) ) ;
#266 = DIRECTION ( 'NONE',  ( 0.0000000000000000000, -1.000000000000000000, 0.0000000000000000000 ) ) ;
#267 = DIRECTION ( 'NONE',  ( 1.000000000000000000, 0.0000000000000000000, 1.032573497605241854E-16 ) ) ;
#268 = APPROVAL_DATE_TIME ( #1861, #1625 ) ;
#269 = DIRECTION ( 'NONE',  ( 0.0000000000000000000, 1.000000000000000000, 0.0000000000000000000 ) ) ;
#270 = VECTOR ( 'NONE', #968, 1000.000000000000000 ) ;
#271 = DIRECTION ( 'NONE',  ( 1.000000000000000000, 0.0000000000000000000, -1.163717669002186102E-14 ) ) ;
#272 = CIRCLE ( 'NONE', #2321, 0.7999999985769399302 ) ;
#273 = LINE ( 'NONE', #2277, #1386 ) ;
#274 = EDGE_CURVE ( 'NONE', #202, #1178, #368, .T. ) ;
#275 = CIRCLE ( 'NONE', #724, 0.5000000000043569592 ) ;
#276 = CARTESIAN_POINT ( 'NONE',  ( 5.299999999999999822, -3.000000000000000000, -6.700000000000000178 ) ) ;
#277 = CARTESIAN_POINT ( 'NONE',  ( 4.200000000000000178, 0.0000000000000000000, -6.709999997153880180 ) ) ;
#278 = FACE_OUTER_BOUND ( 'NONE', #117, .T. ) ;
#279 = ORIENTED_EDGE ( 'NONE', *, *, #1846, .F. ) ;
#280 = DIRECTION ( 'NONE',  ( -1.000000000000000000, 1.490116190161484065E-09, 0.0000000000000000000 ) ) ;
#281 = ORIENTED_EDGE ( 'NONE', *, *, #592, .T. ) ;
#282 = AXIS2_PLACEMENT_3D ( 'NONE', #363, #1467, #2033 ) ;
#283 = ORIENTED_EDGE ( 'NONE', *, *, #2089, .T. ) ;
#284 = CARTESIAN_POINT ( 'NONE',  ( 4.200000000000000178, -3.000000000000000000, -6.700000000000000178 ) ) ;
#285 = ORIENTED_EDGE ( 'NONE', *, *, #1654, .T. ) ;
#286 = VERTEX_POINT ( 'NONE', #1937 ) ;
#287 = CARTESIAN_POINT ( 'NONE',  ( -3.799999999999999822, 0.0000000000000000000, 6.049999999999999822 ) ) ;
#288 = CARTESIAN_POINT ( 'NONE',  ( -4.200000000000000178, -1.090000000000000080, -6.700000000000000178 ) ) ;
#289 = ORIENTED_EDGE ( 'NONE', *, *, #25, .T. ) ;
#290 = CARTESIAN_POINT ( 'NONE',  ( 5.000000000000000000, -3.000000000447035298, -5.799999999999999822 ) ) ;
#291 = ORIENTED_EDGE ( 'NONE', *, *, #1517, .F. ) ;
#292 = ORIENTED_EDGE ( 'NONE', *, *, #109, .F. ) ;
#293 = EDGE_CURVE ( 'NONE', #1268, #689, #451, .T. ) ;
#294 = EDGE_CURVE ( 'NONE', #952, #2203, #512, .T. ) ;
#295 = DIRECTION ( 'NONE',  ( -1.032573497605241854E-16, 1.490116190161484065E-09, 1.000000000000000000 ) ) ;
#296 = ORIENTED_EDGE ( 'NONE', *, *, #1568, .F. ) ;
#297 = AXIS2_PLACEMENT_3D ( 'NONE', #500, #679, #1985 ) ;
#298 = DIRECTION ( 'NONE',  ( -1.000000000000000000, 0.0000000000000000000, 3.909236002201275657E-15 ) ) ;
#299 = CARTESIAN_POINT ( 'NONE',  ( -4.200000000000000178, -0.2999999999999999889, 6.700000000000000178 ) ) ;
#300 = EDGE_CURVE ( 'NONE', #2346, #1996, #485, .T. ) ;
#301 = ADVANCED_FACE ( 'NONE', ( #2028 ), #572, .F. ) ;
#302 = DIRECTION ( 'NONE',  ( -1.163717669002186102E-14, 0.0000000000000000000, -1.000000000000000000 ) ) ;
#303 = DIRECTION ( 'NONE',  ( 0.0000000000000000000, 1.000000000000000000, 0.0000000000000000000 ) ) ;
#304 = LOCAL_TIME ( 12, 43, 4.000000000000000000, #998 ) ;
#305 = CARTESIAN_POINT ( 'NONE',  ( 3.020000000000000018, -10.00000000000000000, 1.279843740461958035 ) ) ;
#306 = VECTOR ( 'NONE', #2178, 1000.000000000000000 ) ;
#307 = SECURITY_CLASSIFICATION_LEVEL ( 'unclassified' ) ;
#308 = CYLINDRICAL_SURFACE ( 'NONE', #882, 0.7799999999999910338 ) ;
#309 = DIRECTION ( 'NONE',  ( 0.0000000000000000000, -1.000000000000000000, 0.0000000000000000000 ) ) ;
#310 = FACE_OUTER_BOUND ( 'NONE', #995, .T. ) ;
#311 = AXIS2_PLACEMENT_3D ( 'NONE', #2322, #2147, #118 ) ;
#312 = CIRCLE ( 'NONE', #582, 1.089999999999999858 ) ;
#313 = CARTESIAN_POINT ( 'NONE',  ( -4.209999997153865081, -0.2999999999999999889, 6.700000000000000178 ) ) ;
#314 = LINE ( 'NONE', #1067, #2332 ) ;
#315 = EDGE_CURVE ( 'NONE', #1239, #811, #392, .T. ) ;
#316 = LINE ( 'NONE', #322, #515 ) ;
#317 = CARTESIAN_POINT ( 'NONE',  ( 0.0000000000000000000, -0.2999999999999999889, 0.0000000000000000000 ) ) ;
#318 = ORIENTED_EDGE ( 'NONE', *, *, #959, .T. ) ;
#319 = SECURITY_CLASSIFICATION ( '', '', #307 ) ;
#320 = VERTEX_POINT ( 'NONE', #2280 ) ;
#321 = DIRECTION ( 'NONE',  ( -1.000000000000000000, 0.0000000000000000000, 4.130293990420970376E-16 ) ) ;
#322 = CARTESIAN_POINT ( 'NONE',  ( 5.000000001490120027, -4.000000000447034409, -5.799999999999999822 ) ) ;
#323 = EDGE_LOOP ( 'NONE', ( #1120, #775, #1065, #57 ) ) ;
#324 = CARTESIAN_POINT ( 'NONE',  ( 5.000000001490120027, -4.000000000447034409, -6.599999999999999645 ) ) ;
#325 = EDGE_LOOP ( 'NONE', ( #1431, #369, #344, #2010 ) ) ;
#326 = PERSON_AND_ORGANIZATION_ROLE ( 'creator' ) ;
#327 = ORIENTED_EDGE ( 'NONE', *, *, #1737, .T. ) ;
#328 = CARTESIAN_POINT ( 'NONE',  ( -3.799999999999999822, -10.00000000000000000, 6.049999999999999822 ) ) ;
#329 = EDGE_CURVE ( 'NONE', #1369, #1641, #2054, .T. ) ;
#330 = DIRECTION ( 'NONE',  ( 0.0000000000000000000, 0.0000000000000000000, 1.000000000000000000 ) ) ;
#331 = AXIS2_PLACEMENT_3D ( 'NONE', #1621, #2352, #1244 ) ;
#332 = DIRECTION ( 'NONE',  ( -3.909236002201275657E-15, 0.0000000000000000000, -1.000000000000000000 ) ) ;
#333 = FACE_OUTER_BOUND ( 'NONE', #1265, .T. ) ;
#334 = ADVANCED_FACE ( 'NONE', ( #1390 ), #72, .T. ) ;
#335 = FACE_OUTER_BOUND ( 'NONE', #408, .T. ) ;
#336 = DIRECTION ( 'NONE',  ( 0.0000000000000000000, 1.000000000000000000, 0.0000000000000000000 ) ) ;
#337 = LINE ( 'NONE', #1691, #2050 ) ;
#338 = FACE_OUTER_BOUND ( 'NONE', #350, .T. ) ;
#339 = EDGE_CURVE ( 'NONE', #1641, #927, #1507, .T. ) ;
#340 = CARTESIAN_POINT ( 'NONE',  ( -3.020000000000000018, -0.2999999999999999889, -0.4998437404620090230 ) ) ;
#341 = CIRCLE ( 'NONE', #2024, 0.5000000000043569592 ) ;
#342 = AXIS2_PLACEMENT_3D ( 'NONE', #1618, #879, #2003 ) ;
#343 = VERTEX_POINT ( 'NONE', #1157 ) ;
#344 = ORIENTED_EDGE ( 'NONE', *, *, #1700, .T. ) ;
#345 = DIRECTION ( 'NONE',  ( 0.0000000000000000000, -1.000000000000000000, 0.0000000000000000000 ) ) ;
#346 = ORIENTED_EDGE ( 'NONE', *, *, #2368, .T. ) ;
#347 = DIRECTION ( 'NONE',  ( 0.0000000000000000000, 1.000000000000000000, 0.0000000000000000000 ) ) ;
#348 = ORIENTED_EDGE ( 'NONE', *, *, #64, .T. ) ;
#349 = CARTESIAN_POINT ( 'NONE',  ( 5.299999998658898370, -2.099999998380131849, 3.500000000000000444 ) ) ;
#350 = EDGE_LOOP ( 'NONE', ( #573, #722, #1880, #1489 ) ) ;
#351 = PLANE ( 'NONE',  #2258 ) ;
#352 = ORIENTED_EDGE ( 'NONE', *, *, #2305, .T. ) ;
#353 = EDGE_LOOP ( 'NONE', ( #1823, #1180 ) ) ;
#354 = CARTESIAN_POINT ( 'NONE',  ( 3.019999999999964935, -10.00000000000000000, -1.279843740462096147 ) ) ;
#355 = ORIENTED_EDGE ( 'NONE', *, *, #2395, .T. ) ;
#356 = EDGE_CURVE ( 'NONE', #952, #1088, #193, .T. ) ;
#357 = CARTESIAN_POINT ( 'NONE',  ( -5.300000004917389873, -1.600000014171004903, -3.500000000000000000 ) ) ;
#358 = EDGE_CURVE ( 'NONE', #1087, #1058, #630, .T. ) ;
#359 = CARTESIAN_POINT ( 'NONE',  ( 4.200000000000000178, -0.2999999999999999889, -6.709999997153880180 ) ) ;
#360 = ADVANCED_FACE ( 'NONE', ( #2388 ), #920, .F. ) ;
#361 = CARTESIAN_POINT ( 'NONE',  ( 2.301829268292699737, 0.0000000000000000000, -0.9754906558399399907 ) ) ;
#362 = DATE_AND_TIME ( #476, #2180 ) ;
#363 = CARTESIAN_POINT ( 'NONE',  ( -4.200000000000000178, -4.470347703122709761E-10, 7.499999995529649688 ) ) ;
#364 = LINE ( 'NONE', #1773, #416 ) ;
#365 = FACE_OUTER_BOUND ( 'NONE', #1555, .T. ) ;
#366 = CIRCLE ( 'NONE', #834, 0.009999997153879551515 ) ;
#367 = CARTESIAN_POINT ( 'NONE',  ( -5.299999999999999822, -3.000000000000000000, -6.700000000000000178 ) ) ;
#368 = CIRCLE ( 'NONE', #1022, 1.099999997153880305 ) ;
#369 = ORIENTED_EDGE ( 'NONE', *, *, #2354, .F. ) ;
#370 = VECTOR ( 'NONE', #1235, 1000.000000000000000 ) ;
#371 = DIRECTION ( 'NONE',  ( 0.0000000000000000000, 1.000000000000000000, 0.0000000000000000000 ) ) ;
#372 = ORIENTED_EDGE ( 'NONE', *, *, #1500, .F. ) ;
#373 = EDGE_CURVE ( 'NONE', #520, #171, #2300, .T. ) ;
#374 = DIRECTION ( 'NONE',  ( 1.000000000000000000, -0.0000000000000000000, 3.852886185094184617E-17 ) ) ;
#375 = EDGE_CURVE ( 'NONE', #51, #2173, #1812, .T. ) ;
#376 = VERTEX_POINT ( 'NONE', #650 ) ;
#377 = AXIS2_PLACEMENT_3D ( 'NONE', #1830, #155, #728 ) ;
#378 = ORIENTED_EDGE ( 'NONE', *, *, #1990, .T. ) ;
#379 = AXIS2_PLACEMENT_3D ( 'NONE', #386, #2053, #2042 ) ;
#380 = ORIENTED_EDGE ( 'NONE', *, *, #1214, .F. ) ;
#381 = ORIENTED_EDGE ( 'NONE', *, *, #25, .F. ) ;
#382 = ORIENTED_EDGE ( 'NONE', *, *, #356, .F. ) ;
#383 = VERTEX_POINT ( 'NONE', #461 ) ;
#384 = DIRECTION ( 'NONE',  ( 0.0000000000000000000, 1.000000000000000000, 0.0000000000000000000 ) ) ;
#385 = EDGE_CURVE ( 'NONE', #2034, #1283, #1055, .T. ) ;
#386 = CARTESIAN_POINT ( 'NONE',  ( 4.200000000000000178, -1.090000000000000080, 6.700000000000000178 ) ) ;
#387 = CYLINDRICAL_SURFACE ( 'NONE', #2045, 0.7999999985769399302 ) ;
#388 = DIRECTION ( 'NONE',  ( 0.0000000000000000000, 1.000000000000000000, 1.490116190161484065E-09 ) ) ;
#389 = FACE_BOUND ( 'NONE', #1199, .T. ) ;
#390 = CARTESIAN_POINT ( 'NONE',  ( -5.300000004917389873, -1.600000014171004903, -3.500000000000000000 ) ) ;
#391 = VECTOR ( 'NONE', #915, 1000.000000000000000 ) ;
#392 = CIRCLE ( 'NONE', #553, 0.7799999999999910338 ) ;
#393 = VECTOR ( 'NONE', #1411, 1000.000000000000000 ) ;
#394 = FACE_OUTER_BOUND ( 'NONE', #670, .T. ) ;
#395 = DIRECTION ( 'NONE',  ( 0.0000000000000000000, 0.0000000000000000000, 1.000000000000000000 ) ) ;
#396 = VERTEX_POINT ( 'NONE', #290 ) ;
#397 = DIRECTION ( 'NONE',  ( 1.000000000000000000, 1.490116190161481997E-09, 5.524597057250979554E-17 ) ) ;
#398 = ORIENTED_EDGE ( 'NONE', *, *, #1779, .T. ) ;
#399 = DIRECTION ( 'NONE',  ( 0.0000000000000000000, 1.000000000000000000, 0.0000000000000000000 ) ) ;
#400 = DIRECTION ( 'NONE',  ( -7.119147623240370915E-25, -1.000000000000000000, -1.490116190161484065E-09 ) ) ;
#401 = EDGE_CURVE ( 'NONE', #2161, #1996, #1417, .T. ) ;
#402 = ORIENTED_EDGE ( 'NONE', *, *, #849, .T. ) ;
#403 = CARTESIAN_POINT ( 'NONE',  ( 4.200000000000000178, -1.089999998375774215, -7.799999997153880038 ) ) ;
#404 = ORIENTED_EDGE ( 'NONE', *, *, #1348, .T. ) ;
#405 = AXIS2_PLACEMENT_3D ( 'NONE', #2396, #8, #1294 ) ;
#406 = CARTESIAN_POINT ( 'NONE',  ( -5.299999998509870025, -4.000000015795230013, 6.599999999999999645 ) ) ;
#407 = EDGE_LOOP ( 'NONE', ( #2087, #1514, #2176, #61 ) ) ;
#408 = EDGE_LOOP ( 'NONE', ( #233, #958, #318, #779 ) ) ;
#409 = CARTESIAN_POINT ( 'NONE',  ( -5.299999998509870025, -4.000000015795230013, 6.599999999999999645 ) ) ;
#410 = CARTESIAN_POINT ( 'NONE',  ( 4.200000000000000178, -1.089999998375774215, -7.799999997153880038 ) ) ;
#411 = DIRECTION ( 'NONE',  ( 1.000000000000000000, 0.0000000000000000000, 0.0000000000000000000 ) ) ;
#412 = EDGE_CURVE ( 'NONE', #1287, #383, #251, .T. ) ;
#413 = EDGE_CURVE ( 'NONE', #892, #2114, #1332, .T. ) ;
#414 = CIRCLE ( 'NONE', #1395, 0.7899999999999999245 ) ;
#415 = PLANE ( 'NONE',  #885 ) ;
#416 = VECTOR ( 'NONE', #1968, 1000.000000000000000 ) ;
#417 = DIRECTION ( 'NONE',  ( -1.000000000000000000, 0.0000000000000000000, 0.0000000000000000000 ) ) ;
#418 = EDGE_CURVE ( 'NONE', #554, #198, #1302, .T. ) ;
#419 = LINE ( 'NONE', #934, #1897 ) ;
#420 = VECTOR ( 'NONE', #1930, 1000.000000000000000 ) ;
#421 = CARTESIAN_POINT ( 'NONE',  ( -5.299999999999999822, -3.000000015795230013, 6.599999999999999645 ) ) ;
#422 = LINE ( 'NONE', #877, #1449 ) ;
#423 = LINE ( 'NONE', #2343, #1788 ) ;
#424 = CARTESIAN_POINT ( 'NONE',  ( 4.200000000000000178, -0.2999999999999999889, 6.700000000000000178 ) ) ;
#425 = CARTESIAN_POINT ( 'NONE',  ( 0.0000000000000000000, -0.2999999999999999889, 0.0000000000000000000 ) ) ;
#426 = ORIENTED_EDGE ( 'NONE', *, *, #1263, .F. ) ;
#427 = CARTESIAN_POINT ( 'NONE',  ( 5.300000001490130508, -4.000000000000000000, -5.799999999999999822 ) ) ;
#428 = EDGE_LOOP ( 'NONE', ( #1508, #1123, #1232, #985, #1761, #62, #1943, #19 ) ) ;
#429 = EDGE_CURVE ( 'NONE', #2170, #1088, #1932, .T. ) ;
#430 = AXIS2_PLACEMENT_3D ( 'NONE', #1134, #777, #2304 ) ;
#431 = DIRECTION ( 'NONE',  ( -1.490116190161481997E-09, 1.000000000000000000, -8.232291519128171459E-26 ) ) ;
#432 = ORIENTED_EDGE ( 'NONE', *, *, #1858, .F. ) ;
#433 = ADVANCED_FACE ( 'NONE', ( #76 ), #850, .T. ) ;
#434 = CARTESIAN_POINT ( 'NONE',  ( 3.799999999999999822, -0.2999999999999999889, 6.049999999999999822 ) ) ;
#435 = EDGE_LOOP ( 'NONE', ( #1916, #1623, #842, #579 ) ) ;
#436 = CARTESIAN_POINT ( 'NONE',  ( -4.209999997153865081, -0.2999999999999999889, -6.700000000000000178 ) ) ;
#437 = EDGE_CURVE ( 'NONE', #467, #844, #1900, .T. ) ;
#438 = CARTESIAN_POINT ( 'NONE',  ( -5.300000002086149742, -1.600000014171004903, 3.500000000000000000 ) ) ;
#439 = EDGE_LOOP ( 'NONE', ( #1911, #2067, #527, #1981 ) ) ;
#440 = ORIENTED_EDGE ( 'NONE', *, *, #2122, .F. ) ;
#441 = CC_DESIGN_PERSON_AND_ORGANIZATION_ASSIGNMENT ( #2293, #504, ( #1488 ) ) ;
#442 = CARTESIAN_POINT ( 'NONE',  ( -3.799999999999999822, 0.0000000000000000000, -1.279843740462000001 ) ) ;
#443 = CARTESIAN_POINT ( 'NONE',  ( 4.209999997153880180, -1.090000000000000080, 6.700000000000000178 ) ) ;
#444 = DIRECTION ( 'NONE',  ( -0.0000000000000000000, 1.000000000000000000, -0.0000000000000000000 ) ) ;
#445 = APPROVAL_PERSON_ORGANIZATION ( #880, #1625, #1796 ) ;
#446 = LINE ( 'NONE', #248, #2048 ) ;
#447 = EDGE_CURVE ( 'NONE', #1307, #517, #1541, .T. ) ;
#448 = CARTESIAN_POINT ( 'NONE',  ( 2.301829268292714836, -10.00000000000000000, 0.9754906558399399907 ) ) ;
#449 = CIRCLE ( 'NONE', #468, 0.7899999999999999245 ) ;
#450 = DIRECTION ( 'NONE',  ( 1.000000000000000000, 1.490115901040910181E-09, 0.0000000000000000000 ) ) ;
#451 = LINE ( 'NONE', #427, #976 ) ;
#452 = DIRECTION ( 'NONE',  ( 0.0000000000000000000, 0.0000000000000000000, 1.000000000000000000 ) ) ;
#453 = VECTOR ( 'NONE', #930, 1000.000000000000000 ) ;
#454 = LINE ( 'NONE', #1696, #769 ) ;
#455 = CARTESIAN_POINT ( 'NONE',  ( 5.299999999999999822, -3.000000000000000000, -5.799999999999999822 ) ) ;
#456 = ADVANCED_FACE ( 'NONE', ( #108 ), #1031, .F. ) ;
#457 = EDGE_LOOP ( 'NONE', ( #2375, #1085, #813, #1122 ) ) ;
#458 = DIRECTION ( 'NONE',  ( 0.0000000000000000000, 1.000000000000000000, 0.0000000000000000000 ) ) ;
#459 = DIRECTION ( 'NONE',  ( 1.000000000000000000, 0.0000000000000000000, 0.0000000000000000000 ) ) ;
#460 = VERTEX_POINT ( 'NONE', #824 ) ;
#461 = CARTESIAN_POINT ( 'NONE',  ( -4.200000000000000178, -1.089999998822807958, -7.499999997153870446 ) ) ;
#462 = VERTEX_POINT ( 'NONE', #1945 ) ;
#463 = EDGE_CURVE ( 'NONE', #773, #2117, #2106, .T. ) ;
#464 = AXIS2_PLACEMENT_3D ( 'NONE', #502, #1215, #1209 ) ;
#465 = CARTESIAN_POINT ( 'NONE',  ( 3.799999999999999822, 0.0000000000000000000, 6.049999999999999822 ) ) ;
#466 = VERTEX_POINT ( 'NONE', #1374 ) ;
#467 = VERTEX_POINT ( 'NONE', #1754 ) ;
#468 = AXIS2_PLACEMENT_3D ( 'NONE', #1702, #1546, #828 ) ;
#469 = ORIENTED_EDGE ( 'NONE', *, *, #77, .F. ) ;
#470 = DIRECTION ( 'NONE',  ( 0.0000000000000000000, 0.0000000000000000000, -1.000000000000000000 ) ) ;
#471 = VERTEX_POINT ( 'NONE', #831 ) ;
#472 = DIRECTION ( 'NONE',  ( 0.0000000000000000000, 0.0000000000000000000, 1.000000000000000000 ) ) ;
#473 = ADVANCED_FACE ( 'NONE', ( #1726 ), #1406, .T. ) ;
#474 = DIRECTION ( 'NONE',  ( 0.0000000000000000000, 1.000000000000000000, 0.0000000000000000000 ) ) ;
#475 = CARTESIAN_POINT ( 'NONE',  ( -3.799999999999999822, -10.00000000000000000, -1.279843740462000001 ) ) ;
#476 = CALENDAR_DATE ( 2020, 13, 10 ) ;
#477 = CARTESIAN_POINT ( 'NONE',  ( -4.200000000000000178, -3.000000000000000000, -6.700000000000000178 ) ) ;
#478 = LINE ( 'NONE', #1271, #1837 ) ;
#479 = CARTESIAN_POINT ( 'NONE',  ( 5.299999997153870268, -1.089999998375774215, 6.700000000000000178 ) ) ;
#480 = VERTEX_POINT ( 'NONE', #100 ) ;
#481 = CYLINDRICAL_SURFACE ( 'NONE', #1669, 0.7899999999999999245 ) ;
#482 = EDGE_CURVE ( 'NONE', #1854, #528, #546, .T. ) ;
#483 = VECTOR ( 'NONE', #2338, 1000.000000000000000 ) ;
#484 = DIRECTION ( 'NONE',  ( -0.0000000000000000000, -1.000000000000000000, -1.490116190161484065E-09 ) ) ;
#485 = LINE ( 'NONE', #1532, #860 ) ;
#486 = ORIENTED_EDGE ( 'NONE', *, *, #94, .F. ) ;
#487 = VECTOR ( 'NONE', #895, 1000.000000000000000 ) ;
#488 = CARTESIAN_POINT ( 'NONE',  ( 4.200000000000000178, -1.089999998822807958, -7.499999997153879328 ) ) ;
#489 = ORIENTED_EDGE ( 'NONE', *, *, #329, .F. ) ;
#490 = ORIENTED_EDGE ( 'NONE', *, *, #666, .F. ) ;
#491 = EDGE_LOOP ( 'NONE', ( #878, #1967, #1262, #1179 ) ) ;
#492 = DIRECTION ( 'NONE',  ( 6.472848790958239474E-17, 0.0000000000000000000, -1.000000000000000000 ) ) ;
#493 = ADVANCED_FACE ( 'NONE', ( #133 ), #1984, .F. ) ;
#494 = ORIENTED_EDGE ( 'NONE', *, *, #1719, .T. ) ;
#495 = DIRECTION ( 'NONE',  ( -1.490117057510236766E-09, 1.000000000000000000, 0.0000000000000000000 ) ) ;
#496 = EDGE_LOOP ( 'NONE', ( #1706, #782, #2288, #381 ) ) ;
#497 = VERTEX_POINT ( 'NONE', #340 ) ;
#498 = EDGE_CURVE ( 'NONE', #1176, #1373, #12, .T. ) ;
#499 = EDGE_CURVE ( 'NONE', #1288, #1315, #422, .T. ) ;
#500 = CARTESIAN_POINT ( 'NONE',  ( 5.000000001490120027, -4.000000000447034409, -6.599999999999999645 ) ) ;
#501 = AXIS2_PLACEMENT_3D ( 'NONE', #172, #891, #2383 ) ;
#502 = CARTESIAN_POINT ( 'NONE',  ( 5.299999997913849903, -1.599999998375775112, -3.500000000000000000 ) ) ;
#503 = VERTEX_POINT ( 'NONE', #2360 ) ;
#504 = PERSON_AND_ORGANIZATION_ROLE ( 'creator' ) ;
#505 = AXIS2_PLACEMENT_3D ( 'NONE', #765, #2059, #6 ) ;
#506 = EDGE_LOOP ( 'NONE', ( #1907, #2148, #2204, #1581 ) ) ;
#507 = CARTESIAN_POINT ( 'NONE',  ( -5.299999999999999822, -3.000000000000000000, -6.700000000000000178 ) ) ;
#508 = DIRECTION ( 'NONE',  ( 0.0000000000000000000, -1.000000000000000000, 1.490116190161484065E-09 ) ) ;
#509 = CARTESIAN_POINT ( 'NONE',  ( 4.209999997153880180, -1.090000000000000080, -6.700000000000000178 ) ) ;
#510 = CYLINDRICAL_SURFACE ( 'NONE', #1657, 0.5000000000043569592 ) ;
#511 = FACE_OUTER_BOUND ( 'NONE', #110, .T. ) ;
#512 = CIRCLE ( 'NONE', #31, 0.5000000000043569592 ) ;
#513 = CARTESIAN_POINT ( 'NONE',  ( -4.999999998576930338, -3.000000000000000000, 6.700000000000000178 ) ) ;
#514 = CIRCLE ( 'NONE', #342, 0.7800000000000001377 ) ;
#515 = VECTOR ( 'NONE', #1643, 1000.000000000000000 ) ;
#516 = CARTESIAN_POINT ( 'NONE',  ( -4.200000000000000178, -0.2999999999999999889, -6.700000000000000178 ) ) ;
#517 = VERTEX_POINT ( 'NONE', #889 ) ;
#518 = ADVANCED_FACE ( 'NONE', ( #2272 ), #2331, .T. ) ;
#519 = CARTESIAN_POINT ( 'NONE',  ( -4.200000000000000178, -0.2999999999999999889, -6.700000000000000178 ) ) ;
#520 = VERTEX_POINT ( 'NONE', #2169 ) ;
#521 = DIRECTION ( 'NONE',  ( 0.0000000000000000000, 0.0000000000000000000, 1.000000000000000000 ) ) ;
#522 = VERTEX_POINT ( 'NONE', #1413 ) ;
#523 = VERTEX_POINT ( 'NONE', #1072 ) ;
#524 = DIRECTION ( 'NONE',  ( -1.490117057510236766E-09, 1.000000000000000000, 0.0000000000000000000 ) ) ;
#525 = ORIENTED_EDGE ( 'NONE', *, *, #2151, .T. ) ;
#526 =( LENGTH_UNIT ( ) NAMED_UNIT ( * ) SI_UNIT ( .MILLI., .METRE. ) );
#527 = ORIENTED_EDGE ( 'NONE', *, *, #1940, .T. ) ;
#528 = VERTEX_POINT ( 'NONE', #349 ) ;
#529 = EDGE_CURVE ( 'NONE', #1007, #1530, #1843, .T. ) ;
#530 = DIRECTION ( 'NONE',  ( 0.0000000000000000000, 0.0000000000000000000, 1.000000000000000000 ) ) ;
#531 = DIRECTION ( 'NONE',  ( 0.0000000000000000000, 1.000000000000000000, -8.232291519128171459E-26 ) ) ;
#532 = DESIGN_CONTEXT ( 'detailed design', #2358, 'design' ) ;
#533 = DIRECTION ( 'NONE',  ( 0.0000000000000000000, 1.000000000000000000, 0.0000000000000000000 ) ) ;
#534 = AXIS2_PLACEMENT_3D ( 'NONE', #926, #199, #905 ) ;
#535 = CIRCLE ( 'NONE', #249, 0.7899999999999999245 ) ;
#536 = CARTESIAN_POINT ( 'NONE',  ( 4.999999998658897660, -2.099999998827166703, 3.500000000000000444 ) ) ;
#537 = CARTESIAN_POINT ( 'NONE',  ( -4.200000000000000178, -3.000000000000000000, -7.799999999999999822 ) ) ;
#538 = CYLINDRICAL_SURFACE ( 'NONE', #1325, 1.089999999999999858 ) ;
#539 = DIRECTION ( 'NONE',  ( 0.0000000000000000000, -1.000000000000000000, 0.0000000000000000000 ) ) ;
#540 = VECTOR ( 'NONE', #2113, 1000.000000000000000 ) ;
#541 = LINE ( 'NONE', #1515, #1279 ) ;
#542 = ORIENTED_EDGE ( 'NONE', *, *, #867, .F. ) ;
#543 = ADVANCED_FACE ( 'NONE', ( #1995 ), #153, .F. ) ;
#544 = EDGE_CURVE ( 'NONE', #2031, #1551, #1786, .T. ) ;
#545 = DIRECTION ( 'NONE',  ( -1.490117057510236766E-09, 1.000000000000000000, 0.0000000000000000000 ) ) ;
#546 = LINE ( 'NONE', #858, #1029 ) ;
#547 = EDGE_CURVE ( 'NONE', #2346, #896, #1603, .T. ) ;
#548 = LINE ( 'NONE', #701, #1997 ) ;
#549 = VERTEX_POINT ( 'NONE', #696 ) ;
#550 = DIRECTION ( 'NONE',  ( 0.0000000000000000000, 1.000000000000000000, 0.0000000000000000000 ) ) ;
#551 = AXIS2_PLACEMENT_3D ( 'NONE', #1712, #794, #770 ) ;
#552 = EDGE_LOOP ( 'NONE', ( #1066, #1013, #1575, #903 ) ) ;
#553 = AXIS2_PLACEMENT_3D ( 'NONE', #1927, #265, #1175 ) ;
#554 = VERTEX_POINT ( 'NONE', #881 ) ;
#555 = ORIENTED_EDGE ( 'NONE', *, *, #1813, .T. ) ;
#556 = PLANE ( 'NONE',  #673 ) ;
#557 = ORIENTED_EDGE ( 'NONE', *, *, #463, .T. ) ;
#558 = VERTEX_POINT ( 'NONE', #2177 ) ;
#559 = DIRECTION ( 'NONE',  ( -1.000000000000000000, 0.0000000000000000000, 4.130293990420970376E-16 ) ) ;
#560 = AXIS2_PLACEMENT_3D ( 'NONE', #1667, #729, #2236 ) ;
#561 = CARTESIAN_POINT ( 'NONE',  ( 5.000000001490120027, -4.000000000447034409, -5.799999999999999822 ) ) ;
#562 = CARTESIAN_POINT ( 'NONE',  ( 4.199999999999939782, -0.2999999999999999889, -6.299999999999999822 ) ) ;
#563 = EDGE_CURVE ( 'NONE', #1437, #202, #312, .T. ) ;
#564 = DIRECTION ( 'NONE',  ( 4.130293990420970376E-16, -1.490116190161484065E-09, 1.000000000000000000 ) ) ;
#565 = LINE ( 'NONE', #848, #1595 ) ;
#566 = LINE ( 'NONE', #856, #70 ) ;
#567 = CARTESIAN_POINT ( 'NONE',  ( 3.019999999999964935, -10.00000000000000000, -0.4998437404620960645 ) ) ;
#568 = FACE_OUTER_BOUND ( 'NONE', #659, .T. ) ;
#569 = VECTOR ( 'NONE', #575, 1000.000000000000000 ) ;
#570 = PLANE ( 'NONE',  #1998 ) ;
#571 = EDGE_LOOP ( 'NONE', ( #1494, #1882 ) ) ;
#572 = TOROIDAL_SURFACE ( 'NONE', #1304, 0.009999997153879549780, 0.7900000000000000355 ) ;
#573 = ORIENTED_EDGE ( 'NONE', *, *, #1185, .T. ) ;
#574 = VECTOR ( 'NONE', #298, 1000.000000000000000 ) ;
#575 = DIRECTION ( 'NONE',  ( 1.000000000000000000, 0.0000000000000000000, 1.032573497605241854E-16 ) ) ;
#576 = LINE ( 'NONE', #2372, #1817 ) ;
#577 = DIRECTION ( 'NONE',  ( 1.000000000000000000, -0.0000000000000000000, -6.472848790958239474E-17 ) ) ;
#578 = EDGE_CURVE ( 'NONE', #1283, #235, #1280, .T. ) ;
#579 = ORIENTED_EDGE ( 'NONE', *, *, #1588, .T. ) ;
#580 = DIRECTION ( 'NONE',  ( 0.0000000000000000000, 1.000000000000000000, 0.0000000000000000000 ) ) ;
#581 = ORIENTED_EDGE ( 'NONE', *, *, #1020, .T. ) ;
#582 = AXIS2_PLACEMENT_3D ( 'NONE', #2380, #374, #1093 ) ;
#583 = DIRECTION ( 'NONE',  ( 0.0000000000000000000, 0.0000000000000000000, 1.000000000000000000 ) ) ;
#584 = ORIENTED_EDGE ( 'NONE', *, *, #1033, .T. ) ;
#585 = ORIENTED_EDGE ( 'NONE', *, *, #293, .F. ) ;
#586 = ORIENTED_EDGE ( 'NONE', *, *, #2196, .T. ) ;
#587 = DIRECTION ( 'NONE',  ( 0.0000000000000000000, 1.000000000000000000, 0.0000000000000000000 ) ) ;
#588 = ORIENTED_EDGE ( 'NONE', *, *, #619, .T. ) ;
#589 = DIRECTION ( 'NONE',  ( -9.645296779874050984E-26, -1.000000000000000000, -1.490116190161484065E-09 ) ) ;
#590 = PRODUCT ( 'MS156-10F', 'MS156-10F', '', ( #1609 ) ) ;
#591 = CARTESIAN_POINT ( 'NONE',  ( 3.549999999999939870, 0.0000000000000000000, -6.299999999999999822 ) ) ;
#592 = EDGE_CURVE ( 'NONE', #2342, #1860, #1478, .T. ) ;
#593 = AXIS2_PLACEMENT_3D ( 'NONE', #516, #533, #2194 ) ;
#594 = DIRECTION ( 'NONE',  ( -5.741248083258360975E-26, -1.000000000000000000, 1.490116190161484065E-09 ) ) ;
#595 = AXIS2_PLACEMENT_3D ( 'NONE', #906, #2015, #1834 ) ;
#596 = DIRECTION ( 'NONE',  ( 1.000000000000000000, 1.490116190161481997E-09, 5.524597057250979554E-17 ) ) ;
#597 = VECTOR ( 'NONE', #2025, 1000.000000000000000 ) ;
#598 = VECTOR ( 'NONE', #238, 1000.000000000000000 ) ;
#599 = CIRCLE ( 'NONE', #1407, 0.2500000000000140998 ) ;
#600 = VECTOR ( 'NONE', #1912, 1000.000000000000000 ) ;
#601 = CARTESIAN_POINT ( 'NONE',  ( -4.200000000000000178, -1.089999998375774215, 7.799999997153880038 ) ) ;
#602 = EDGE_CURVE ( 'NONE', #522, #471, #2216, .T. ) ;
#603 = ORIENTED_EDGE ( 'NONE', *, *, #2097, .T. ) ;
#604 = ORIENTED_EDGE ( 'NONE', *, *, #498, .F. ) ;
#605 = CARTESIAN_POINT ( 'NONE',  ( -4.999999995529649688, -4.470347703122709761E-10, -6.700000000000000178 ) ) ;
#606 = DIRECTION ( 'NONE',  ( 6.472848790958239474E-17, 9.645296779874050984E-26, -1.000000000000000000 ) ) ;
#607 = EDGE_CURVE ( 'NONE', #2172, #396, #799, .T. ) ;
#608 = ORIENTED_EDGE ( 'NONE', *, *, #1138, .F. ) ;
#609 = DIRECTION ( 'NONE',  ( 0.0000000000000000000, 0.0000000000000000000, -1.000000000000000000 ) ) ;
#610 = ORIENTED_EDGE ( 'NONE', *, *, #2317, .T. ) ;
#611 = CARTESIAN_POINT ( 'NONE',  ( -4.209999997153865081, 0.0000000000000000000, 6.700000000000000178 ) ) ;
#612 = EDGE_LOOP ( 'NONE', ( #902, #1068, #71, #586 ) ) ;
#613 = ORIENTED_EDGE ( 'NONE', *, *, #1988, .F. ) ;
#614 = CARTESIAN_POINT ( 'NONE',  ( -5.299999999999999822, -3.000000000000000000, -6.700000000000000178 ) ) ;
#615 = CARTESIAN_POINT ( 'NONE',  ( 5.299999999999999822, -3.000000000000000000, -6.700000000000000178 ) ) ;
#616 = CARTESIAN_POINT ( 'NONE',  ( -4.999999998658888778, -2.100000013728327009, 3.500000000000000000 ) ) ;
#617 = DIRECTION ( 'NONE',  ( 1.000000000000000000, 1.490116190161481997E-09, 5.524597057250979554E-17 ) ) ;
#618 = EDGE_CURVE ( 'NONE', #1854, #1852, #942, .T. ) ;
#619 = EDGE_CURVE ( 'NONE', #1758, #171, #1225, .T. ) ;
#620 = CARTESIAN_POINT ( 'NONE',  ( 4.200000000000000178, -3.000000000000000000, -7.799999999999999822 ) ) ;
#621 = CARTESIAN_POINT ( 'NONE',  ( -5.300000005662448999, -1.100000014166647944, -3.500000000000000000 ) ) ;
#622 = PERSON_AND_ORGANIZATION ( #1343, #2356 ) ;
#623 = AXIS2_PLACEMENT_3D ( 'NONE', #1322, #231, #1713 ) ;
#624 = CIRCLE ( 'NONE', #1314, 0.5000000000043569592 ) ;
#625 = DIRECTION ( 'NONE',  ( 0.0000000000000000000, 1.000000000000000000, 0.0000000000000000000 ) ) ;
#626 = AXIS2_PLACEMENT_3D ( 'NONE', #1772, #1583, #1593 ) ;
#627 = LINE ( 'NONE', #169, #1165 ) ;
#628 = CYLINDRICAL_SURFACE ( 'NONE', #851, 0.5000000000043569592 ) ;
#629 = ADVANCED_FACE ( 'NONE', ( #1665 ), #1454, .F. ) ;
#630 = CIRCLE ( 'NONE', #1913, 0.5000000000043569592 ) ;
#631 = ORIENTED_EDGE ( 'NONE', *, *, #413, .T. ) ;
#632 = CIRCLE ( 'NONE', #1311, 0.5000000000043569592 ) ;
#633 = DIRECTION ( 'NONE',  ( 0.0000000000000000000, 0.0000000000000000000, -1.000000000000000000 ) ) ;
#634 = FACE_OUTER_BOUND ( 'NONE', #957, .T. ) ;
#635 = DIRECTION ( 'NONE',  ( 0.0000000000000000000, -1.000000000000000000, 0.0000000000000000000 ) ) ;
#636 = ORIENTED_EDGE ( 'NONE', *, *, #1081, .T. ) ;
#637 = AXIS2_PLACEMENT_3D ( 'NONE', #509, #1425, #1438 ) ;
#638 = DIRECTION ( 'NONE',  ( 1.000000000000000000, 1.490116190161484065E-09, 6.472848790958239474E-17 ) ) ;
#639 = ORIENTED_EDGE ( 'NONE', *, *, #2382, .T. ) ;
#640 = ORIENTED_EDGE ( 'NONE', *, *, #413, .F. ) ;
#641 = ORIENTED_EDGE ( 'NONE', *, *, #1556, .F. ) ;
#642 = CARTESIAN_POINT ( 'NONE',  ( 3.799999999999999822, 0.0000000000000000000, 1.279843740461944046 ) ) ;
#643 = CARTESIAN_POINT ( 'NONE',  ( -3.799999999999999822, 0.0000000000000000000, -6.049999999999999822 ) ) ;
#644 = ORIENTED_EDGE ( 'NONE', *, *, #1655, .T. ) ;
#645 = ORIENTED_EDGE ( 'NONE', *, *, #294, .T. ) ;
#646 = ORIENTED_EDGE ( 'NONE', *, *, #385, .F. ) ;
#647 = CARTESIAN_POINT ( 'NONE',  ( 4.999999997153880216, -1.089999998822807958, -6.700000000000000178 ) ) ;
#648 = ORIENTED_EDGE ( 'NONE', *, *, #1468, .F. ) ;
#649 = DIRECTION ( 'NONE',  ( 6.472848790958239474E-17, 0.0000000000000000000, -1.000000000000000000 ) ) ;
#650 = CARTESIAN_POINT ( 'NONE',  ( 5.299999997168781007, -1.099999998371417931, 3.500000000000000000 ) ) ;
#651 = DIRECTION ( 'NONE',  ( -1.490117057510236766E-09, -1.000000000000000000, 0.0000000000000000000 ) ) ;
#652 = CIRCLE ( 'NONE', #1958, 0.009999997153879551515 ) ;
#653 = AXIS2_PLACEMENT_3D ( 'NONE', #1835, #917, #2207 ) ;
#654 = CIRCLE ( 'NONE', #1876, 0.2500000000000002220 ) ;
#655 = DIRECTION ( 'NONE',  ( -1.490116190161484065E-09, -1.000000000000000000, 9.645296779874050984E-26 ) ) ;
#656 = FACE_OUTER_BOUND ( 'NONE', #2140, .T. ) ;
#657 = FACE_BOUND ( 'NONE', #353, .T. ) ;
#658 = AXIS2_PLACEMENT_3D ( 'NONE', #1511, #16, #771 ) ;
#659 = EDGE_LOOP ( 'NONE', ( #717, #1710, #1944, #2221 ) ) ;
#660 = EDGE_LOOP ( 'NONE', ( #810, #2253, #2135, #2281, #1110, #1826, #1739, #954 ) ) ;
#661 = CARTESIAN_POINT ( 'NONE',  ( -4.200000000000000178, -1.089999998375774215, -7.799999997153880038 ) ) ;
#662 = DIRECTION ( 'NONE',  ( -1.000000000000000000, 0.0000000000000000000, 2.909294172505490497E-15 ) ) ;
#663 = ORIENTED_EDGE ( 'NONE', *, *, #37, .F. ) ;
#664 = DIRECTION ( 'NONE',  ( -1.000000000000000000, -6.154617945252970753E-25, 4.130293990420970376E-16 ) ) ;
#665 = EDGE_LOOP ( 'NONE', ( #221, #1118, #1267, #525 ) ) ;
#666 = EDGE_CURVE ( 'NONE', #232, #933, #2160, .T. ) ;
#667 = EDGE_CURVE ( 'NONE', #1307, #1058, #684, .T. ) ;
#668 = ORIENTED_EDGE ( 'NONE', *, *, #785, .T. ) ;
#669 = AXIS2_PLACEMENT_3D ( 'NONE', #2250, #44, #239 ) ;
#670 = EDGE_LOOP ( 'NONE', ( #1574, #2022, #1973, #380 ) ) ;
#671 = CARTESIAN_POINT ( 'NONE',  ( 5.299999998658909028, -2.099999998380131849, -3.499999999999999556 ) ) ;
#672 = ORIENTED_EDGE ( 'NONE', *, *, #2334, .T. ) ;
#673 = AXIS2_PLACEMENT_3D ( 'NONE', #2027, #2044, #2016 ) ;
#674 = ADVANCED_FACE ( 'NONE', ( #1692 ), #191, .F. ) ;
#675 = DIRECTION ( 'NONE',  ( 8.881784197001252323E-16, 0.0000000000000000000, -1.000000000000000000 ) ) ;
#676 = CARTESIAN_POINT ( 'NONE',  ( -4.999999998509880861, -4.000000015348194715, 6.599999999999999645 ) ) ;
#677 = DIRECTION ( 'NONE',  ( -1.000000000000000000, 0.0000000000000000000, 1.954618001100635067E-15 ) ) ;
#678 = AXIS2_PLACEMENT_3D ( 'NONE', #1547, #1363, #1563 ) ;
#679 = DIRECTION ( 'NONE',  ( -1.226706849465710091E-34, 8.232291519128171459E-26, 1.000000000000000000 ) ) ;
#680 = CYLINDRICAL_SURFACE ( 'NONE', #678, 0.2500000000000002220 ) ;
#681 = EDGE_CURVE ( 'NONE', #1652, #203, #419, .T. ) ;
#682 = CIRCLE ( 'NONE', #974, 0.7999999985769399302 ) ;
#683 = DATE_TIME_ROLE ( 'creation_date' ) ;
#684 = LINE ( 'NONE', #1477, #796 ) ;
#685 = ORIENTED_EDGE ( 'NONE', *, *, #681, .T. ) ;
#686 = CYLINDRICAL_SURFACE ( 'NONE', #593, 0.7999999985769399302 ) ;
#687 = ADVANCED_FACE ( 'NONE', ( #568 ), #1753, .T. ) ;
#688 = DIRECTION ( 'NONE',  ( 0.0000000000000000000, 1.000000000000000000, 0.0000000000000000000 ) ) ;
#689 = VERTEX_POINT ( 'NONE', #2229 ) ;
#690 = DIRECTION ( 'NONE',  ( 6.472848790958239474E-17, 0.0000000000000000000, -1.000000000000000000 ) ) ;
#691 = EDGE_LOOP ( 'NONE', ( #1430, #2315, #1340, #2119 ) ) ;
#692 = ORIENTED_EDGE ( 'NONE', *, *, #544, .T. ) ;
#693 = DIRECTION ( 'NONE',  ( 0.0000000000000000000, 1.000000000000000000, 0.0000000000000000000 ) ) ;
#694 = DIRECTION ( 'NONE',  ( -1.490116190161481997E-09, 1.000000000000000000, -8.232291519128171459E-26 ) ) ;
#695 = ORIENTED_EDGE ( 'NONE', *, *, #245, .T. ) ;
#696 = CARTESIAN_POINT ( 'NONE',  ( -5.000000000000000000, -3.000000015348195159, 5.799999999999999822 ) ) ;
#697 = ORIENTED_EDGE ( 'NONE', *, *, #2196, .F. ) ;
#698 = EDGE_CURVE ( 'NONE', #460, #286, #857, .T. ) ;
#699 = DIRECTION ( 'NONE',  ( 1.000000000000000000, 1.490116190161481997E-09, 5.524597057250979554E-17 ) ) ;
#700 = ORIENTED_EDGE ( 'NONE', *, *, #1779, .F. ) ;
#701 = CARTESIAN_POINT ( 'NONE',  ( 3.799999999999999822, -10.00000000000000000, -6.049999999999999822 ) ) ;
#702 = CARTESIAN_POINT ( 'NONE',  ( 4.200000000000000178, -4.470347703122709761E-10, -7.499999995529649688 ) ) ;
#703 = AXIS2_PLACEMENT_3D ( 'NONE', #234, #1741, #417 ) ;
#704 = DIRECTION ( 'NONE',  ( 1.000000000000000000, 0.0000000000000000000, 0.0000000000000000000 ) ) ;
#705 = VECTOR ( 'NONE', #1935, 1000.000000000000000 ) ;
#706 = ADVANCED_FACE ( 'NONE', ( #1723 ), #1221, .T. ) ;
#707 = EDGE_CURVE ( 'NONE', #1825, #1590, #627, .T. ) ;
#708 = DIRECTION ( 'NONE',  ( -1.000000000000000000, 0.0000000000000000000, 2.909294172505465254E-15 ) ) ;
#709 = CYLINDRICAL_SURFACE ( 'NONE', #2201, 0.5000000000043569592 ) ;
#710 = AXIS2_PLACEMENT_3D ( 'NONE', #1451, #539, #1627 ) ;
#711 = LINE ( 'NONE', #410, #2213 ) ;
#712 = CARTESIAN_POINT ( 'NONE',  ( -5.300000004172332524, -2.100000014175361862, -3.500000000000000000 ) ) ;
#713 = DIRECTION ( 'NONE',  ( 0.0000000000000000000, 0.0000000000000000000, 1.000000000000000000 ) ) ;
#714 = AXIS2_PLACEMENT_3D ( 'NONE', #620, #2257, #1908 ) ;
#715 = VERTEX_POINT ( 'NONE', #1270 ) ;
#716 = CARTESIAN_POINT ( 'NONE',  ( 3.550000000000000266, 0.0000000000000000000, 6.049999999999999822 ) ) ;
#717 = ORIENTED_EDGE ( 'NONE', *, *, #2323, .F. ) ;
#718 = ORIENTED_EDGE ( 'NONE', *, *, #618, .T. ) ;
#719 = DIRECTION ( 'NONE',  ( 0.0000000000000000000, 1.000000000000000000, 0.0000000000000000000 ) ) ;
#720 = ORIENTED_EDGE ( 'NONE', *, *, #1979, .T. ) ;
#721 = CARTESIAN_POINT ( 'NONE',  ( -3.020000000000000018, 0.0000000000000000000, -0.4998437404620090230 ) ) ;
#722 = ORIENTED_EDGE ( 'NONE', *, *, #2139, .T. ) ;
#723 = EDGE_CURVE ( 'NONE', #1530, #2040, #1329, .T. ) ;
#724 = AXIS2_PLACEMENT_3D ( 'NONE', #1377, #2137, #651 ) ;
#725 = ORIENTED_EDGE ( 'NONE', *, *, #437, .F. ) ;
#726 = ORIENTED_EDGE ( 'NONE', *, *, #2006, .T. ) ;
#727 = DIRECTION ( 'NONE',  ( 0.0000000000000000000, 1.000000000000000000, 0.0000000000000000000 ) ) ;
#728 = DIRECTION ( 'NONE',  ( 0.0000000000000000000, 0.0000000000000000000, -1.000000000000000000 ) ) ;
#729 = DIRECTION ( 'NONE',  ( -1.226706849465710091E-34, 8.232291519128171459E-26, 1.000000000000000000 ) ) ;
#730 = DIRECTION ( 'NONE',  ( 0.0000000000000000000, -1.000000000000000000, 0.0000000000000000000 ) ) ;
#731 = LINE ( 'NONE', #702, #821 ) ;
#732 = DIRECTION ( 'NONE',  ( 6.472848790958239474E-17, 9.645296779874050984E-26, -1.000000000000000000 ) ) ;
#733 = CIRCLE ( 'NONE', #963, 0.7999999985769399302 ) ;
#734 = DIRECTION ( 'NONE',  ( 0.0000000000000000000, 1.000000000000000000, 0.0000000000000000000 ) ) ;
#735 = FACE_OUTER_BOUND ( 'NONE', #1349, .T. ) ;
#736 = FACE_OUTER_BOUND ( 'NONE', #2036, .T. ) ;
#737 = EDGE_CURVE ( 'NONE', #832, #149, #1963, .T. ) ;
#738 = DIRECTION ( 'NONE',  ( -1.490117057510236766E-09, 1.000000000000000000, 0.0000000000000000000 ) ) ;
#739 = CYLINDRICAL_SURFACE ( 'NONE', #1158, 0.2500000000000002220 ) ;
#740 = EDGE_CURVE ( 'NONE', #225, #1041, #711, .T. ) ;
#741 = FACE_OUTER_BOUND ( 'NONE', #1285, .T. ) ;
#742 = CARTESIAN_POINT ( 'NONE',  ( -4.999999998509880861, -4.000000015348194715, 5.799999999999999822 ) ) ;
#743 = LINE ( 'NONE', #752, #864 ) ;
#744 = DIRECTION ( 'NONE',  ( 1.490116190161484065E-09, -1.000000000000000000, 0.0000000000000000000 ) ) ;
#745 = AXIS2_PLACEMENT_3D ( 'NONE', #2141, #99, #459 ) ;
#746 = ORIENTED_EDGE ( 'NONE', *, *, #1766, .F. ) ;
#747 = CARTESIAN_POINT ( 'NONE',  ( 4.209999997153880180, -0.2999999999999999889, -6.700000000000000178 ) ) ;
#748 = ORIENTED_EDGE ( 'NONE', *, *, #168, .F. ) ;
#749 = DIRECTION ( 'NONE',  ( 0.0000000000000000000, 0.0000000000000000000, 1.000000000000000000 ) ) ;
#750 = CARTESIAN_POINT ( 'NONE',  ( -3.020000000000000018, -0.2999999999999999889, -1.279843740462000001 ) ) ;
#751 = VERTEX_POINT ( 'NONE', #1498 ) ;
#752 = CARTESIAN_POINT ( 'NONE',  ( 5.000000000000000000, -3.000000000447035298, -5.799999999999999822 ) ) ;
#753 = ORIENTED_EDGE ( 'NONE', *, *, #1033, .F. ) ;
#754 = EDGE_LOOP ( 'NONE', ( #2142, #352, #1490, #2336 ) ) ;
#755 = DIRECTION ( 'NONE',  ( 0.0000000000000000000, 0.0000000000000000000, 1.000000000000000000 ) ) ;
#756 = ORIENTED_EDGE ( 'NONE', *, *, #2271, .T. ) ;
#757 = CARTESIAN_POINT ( 'NONE',  ( -4.200000000000000178, -3.000000000000000000, -7.799999999999999822 ) ) ;
#758 = AXIS2_PLACEMENT_3D ( 'NONE', #862, #303, #1231 ) ;
#759 = AXIS2_PLACEMENT_3D ( 'NONE', #605, #1919, #2285 ) ;
#760 = CARTESIAN_POINT ( 'NONE',  ( 4.200000000000000178, -1.089999998375774215, 7.799999997153880038 ) ) ;
#761 = COORDINATED_UNIVERSAL_TIME_OFFSET ( 2, 0, .AHEAD. ) ;
#762 = LINE ( 'NONE', #1540, #270 ) ;
#763 = DIRECTION ( 'NONE',  ( -1.000000000000000000, 0.0000000000000000000, 4.130293990420970376E-16 ) ) ;
#764 = CYLINDRICAL_SURFACE ( 'NONE', #551, 0.7799999999999910338 ) ;
#765 = CARTESIAN_POINT ( 'NONE',  ( 4.200000000000000178, -0.2999999999999999889, -6.700000000000000178 ) ) ;
#766 = LINE ( 'NONE', #1529, #246 ) ;
#767 = FACE_BOUND ( 'NONE', #2088, .T. ) ;
#768 = CARTESIAN_POINT ( 'NONE',  ( -4.209999997153865081, 0.0000000000000000000, -6.700000000000000178 ) ) ;
#769 = VECTOR ( 'NONE', #774, 1000.000000000000000 ) ;
#770 = DIRECTION ( 'NONE',  ( 0.0000000000000000000, 0.0000000000000000000, 1.000000000000000000 ) ) ;
#771 = DIRECTION ( 'NONE',  ( -1.000000000000000000, 0.0000000000000000000, 0.0000000000000000000 ) ) ;
#772 = AXIS2_PLACEMENT_3D ( 'NONE', #1284, #550, #901 ) ;
#773 = VERTEX_POINT ( 'NONE', #1136 ) ;
#774 = DIRECTION ( 'NONE',  ( 2.909294172505465254E-15, 0.0000000000000000000, 1.000000000000000000 ) ) ;
#775 = ORIENTED_EDGE ( 'NONE', *, *, #2041, .F. ) ;
#776 = AXIS2_PLACEMENT_3D ( 'NONE', #1862, #1321, #213 ) ;
#777 = DIRECTION ( 'NONE',  ( -1.000000000000000000, -0.0000000000000000000, 6.472848790958239474E-17 ) ) ;
#778 = ORIENTED_EDGE ( 'NONE', *, *, #300, .F. ) ;
#779 = ORIENTED_EDGE ( 'NONE', *, *, #2041, .T. ) ;
#780 = DIRECTION ( 'NONE',  ( 0.0000000000000000000, 1.000000000000000000, 0.0000000000000000000 ) ) ;
#781 = DIRECTION ( 'NONE',  ( -1.000000000000000000, 1.490116190161484065E-09, 0.0000000000000000000 ) ) ;
#782 = ORIENTED_EDGE ( 'NONE', *, *, #1517, .T. ) ;
#783 = ORIENTED_EDGE ( 'NONE', *, *, #737, .T. ) ;
#784 = EDGE_CURVE ( 'NONE', #1041, #51, #1137, .T. ) ;
#785 = EDGE_CURVE ( 'NONE', #689, #1642, #1636, .T. ) ;
#786 = DIRECTION ( 'NONE',  ( 0.0000000000000000000, 0.0000000000000000000, 1.000000000000000000 ) ) ;
#787 = CARTESIAN_POINT ( 'NONE',  ( 0.0000000000000000000, 0.0000000000000000000, 0.0000000000000000000 ) ) ;
#788 = AXIS2_PLACEMENT_3D ( 'NONE', #288, #1972, #472 ) ;
#789 = CARTESIAN_POINT ( 'NONE',  ( 5.299999997913849903, -1.599999998375775112, -3.500000000000000000 ) ) ;
#790 = AXIS2_PLACEMENT_3D ( 'NONE', #1821, #135, #1828 ) ;
#791 = PERSON_AND_ORGANIZATION ( #1343, #2356 ) ;
#792 = CARTESIAN_POINT ( 'NONE',  ( -2.301829268292685082, -10.00000000000000000, -0.9754906558399200067 ) ) ;
#793 = FACE_OUTER_BOUND ( 'NONE', #945, .T. ) ;
#794 = DIRECTION ( 'NONE',  ( 0.0000000000000000000, 1.000000000000000000, 0.0000000000000000000 ) ) ;
#795 = DIRECTION ( 'NONE',  ( 9.645296779874050984E-26, -1.000000000000000000, 1.490116190161484065E-09 ) ) ;
#796 = VECTOR ( 'NONE', #2020, 1000.000000000000000 ) ;
#797 = LINE ( 'NONE', #2101, #1447 ) ;
#798 = CARTESIAN_POINT ( 'NONE',  ( -5.299999999999999822, -3.000000000000000000, -6.700000000000000178 ) ) ;
#799 = LINE ( 'NONE', #561, #1868 ) ;
#800 = DIRECTION ( 'NONE',  ( -1.490117057510236766E-09, 1.000000000000000000, 0.0000000000000000000 ) ) ;
#801 = FACE_OUTER_BOUND ( 'NONE', #226, .T. ) ;
#802 = FACE_OUTER_BOUND ( 'NONE', #2065, .T. ) ;
#803 = AXIS2_PLACEMENT_3D ( 'NONE', #209, #734, #583 ) ;
#804 = ORIENTED_EDGE ( 'NONE', *, *, #121, .F. ) ;
#805 = DIRECTION ( 'NONE',  ( -1.490116190161484065E-09, -1.000000000000000000, 0.0000000000000000000 ) ) ;
#806 = CARTESIAN_POINT ( 'NONE',  ( 3.550000000000000266, -0.2999999999999999889, 6.049999999999999822 ) ) ;
#807 = DIRECTION ( 'NONE',  ( 1.000000000000000000, 0.0000000000000000000, 1.032573497605241854E-16 ) ) ;
#808 = ORIENTED_EDGE ( 'NONE', *, *, #293, .T. ) ;
#809 = ADVANCED_FACE ( 'NONE', ( #1083 ), #106, .F. ) ;
#810 = ORIENTED_EDGE ( 'NONE', *, *, #1466, .F. ) ;
#811 = VERTEX_POINT ( 'NONE', #950 ) ;
#812 = ORIENTED_EDGE ( 'NONE', *, *, #868, .F. ) ;
#813 = ORIENTED_EDGE ( 'NONE', *, *, #210, .F. ) ;
#814 = DIRECTION ( 'NONE',  ( 0.0000000000000000000, 0.0000000000000000000, 1.000000000000000000 ) ) ;
#815 = DIRECTION ( 'NONE',  ( 1.000000000000000000, 1.490116190161481997E-09, 5.524597057250979554E-17 ) ) ;
#816 = CARTESIAN_POINT ( 'NONE',  ( -5.300000002831207979, -1.100000014166647944, 3.500000000000000000 ) ) ;
#817 = DIRECTION ( 'NONE',  ( -1.490116190161484065E-09, 1.000000000000000000, 0.0000000000000000000 ) ) ;
#818 = ADVANCED_FACE ( 'NONE', ( #735 ), #2104, .F. ) ;
#819 = EDGE_CURVE ( 'NONE', #1424, #1268, #217, .T. ) ;
#820 = CARTESIAN_POINT ( 'NONE',  ( -2.301829268292714836, -0.2999999999999999889, 0.9754906558399399907 ) ) ;
#821 = VECTOR ( 'NONE', #1982, 1000.000000000000000 ) ;
#822 = CARTESIAN_POINT ( 'NONE',  ( 4.200000000000000178, -0.2999999999999999889, -6.709999997153880180 ) ) ;
#823 = FACE_BOUND ( 'NONE', #1735, .T. ) ;
#824 = CARTESIAN_POINT ( 'NONE',  ( 4.200000000000000178, -0.2999999999999999889, 6.709999997153880180 ) ) ;
#825 = FACE_OUTER_BOUND ( 'NONE', #660, .T. ) ;
#826 = VECTOR ( 'NONE', #989, 1000.000000000000000 ) ;
#827 = CIRCLE ( 'NONE', #137, 2.500000000000000000 ) ;
#828 = DIRECTION ( 'NONE',  ( 1.000000000000000000, 0.0000000000000000000, 0.0000000000000000000 ) ) ;
#829 = DIRECTION ( 'NONE',  ( 0.0000000000000000000, 0.0000000000000000000, 1.000000000000000000 ) ) ;
#830 = ORIENTED_EDGE ( 'NONE', *, *, #1133, .F. ) ;
#831 = CARTESIAN_POINT ( 'NONE',  ( -5.299999999999999822, -3.000000000000000000, 6.700000000000000178 ) ) ;
#832 = VERTEX_POINT ( 'NONE', #1520 ) ;
#833 = EDGE_CURVE ( 'NONE', #2098, #523, #337, .T. ) ;
#834 = AXIS2_PLACEMENT_3D ( 'NONE', #1904, #1526, #965 ) ;
#835 = DIRECTION ( 'NONE',  ( 0.0000000000000000000, -8.234446879636743648E-16, 1.000000000000000000 ) ) ;
#836 = ORIENTED_EDGE ( 'NONE', *, *, #1466, .T. ) ;
#837 = AXIS2_PLACEMENT_3D ( 'NONE', #1814, #530, #704 ) ;
#838 = VERTEX_POINT ( 'NONE', #1298 ) ;
#839 = PLANE ( 'NONE',  #1799 ) ;
#840 = DIRECTION ( 'NONE',  ( 0.0000000000000000000, 1.000000000000000000, 0.0000000000000000000 ) ) ;
#841 = EDGE_CURVE ( 'NONE', #376, #528, #1026, .T. ) ;
#842 = ORIENTED_EDGE ( 'NONE', *, *, #2341, .F. ) ;
#843 = ORIENTED_EDGE ( 'NONE', *, *, #1133, .T. ) ;
#844 = VERTEX_POINT ( 'NONE', #967 ) ;
#845 = CARTESIAN_POINT ( 'NONE',  ( -5.000000000000000000, -3.000000000447035298, -6.700000000000000178 ) ) ;
#846 = ADVANCED_FACE ( 'NONE', ( #656 ), #308, .F. ) ;
#847 = CARTESIAN_POINT ( 'NONE',  ( -5.299999995529649510, 0.0000000000000000000, 6.700000000000000178 ) ) ;
#848 = CARTESIAN_POINT ( 'NONE',  ( -4.999999995529649688, -4.470347703122709761E-10, 6.700000000000000178 ) ) ;
#849 = EDGE_CURVE ( 'NONE', #1824, #1346, #1600, .T. ) ;
#850 = PLANE ( 'NONE',  #2359 ) ;
#851 = AXIS2_PLACEMENT_3D ( 'NONE', #2283, #397, #1168 ) ;
#852 = VECTOR ( 'NONE', #1397, 1000.000000000000000 ) ;
#853 = EDGE_CURVE ( 'NONE', #2060, #396, #2079, .T. ) ;
#854 = CARTESIAN_POINT ( 'NONE',  ( -3.799999999999999822, -0.2999999999999999889, -1.279843740462000001 ) ) ;
#855 = FACE_OUTER_BOUND ( 'NONE', #1491, .T. ) ;
#856 = CARTESIAN_POINT ( 'NONE',  ( 3.799999999999999822, -10.00000000000000000, 6.049999999999999822 ) ) ;
#857 = CIRCLE ( 'NONE', #405, 0.7899999999999999245 ) ;
#858 = CARTESIAN_POINT ( 'NONE',  ( -5.300000001341091505, -2.100000014175361862, 3.500000000000000000 ) ) ;
#859 = CIRCLE ( 'NONE', #2052, 0.009999997153881286238 ) ;
#860 = VECTOR ( 'NONE', #1550, 1000.000000000000000 ) ;
#861 = ORIENTED_EDGE ( 'NONE', *, *, #2111, .F. ) ;
#862 = CARTESIAN_POINT ( 'NONE',  ( -4.200000000000000178, -1.090000000000000080, 6.700000000000000178 ) ) ;
#863 = LINE ( 'NONE', #1645, #2389 ) ;
#864 = VECTOR ( 'NONE', #1866, 1000.000000000000000 ) ;
#865 = ORIENTED_EDGE ( 'NONE', *, *, #2230, .T. ) ;
#866 = ORIENTED_EDGE ( 'NONE', *, *, #294, .F. ) ;
#867 = EDGE_CURVE ( 'NONE', #927, #114, #1505, .T. ) ;
#868 = EDGE_CURVE ( 'NONE', #2009, #2034, #2268, .T. ) ;
#869 = CARTESIAN_POINT ( 'NONE',  ( 4.200000000000000178, -1.090000000000000080, -6.709999997153880180 ) ) ;
#870 = ADVANCED_FACE ( 'NONE', ( #1781 ), #481, .F. ) ;
#871 = ORIENTED_EDGE ( 'NONE', *, *, #1392, .F. ) ;
#872 = CARTESIAN_POINT ( 'NONE',  ( 3.549999999999939870, 0.0000000000000000000, -6.299999999999999822 ) ) ;
#873 = EDGE_LOOP ( 'NONE', ( #672, #2398, #1938, #494 ) ) ;
#874 = APPLICATION_PROTOCOL_DEFINITION ( 'international standard', 'config_control_design', 1994, #2149 ) ;
#875 = AXIS2_PLACEMENT_3D ( 'NONE', #29, #580, #216 ) ;
#876 = EDGE_LOOP ( 'NONE', ( #486, #1681, #283, #1461 ) ) ;
#877 = CARTESIAN_POINT ( 'NONE',  ( 0.0000000000000000000, -10.00000000000000000, 2.500000000000000000 ) ) ;
#878 = ORIENTED_EDGE ( 'NONE', *, *, #210, .T. ) ;
#879 = DIRECTION ( 'NONE',  ( 0.0000000000000000000, -1.000000000000000000, 0.0000000000000000000 ) ) ;
#880 = PERSON_AND_ORGANIZATION ( #1343, #2356 ) ;
#881 = CARTESIAN_POINT ( 'NONE',  ( 5.000000000000000000, -3.000000000447035298, -6.599999999999999645 ) ) ;
#882 = AXIS2_PLACEMENT_3D ( 'NONE', #1883, #53, #2063 ) ;
#883 = FACE_BOUND ( 'NONE', #2002, .T. ) ;
#884 = DIRECTION ( 'NONE',  ( 1.000000000000000000, 1.490116190161481997E-09, 5.524597057250979554E-17 ) ) ;
#885 = AXIS2_PLACEMENT_3D ( 'NONE', #1521, #1147, #2265 ) ;
#886 = CIRCLE ( 'NONE', #1453, 0.7799999999999908118 ) ;
#887 = VERTEX_POINT ( 'NONE', #276 ) ;
#888 = LINE ( 'NONE', #847, #370 ) ;
#889 = CARTESIAN_POINT ( 'NONE',  ( 4.999999997168781185, -1.099999998818453006, -3.500000000000000000 ) ) ;
#890 = FACE_OUTER_BOUND ( 'NONE', #2313, .T. ) ;
#891 = DIRECTION ( 'NONE',  ( 0.0000000000000000000, 1.000000000000000000, 0.0000000000000000000 ) ) ;
#892 = VERTEX_POINT ( 'NONE', #1186 ) ;
#893 = ADVANCED_FACE ( 'NONE', ( #2240 ), #680, .F. ) ;
#894 = ORIENTED_EDGE ( 'NONE', *, *, #1857, .F. ) ;
#895 = DIRECTION ( 'NONE',  ( 0.0000000000000000000, 1.000000000000000000, 0.0000000000000000000 ) ) ;
#896 = VERTEX_POINT ( 'NONE', #820 ) ;
#897 = ORIENTED_EDGE ( 'NONE', *, *, #1203, .T. ) ;
#898 = ORIENTED_EDGE ( 'NONE', *, *, #2382, .F. ) ;
#899 = ORIENTED_EDGE ( 'NONE', *, *, #1392, .T. ) ;
#900 = EDGE_CURVE ( 'NONE', #517, #1087, #1106, .T. ) ;
#901 = DIRECTION ( 'NONE',  ( 0.0000000000000000000, 0.0000000000000000000, 1.000000000000000000 ) ) ;
#902 = ORIENTED_EDGE ( 'NONE', *, *, #499, .F. ) ;
#903 = ORIENTED_EDGE ( 'NONE', *, *, #1310, .F. ) ;
#904 = AXIS2_PLACEMENT_3D ( 'NONE', #1434, #345, #395 ) ;
#905 = DIRECTION ( 'NONE',  ( 0.0000000000000000000, 0.0000000000000000000, 1.000000000000000000 ) ) ;
#906 = CARTESIAN_POINT ( 'NONE',  ( -4.200000000000000178, -1.089999998375774215, -6.700000000000000178 ) ) ;
#907 = DIRECTION ( 'NONE',  ( 1.000000000000000000, 1.490116190161481997E-09, 5.524597057250979554E-17 ) ) ;
#908 = CARTESIAN_POINT ( 'NONE',  ( 4.200000000000000178, -1.089999998375774215, -7.499999998576940108 ) ) ;
#909 = SHAPE_DEFINITION_REPRESENTATION ( #102, #1342 ) ;
#910 = EDGE_CURVE ( 'NONE', #1825, #751, #1278, .T. ) ;
#911 = DIRECTION ( 'NONE',  ( 0.0000000000000000000, 0.0000000000000000000, 1.000000000000000000 ) ) ;
#912 = LINE ( 'NONE', #961, #1301 ) ;
#913 = EDGE_CURVE ( 'NONE', #171, #1062, #766, .T. ) ;
#914 = CYLINDRICAL_SURFACE ( 'NONE', #960, 1.089999999999999858 ) ;
#915 = DIRECTION ( 'NONE',  ( 0.0000000000000000000, 1.000000000000000000, 0.0000000000000000000 ) ) ;
#916 = VECTOR ( 'NONE', #75, 1000.000000000000000 ) ;
#917 = DIRECTION ( 'NONE',  ( 0.0000000000000000000, 1.000000000000000000, 0.0000000000000000000 ) ) ;
#918 = AXIS2_PLACEMENT_3D ( 'NONE', #980, #996, #1155 ) ;
#919 = ADVANCED_FACE ( 'NONE', ( #365 ), #914, .T. ) ;
#920 = CYLINDRICAL_SURFACE ( 'NONE', #2116, 0.2500000000000140998 ) ;
#921 = VECTOR ( 'NONE', #7, 1000.000000000000000 ) ;
#922 = AXIS2_PLACEMENT_3D ( 'NONE', #2100, #635, #609 ) ;
#923 = DIRECTION ( 'NONE',  ( -1.490117057510236766E-09, 1.000000000000000000, 0.0000000000000000000 ) ) ;
#924 = CARTESIAN_POINT ( 'NONE',  ( 5.000000000000000000, -3.000000000447035298, 6.700000000000000178 ) ) ;
#925 = ORIENTED_EDGE ( 'NONE', *, *, #49, .T. ) ;
#926 = CARTESIAN_POINT ( 'NONE',  ( 0.0000000000000000000, -10.00000000000000000, 0.0000000000000000000 ) ) ;
#927 = VERTEX_POINT ( 'NONE', #1909 ) ;
#928 = DIRECTION ( 'NONE',  ( 0.0000000000000000000, 0.0000000000000000000, -1.000000000000000000 ) ) ;
#929 = ORIENTED_EDGE ( 'NONE', *, *, #1655, .F. ) ;
#930 = DIRECTION ( 'NONE',  ( -1.490116190161481997E-09, 1.000000000000000000, -8.232291519128171459E-26 ) ) ;
#931 = ORIENTED_EDGE ( 'NONE', *, *, #1456, .F. ) ;
#932 = AXIS2_PLACEMENT_3D ( 'NONE', #1888, #638, #817 ) ;
#933 = VERTEX_POINT ( 'NONE', #642 ) ;
#934 = CARTESIAN_POINT ( 'NONE',  ( -4.999999997153880216, -1.089999998822807958, -6.700000000000000178 ) ) ;
#935 = DIRECTION ( 'NONE',  ( 1.000000000000000000, 0.0000000000000000000, 0.0000000000000000000 ) ) ;
#936 = DIRECTION ( 'NONE',  ( 0.0000000000000000000, -1.000000000000000000, 0.0000000000000000000 ) ) ;
#937 = LINE ( 'NONE', #1201, #2296 ) ;
#938 = PLANE ( 'NONE',  #2008 ) ;
#939 = CYLINDRICAL_SURFACE ( 'NONE', #837, 0.7899999999999999245 ) ;
#940 = ORIENTED_EDGE ( 'NONE', *, *, #607, .F. ) ;
#941 = CARTESIAN_POINT ( 'NONE',  ( -4.200000000000000178, -1.090000000000000080, 6.709999997153880180 ) ) ;
#942 = CIRCLE ( 'NONE', #2073, 0.5000000000043569592 ) ;
#943 = EDGE_CURVE ( 'NONE', #1852, #1854, #42, .T. ) ;
#944 = VECTOR ( 'NONE', #156, 1000.000000000000000 ) ;
#945 = EDGE_LOOP ( 'NONE', ( #1769, #641, #2136, #1582 ) ) ;
#946 = ORIENTED_EDGE ( 'NONE', *, *, #1500, .T. ) ;
#947 = AXIS2_PLACEMENT_3D ( 'NONE', #1503, #1892, #935 ) ;
#948 = CARTESIAN_POINT ( 'NONE',  ( 5.000000001490120027, -4.000000000447034409, -6.599999999999999645 ) ) ;
#949 = ORIENTED_EDGE ( 'NONE', *, *, #1317, .T. ) ;
#950 = CARTESIAN_POINT ( 'NONE',  ( -2.301829268292685082, 0.0000000000000000000, -0.9754906558399200067 ) ) ;
#951 = EDGE_LOOP ( 'NONE', ( #469, #2306, #1677, #753 ) ) ;
#952 = VERTEX_POINT ( 'NONE', #1729 ) ;
#953 = CARTESIAN_POINT ( 'NONE',  ( -4.999999997153880216, -1.089999998822807958, 6.700000000000000178 ) ) ;
#954 = ORIENTED_EDGE ( 'NONE', *, *, #2089, .F. ) ;
#955 = VERTEX_POINT ( 'NONE', #2297 ) ;
#956 = DIRECTION ( 'NONE',  ( 0.0000000000000000000, 1.000000000000000000, 0.0000000000000000000 ) ) ;
#957 = EDGE_LOOP ( 'NONE', ( #695, #2192, #1673, #1580 ) ) ;
#958 = ORIENTED_EDGE ( 'NONE', *, *, #2368, .F. ) ;
#959 = EDGE_CURVE ( 'NONE', #1551, #1844, #1446, .T. ) ;
#960 = AXIS2_PLACEMENT_3D ( 'NONE', #1354, #267, #98 ) ;
#961 = CARTESIAN_POINT ( 'NONE',  ( -4.200000000000000178, -4.470347703122709761E-10, 7.499999995529649688 ) ) ;
#962 = ORIENTED_EDGE ( 'NONE', *, *, #1871, .F. ) ;
#963 = AXIS2_PLACEMENT_3D ( 'NONE', #1656, #384, #2197 ) ;
#964 = EDGE_CURVE ( 'NONE', #1369, #2314, #2158, .T. ) ;
#965 = DIRECTION ( 'NONE',  ( 0.0000000000000000000, 0.0000000000000000000, 1.000000000000000000 ) ) ;
#966 = CARTESIAN_POINT ( 'NONE',  ( -5.299999997153870268, -1.089999998375774215, -6.700000000000000178 ) ) ;
#967 = CARTESIAN_POINT ( 'NONE',  ( -2.301829268292685082, -0.2999999999999999889, -0.9754906558399200067 ) ) ;
#968 = DIRECTION ( 'NONE',  ( 0.0000000000000000000, 0.0000000000000000000, -1.000000000000000000 ) ) ;
#969 = CIRCLE ( 'NONE', #97, 0.7999999985769399302 ) ;
#970 = DIRECTION ( 'NONE',  ( 1.000000000000000000, 1.490116190161481997E-09, 5.524597057250979554E-17 ) ) ;
#971 = LINE ( 'NONE', #448, #161 ) ;
#972 = EDGE_CURVE ( 'NONE', #838, #1504, #971, .T. ) ;
#973 = LINE ( 'NONE', #1923, #1506 ) ;
#974 = AXIS2_PLACEMENT_3D ( 'NONE', #1956, #1360, #1553 ) ;
#975 = CARTESIAN_POINT ( 'NONE',  ( -4.209999997153865081, 0.0000000000000000000, -6.700000000000000178 ) ) ;
#976 = VECTOR ( 'NONE', #1714, 1000.000000000000000 ) ;
#977 = CIRCLE ( 'NONE', #464, 0.5000000000043569592 ) ;
#978 = DIRECTION ( 'NONE',  ( -1.000000000000000000, -1.490115901040910181E-09, 0.0000000000000000000 ) ) ;
#979 = CARTESIAN_POINT ( 'NONE',  ( 4.200000000000000178, -3.000000000000000000, -6.700000000000000178 ) ) ;
#980 = CARTESIAN_POINT ( 'NONE',  ( 0.0000000000000000000, 0.0000000000000000000, 0.0000000000000000000 ) ) ;
#981 = ORIENTED_EDGE ( 'NONE', *, *, #1378, .F. ) ;
#982 = DIRECTION ( 'NONE',  ( 0.0000000000000000000, 0.0000000000000000000, 1.000000000000000000 ) ) ;
#983 = ORIENTED_EDGE ( 'NONE', *, *, #1683, .T. ) ;
#984 = CARTESIAN_POINT ( 'NONE',  ( 4.200000000000000178, 0.0000000000000000000, -6.709999997153880180 ) ) ;
#985 = ORIENTED_EDGE ( 'NONE', *, *, #339, .T. ) ;
#986 = ORIENTED_EDGE ( 'NONE', *, *, #1871, .T. ) ;
#987 = CARTESIAN_POINT ( 'NONE',  ( 5.299999999999999822, -3.000000000000000000, 6.700000000000000178 ) ) ;
#988 = ORIENTED_EDGE ( 'NONE', *, *, #900, .T. ) ;
#989 = DIRECTION ( 'NONE',  ( 1.000000000000000000, 1.490116190161481997E-09, 5.524597057250979554E-17 ) ) ;
#990 = ADVANCED_FACE ( 'NONE', ( #1052 ), #131, .F. ) ;
#991 = EDGE_CURVE ( 'NONE', #1045, #892, #273, .T. ) ;
#992 = EDGE_CURVE ( 'NONE', #887, #927, #1193, .T. ) ;
#993 = DIRECTION ( 'NONE',  ( 0.0000000000000000000, 0.0000000000000000000, 1.000000000000000000 ) ) ;
#994 = CARTESIAN_POINT ( 'NONE',  ( 3.549999999999939870, -0.2999999999999999889, -6.049999999999999822 ) ) ;
#995 = EDGE_LOOP ( 'NONE', ( #2, #2091, #783, #1192 ) ) ;
#996 = DIRECTION ( 'NONE',  ( 0.0000000000000000000, -1.000000000000000000, 0.0000000000000000000 ) ) ;
#997 = AXIS2_PLACEMENT_3D ( 'NONE', #1887, #1142, #2072 ) ;
#998 = COORDINATED_UNIVERSAL_TIME_OFFSET ( 2, 0, .AHEAD. ) ;
#999 = LINE ( 'NONE', #1562, #1250 ) ;
#1000 = FACE_BOUND ( 'NONE', #571, .T. ) ;
#1001 = ADVANCED_FACE ( 'NONE', ( #2328 ), #1253, .T. ) ;
#1002 = VECTOR ( 'NONE', #145, 1000.000000000000000 ) ;
#1003 = DIRECTION ( 'NONE',  ( 0.0000000000000000000, 1.000000000000000000, 0.0000000000000000000 ) ) ;
#1004 = VECTOR ( 'NONE', #103, 1000.000000000000000 ) ;
#1005 = CIRCLE ( 'NONE', #997, 0.7800000000000000266 ) ;
#1006 = AXIS2_PLACEMENT_3D ( 'NONE', #1350, #1009, #1920 ) ;
#1007 = VERTEX_POINT ( 'NONE', #1017 ) ;
#1008 = AXIS2_PLACEMENT_3D ( 'NONE', #475, #662, #1961 ) ;
#1009 = DIRECTION ( 'NONE',  ( 1.000000000000000000, 1.490116190161484065E-09, 6.472848790958239474E-17 ) ) ;
#1010 = DIRECTION ( 'NONE',  ( -1.000000000000000000, -0.0000000000000000000, 4.777578869516790379E-16 ) ) ;
#1011 = ORIENTED_EDGE ( 'NONE', *, *, #1422, .F. ) ;
#1012 = DIRECTION ( 'NONE',  ( 0.0000000000000000000, 0.0000000000000000000, -1.000000000000000000 ) ) ;
#1013 = ORIENTED_EDGE ( 'NONE', *, *, #1762, .T. ) ;
#1014 = DIRECTION ( 'NONE',  ( 1.954618001100635067E-15, 0.0000000000000000000, 1.000000000000000000 ) ) ;
#1015 = ORIENTED_EDGE ( 'NONE', *, *, #375, .T. ) ;
#1016 = EDGE_LOOP ( 'NONE', ( #931, #866, #1795, #1586 ) ) ;
#1017 = CARTESIAN_POINT ( 'NONE',  ( -4.200000000000000178, 0.0000000000000000000, -6.709999997153880180 ) ) ;
#1018 = CARTESIAN_POINT ( 'NONE',  ( -3.799999999999999822, 0.0000000000000000000, -1.279843740462000001 ) ) ;
#1019 = CARTESIAN_POINT ( 'NONE',  ( -5.299999998509870025, -4.000000015795230013, 5.799999999999999822 ) ) ;
#1020 = EDGE_CURVE ( 'NONE', #2117, #2060, #1815, .T. ) ;
#1021 = LINE ( 'NONE', #562, #2182 ) ;
#1022 = AXIS2_PLACEMENT_3D ( 'NONE', #1732, #2260, #452 ) ;
#1023 = LINE ( 'NONE', #122, #104 ) ;
#1024 = DIRECTION ( 'NONE',  ( 0.0000000000000000000, 0.0000000000000000000, 1.000000000000000000 ) ) ;
#1025 = ORIENTED_EDGE ( 'NONE', *, *, #667, .F. ) ;
#1026 = CIRCLE ( 'NONE', #776, 0.5000000000043569592 ) ;
#1027 = LINE ( 'NONE', #2294, #420 ) ;
#1028 = PLANE ( 'NONE',  #1783 ) ;
#1029 = VECTOR ( 'NONE', #1798, 1000.000000000000000 ) ;
#1030 = CYLINDRICAL_SURFACE ( 'NONE', #211, 0.5000000000043569592 ) ;
#1031 = PLANE ( 'NONE',  #2232 ) ;
#1032 = EDGE_LOOP ( 'NONE', ( #812, #296, #432, #1092, #608, #1341, #1554, #82, #646 ) ) ;
#1033 = EDGE_CURVE ( 'NONE', #2342, #1763, #423, .T. ) ;
#1034 = EDGE_CURVE ( 'NONE', #198, #887, #1303, .T. ) ;
#1035 = DIRECTION ( 'NONE',  ( 0.0000000000000000000, 0.0000000000000000000, -1.000000000000000000 ) ) ;
#1036 = EDGE_LOOP ( 'NONE', ( #1482, #2392, #1885, #22 ) ) ;
#1037 = ADVANCED_FACE ( 'NONE', ( #741 ), #1596, .F. ) ;
#1038 = AXIS2_PLACEMENT_3D ( 'NONE', #2292, #1760, #1364 ) ;
#1039 = ORIENTED_EDGE ( 'NONE', *, *, #1906, .F. ) ;
#1040 = CARTESIAN_POINT ( 'NONE',  ( 5.299999997168791666, -1.099999998371417931, -3.500000000000000000 ) ) ;
#1041 = VERTEX_POINT ( 'NONE', #661 ) ;
#1042 = CARTESIAN_POINT ( 'NONE',  ( 0.0000000000000000000, -0.2999999999999999889, 0.0000000000000000000 ) ) ;
#1043 = EDGE_LOOP ( 'NONE', ( #946, #1787, #585, #355, #1797, #292, #700, #1402 ) ) ;
#1044 = PLANE ( 'NONE',  #297 ) ;
#1045 = VERTEX_POINT ( 'NONE', #854 ) ;
#1046 = DIRECTION ( 'NONE',  ( 0.0000000000000000000, -8.234446879636743648E-16, -1.000000000000000000 ) ) ;
#1047 = CARTESIAN_POINT ( 'NONE',  ( -4.200000000000000178, 0.0000000000000000000, -6.700000000000000178 ) ) ;
#1048 = AXIS2_PLACEMENT_3D ( 'NONE', #1734, #2319, #835 ) ;
#1049 = CARTESIAN_POINT ( 'NONE',  ( -4.999999997168772303, -1.100000013719612868, 3.500000000000000000 ) ) ;
#1050 = TOROIDAL_SURFACE ( 'NONE', #788, 0.009999997153879549780, 1.090000000000000080 ) ;
#1051 = CC_DESIGN_PERSON_AND_ORGANIZATION_ASSIGNMENT ( #1382, #1598, ( #319 ) ) ;
#1052 = FACE_OUTER_BOUND ( 'NONE', #876, .T. ) ;
#1053 = DIRECTION ( 'NONE',  ( 0.0000000000000000000, 0.0000000000000000000, -1.000000000000000000 ) ) ;
#1054 = CYLINDRICAL_SURFACE ( 'NONE', #2291, 1.089999999999999858 ) ;
#1055 = LINE ( 'NONE', #1164, #1109 ) ;
#1056 = CARTESIAN_POINT ( 'NONE',  ( 4.200000000000000178, -3.000000000447035298, -7.500000000000000000 ) ) ;
#1057 = VECTOR ( 'NONE', #1128, 1000.000000000000000 ) ;
#1058 = VERTEX_POINT ( 'NONE', #671 ) ;
#1059 = DIRECTION ( 'NONE',  ( 0.0000000000000000000, 1.000000000000000000, 0.0000000000000000000 ) ) ;
#1060 = PERSON_AND_ORGANIZATION_ROLE ( 'design_owner' ) ;
#1061 = ORIENTED_EDGE ( 'NONE', *, *, #2043, .F. ) ;
#1062 = VERTEX_POINT ( 'NONE', #1950 ) ;
#1063 = EDGE_CURVE ( 'NONE', #1424, #554, #134, .T. ) ;
#1064 = CARTESIAN_POINT ( 'NONE',  ( 3.799999999999999822, 0.0000000000000000000, -1.279843740462027979 ) ) ;
#1065 = ORIENTED_EDGE ( 'NONE', *, *, #154, .T. ) ;
#1066 = ORIENTED_EDGE ( 'NONE', *, *, #2071, .T. ) ;
#1067 = CARTESIAN_POINT ( 'NONE',  ( -3.550000000000000266, -10.00000000000000000, -6.299999999999999822 ) ) ;
#1068 = ORIENTED_EDGE ( 'NONE', *, *, #2228, .T. ) ;
#1069 =( NAMED_UNIT ( * ) PLANE_ANGLE_UNIT ( ) SI_UNIT ( $, .RADIAN. ) );
#1070 = ADVANCED_FACE ( 'NONE', ( #73 ), #839, .T. ) ;
#1071 = VERTEX_POINT ( 'NONE', #287 ) ;
#1072 = CARTESIAN_POINT ( 'NONE',  ( 3.799999999999954969, 0.0000000000000000000, -1.279843740462027979 ) ) ;
#1073 = DIRECTION ( 'NONE',  ( 0.0000000000000000000, 1.000000000000000000, 1.490116190161484065E-09 ) ) ;
#1074 = CARTESIAN_POINT ( 'NONE',  ( -4.200000000000000178, -0.2999999999999999889, -6.700000000000000178 ) ) ;
#1075 = EDGE_CURVE ( 'NONE', #383, #466, #1361, .T. ) ;
#1076 = AXIS2_PLACEMENT_3D ( 'NONE', #1784, #2165, #2132 ) ;
#1077 = FACE_OUTER_BOUND ( 'NONE', #17, .T. ) ;
#1078 = CARTESIAN_POINT ( 'NONE',  ( -4.999999997913830541, -1.600000013723970049, -3.500000000000000000 ) ) ;
#1079 = AXIS2_PLACEMENT_3D ( 'NONE', #1339, #1899, #1730 ) ;
#1080 = FACE_OUTER_BOUND ( 'NONE', #665, .T. ) ;
#1081 = EDGE_CURVE ( 'NONE', #1570, #1758, #1170, .T. ) ;
#1082 = DIRECTION ( 'NONE',  ( 1.000000000000000000, 0.0000000000000000000, 0.0000000000000000000 ) ) ;
#1083 = FACE_OUTER_BOUND ( 'NONE', #552, .T. ) ;
#1084 = CYLINDRICAL_SURFACE ( 'NONE', #1197, 1.099999998576939753 ) ;
#1085 = ORIENTED_EDGE ( 'NONE', *, *, #170, .F. ) ;
#1086 = LINE ( 'NONE', #196, #1228 ) ;
#1087 = VERTEX_POINT ( 'NONE', #1040 ) ;
#1088 = VERTEX_POINT ( 'NONE', #1049 ) ;
#1089 = CARTESIAN_POINT ( 'NONE',  ( -3.799999999999999822, -10.00000000000000000, -6.049999999999999822 ) ) ;
#1090 = AXIS2_PLACEMENT_3D ( 'NONE', #2350, #1980, #1768 ) ;
#1091 = ADVANCED_FACE ( 'NONE', ( #1479 ), #2163, .F. ) ;
#1092 = ORIENTED_EDGE ( 'NONE', *, *, #2228, .F. ) ;
#1093 = DIRECTION ( 'NONE',  ( 0.0000000000000000000, 0.0000000000000000000, 1.000000000000000000 ) ) ;
#1094 = ORIENTED_EDGE ( 'NONE', *, *, #666, .T. ) ;
#1095 = AXIS2_PLACEMENT_3D ( 'NONE', #367, #188, #1831 ) ;
#1096 = DIRECTION ( 'NONE',  ( 1.226706849465710091E-34, -8.232291519128171459E-26, -1.000000000000000000 ) ) ;
#1097 = ORIENTED_EDGE ( 'NONE', *, *, #1777, .T. ) ;
#1098 = DIRECTION ( 'NONE',  ( 0.0000000000000000000, 1.000000000000000000, 0.0000000000000000000 ) ) ;
#1099 = CARTESIAN_POINT ( 'NONE',  ( -4.200000000000000178, -1.089999998375774215, 7.799999997153880038 ) ) ;
#1100 = CIRCLE ( 'NONE', #1522, 0.7899999999999999245 ) ;
#1101 = EDGE_CURVE ( 'NONE', #520, #471, #888, .T. ) ;
#1102 = CARTESIAN_POINT ( 'NONE',  ( -3.550000000000000266, -0.2999999999999999889, 6.049999999999999822 ) ) ;
#1103 = FACE_OUTER_BOUND ( 'NONE', #2367, .T. ) ;
#1104 = EDGE_CURVE ( 'NONE', #1058, #1087, #977, .T. ) ;
#1105 = CARTESIAN_POINT ( 'NONE',  ( -4.200000000000000178, -1.090000000000000080, -6.709999997153880180 ) ) ;
#1106 = LINE ( 'NONE', #621, #1839 ) ;
#1107 = CIRCLE ( 'NONE', #259, 0.7800000000000001377 ) ;
#1108 = AXIS2_PLACEMENT_3D ( 'NONE', #237, #2095, #2249 ) ;
#1109 = VECTOR ( 'NONE', #677, 1000.000000000000000 ) ;
#1110 = ORIENTED_EDGE ( 'NONE', *, *, #544, .F. ) ;
#1111 = VECTOR ( 'NONE', #755, 1000.000000000000000 ) ;
#1112 = AXIS2_PLACEMENT_3D ( 'NONE', #2289, #65, #84 ) ;
#1113 = CARTESIAN_POINT ( 'NONE',  ( 5.299999995529649510, 0.0000000000000000000, 6.700000000000000178 ) ) ;
#1114 = FACE_OUTER_BOUND ( 'NONE', #1452, .T. ) ;
#1115 = DIRECTION ( 'NONE',  ( 0.0000000000000000000, 0.0000000000000000000, -1.000000000000000000 ) ) ;
#1116 = ORIENTED_EDGE ( 'NONE', *, *, #1389, .T. ) ;
#1117 = CARTESIAN_POINT ( 'NONE',  ( 3.799999999999999822, -0.2999999999999999889, 1.279843740461944046 ) ) ;
#1118 = ORIENTED_EDGE ( 'NONE', *, *, #619, .F. ) ;
#1119 = CARTESIAN_POINT ( 'NONE',  ( -4.200000000000000178, -1.089999998822807958, 7.499999997153879328 ) ) ;
#1120 = ORIENTED_EDGE ( 'NONE', *, *, #1700, .F. ) ;
#1121 = AXIS2_PLACEMENT_3D ( 'NONE', #806, #1745, #1371 ) ;
#1122 = ORIENTED_EDGE ( 'NONE', *, *, #109, .T. ) ;
#1123 = ORIENTED_EDGE ( 'NONE', *, *, #1762, .F. ) ;
#1124 = DIRECTION ( 'NONE',  ( 1.000000000000000000, 0.0000000000000000000, -1.954618001100635067E-15 ) ) ;
#1125 = CARTESIAN_POINT ( 'NONE',  ( 3.799999999999954969, -0.2999999999999999889, -1.279843740462027979 ) ) ;
#1126 =( GEOMETRIC_REPRESENTATION_CONTEXT ( 3 ) GLOBAL_UNCERTAINTY_ASSIGNED_CONTEXT ( ( #1942 ) ) GLOBAL_UNIT_ASSIGNED_CONTEXT ( ( #526, #1069, #2366 ) ) REPRESENTATION_CONTEXT ( 'NONE', 'WORKASPACE' ) );
#1127 = EDGE_LOOP ( 'NONE', ( #2251, #30, #584, #663 ) ) ;
#1128 = DIRECTION ( 'NONE',  ( 1.032573497605241854E-16, -1.490116190161484065E-09, -1.000000000000000000 ) ) ;
#1129 = ORIENTED_EDGE ( 'NONE', *, *, #1439, .T. ) ;
#1130 = DIRECTION ( 'NONE',  ( 0.0000000000000000000, 0.0000000000000000000, 1.000000000000000000 ) ) ;
#1131 = DIRECTION ( 'NONE',  ( 0.0000000000000000000, 0.0000000000000000000, 1.000000000000000000 ) ) ;
#1132 = VECTOR ( 'NONE', #840, 1000.000000000000000 ) ;
#1133 = EDGE_CURVE ( 'NONE', #2370, #2248, #1727, .T. ) ;
#1134 = CARTESIAN_POINT ( 'NONE',  ( 4.200000000000000178, -1.090000000000000080, -6.709999997153880180 ) ) ;
#1135 = VECTOR ( 'NONE', #594, 1000.000000000000000 ) ;
#1136 = CARTESIAN_POINT ( 'NONE',  ( 4.200000000000000178, -3.000000000000000000, 7.799999999999999822 ) ) ;
#1137 = LINE ( 'NONE', #1495, #1538 ) ;
#1138 = EDGE_CURVE ( 'NONE', #896, #1288, #827, .T. ) ;
#1139 = FACE_OUTER_BOUND ( 'NONE', #1850, .T. ) ;
#1140 = CARTESIAN_POINT ( 'NONE',  ( -4.999999997913830541, -1.600000013723970049, 3.500000000000000000 ) ) ;
#1141 = CYLINDRICAL_SURFACE ( 'NONE', #1112, 0.7800000000000001377 ) ;
#1142 = DIRECTION ( 'NONE',  ( 0.0000000000000000000, 1.000000000000000000, 0.0000000000000000000 ) ) ;
#1143 = ORIENTED_EDGE ( 'NONE', *, *, #498, .T. ) ;
#1144 = CARTESIAN_POINT ( 'NONE',  ( 2.301829268292714836, 0.0000000000000000000, 0.9754906558399399907 ) ) ;
#1145 = ORIENTED_EDGE ( 'NONE', *, *, #1905, .F. ) ;
#1146 = DIRECTION ( 'NONE',  ( -1.000000000000000000, 0.0000000000000000000, 4.130293990420970376E-16 ) ) ;
#1147 = DIRECTION ( 'NONE',  ( 1.490116190161484065E-09, -1.000000000000000000, 9.645296779874060167E-26 ) ) ;
#1148 = ORIENTED_EDGE ( 'NONE', *, *, #1034, .F. ) ;
#1149 = EDGE_LOOP ( 'NONE', ( #871, #27, #692, #346 ) ) ;
#1150 = CARTESIAN_POINT ( 'NONE',  ( 4.200000000000000178, -3.000000000000000000, -7.799999999999999822 ) ) ;
#1151 = EDGE_LOOP ( 'NONE', ( #1767, #2316, #897, #1867, #2279, #1561, #2039, #636 ) ) ;
#1152 = ORIENTED_EDGE ( 'NONE', *, *, #667, .T. ) ;
#1153 = EDGE_CURVE ( 'NONE', #1590, #2370, #194, .T. ) ;
#1154 = EDGE_CURVE ( 'NONE', #2068, #480, #1509, .T. ) ;
#1155 = DIRECTION ( 'NONE',  ( 0.0000000000000000000, 0.0000000000000000000, 1.000000000000000000 ) ) ;
#1156 = AXIS2_PLACEMENT_3D ( 'NONE', #425, #444, #633 ) ;
#1157 = CARTESIAN_POINT ( 'NONE',  ( -4.999999998509880861, -4.000000015348194715, 6.599999999999999645 ) ) ;
#1158 = AXIS2_PLACEMENT_3D ( 'NONE', #1524, #1003, #982 ) ;
#1159 = CARTESIAN_POINT ( 'NONE',  ( -3.550000000000000266, 0.0000000000000000000, 6.049999999999999822 ) ) ;
#1160 = CARTESIAN_POINT ( 'NONE',  ( 4.200000000000000178, -1.090000000000000080, -6.700000000000000178 ) ) ;
#1161 = VECTOR ( 'NONE', #1548, 1000.000000000000000 ) ;
#1162 = ADVANCED_FACE ( 'NONE', ( #2302 ), #1030, .F. ) ;
#1163 = LINE ( 'NONE', #567, #2357 ) ;
#1164 = CARTESIAN_POINT ( 'NONE',  ( 4.200000000000000178, -0.2999999999999999889, 6.299999999999999822 ) ) ;
#1165 = VECTOR ( 'NONE', #1098, 1000.000000000000000 ) ;
#1166 = VECTOR ( 'NONE', #1744, 1000.000000000000000 ) ;
#1167 = AXIS2_PLACEMENT_3D ( 'NONE', #1242, #2365, #1082 ) ;
#1168 = DIRECTION ( 'NONE',  ( -1.490117057510236766E-09, 1.000000000000000000, 0.0000000000000000000 ) ) ;
#1169 = VECTOR ( 'NONE', #2387, 1000.000000000000000 ) ;
#1170 = CIRCLE ( 'NONE', #311, 0.009999997153879551515 ) ;
#1171 = DIRECTION ( 'NONE',  ( -1.490116190161484065E-09, -1.000000000000000000, 0.0000000000000000000 ) ) ;
#1172 = DIRECTION ( 'NONE',  ( -2.909294172505490497E-15, 0.0000000000000000000, -1.000000000000000000 ) ) ;
#1173 = CARTESIAN_POINT ( 'NONE',  ( -5.299999999999999822, -3.000000015795230013, 5.799999999999999822 ) ) ;
#1174 = ORIENTED_EDGE ( 'NONE', *, *, #992, .F. ) ;
#1175 = DIRECTION ( 'NONE',  ( 0.0000000000000000000, 0.0000000000000000000, 1.000000000000000000 ) ) ;
#1176 = VERTEX_POINT ( 'NONE', #361 ) ;
#1177 = CC_DESIGN_DATE_AND_TIME_ASSIGNMENT ( #1776, #683, ( #1488 ) ) ;
#1178 = VERTEX_POINT ( 'NONE', #2018 ) ;
#1179 = ORIENTED_EDGE ( 'NONE', *, *, #1195, .T. ) ;
#1180 = ORIENTED_EDGE ( 'NONE', *, *, #1104, .F. ) ;
#1181 = CARTESIAN_POINT ( 'NONE',  ( 4.200000000000000178, -0.2999999999999999889, -6.700000000000000178 ) ) ;
#1182 = EDGE_LOOP ( 'NONE', ( #925, #2284, #808, #1793 ) ) ;
#1183 = EDGE_LOOP ( 'NONE', ( #1061, #1929, #1116, #166 ) ) ;
#1184 = DIRECTION ( 'NONE',  ( 1.000000000000000000, 0.0000000000000000000, 0.0000000000000000000 ) ) ;
#1185 = EDGE_CURVE ( 'NONE', #2098, #320, #514, .T. ) ;
#1186 = CARTESIAN_POINT ( 'NONE',  ( -3.799999999999999822, -0.2999999999999999889, -6.049999999999999822 ) ) ;
#1187 = DIRECTION ( 'NONE',  ( 6.472848790958239474E-17, 0.0000000000000000000, -1.000000000000000000 ) ) ;
#1188 = AXIS2_PLACEMENT_3D ( 'NONE', #1218, #1401, #495 ) ;
#1189 = FACE_BOUND ( 'NONE', #2394, .T. ) ;
#1190 = FACE_OUTER_BOUND ( 'NONE', #1016, .T. ) ;
#1191 = DIRECTION ( 'NONE',  ( 1.000000000000000000, 1.490116190161484065E-09, 6.472848790958239474E-17 ) ) ;
#1192 = ORIENTED_EDGE ( 'NONE', *, *, #2305, .F. ) ;
#1193 = LINE ( 'NONE', #615, #540 ) ;
#1194 = VECTOR ( 'NONE', #236, 1000.000000000000000 ) ;
#1195 = EDGE_CURVE ( 'NONE', #1648, #206, #2029, .T. ) ;
#1196 = VECTOR ( 'NONE', #2066, 1000.000000000000000 ) ;
#1197 = AXIS2_PLACEMENT_3D ( 'NONE', #219, #2270, #2247 ) ;
#1198 = ADVANCED_FACE ( 'NONE', ( #801 ), #686, .F. ) ;
#1199 = EDGE_LOOP ( 'NONE', ( #1208, #2038 ) ) ;
#1200 = AXIS2_PLACEMENT_3D ( 'NONE', #750, #936, #1115 ) ;
#1201 = CARTESIAN_POINT ( 'NONE',  ( -5.299999999999999822, -3.000000015795230013, 5.799999999999999822 ) ) ;
#1202 = ORIENTED_EDGE ( 'NONE', *, *, #1153, .F. ) ;
#1203 = EDGE_CURVE ( 'NONE', #462, #1648, #2217, .T. ) ;
#1204 = CARTESIAN_POINT ( 'NONE',  ( -4.999999997913830541, -1.600000013723970049, 3.500000000000000000 ) ) ;
#1205 = ORIENTED_EDGE ( 'NONE', *, *, #1737, .F. ) ;
#1206 = CARTESIAN_POINT ( 'NONE',  ( 3.019999999999964935, -0.2999999999999999889, -1.279843740462096147 ) ) ;
#1207 = ORIENTED_EDGE ( 'NONE', *, *, #77, .T. ) ;
#1208 = ORIENTED_EDGE ( 'NONE', *, *, #1230, .T. ) ;
#1209 = DIRECTION ( 'NONE',  ( -1.490117057510236766E-09, 1.000000000000000000, 0.0000000000000000000 ) ) ;
#1210 = ORIENTED_EDGE ( 'NONE', *, *, #707, .F. ) ;
#1211 = ADVANCED_FACE ( 'NONE', ( #338 ), #2107, .F. ) ;
#1212 = AXIS2_PLACEMENT_3D ( 'NONE', #2171, #884, #1403 ) ;
#1213 = ORIENTED_EDGE ( 'NONE', *, *, #58, .T. ) ;
#1214 = EDGE_CURVE ( 'NONE', #751, #1976, #548, .T. ) ;
#1215 = DIRECTION ( 'NONE',  ( 1.000000000000000000, 1.490116190161481997E-09, 5.524597057250979554E-17 ) ) ;
#1216 = APPROVAL_STATUS ( 'not_yet_approved' ) ;
#1217 = FACE_OUTER_BOUND ( 'NONE', #1269, .T. ) ;
#1218 = CARTESIAN_POINT ( 'NONE',  ( 4.999999997913839422, -1.599999998822809966, -3.500000000000000000 ) ) ;
#1219 = LINE ( 'NONE', #1018, #705 ) ;
#1220 = ADVANCED_FACE ( 'NONE', ( #1450 ), #1803, .T. ) ;
#1221 = CYLINDRICAL_SURFACE ( 'NONE', #534, 2.500000000000000000 ) ;
#1222 = FACE_OUTER_BOUND ( 'NONE', #1149, .T. ) ;
#1223 = DIRECTION ( 'NONE',  ( 1.000000000000000000, 1.490116190161481997E-09, 5.524597057250979554E-17 ) ) ;
#1224 = DIRECTION ( 'NONE',  ( 1.000000000000000000, 0.0000000000000000000, 0.0000000000000000000 ) ) ;
#1225 = CIRCLE ( 'NONE', #2188, 1.089999999999999858 ) ;
#1226 = VECTOR ( 'NONE', #79, 1000.000000000000000 ) ;
#1227 = DIRECTION ( 'NONE',  ( 0.0000000000000000000, 0.0000000000000000000, -1.000000000000000000 ) ) ;
#1228 = VECTOR ( 'NONE', #1351, 1000.000000000000000 ) ;
#1229 = EDGE_CURVE ( 'NONE', #462, #1178, #78, .T. ) ;
#1230 = EDGE_CURVE ( 'NONE', #517, #1307, #632, .T. ) ;
#1231 = DIRECTION ( 'NONE',  ( 0.0000000000000000000, 0.0000000000000000000, 1.000000000000000000 ) ) ;
#1232 = ORIENTED_EDGE ( 'NONE', *, *, #94, .T. ) ;
#1233 = AXIS2_PLACEMENT_3D ( 'NONE', #614, #805, #993 ) ;
#1234 = ORIENTED_EDGE ( 'NONE', *, *, #547, .T. ) ;
#1235 = DIRECTION ( 'NONE',  ( -1.490116190161484065E-09, -1.000000000000000000, 9.645296779874050984E-26 ) ) ;
#1236 = AXIS2_PLACEMENT_3D ( 'NONE', #477, #1565, #1953 ) ;
#1237 = ORIENTED_EDGE ( 'NONE', *, *, #1988, .T. ) ;
#1238 = ORIENTED_EDGE ( 'NONE', *, *, #1273, .F. ) ;
#1239 = VERTEX_POINT ( 'NONE', #721 ) ;
#1240 = DIRECTION ( 'NONE',  ( 0.0000000000000000000, -1.000000000000000000, 0.0000000000000000000 ) ) ;
#1241 = EDGE_LOOP ( 'NONE', ( #1847, #1345 ) ) ;
#1242 = CARTESIAN_POINT ( 'NONE',  ( 4.209999997153880180, -1.090000000000000080, 6.700000000000000178 ) ) ;
#1243 = ORIENTED_EDGE ( 'NONE', *, *, #463, .F. ) ;
#1244 = DIRECTION ( 'NONE',  ( 0.0000000000000000000, 0.0000000000000000000, 1.000000000000000000 ) ) ;
#1245 = AXIS2_PLACEMENT_3D ( 'NONE', #1682, #587, #1874 ) ;
#1246 = PLANE ( 'NONE',  #127 ) ;
#1247 = AXIS2_PLACEMENT_3D ( 'NONE', #1251, #2344, #1224 ) ;
#1248 = APPROVAL_PERSON_ORGANIZATION ( #1807, #2218, #1818 ) ;
#1249 = CARTESIAN_POINT ( 'NONE',  ( 5.300000001490110080, -4.000000000000000000, -6.599999999999999645 ) ) ;
#1250 = VECTOR ( 'NONE', #24, 1000.000000000000000 ) ;
#1251 = CARTESIAN_POINT ( 'NONE',  ( 0.0000000000000000000, 0.0000000000000000000, 0.0000000000000000000 ) ) ;
#1252 = VECTOR ( 'NONE', #1649, 1000.000000000000000 ) ;
#1253 = TOROIDAL_SURFACE ( 'NONE', #1534, 0.009999997153881289708, 1.090000000000000080 ) ;
#1254 = CARTESIAN_POINT ( 'NONE',  ( -3.799999999999999822, -10.00000000000000000, -1.279843740462000001 ) ) ;
#1255 = LINE ( 'NONE', #421, #2051 ) ;
#1256 = DIRECTION ( 'NONE',  ( 0.0000000000000000000, 1.000000000000000000, 0.0000000000000000000 ) ) ;
#1257 = LINE ( 'NONE', #224, #1196 ) ;
#1258 = ORIENTED_EDGE ( 'NONE', *, *, #2152, .T. ) ;
#1259 = CARTESIAN_POINT ( 'NONE',  ( 4.999999998658897660, -2.099999998827166703, -3.499999999999999556 ) ) ;
#1260 = EDGE_LOOP ( 'NONE', ( #929, #865, #256, #146 ) ) ;
#1261 = DIRECTION ( 'NONE',  ( 0.0000000000000000000, -1.000000000000000000, 0.0000000000000000000 ) ) ;
#1262 = ORIENTED_EDGE ( 'NONE', *, *, #1442, .F. ) ;
#1263 = EDGE_CURVE ( 'NONE', #2114, #2370, #314, .T. ) ;
#1264 = CARTESIAN_POINT ( 'NONE',  ( 4.200000000000000178, 0.0000000000000000000, 6.700000000000000178 ) ) ;
#1265 = EDGE_LOOP ( 'NONE', ( #1822, #1678, #197, #2273, #2374, #2001, #1483, #1800 ) ) ;
#1266 = CARTESIAN_POINT ( 'NONE',  ( 4.999999997913839422, -1.599999998822809966, -3.500000000000000000 ) ) ;
#1267 = ORIENTED_EDGE ( 'NONE', *, *, #1081, .F. ) ;
#1268 = VERTEX_POINT ( 'NONE', #1249 ) ;
#1269 = EDGE_LOOP ( 'NONE', ( #2376, #262, #756, #1039 ) ) ;
#1270 = CARTESIAN_POINT ( 'NONE',  ( 4.200000000000000178, -3.000000000000000000, 7.499999998576940108 ) ) ;
#1271 = CARTESIAN_POINT ( 'NONE',  ( -3.020000000000000018, -10.00000000000000000, -0.4998437404620090230 ) ) ;
#1272 = CARTESIAN_POINT ( 'NONE',  ( -5.300000004917389873, -1.600000014171004903, -3.500000000000000000 ) ) ;
#1273 = EDGE_CURVE ( 'NONE', #149, #1619, #1845, .T. ) ;
#1274 = EDGE_CURVE ( 'NONE', #892, #2248, #1969, .T. ) ;
#1275 = COORDINATED_UNIVERSAL_TIME_OFFSET ( 2, 0, .AHEAD. ) ;
#1276 = AXIS2_PLACEMENT_3D ( 'NONE', #2200, #1632, #1073 ) ;
#1277 = VECTOR ( 'NONE', #2355, 1000.000000000000000 ) ;
#1278 = CIRCLE ( 'NONE', #1359, 0.2500000000000140998 ) ;
#1279 = VECTOR ( 'NONE', #2261, 1000.000000000000000 ) ;
#1280 = CIRCLE ( 'NONE', #1525, 0.2500000000000002220 ) ;
#1281 = LINE ( 'NONE', #20, #453 ) ;
#1282 = CARTESIAN_POINT ( 'NONE',  ( 5.299999999999999822, -3.000000000000000000, 6.700000000000000178 ) ) ;
#1283 = VERTEX_POINT ( 'NONE', #2030 ) ;
#1284 = CARTESIAN_POINT ( 'NONE',  ( -3.020000000000000018, 0.0000000000000000000, -1.279843740462000001 ) ) ;
#1285 = EDGE_LOOP ( 'NONE', ( #1513, #940, #1856, #668 ) ) ;
#1286 = DIRECTION ( 'NONE',  ( 0.0000000000000000000, 0.0000000000000000000, -1.000000000000000000 ) ) ;
#1287 = VERTEX_POINT ( 'NONE', #908 ) ;
#1288 = VERTEX_POINT ( 'NONE', #2206 ) ;
#1289 = CARTESIAN_POINT ( 'NONE',  ( 5.299999997153870268, -1.089999998375774215, -6.700000000000000178 ) ) ;
#1290 = ORIENTED_EDGE ( 'NONE', *, *, #1075, .T. ) ;
#1291 = DIRECTION ( 'NONE',  ( 1.000000000000000000, 1.490116190161481997E-09, 5.524597057250979554E-17 ) ) ;
#1292 = ORIENTED_EDGE ( 'NONE', *, *, #2274, .T. ) ;
#1293 = PRODUCT_DEFINITION_FORMATION_WITH_SPECIFIED_SOURCE ( 'ANY', '', #590, .NOT_KNOWN. ) ;
#1294 = DIRECTION ( 'NONE',  ( 0.0000000000000000000, 0.0000000000000000000, -1.000000000000000000 ) ) ;
#1295 = CARTESIAN_POINT ( 'NONE',  ( -5.300000002086149742, -1.600000014171004903, 3.500000000000000000 ) ) ;
#1296 = DIRECTION ( 'NONE',  ( 0.0000000000000000000, -1.000000000000000000, 0.0000000000000000000 ) ) ;
#1297 = LINE ( 'NONE', #676, #852 ) ;
#1298 = CARTESIAN_POINT ( 'NONE',  ( 2.301829268292714836, -0.2999999999999999889, 0.9754906558399399907 ) ) ;
#1299 = LINE ( 'NONE', #2219, #1537 ) ;
#1300 = EDGE_CURVE ( 'NONE', #1860, #558, #863, .T. ) ;
#1301 = VECTOR ( 'NONE', #2103, 1000.000000000000000 ) ;
#1302 = LINE ( 'NONE', #1964, #2362 ) ;
#1303 = LINE ( 'NONE', #987, #1666 ) ;
#1304 = AXIS2_PLACEMENT_3D ( 'NONE', #47, #625, #2115 ) ;
#1305 = DIRECTION ( 'NONE',  ( 6.472848790958239474E-17, 9.645296779874050984E-26, -1.000000000000000000 ) ) ;
#1306 = LINE ( 'NONE', #2245, #2000 ) ;
#1307 = VERTEX_POINT ( 'NONE', #1259 ) ;
#1308 = ORIENTED_EDGE ( 'NONE', *, *, #1075, .F. ) ;
#1309 = ORIENTED_EDGE ( 'NONE', *, *, #2111, .T. ) ;
#1310 = EDGE_CURVE ( 'NONE', #286, #715, #1393, .T. ) ;
#1311 = AXIS2_PLACEMENT_3D ( 'NONE', #1266, #150, #1635 ) ;
#1312 = ORIENTED_EDGE ( 'NONE', *, *, #1736, .F. ) ;
#1313 = CARTESIAN_POINT ( 'NONE',  ( 5.300000001490130508, -4.000000000000000000, -5.799999999999999822 ) ) ;
#1314 = AXIS2_PLACEMENT_3D ( 'NONE', #1140, #2086, #33 ) ;
#1315 = VERTEX_POINT ( 'NONE', #1475 ) ;
#1316 = ORIENTED_EDGE ( 'NONE', *, *, #1832, .T. ) ;
#1317 = EDGE_CURVE ( 'NONE', #2040, #520, #1607, .T. ) ;
#1318 = ORIENTED_EDGE ( 'NONE', *, *, #991, .F. ) ;
#1319 = DIRECTION ( 'NONE',  ( 0.0000000000000000000, 1.000000000000000000, 0.0000000000000000000 ) ) ;
#1320 = PLANE ( 'NONE',  #714 ) ;
#1321 = DIRECTION ( 'NONE',  ( 1.000000000000000000, 1.490116190161481997E-09, 5.524597057250979554E-17 ) ) ;
#1322 = CARTESIAN_POINT ( 'NONE',  ( -5.300000002086149742, -1.600000014171004903, 3.500000000000000000 ) ) ;
#1323 = CARTESIAN_POINT ( 'NONE',  ( 3.550000000000000266, -10.00000000000000000, 6.049999999999999822 ) ) ;
#1324 = CALENDAR_DATE ( 2020, 13, 10 ) ;
#1325 = AXIS2_PLACEMENT_3D ( 'NONE', #869, #321, #1991 ) ;
#1326 = FACE_BOUND ( 'NONE', #1241, .T. ) ;
#1327 = DIRECTION ( 'NONE',  ( 0.0000000000000000000, 1.000000000000000000, 0.0000000000000000000 ) ) ;
#1328 = CARTESIAN_POINT ( 'NONE',  ( 3.550000000000000266, 0.0000000000000000000, 6.299999999999999822 ) ) ;
#1329 = CIRCLE ( 'NONE', #658, 1.089999999999999858 ) ;
#1330 = EDGE_CURVE ( 'NONE', #1178, #2117, #1333, .T. ) ;
#1331 = FACE_OUTER_BOUND ( 'NONE', #2092, .T. ) ;
#1332 = CIRCLE ( 'NONE', #1427, 0.2500000000000002220 ) ;
#1333 = LINE ( 'NONE', #1113, #2275 ) ;
#1334 = EDGE_LOOP ( 'NONE', ( #1626, #610, #1129, #490 ) ) ;
#1335 = ADVANCED_FACE ( 'NONE', ( #2056 ), #1542, .F. ) ;
#1336 = ORIENTED_EDGE ( 'NONE', *, *, #2152, .F. ) ;
#1337 = CARTESIAN_POINT ( 'NONE',  ( -5.299999998509870025, -4.000000015795230013, 6.599999999999999645 ) ) ;
#1338 = CARTESIAN_POINT ( 'NONE',  ( 5.299999999999999822, -3.000000000000000000, 6.700000000000000178 ) ) ;
#1339 = CARTESIAN_POINT ( 'NONE',  ( -5.300000004917389873, -1.600000014171004903, -3.500000000000000000 ) ) ;
#1340 = ORIENTED_EDGE ( 'NONE', *, *, #2084, .T. ) ;
#1341 = ORIENTED_EDGE ( 'NONE', *, *, #547, .F. ) ;
#1342 = ADVANCED_BREP_SHAPE_REPRESENTATION ( 'MS156-10F', ( #69, #1247 ), #1126 ) ;
#1343 = PERSON ( 'UNSPECIFIED', 'UNSPECIFIED', 'UNSPECIFIED', ('UNSPECIFIED'), ('UNSPECIFIED'), ('UNSPECIFIED') ) ;
#1344 = PLANE ( 'NONE',  #932 ) ;
#1345 = ORIENTED_EDGE ( 'NONE', *, *, #37, .T. ) ;
#1346 = VERTEX_POINT ( 'NONE', #2046 ) ;
#1347 = EDGE_CURVE ( 'NONE', #554, #927, #1902, .T. ) ;
#1348 = EDGE_CURVE ( 'NONE', #773, #715, #252, .T. ) ;
#1349 = EDGE_LOOP ( 'NONE', ( #1849, #1516, #55, #1205 ) ) ;
#1350 = CARTESIAN_POINT ( 'NONE',  ( 4.999999997913839422, -1.599999998822809966, 3.500000000000000000 ) ) ;
#1351 = DIRECTION ( 'NONE',  ( -1.000000000000000000, 0.0000000000000000000, 4.130293990420970376E-16 ) ) ;
#1352 = AXIS2_PLACEMENT_3D ( 'NONE', #1047, #2007, #1053 ) ;
#1353 = DIRECTION ( 'NONE',  ( 0.0000000000000000000, 0.0000000000000000000, -1.000000000000000000 ) ) ;
#1354 = CARTESIAN_POINT ( 'NONE',  ( -4.200000000000000178, -1.090000000000000080, 6.709999997153880180 ) ) ;
#1355 = COORDINATED_UNIVERSAL_TIME_OFFSET ( 2, 0, .AHEAD. ) ;
#1356 = CARTESIAN_POINT ( 'NONE',  ( 4.200000000000000178, 0.0000000000000000000, 6.700000000000000178 ) ) ;
#1357 = VECTOR ( 'NONE', #655, 1000.000000000000000 ) ;
#1358 = LINE ( 'NONE', #1528, #1993 ) ;
#1359 = AXIS2_PLACEMENT_3D ( 'NONE', #994, #1934, #470 ) ;
#1360 = DIRECTION ( 'NONE',  ( 0.0000000000000000000, 1.000000000000000000, 0.0000000000000000000 ) ) ;
#1361 = LINE ( 'NONE', #1396, #48 ) ;
#1362 = CC_DESIGN_PERSON_AND_ORGANIZATION_ASSIGNMENT ( #2324, #1060, ( #590 ) ) ;
#1363 = DIRECTION ( 'NONE',  ( 0.0000000000000000000, 1.000000000000000000, 0.0000000000000000000 ) ) ;
#1364 = DIRECTION ( 'NONE',  ( 0.0000000000000000000, 0.0000000000000000000, 1.000000000000000000 ) ) ;
#1365 = CIRCLE ( 'NONE', #2205, 0.5000000000043569592 ) ;
#1366 = CARTESIAN_POINT ( 'NONE',  ( 3.799999999999999822, -10.00000000000000000, 6.049999999999999822 ) ) ;
#1367 = ORIENTED_EDGE ( 'NONE', *, *, #1468, .T. ) ;
#1368 = CC_DESIGN_PERSON_AND_ORGANIZATION_ASSIGNMENT ( #791, #326, ( #1293 ) ) ;
#1369 = VERTEX_POINT ( 'NONE', #747 ) ;
#1370 = ORIENTED_EDGE ( 'NONE', *, *, #910, .F. ) ;
#1371 = DIRECTION ( 'NONE',  ( 0.0000000000000000000, 0.0000000000000000000, -1.000000000000000000 ) ) ;
#1372 = DIRECTION ( 'NONE',  ( 0.0000000000000000000, 1.000000000000000000, 0.0000000000000000000 ) ) ;
#1373 = VERTEX_POINT ( 'NONE', #2049 ) ;
#1374 = CARTESIAN_POINT ( 'NONE',  ( -4.200000000000000178, -3.000000000000000000, -7.499999998576940108 ) ) ;
#1375 = ORIENTED_EDGE ( 'NONE', *, *, #401, .F. ) ;
#1376 = ORIENTED_EDGE ( 'NONE', *, *, #972, .F. ) ;
#1377 = CARTESIAN_POINT ( 'NONE',  ( -4.999999997913830541, -1.600000013723970049, -3.500000000000000000 ) ) ;
#1378 = EDGE_CURVE ( 'NONE', #343, #1644, #1281, .T. ) ;
#1379 = DIRECTION ( 'NONE',  ( 0.0000000000000000000, -1.000000000000000000, 0.0000000000000000000 ) ) ;
#1380 = CARTESIAN_POINT ( 'NONE',  ( -4.999999998576930338, -1.089999998375774215, -6.700000000000000178 ) ) ;
#1381 = ADVANCED_FACE ( 'NONE', ( #13 ), #1388, .F. ) ;
#1382 = PERSON_AND_ORGANIZATION ( #1343, #2356 ) ;
#1383 = DIRECTION ( 'NONE',  ( -0.0000000000000000000, 1.000000000000000000, -0.0000000000000000000 ) ) ;
#1384 = VECTOR ( 'NONE', #52, 1000.000000000000000 ) ;
#1385 = DIRECTION ( 'NONE',  ( -1.490116190161484065E-09, -1.000000000000000000, 0.0000000000000000000 ) ) ;
#1386 = VECTOR ( 'NONE', #1172, 1000.000000000000000 ) ;
#1387 = DIRECTION ( 'NONE',  ( 0.0000000000000000000, 0.0000000000000000000, -1.000000000000000000 ) ) ;
#1388 = CYLINDRICAL_SURFACE ( 'NONE', #2210, 0.5000000000043569592 ) ;
#1389 = EDGE_CURVE ( 'NONE', #1765, #286, #1418, .T. ) ;
#1390 = FACE_OUTER_BOUND ( 'NONE', #1918, .T. ) ;
#1391 = ORIENTED_EDGE ( 'NONE', *, *, #2397, .F. ) ;
#1392 = EDGE_CURVE ( 'NONE', #383, #1652, #132, .T. ) ;
#1393 = LINE ( 'NONE', #1465, #921 ) ;
#1394 = ORIENTED_EDGE ( 'NONE', *, *, #784, .T. ) ;
#1395 = AXIS2_PLACEMENT_3D ( 'NONE', #142, #1591, #1046 ) ;
#1396 = CARTESIAN_POINT ( 'NONE',  ( -4.200000000000000178, -4.470347703122709761E-10, -7.499999995529649688 ) ) ;
#1397 = DIRECTION ( 'NONE',  ( 0.0000000000000000000, 0.0000000000000000000, 1.000000000000000000 ) ) ;
#1398 = ORIENTED_EDGE ( 'NONE', *, *, #1955, .F. ) ;
#1399 = AXIS2_PLACEMENT_3D ( 'NONE', #1204, #280, #2150 ) ;
#1400 = ADVANCED_FACE ( 'NONE', ( #1331 ), #938, .T. ) ;
#1401 = DIRECTION ( 'NONE',  ( 1.000000000000000000, 1.490116190161484065E-09, 6.472848790958239474E-17 ) ) ;
#1402 = ORIENTED_EDGE ( 'NONE', *, *, #1330, .T. ) ;
#1403 = DIRECTION ( 'NONE',  ( -1.490117057510236766E-09, 1.000000000000000000, 0.0000000000000000000 ) ) ;
#1404 = ORIENTED_EDGE ( 'NONE', *, *, #2237, .T. ) ;
#1405 = ORIENTED_EDGE ( 'NONE', *, *, #2183, .F. ) ;
#1406 = PLANE ( 'NONE',  #790 ) ;
#1407 = AXIS2_PLACEMENT_3D ( 'NONE', #2118, #1757, #1024 ) ;
#1408 = ORIENTED_EDGE ( 'NONE', *, *, #2354, .T. ) ;
#1409 = CARTESIAN_POINT ( 'NONE',  ( 4.999999995529649688, -4.470347703122709761E-10, 6.700000000000000178 ) ) ;
#1410 = ADVANCED_FACE ( 'NONE', ( #1965 ), #2215, .F. ) ;
#1411 = DIRECTION ( 'NONE',  ( 0.0000000000000000000, 0.0000000000000000000, -1.000000000000000000 ) ) ;
#1412 = LINE ( 'NONE', #1986, #1533 ) ;
#1413 = CARTESIAN_POINT ( 'NONE',  ( -5.299999999999999822, -3.000000000000000000, 6.599999999999999645 ) ) ;
#1414 = TOROIDAL_SURFACE ( 'NONE', #1038, 0.009999997153879549780, 0.7900000000000000355 ) ;
#1415 = EDGE_LOOP ( 'NONE', ( #1234, #1367, #2364, #778 ) ) ;
#1416 = DIRECTION ( 'NONE',  ( -1.960053859272355159E-15, -0.0000000000000000000, 1.000000000000000000 ) ) ;
#1417 = CIRCLE ( 'NONE', #626, 0.7800000000000001377 ) ;
#1418 = LINE ( 'NONE', #1119, #1869 ) ;
#1419 = ADVANCED_FACE ( 'NONE', ( #736 ), #1054, .T. ) ;
#1420 = CARTESIAN_POINT ( 'NONE',  ( 3.549999999999939870, -10.00000000000000000, -6.299999999999999822 ) ) ;
#1421 = FACE_BOUND ( 'NONE', #2138, .T. ) ;
#1422 = EDGE_CURVE ( 'NONE', #1758, #1437, #218, .T. ) ;
#1423 = ORIENTED_EDGE ( 'NONE', *, *, #1185, .F. ) ;
#1424 = VERTEX_POINT ( 'NONE', #948 ) ;
#1425 = DIRECTION ( 'NONE',  ( -0.0000000000000000000, -0.0000000000000000000, -1.000000000000000000 ) ) ;
#1426 = DATE_TIME_ROLE ( 'classification_date' ) ;
#1427 = AXIS2_PLACEMENT_3D ( 'NONE', #2143, #309, #1387 ) ;
#1428 = EDGE_LOOP ( 'NONE', ( #1025, #1671, #988, #1886 ) ) ;
#1429 = DIRECTION ( 'NONE',  ( -1.000000000000000000, 0.0000000000000000000, 3.909236002201275657E-15 ) ) ;
#1430 = ORIENTED_EDGE ( 'NONE', *, *, #1832, .F. ) ;
#1431 = ORIENTED_EDGE ( 'NONE', *, *, #849, .F. ) ;
#1432 = ORIENTED_EDGE ( 'NONE', *, *, #1347, .T. ) ;
#1433 = CARTESIAN_POINT ( 'NONE',  ( 4.209999997153880180, -0.2999999999999999889, 6.700000000000000178 ) ) ;
#1434 = CARTESIAN_POINT ( 'NONE',  ( 0.0000000000000000000, 0.0000000000000000000, 0.0000000000000000000 ) ) ;
#1435 = ADVANCED_FACE ( 'NONE', ( #247 ), #2208, .F. ) ;
#1436 = ORIENTED_EDGE ( 'NONE', *, *, #315, .F. ) ;
#1437 = VERTEX_POINT ( 'NONE', #1855 ) ;
#1438 = DIRECTION ( 'NONE',  ( 1.000000000000000000, 0.0000000000000000000, 0.0000000000000000000 ) ) ;
#1439 = EDGE_CURVE ( 'NONE', #1619, #933, #2329, .T. ) ;
#1440 = EDGE_CURVE ( 'NONE', #503, #114, #2159, .T. ) ;
#1441 = PLANE ( 'NONE',  #1095 ) ;
#1442 = EDGE_CURVE ( 'NONE', #1648, #1458, #859, .T. ) ;
#1443 = DIRECTION ( 'NONE',  ( 0.0000000000000000000, 0.0000000000000000000, 1.000000000000000000 ) ) ;
#1444 = LOCAL_TIME ( 12, 43, 4.000000000000000000, #761 ) ;
#1445 = LINE ( 'NONE', #1614, #597 ) ;
#1446 = LINE ( 'NONE', #436, #1662 ) ;
#1447 = VECTOR ( 'NONE', #2254, 1000.000000000000000 ) ;
#1448 = DIRECTION ( 'NONE',  ( -1.490117057510236766E-09, -1.000000000000000000, 0.0000000000000000000 ) ) ;
#1449 = VECTOR ( 'NONE', #688, 1000.000000000000000 ) ;
#1450 = FACE_OUTER_BOUND ( 'NONE', #691, .T. ) ;
#1451 = CARTESIAN_POINT ( 'NONE',  ( -4.200000000000000178, -3.000000000000000000, -6.700000000000000178 ) ) ;
#1452 = EDGE_LOOP ( 'NONE', ( #167, #720, #557, #1914 ) ) ;
#1453 = AXIS2_PLACEMENT_3D ( 'NONE', #1606, #1240, #1035 ) ;
#1454 = PLANE ( 'NONE',  #282 ) ;
#1455 = ORIENTED_EDGE ( 'NONE', *, *, #2122, .T. ) ;
#1456 = EDGE_CURVE ( 'NONE', #2203, #2170, #2386, .T. ) ;
#1457 = DIRECTION ( 'NONE',  ( -1.490117057510236766E-09, 1.000000000000000000, 0.0000000000000000000 ) ) ;
#1458 = VERTEX_POINT ( 'NONE', #984 ) ;
#1459 = EDGE_LOOP ( 'NONE', ( #836, #1404, #1733, #1460 ) ) ;
#1460 = ORIENTED_EDGE ( 'NONE', *, *, #698, .F. ) ;
#1461 = ORIENTED_EDGE ( 'NONE', *, *, #329, .T. ) ;
#1462 = DIRECTION ( 'NONE',  ( -1.490116190161481997E-09, 1.000000000000000000, -8.232291519128171459E-26 ) ) ;
#1463 = CARTESIAN_POINT ( 'NONE',  ( 4.200000000000000178, -3.000000000447035298, -7.500000000000000000 ) ) ;
#1464 = ORIENTED_EDGE ( 'NONE', *, *, #1707, .F. ) ;
#1465 = CARTESIAN_POINT ( 'NONE',  ( 4.200000000000000178, -4.470347703122709761E-10, 7.499999995529649688 ) ) ;
#1466 = EDGE_CURVE ( 'NONE', #460, #1877, #366, .T. ) ;
#1467 = DIRECTION ( 'NONE',  ( -1.032573497605241854E-16, 1.490116190161484065E-09, 1.000000000000000000 ) ) ;
#1468 = EDGE_CURVE ( 'NONE', #896, #2161, #797, .T. ) ;
#1469 = DIRECTION ( 'NONE',  ( 1.000000000000000000, -1.490116190161484065E-09, 0.0000000000000000000 ) ) ;
#1470 = APPROVAL_DATE_TIME ( #362, #1592 ) ;
#1471 = CARTESIAN_POINT ( 'NONE',  ( -3.799999999999999822, -0.2999999999999999889, 6.049999999999999822 ) ) ;
#1472 = CC_DESIGN_APPROVAL ( #1592, ( #1293 ) ) ;
#1473 = CIRCLE ( 'NONE', #623, 0.5000000000043569592 ) ;
#1474 = AXIS2_PLACEMENT_3D ( 'NONE', #357, #1647, #545 ) ;
#1475 = CARTESIAN_POINT ( 'NONE',  ( 0.0000000000000000000, 0.0000000000000000000, 2.500000000000000000 ) ) ;
#1476 = FACE_BOUND ( 'NONE', #1620, .T. ) ;
#1477 = CARTESIAN_POINT ( 'NONE',  ( -5.300000004172331636, -2.100000014175361862, -3.500000000000000000 ) ) ;
#1478 = CIRCLE ( 'NONE', #1474, 0.5000000000043569592 ) ;
#1479 = FACE_OUTER_BOUND ( 'NONE', #1549, .T. ) ;
#1480 = ORIENTED_EDGE ( 'NONE', *, *, #578, .T. ) ;
#1481 = DIRECTION ( 'NONE',  ( -1.490116190161481997E-09, 1.000000000000000000, -8.232291519128171459E-26 ) ) ;
#1482 = ORIENTED_EDGE ( 'NONE', *, *, #1556, .T. ) ;
#1483 = ORIENTED_EDGE ( 'NONE', *, *, #1317, .F. ) ;
#1484 = CARTESIAN_POINT ( 'NONE',  ( 5.000000000000000000, -3.000000000447035298, 6.700000000000000178 ) ) ;
#1485 = AXIS2_PLACEMENT_3D ( 'NONE', #443, #649, #2096 ) ;
#1486 = ORIENTED_EDGE ( 'NONE', *, *, #1063, .T. ) ;
#1487 = DIRECTION ( 'NONE',  ( 0.0000000000000000000, 1.000000000000000000, 0.0000000000000000000 ) ) ;
#1488 = PRODUCT_DEFINITION ( 'UNKNOWN', '', #1293, #532 ) ;
#1489 = ORIENTED_EDGE ( 'NONE', *, *, #833, .F. ) ;
#1490 = ORIENTED_EDGE ( 'NONE', *, *, #1273, .T. ) ;
#1491 = EDGE_LOOP ( 'NONE', ( #644, #1915, #2112, #258 ) ) ;
#1492 = EDGE_LOOP ( 'NONE', ( #1480, #1738, #1237, #1398 ) ) ;
#1493 = CARTESIAN_POINT ( 'NONE',  ( 0.0000000000000000000, -10.00000000000000000, 0.0000000000000000000 ) ) ;
#1494 = ORIENTED_EDGE ( 'NONE', *, *, #2183, .T. ) ;
#1495 = CARTESIAN_POINT ( 'NONE',  ( -4.200000000000000178, 0.0000000000000000000, -7.799999995529649510 ) ) ;
#1496 = DIRECTION ( 'NONE',  ( 0.0000000000000000000, 1.000000000000000000, 0.0000000000000000000 ) ) ;
#1497 = CARTESIAN_POINT ( 'NONE',  ( 3.550000000000000266, -0.2999999999999999889, 6.299999999999999822 ) ) ;
#1498 = CARTESIAN_POINT ( 'NONE',  ( 3.799999999999999822, -0.2999999999999999889, -6.049999999999999822 ) ) ;
#1499 = FACE_OUTER_BOUND ( 'NONE', #428, .T. ) ;
#1500 = EDGE_CURVE ( 'NONE', #2117, #1642, #2080, .T. ) ;
#1501 = CARTESIAN_POINT ( 'NONE',  ( -5.000000000000000000, -3.000000000447035298, -6.700000000000000178 ) ) ;
#1502 = LINE ( 'NONE', #1409, #1277 ) ;
#1503 = CARTESIAN_POINT ( 'NONE',  ( 4.200000000000000178, -1.089999998375774215, -6.700000000000000178 ) ) ;
#1504 = VERTEX_POINT ( 'NONE', #1144 ) ;
#1505 = CIRCLE ( 'NONE', #2337, 0.7999999985769408184 ) ;
#1506 = VECTOR ( 'NONE', #2109, 1000.000000000000000 ) ;
#1507 = LINE ( 'NONE', #1901, #600 ) ;
#1508 = ORIENTED_EDGE ( 'NONE', *, *, #853, .F. ) ;
#1509 = LINE ( 'NONE', #2330, #393 ) ;
#1510 = DIRECTION ( 'NONE',  ( 0.0000000000000000000, 0.0000000000000000000, 1.000000000000000000 ) ) ;
#1511 = CARTESIAN_POINT ( 'NONE',  ( -4.209999997153865081, -1.090000000000000080, -6.700000000000000178 ) ) ;
#1512 = DIRECTION ( 'NONE',  ( -1.490117057510236766E-09, 1.000000000000000000, 0.0000000000000000000 ) ) ;
#1513 = ORIENTED_EDGE ( 'NONE', *, *, #168, .T. ) ;
#1514 = ORIENTED_EDGE ( 'NONE', *, *, #300, .T. ) ;
#1515 = CARTESIAN_POINT ( 'NONE',  ( 3.799999999999999822, -0.2999999999999999889, 6.700000000000000178 ) ) ;
#1516 = ORIENTED_EDGE ( 'NONE', *, *, #482, .T. ) ;
#1517 = EDGE_CURVE ( 'NONE', #844, #811, #1601, .T. ) ;
#1518 = EDGE_CURVE ( 'NONE', #1530, #1570, #2269, .T. ) ;
#1519 = ORIENTED_EDGE ( 'NONE', *, *, #2334, .F. ) ;
#1520 = CARTESIAN_POINT ( 'NONE',  ( -3.550000000000000266, 0.0000000000000000000, 6.299999999999999822 ) ) ;
#1521 = CARTESIAN_POINT ( 'NONE',  ( 5.299999999999999822, -3.000000000000000000, 6.700000000000000178 ) ) ;
#1522 = AXIS2_PLACEMENT_3D ( 'NONE', #1785, #1416, #2166 ) ;
#1523 = ORIENTED_EDGE ( 'NONE', *, *, #563, .F. ) ;
#1524 = CARTESIAN_POINT ( 'NONE',  ( -3.550000000000000266, -10.00000000000000000, -6.049999999999999822 ) ) ;
#1525 = AXIS2_PLACEMENT_3D ( 'NONE', #1102, #730, #5 ) ;
#1526 = DIRECTION ( 'NONE',  ( 0.0000000000000000000, 1.000000000000000000, 0.0000000000000000000 ) ) ;
#1527 = ORIENTED_EDGE ( 'NONE', *, *, #2082, .F. ) ;
#1528 = CARTESIAN_POINT ( 'NONE',  ( -4.999999995529649688, -4.470347703122709761E-10, -6.700000000000000178 ) ) ;
#1529 = CARTESIAN_POINT ( 'NONE',  ( -4.200000000000000178, 0.0000000000000000000, 7.799999995529649510 ) ) ;
#1530 = VERTEX_POINT ( 'NONE', #975 ) ;
#1531 = CARTESIAN_POINT ( 'NONE',  ( -2.301829268292714836, 0.0000000000000000000, 0.9754906558399399907 ) ) ;
#1532 = CARTESIAN_POINT ( 'NONE',  ( -3.799999999999999822, -10.00000000000000000, 1.279843740461972024 ) ) ;
#1533 = VECTOR ( 'NONE', #694, 1000.000000000000000 ) ;
#1534 = AXIS2_PLACEMENT_3D ( 'NONE', #1160, #255, #814 ) ;
#1535 = CARTESIAN_POINT ( 'NONE',  ( 3.550000000000000266, -10.00000000000000000, 6.299999999999999822 ) ) ;
#1536 = ADVANCED_FACE ( 'NONE', ( #1139 ), #1084, .T. ) ;
#1537 = VECTOR ( 'NONE', #1748, 1000.000000000000000 ) ;
#1538 = VECTOR ( 'NONE', #400, 1000.000000000000000 ) ;
#1539 = CIRCLE ( 'NONE', #1584, 0.7799999999999651656 ) ;
#1540 = CARTESIAN_POINT ( 'NONE',  ( -4.200000000000000178, -3.000000000000000000, 7.799999999999999822 ) ) ;
#1541 = CIRCLE ( 'NONE', #1188, 0.5000000000043569592 ) ;
#1542 = TOROIDAL_SURFACE ( 'NONE', #803, 0.009999997153881289708, 0.7900000000000000355 ) ;
#1543 = VECTOR ( 'NONE', #1633, 1000.000000000000000 ) ;
#1544 = CARTESIAN_POINT ( 'NONE',  ( -5.000000000000000000, -3.000000015348195159, 6.599999999999999645 ) ) ;
#1545 = ORIENTED_EDGE ( 'NONE', *, *, #943, .F. ) ;
#1546 = DIRECTION ( 'NONE',  ( 0.0000000000000000000, 0.0000000000000000000, 1.000000000000000000 ) ) ;
#1547 = CARTESIAN_POINT ( 'NONE',  ( -3.550000000000000266, -10.00000000000000000, 6.049999999999999822 ) ) ;
#1548 = DIRECTION ( 'NONE',  ( -1.000000000000000000, 0.0000000000000000000, 4.130293990420970376E-16 ) ) ;
#1549 = EDGE_LOOP ( 'NONE', ( #1610, #1094, #2312, #1376 ) ) ;
#1550 = DIRECTION ( 'NONE',  ( 0.0000000000000000000, 1.000000000000000000, 0.0000000000000000000 ) ) ;
#1551 = VERTEX_POINT ( 'NONE', #1716 ) ;
#1552 = ORIENTED_EDGE ( 'NONE', *, *, #723, .T. ) ;
#1553 = DIRECTION ( 'NONE',  ( 0.0000000000000000000, 0.0000000000000000000, 1.000000000000000000 ) ) ;
#1554 = ORIENTED_EDGE ( 'NONE', *, *, #39, .F. ) ;
#1555 = EDGE_LOOP ( 'NONE', ( #2064, #1523, #1011, #588 ) ) ;
#1556 = EDGE_CURVE ( 'NONE', #1644, #522, #1255, .T. ) ;
#1557 = ORIENTED_EDGE ( 'NONE', *, *, #900, .F. ) ;
#1558 = DIRECTION ( 'NONE',  ( 0.0000000000000000000, 0.0000000000000000000, 1.000000000000000000 ) ) ;
#1559 = CARTESIAN_POINT ( 'NONE',  ( -5.299999995529649510, 0.0000000000000000000, -6.700000000000000178 ) ) ;
#1560 = AXIS2_PLACEMENT_3D ( 'NONE', #1810, #1630, #129 ) ;
#1561 = ORIENTED_EDGE ( 'NONE', *, *, #529, .T. ) ;
#1562 = CARTESIAN_POINT ( 'NONE',  ( -5.000000000000000000, -3.000000000447035298, -6.700000000000000178 ) ) ;
#1563 = DIRECTION ( 'NONE',  ( 0.0000000000000000000, 0.0000000000000000000, 1.000000000000000000 ) ) ;
#1564 = CYLINDRICAL_SURFACE ( 'NONE', #2011, 1.089999999999999858 ) ;
#1565 = DIRECTION ( 'NONE',  ( 0.0000000000000000000, 1.000000000000000000, 0.0000000000000000000 ) ) ;
#1566 = EDGE_CURVE ( 'NONE', #933, #1504, #1539, .T. ) ;
#1567 = LINE ( 'NONE', #479, #38 ) ;
#1568 = EDGE_CURVE ( 'NONE', #232, #2009, #541, .T. ) ;
#1569 = DIRECTION ( 'NONE',  ( 1.000000000000000000, 0.0000000000000000000, -1.954618001100635067E-15 ) ) ;
#1570 = VERTEX_POINT ( 'NONE', #611 ) ;
#1571 = VECTOR ( 'NONE', #606, 1000.000000000000000 ) ;
#1572 = VECTOR ( 'NONE', #1878, 1000.000000000000000 ) ;
#1573 = AXIS2_PLACEMENT_3D ( 'NONE', #2278, #781, #54 ) ;
#1574 = ORIENTED_EDGE ( 'NONE', *, *, #176, .T. ) ;
#1575 = ORIENTED_EDGE ( 'NONE', *, *, #2006, .F. ) ;
#1576 = EDGE_CURVE ( 'NONE', #2068, #522, #107, .T. ) ;
#1577 = ADVANCED_FACE ( 'NONE', ( #2241 ), #628, .F. ) ;
#1578 = DIRECTION ( 'NONE',  ( -1.000000000000000000, 0.0000000000000000000, 0.0000000000000000000 ) ) ;
#1579 = ORIENTED_EDGE ( 'NONE', *, *, #2353, .T. ) ;
#1580 = ORIENTED_EDGE ( 'NONE', *, *, #170, .T. ) ;
#1581 = ORIENTED_EDGE ( 'NONE', *, *, #1766, .T. ) ;
#1582 = ORIENTED_EDGE ( 'NONE', *, *, #2097, .F. ) ;
#1583 = DIRECTION ( 'NONE',  ( 0.0000000000000000000, 1.000000000000000000, 0.0000000000000000000 ) ) ;
#1584 = AXIS2_PLACEMENT_3D ( 'NONE', #242, #1319, #1725 ) ;
#1585 = ORIENTED_EDGE ( 'NONE', *, *, #913, .F. ) ;
#1586 = ORIENTED_EDGE ( 'NONE', *, *, #429, .F. ) ;
#1587 = ORIENTED_EDGE ( 'NONE', *, *, #1813, .F. ) ;
#1588 = EDGE_CURVE ( 'NONE', #1458, #225, #1663, .T. ) ;
#1589 = DIRECTION ( 'NONE',  ( 1.000000000000000000, 1.490116190161481997E-09, 5.524597057250979554E-17 ) ) ;
#1590 = VERTEX_POINT ( 'NONE', #591 ) ;
#1591 = DIRECTION ( 'NONE',  ( -1.000000000000000000, -0.0000000000000000000, -1.224646799147351975E-16 ) ) ;
#1592 = APPROVAL ( #2351, 'UNSPECIFIED' ) ;
#1593 = DIRECTION ( 'NONE',  ( 0.0000000000000000000, 0.0000000000000000000, 1.000000000000000000 ) ) ;
#1594 = CARTESIAN_POINT ( 'NONE',  ( -4.200000000000000178, 0.0000000000000000000, 6.709999997153880180 ) ) ;
#1595 = VECTOR ( 'NONE', #1385, 1000.000000000000000 ) ;
#1596 = PLANE ( 'NONE',  #1090 ) ;
#1597 = FACE_OUTER_BOUND ( 'NONE', #93, .T. ) ;
#1598 = PERSON_AND_ORGANIZATION_ROLE ( 'classification_officer' ) ;
#1599 = ADVANCED_FACE ( 'NONE', ( #657, #767, #1755 ), #1344, .T. ) ;
#1600 = CIRCLE ( 'NONE', #1245, 0.7999999985769399302 ) ;
#1601 = LINE ( 'NONE', #792, #1572 ) ;
#1602 = EDGE_CURVE ( 'NONE', #955, #1765, #1840, .T. ) ;
#1603 = CIRCLE ( 'NONE', #1946, 0.7800000000000000266 ) ;
#1604 = ORIENTED_EDGE ( 'NONE', *, *, #529, .F. ) ;
#1605 = EDGE_CURVE ( 'NONE', #320, #467, #1107, .T. ) ;
#1606 = CARTESIAN_POINT ( 'NONE',  ( -3.020000000000000018, -0.2999999999999999889, -1.279843740462000001 ) ) ;
#1607 = LINE ( 'NONE', #2186, #1111 ) ;
#1608 = VECTOR ( 'NONE', #589, 1000.000000000000000 ) ;
#1609 = MECHANICAL_CONTEXT ( 'NONE', #2149, 'mechanical' ) ;
#1610 = ORIENTED_EDGE ( 'NONE', *, *, #1858, .T. ) ;
#1611 = AXIS2_PLACEMENT_3D ( 'NONE', #424, #2070, #786 ) ;
#1612 = DIRECTION ( 'NONE',  ( 2.909294172505465254E-15, 0.0000000000000000000, 1.000000000000000000 ) ) ;
#1613 = ORIENTED_EDGE ( 'NONE', *, *, #1153, .T. ) ;
#1614 = CARTESIAN_POINT ( 'NONE',  ( -5.299999999999999822, -3.000000000000000000, -6.700000000000000178 ) ) ;
#1615 = ADVANCED_FACE ( 'NONE', ( #1222 ), #74, .F. ) ;
#1616 = ORIENTED_EDGE ( 'NONE', *, *, #412, .T. ) ;
#1617 = ORIENTED_EDGE ( 'NONE', *, *, #1101, .T. ) ;
#1618 = CARTESIAN_POINT ( 'NONE',  ( 3.019999999999964935, -0.2999999999999999889, -1.279843740462096147 ) ) ;
#1619 = VERTEX_POINT ( 'NONE', #465 ) ;
#1620 = EDGE_LOOP ( 'NONE', ( #1370, #861, #640, #1318, #181, #440, #725, #2195, #1423, #2093 ) ) ;
#1621 = CARTESIAN_POINT ( 'NONE',  ( 0.0000000000000000000, -10.00000000000000000, 0.0000000000000000000 ) ) ;
#1622 = AXIS2_PLACEMENT_3D ( 'NONE', #87, #95, #1949 ) ;
#1623 = ORIENTED_EDGE ( 'NONE', *, *, #2274, .F. ) ;
#1624 = CARTESIAN_POINT ( 'NONE',  ( -4.200000000000000178, -3.000000000000000000, -6.700000000000000178 ) ) ;
#1625 = APPROVAL ( #1216, 'UNSPECIFIED' ) ;
#1626 = ORIENTED_EDGE ( 'NONE', *, *, #1568, .T. ) ;
#1627 = DIRECTION ( 'NONE',  ( 0.0000000000000000000, 0.0000000000000000000, -1.000000000000000000 ) ) ;
#1628 = ADVANCED_FACE ( 'NONE', ( #310 ), #2129, .F. ) ;
#1629 = CC_DESIGN_SECURITY_CLASSIFICATION ( #319, ( #1293 ) ) ;
#1630 = DIRECTION ( 'NONE',  ( 0.0000000000000000000, 1.000000000000000000, 0.0000000000000000000 ) ) ;
#1631 = LINE ( 'NONE', #91, #1132 ) ;
#1632 = DIRECTION ( 'NONE',  ( -4.130293990420970376E-16, 1.490116190161484065E-09, -1.000000000000000000 ) ) ;
#1633 = DIRECTION ( 'NONE',  ( -2.909294172505465254E-15, 0.0000000000000000000, -1.000000000000000000 ) ) ;
#1634 = LINE ( 'NONE', #1337, #2326 ) ;
#1635 = DIRECTION ( 'NONE',  ( -1.490117057510236766E-09, 1.000000000000000000, 0.0000000000000000000 ) ) ;
#1636 = LINE ( 'NONE', #1313, #2023 ) ;
#1637 = VECTOR ( 'NONE', #36, 1000.000000000000000 ) ;
#1638 = CIRCLE ( 'NONE', #904, 2.500000000000000000 ) ;
#1639 = EDGE_CURVE ( 'NONE', #1763, #558, #275, .T. ) ;
#1640 = PLANE ( 'NONE',  #1276 ) ;
#1641 = VERTEX_POINT ( 'NONE', #647 ) ;
#1642 = VERTEX_POINT ( 'NONE', #455 ) ;
#1643 = DIRECTION ( 'NONE',  ( 0.0000000000000000000, 0.0000000000000000000, -1.000000000000000000 ) ) ;
#1644 = VERTEX_POINT ( 'NONE', #1544 ) ;
#1645 = CARTESIAN_POINT ( 'NONE',  ( -5.300000004172331636, -2.100000014175361862, -3.500000000000000000 ) ) ;
#1646 = VERTEX_POINT ( 'NONE', #442 ) ;
#1647 = DIRECTION ( 'NONE',  ( 1.000000000000000000, 1.490116190161481997E-09, 5.524597057250979554E-17 ) ) ;
#1648 = VERTEX_POINT ( 'NONE', #2123 ) ;
#1649 = DIRECTION ( 'NONE',  ( -1.000000000000000000, 0.0000000000000000000, 4.130293990420970376E-16 ) ) ;
#1650 = PLANE ( 'NONE',  #1658 ) ;
#1651 = EDGE_LOOP ( 'NONE', ( #1875, #46, #1802, #4 ) ) ;
#1652 = VERTEX_POINT ( 'NONE', #1380 ) ;
#1653 = CARTESIAN_POINT ( 'NONE',  ( -4.200000000000000178, -1.089999998375774215, -6.700000000000000178 ) ) ;
#1654 = EDGE_CURVE ( 'NONE', #1976, #1590, #599, .T. ) ;
#1655 = EDGE_CURVE ( 'NONE', #1062, #773, #973, .T. ) ;
#1656 = CARTESIAN_POINT ( 'NONE',  ( 4.200000000000000178, -1.089999998375774215, 6.700000000000000178 ) ) ;
#1657 = AXIS2_PLACEMENT_3D ( 'NONE', #1295, #1891, #1512 ) ;
#1658 = AXIS2_PLACEMENT_3D ( 'NONE', #1264, #1664, #928 ) ;
#1659 = CARTESIAN_POINT ( 'NONE',  ( 4.200000000000000178, -3.000000000000000000, -6.700000000000000178 ) ) ;
#1660 = VECTOR ( 'NONE', #32, 1000.000000000000000 ) ;
#1661 = DIRECTION ( 'NONE',  ( -1.538654486313241311E-25, -1.000000000000000000, 1.490116190161484065E-09 ) ) ;
#1662 = VECTOR ( 'NONE', #1558, 1000.000000000000000 ) ;
#1663 = CIRCLE ( 'NONE', #430, 1.089999999999999858 ) ;
#1664 = DIRECTION ( 'NONE',  ( 0.0000000000000000000, -1.000000000000000000, 0.0000000000000000000 ) ) ;
#1665 = FACE_OUTER_BOUND ( 'NONE', #1183, .T. ) ;
#1666 = VECTOR ( 'NONE', #492, 1000.000000000000000 ) ;
#1667 = CARTESIAN_POINT ( 'NONE',  ( -5.299999998509870025, -4.000000015795230013, 5.799999999999999822 ) ) ;
#1668 = CYLINDRICAL_SURFACE ( 'NONE', #875, 1.099999998576939753 ) ;
#1669 = AXIS2_PLACEMENT_3D ( 'NONE', #941, #2075, #207 ) ;
#1670 = DIRECTION ( 'NONE',  ( 0.0000000000000000000, 0.0000000000000000000, 1.000000000000000000 ) ) ;
#1671 = ORIENTED_EDGE ( 'NONE', *, *, #1230, .F. ) ;
#1672 = PLANE ( 'NONE',  #158 ) ;
#1673 = ORIENTED_EDGE ( 'NONE', *, *, #740, .F. ) ;
#1674 = CARTESIAN_POINT ( 'NONE',  ( 3.799999999999999822, 0.0000000000000000000, 6.049999999999999822 ) ) ;
#1675 = ORIENTED_EDGE ( 'NONE', *, *, #1654, .F. ) ;
#1676 = CC_DESIGN_DATE_AND_TIME_ASSIGNMENT ( #2209, #1426, ( #319 ) ) ;
#1677 = ORIENTED_EDGE ( 'NONE', *, *, #1639, .F. ) ;
#1678 = ORIENTED_EDGE ( 'NONE', *, *, #1719, .F. ) ;
#1679 = ORIENTED_EDGE ( 'NONE', *, *, #2318, .F. ) ;
#1680 = CARTESIAN_POINT ( 'NONE',  ( 4.200000000000000178, 0.0000000000000000000, -7.799999995529649510 ) ) ;
#1681 = ORIENTED_EDGE ( 'NONE', *, *, #2237, .F. ) ;
#1682 = CARTESIAN_POINT ( 'NONE',  ( -4.200000000000000178, -3.000000000000000000, 6.700000000000000178 ) ) ;
#1683 = EDGE_CURVE ( 'NONE', #480, #2144, #1898, .T. ) ;
#1684 = CARTESIAN_POINT ( 'NONE',  ( -4.200000000000000178, -3.000000000000000000, 7.799999999999999822 ) ) ;
#1685 = PERSON_AND_ORGANIZATION ( #1343, #2356 ) ;
#1686 = CARTESIAN_POINT ( 'NONE',  ( 3.550000000000000266, 0.0000000000000000000, 6.299999999999999822 ) ) ;
#1687 = CIRCLE ( 'NONE', #1200, 0.7799999999999908118 ) ;
#1688 = AXIS2_PLACEMENT_3D ( 'NONE', #1042, #1974, #1012 ) ;
#1689 = CIRCLE ( 'NONE', #1715, 0.7999999985769408184 ) ;
#1690 = ORIENTED_EDGE ( 'NONE', *, *, #1138, .T. ) ;
#1691 = CARTESIAN_POINT ( 'NONE',  ( 3.799999999999954969, -10.00000000000000000, -1.279843740462027979 ) ) ;
#1692 = FACE_OUTER_BOUND ( 'NONE', #228, .T. ) ;
#1693 = CIRCLE ( 'NONE', #1212, 0.5000000000043569592 ) ;
#1694 = CARTESIAN_POINT ( 'NONE',  ( -5.299999999999999822, -3.000000000000000000, 6.700000000000000178 ) ) ;
#1695 = FACE_OUTER_BOUND ( 'NONE', #1036, .T. ) ;
#1696 = CARTESIAN_POINT ( 'NONE',  ( -3.799999999999999822, 0.0000000000000000000, 6.049999999999999822 ) ) ;
#1697 = ORIENTED_EDGE ( 'NONE', *, *, #723, .F. ) ;
#1698 = DIRECTION ( 'NONE',  ( -1.000000000000000000, -1.490115901040910181E-09, 0.0000000000000000000 ) ) ;
#1699 = EDGE_CURVE ( 'NONE', #887, #503, #2026, .T. ) ;
#1700 = EDGE_CURVE ( 'NONE', #203, #1765, #682, .T. ) ;
#1701 = EDGE_LOOP ( 'NONE', ( #542, #2349, #555, #1941 ) ) ;
#1702 = CARTESIAN_POINT ( 'NONE',  ( -4.209999997153865081, -1.090000000000000080, 6.700000000000000178 ) ) ;
#1703 = DIRECTION ( 'NONE',  ( -1.490116190161481997E-09, 1.000000000000000000, -8.232291519128171459E-26 ) ) ;
#1704 = DIRECTION ( 'NONE',  ( 0.0000000000000000000, -1.000000000000000000, 0.0000000000000000000 ) ) ;
#1705 = AXIS2_PLACEMENT_3D ( 'NONE', #264, #1010, #2299 ) ;
#1706 = ORIENTED_EDGE ( 'NONE', *, *, #437, .T. ) ;
#1707 = EDGE_CURVE ( 'NONE', #2191, #549, #2105, .T. ) ;
#1708 = ORIENTED_EDGE ( 'NONE', *, *, #447, .F. ) ;
#1709 = DIRECTION ( 'NONE',  ( 1.000000000000000000, 0.0000000000000000000, 0.0000000000000000000 ) ) ;
#1710 = ORIENTED_EDGE ( 'NONE', *, *, #563, .T. ) ;
#1711 = ORIENTED_EDGE ( 'NONE', *, *, #819, .F. ) ;
#1712 = CARTESIAN_POINT ( 'NONE',  ( -3.020000000000000018, -10.00000000000000000, -1.279843740462000001 ) ) ;
#1713 = DIRECTION ( 'NONE',  ( -1.490117057510236766E-09, 1.000000000000000000, 0.0000000000000000000 ) ) ;
#1714 = DIRECTION ( 'NONE',  ( 1.084202172485504040E-15, 0.0000000000000000000, 1.000000000000000000 ) ) ;
#1715 = AXIS2_PLACEMENT_3D ( 'NONE', #1792, #2347, #2363 ) ;
#1716 = CARTESIAN_POINT ( 'NONE',  ( -4.209999997153865081, -0.2999999999999999889, -6.700000000000000178 ) ) ;
#1717 = DIRECTION ( 'NONE',  ( 1.000000000000000000, 1.490116190161481997E-09, 5.524597057250979554E-17 ) ) ;
#1718 = LOCAL_TIME ( 12, 43, 4.000000000000000000, #186 ) ;
#1719 = EDGE_CURVE ( 'NONE', #480, #2227, #1027, .T. ) ;
#1720 = DIRECTION ( 'NONE',  ( -1.490117057510236766E-09, 1.000000000000000000, 0.0000000000000000000 ) ) ;
#1721 = CIRCLE ( 'NONE', #1705, 1.089999999999999858 ) ;
#1722 = PRODUCT_RELATED_PRODUCT_CATEGORY ( 'detail', '', ( #590 ) ) ;
#1723 = FACE_OUTER_BOUND ( 'NONE', #612, .T. ) ;
#1724 = VECTOR ( 'NONE', #431, 1000.000000000000000 ) ;
#1725 = DIRECTION ( 'NONE',  ( 0.0000000000000000000, 0.0000000000000000000, 1.000000000000000000 ) ) ;
#1726 = FACE_OUTER_BOUND ( 'NONE', #1182, .T. ) ;
#1727 = CIRCLE ( 'NONE', #1076, 0.2500000000000002220 ) ;
#1728 = CARTESIAN_POINT ( 'NONE',  ( 4.200000000000000178, -3.000000000000000000, 6.700000000000000178 ) ) ;
#1729 = CARTESIAN_POINT ( 'NONE',  ( -5.300000002831207979, -1.100000014166647944, 3.500000000000000000 ) ) ;
#1730 = DIRECTION ( 'NONE',  ( -1.490117057510236766E-09, 1.000000000000000000, 0.0000000000000000000 ) ) ;
#1731 = LINE ( 'NONE', #1099, #2244 ) ;
#1732 = CARTESIAN_POINT ( 'NONE',  ( 4.200000000000000178, -1.089999998375774215, 6.700000000000000178 ) ) ;
#1733 = ORIENTED_EDGE ( 'NONE', *, *, #2071, .F. ) ;
#1734 = CARTESIAN_POINT ( 'NONE',  ( -4.200000000000000178, -1.090000000000000080, 6.709999997153880180 ) ) ;
#1735 = EDGE_LOOP ( 'NONE', ( #281, #1207 ) ) ;
#1736 = EDGE_CURVE ( 'NONE', #528, #376, #1693, .T. ) ;
#1737 = EDGE_CURVE ( 'NONE', #1852, #376, #43, .T. ) ;
#1738 = ORIENTED_EDGE ( 'NONE', *, *, #1829, .T. ) ;
#1739 = ORIENTED_EDGE ( 'NONE', *, *, #964, .F. ) ;
#1740 = EDGE_LOOP ( 'NONE', ( #40, #1971, #1711, #1486 ) ) ;
#1741 = DIRECTION ( 'NONE',  ( 6.472848790958239474E-17, 0.0000000000000000000, -1.000000000000000000 ) ) ;
#1742 = AXIS2_PLACEMENT_3D ( 'NONE', #1074, #1256, #713 ) ;
#1743 = EDGE_LOOP ( 'NONE', ( #1690, #2225, #2390, #648 ) ) ;
#1744 = DIRECTION ( 'NONE',  ( 1.000000000000000000, 1.490115901040910181E-09, 0.0000000000000000000 ) ) ;
#1745 = DIRECTION ( 'NONE',  ( 0.0000000000000000000, -1.000000000000000000, 0.0000000000000000000 ) ) ;
#1746 = PLANE ( 'NONE',  #1008 ) ;
#1747 = AXIS2_PLACEMENT_3D ( 'NONE', #305, #1959, #2155 ) ;
#1748 = DIRECTION ( 'NONE',  ( 6.472848790958239474E-17, 0.0000000000000000000, -1.000000000000000000 ) ) ;
#1749 = CYLINDRICAL_SURFACE ( 'NONE', #125, 0.7999999985769408184 ) ;
#1750 = CC_DESIGN_APPROVAL ( #1625, ( #1488 ) ) ;
#1751 = LINE ( 'NONE', #1254, #391 ) ;
#1752 = EDGE_LOOP ( 'NONE', ( #746, #1391, #1616, #1290 ) ) ;
#1753 = TOROIDAL_SURFACE ( 'NONE', #379, 0.009999997153879549780, 1.090000000000000080 ) ;
#1754 = CARTESIAN_POINT ( 'NONE',  ( 2.301829268292699737, -0.2999999999999999889, -0.9754906558399399907 ) ) ;
#1755 = FACE_OUTER_BOUND ( 'NONE', #1043, .T. ) ;
#1756 = CIRCLE ( 'NONE', #947, 1.099999997153880305 ) ;
#1757 = DIRECTION ( 'NONE',  ( 0.0000000000000000000, 1.000000000000000000, 0.0000000000000000000 ) ) ;
#1758 = VERTEX_POINT ( 'NONE', #1594 ) ;
#1759 = CARTESIAN_POINT ( 'NONE',  ( -4.200000000000000178, -3.000000000000000000, 6.700000000000000178 ) ) ;
#1760 = DIRECTION ( 'NONE',  ( 0.0000000000000000000, 1.000000000000000000, 0.0000000000000000000 ) ) ;
#1761 = ORIENTED_EDGE ( 'NONE', *, *, #1347, .F. ) ;
#1762 = EDGE_CURVE ( 'NONE', #1853, #2060, #1502, .T. ) ;
#1763 = VERTEX_POINT ( 'NONE', #2327 ) ;
#1764 = ADVANCED_FACE ( 'NONE', ( #2187 ), #538, .T. ) ;
#1765 = VERTEX_POINT ( 'NONE', #115 ) ;
#1766 = EDGE_CURVE ( 'NONE', #114, #466, #2077, .T. ) ;
#1767 = ORIENTED_EDGE ( 'NONE', *, *, #1422, .T. ) ;
#1768 = DIRECTION ( 'NONE',  ( 0.0000000000000000000, 1.000000000000000000, -8.232291519128171459E-26 ) ) ;
#1769 = ORIENTED_EDGE ( 'NONE', *, *, #602, .F. ) ;
#1770 = CARTESIAN_POINT ( 'NONE',  ( -5.300000005662448999, -1.100000014166647944, -3.500000000000000000 ) ) ;
#1771 = ORIENTED_EDGE ( 'NONE', *, *, #1906, .T. ) ;
#1772 = CARTESIAN_POINT ( 'NONE',  ( -3.020000000000000018, 0.0000000000000000000, 1.279843740462096147 ) ) ;
#1773 = CARTESIAN_POINT ( 'NONE',  ( -3.799999999999999822, -10.00000000000000000, 6.049999999999999822 ) ) ;
#1774 = DIRECTION ( 'NONE',  ( 0.0000000000000000000, 0.0000000000000000000, -1.000000000000000000 ) ) ;
#1775 = ADVANCED_FACE ( 'NONE', ( #1080 ), #2298, .T. ) ;
#1776 = DATE_AND_TIME ( #2233, #1718 ) ;
#1777 = EDGE_CURVE ( 'NONE', #497, #1045, #886, .T. ) ;
#1778 = FACE_BOUND ( 'NONE', #1032, .T. ) ;
#1779 = EDGE_CURVE ( 'NONE', #1178, #206, #1567, .T. ) ;
#1780 = CARTESIAN_POINT ( 'NONE',  ( -4.200000000000000178, 0.0000000000000000000, 7.799999995529649510 ) ) ;
#1781 = FACE_OUTER_BOUND ( 'NONE', #1651, .T. ) ;
#1782 = VECTOR ( 'NONE', #596, 1000.000000000000000 ) ;
#1783 = AXIS2_PLACEMENT_3D ( 'NONE', #2307, #1191, #2126 ) ;
#1784 = CARTESIAN_POINT ( 'NONE',  ( -3.550000000000000266, 0.0000000000000000000, -6.049999999999999822 ) ) ;
#1785 = CARTESIAN_POINT ( 'NONE',  ( -4.209999997153865081, -1.090000000000000080, -6.700000000000000178 ) ) ;
#1786 = CIRCLE ( 'NONE', #1820, 0.009999997153879551515 ) ;
#1787 = ORIENTED_EDGE ( 'NONE', *, *, #785, .F. ) ;
#1788 = VECTOR ( 'NONE', #1223, 1000.000000000000000 ) ;
#1789 = AXIS2_PLACEMENT_3D ( 'NONE', #208, #1496, #2222 ) ;
#1790 = DIRECTION ( 'NONE',  ( 0.0000000000000000000, 1.000000000000000000, 0.0000000000000000000 ) ) ;
#1791 = FACE_BOUND ( 'NONE', #2290, .T. ) ;
#1792 = CARTESIAN_POINT ( 'NONE',  ( 4.200000000000000178, -1.089999998375774215, -6.700000000000000178 ) ) ;
#1793 = ORIENTED_EDGE ( 'NONE', *, *, #243, .T. ) ;
#1794 = ADVANCED_FACE ( 'NONE', ( #855 ), #1246, .T. ) ;
#1795 = ORIENTED_EDGE ( 'NONE', *, *, #356, .T. ) ;
#1796 = APPROVAL_ROLE ( '' ) ;
#1797 = ORIENTED_EDGE ( 'NONE', *, *, #1034, .T. ) ;
#1798 = DIRECTION ( 'NONE',  ( 1.000000000000000000, 1.490116190161481997E-09, 5.524597057250979554E-17 ) ) ;
#1799 = AXIS2_PLACEMENT_3D ( 'NONE', #1759, #1379, #1774 ) ;
#1800 = ORIENTED_EDGE ( 'NONE', *, *, #2318, .T. ) ;
#1801 = CARTESIAN_POINT ( 'NONE',  ( -5.300000002831207979, -1.100000014166647944, 3.500000000000000000 ) ) ;
#1802 = ORIENTED_EDGE ( 'NONE', *, *, #2214, .T. ) ;
#1803 = PLANE ( 'NONE',  #710 ) ;
#1804 = CARTESIAN_POINT ( 'NONE',  ( -3.550000000000000266, 0.0000000000000000000, -6.299999999999999822 ) ) ;
#1805 = CARTESIAN_POINT ( 'NONE',  ( -3.020000000000000018, -0.2999999999999999889, 1.279843740462096147 ) ) ;
#1806 = DIRECTION ( 'NONE',  ( 0.0000000000000000000, 0.0000000000000000000, -1.000000000000000000 ) ) ;
#1807 = PERSON_AND_ORGANIZATION ( #1343, #2356 ) ;
#1808 = VECTOR ( 'NONE', #1469, 1000.000000000000000 ) ;
#1809 = APPLICATION_PROTOCOL_DEFINITION ( 'international standard', 'config_control_design', 1994, #2358 ) ;
#1810 = CARTESIAN_POINT ( 'NONE',  ( 4.200000000000000178, -3.000000000000000000, 6.700000000000000178 ) ) ;
#1811 = LINE ( 'NONE', #359, #1252 ) ;
#1812 = CIRCLE ( 'NONE', #1236, 1.100000000000000311 ) ;
#1813 = EDGE_CURVE ( 'NONE', #1641, #1287, #1689, .T. ) ;
#1814 = CARTESIAN_POINT ( 'NONE',  ( -4.209999997153865081, -1.090000000000000080, -6.700000000000000178 ) ) ;
#1815 = LINE ( 'NONE', #1338, #1226 ) ;
#1816 = ADVANCED_FACE ( 'NONE', ( #1190 ), #709, .F. ) ;
#1817 = VECTOR ( 'NONE', #744, 1000.000000000000000 ) ;
#1818 = APPROVAL_ROLE ( '' ) ;
#1819 = EDGE_LOOP ( 'NONE', ( #2012, #1948, #603, #402 ) ) ;
#1820 = AXIS2_PLACEMENT_3D ( 'NONE', #519, #1999, #2378 ) ;
#1821 = CARTESIAN_POINT ( 'NONE',  ( 5.960468230092889869E-09, -4.000000007897615006, 0.0000000000000000000 ) ) ;
#1822 = ORIENTED_EDGE ( 'NONE', *, *, #1846, .T. ) ;
#1823 = ORIENTED_EDGE ( 'NONE', *, *, #358, .F. ) ;
#1824 = VERTEX_POINT ( 'NONE', #513 ) ;
#1825 = VERTEX_POINT ( 'NONE', #138 ) ;
#1826 = ORIENTED_EDGE ( 'NONE', *, *, #1940, .F. ) ;
#1827 = EDGE_CURVE ( 'NONE', #523, #1976, #2238, .T. ) ;
#1828 = DIRECTION ( 'NONE',  ( 1.000000000000000000, 1.490115901040910181E-09, 0.0000000000000000000 ) ) ;
#1829 = EDGE_CURVE ( 'NONE', #235, #1071, #364, .T. ) ;
#1830 = CARTESIAN_POINT ( 'NONE',  ( 3.020000000000000018, -0.2999999999999999889, 1.279843740461958035 ) ) ;
#1831 = DIRECTION ( 'NONE',  ( 0.0000000000000000000, 0.0000000000000000000, 1.000000000000000000 ) ) ;
#1832 = EDGE_CURVE ( 'NONE', #2173, #2191, #1023, .T. ) ;
#1833 = APPROVAL_PERSON_ORGANIZATION ( #622, #1592, #126 ) ;
#1834 = DIRECTION ( 'NONE',  ( 0.0000000000000000000, 0.0000000000000000000, -1.000000000000000000 ) ) ;
#1835 = CARTESIAN_POINT ( 'NONE',  ( -4.200000000000000178, -3.000000000000000000, 6.700000000000000178 ) ) ;
#1836 = ADVANCED_FACE ( 'NONE', ( #2021 ), #1044, .F. ) ;
#1837 = VECTOR ( 'NONE', #2371, 1000.000000000000000 ) ;
#1838 = DIRECTION ( 'NONE',  ( 0.0000000000000000000, 0.0000000000000000000, 1.000000000000000000 ) ) ;
#1839 = VECTOR ( 'NONE', #90, 1000.000000000000000 ) ;
#1840 = CIRCLE ( 'NONE', #1048, 0.7899999999999999245 ) ;
#1841 = AXIS2_PLACEMENT_3D ( 'NONE', #354, #347, #2174 ) ;
#1842 = DIRECTION ( 'NONE',  ( 1.000000000000000000, 1.490116190161484065E-09, 6.472848790958239474E-17 ) ) ;
#1843 = CIRCLE ( 'NONE', #1352, 0.009999997153879551515 ) ;
#1844 = VERTEX_POINT ( 'NONE', #313 ) ;
#1845 = CIRCLE ( 'NONE', #1975, 0.2500000000000140998 ) ;
#1846 = EDGE_CURVE ( 'NONE', #2173, #2227, #1445, .T. ) ;
#1847 = ORIENTED_EDGE ( 'NONE', *, *, #1639, .T. ) ;
#1848 = ORIENTED_EDGE ( 'NONE', *, *, #1707, .T. ) ;
#1849 = ORIENTED_EDGE ( 'NONE', *, *, #618, .F. ) ;
#1850 = EDGE_LOOP ( 'NONE', ( #1213, #1585, #165, #1617 ) ) ;
#1851 = DIRECTION ( 'NONE',  ( 0.0000000000000000000, 0.0000000000000000000, 1.000000000000000000 ) ) ;
#1852 = VERTEX_POINT ( 'NONE', #2162 ) ;
#1853 = VERTEX_POINT ( 'NONE', #2184 ) ;
#1854 = VERTEX_POINT ( 'NONE', #536 ) ;
#1855 = CARTESIAN_POINT ( 'NONE',  ( 4.200000000000000178, 0.0000000000000000000, 6.709999997153880180 ) ) ;
#1856 = ORIENTED_EDGE ( 'NONE', *, *, #243, .F. ) ;
#1857 = EDGE_CURVE ( 'NONE', #1041, #2040, #2361, .T. ) ;
#1858 = EDGE_CURVE ( 'NONE', #838, #232, #2128, .T. ) ;
#1859 = DIRECTION ( 'NONE',  ( 0.0000000000000000000, 1.000000000000000000, 0.0000000000000000000 ) ) ;
#1860 = VERTEX_POINT ( 'NONE', #712 ) ;
#1861 = DATE_AND_TIME ( #241, #2264 ) ;
#1862 = CARTESIAN_POINT ( 'NONE',  ( 5.299999997913840133, -1.599999998375775112, 3.500000000000000000 ) ) ;
#1863 = FACE_OUTER_BOUND ( 'NONE', #1260, .T. ) ;
#1864 = CARTESIAN_POINT ( 'NONE',  ( -4.209999997153865081, -1.090000000000000080, -6.700000000000000178 ) ) ;
#1865 = FACE_OUTER_BOUND ( 'NONE', #2255, .T. ) ;
#1866 = DIRECTION ( 'NONE',  ( -1.000000000000000000, -1.490115901040904184E-09, 0.0000000000000000000 ) ) ;
#1867 = ORIENTED_EDGE ( 'NONE', *, *, #1442, .T. ) ;
#1868 = VECTOR ( 'NONE', #1462, 1000.000000000000000 ) ;
#1869 = VECTOR ( 'NONE', #183, 1000.000000000000000 ) ;
#1870 = CARTESIAN_POINT ( 'NONE',  ( 4.209999997153880180, -1.090000000000000080, 6.700000000000000178 ) ) ;
#1871 = EDGE_CURVE ( 'NONE', #497, #1239, #478, .T. ) ;
#1872 = VECTOR ( 'NONE', #123, 1000.000000000000000 ) ;
#1873 = AXIS2_PLACEMENT_3D ( 'NONE', #2393, #559, #1838 ) ;
#1874 = DIRECTION ( 'NONE',  ( 0.0000000000000000000, 0.0000000000000000000, 1.000000000000000000 ) ) ;
#1875 = ORIENTED_EDGE ( 'NONE', *, *, #1389, .F. ) ;
#1876 = AXIS2_PLACEMENT_3D ( 'NONE', #1159, #1327, #1881 ) ;
#1877 = VERTEX_POINT ( 'NONE', #1433 ) ;
#1878 = DIRECTION ( 'NONE',  ( 0.0000000000000000000, 1.000000000000000000, 0.0000000000000000000 ) ) ;
#1879 = ORIENTED_EDGE ( 'NONE', *, *, #737, .F. ) ;
#1880 = ORIENTED_EDGE ( 'NONE', *, *, #187, .T. ) ;
#1881 = DIRECTION ( 'NONE',  ( 0.0000000000000000000, 0.0000000000000000000, 1.000000000000000000 ) ) ;
#1882 = ORIENTED_EDGE ( 'NONE', *, *, #429, .T. ) ;
#1883 = CARTESIAN_POINT ( 'NONE',  ( -3.020000000000000018, -10.00000000000000000, -1.279843740462000001 ) ) ;
#1884 = CARTESIAN_POINT ( 'NONE',  ( -3.550000000000000266, -0.2999999999999999889, -6.299999999999999822 ) ) ;
#1885 = ORIENTED_EDGE ( 'NONE', *, *, #1962, .F. ) ;
#1886 = ORIENTED_EDGE ( 'NONE', *, *, #358, .T. ) ;
#1887 = CARTESIAN_POINT ( 'NONE',  ( 3.019999999999964935, 0.0000000000000000000, -1.279843740462096147 ) ) ;
#1888 = CARTESIAN_POINT ( 'NONE',  ( 5.299999995529649510, 0.0000000000000000000, 6.700000000000000178 ) ) ;
#1889 = DIRECTION ( 'NONE',  ( 0.0000000000000000000, 0.0000000000000000000, 1.000000000000000000 ) ) ;
#1890 = CARTESIAN_POINT ( 'NONE',  ( -5.300000002086149742, -1.600000014171004903, 3.500000000000000000 ) ) ;
#1891 = DIRECTION ( 'NONE',  ( 1.000000000000000000, 1.490116190161481997E-09, 5.524597057250979554E-17 ) ) ;
#1892 = DIRECTION ( 'NONE',  ( 0.0000000000000000000, 1.000000000000000000, 0.0000000000000000000 ) ) ;
#1893 = DATE_AND_TIME ( #2381, #1444 ) ;
#1894 = CARTESIAN_POINT ( 'NONE',  ( -5.300000001341091505, -2.100000014175361862, 3.500000000000000000 ) ) ;
#1895 = CYLINDRICAL_SURFACE ( 'NONE', #501, 0.2500000000000140998 ) ;
#1896 = PLANE ( 'NONE',  #1108 ) ;
#1897 = VECTOR ( 'NONE', #749, 1000.000000000000000 ) ;
#1898 = LINE ( 'NONE', #1019, #1166 ) ;
#1899 = DIRECTION ( 'NONE',  ( 1.000000000000000000, 1.490116190161481997E-09, 5.524597057250979554E-17 ) ) ;
#1900 = CIRCLE ( 'NONE', #1688, 2.500000000000000000 ) ;
#1901 = CARTESIAN_POINT ( 'NONE',  ( 4.999999995529649688, -4.470347703122709761E-10, -6.700000000000000178 ) ) ;
#1902 = LINE ( 'NONE', #1484, #1933 ) ;
#1903 = ORIENTED_EDGE ( 'NONE', *, *, #1857, .T. ) ;
#1904 = CARTESIAN_POINT ( 'NONE',  ( 4.200000000000000178, -0.2999999999999999889, 6.700000000000000178 ) ) ;
#1905 = EDGE_CURVE ( 'NONE', #466, #2191, #969, .T. ) ;
#1906 = EDGE_CURVE ( 'NONE', #1045, #1646, #1751, .T. ) ;
#1907 = ORIENTED_EDGE ( 'NONE', *, *, #2084, .F. ) ;
#1908 = DIRECTION ( 'NONE',  ( -1.000000000000000000, 0.0000000000000000000, 4.130293990420970376E-16 ) ) ;
#1909 = CARTESIAN_POINT ( 'NONE',  ( 4.999999998576930338, -3.000000000000000000, -6.700000000000000178 ) ) ;
#1910 = CARTESIAN_POINT ( 'NONE',  ( 5.000000001490120027, -4.000000000447034409, -5.799999999999999822 ) ) ;
#1911 = ORIENTED_EDGE ( 'NONE', *, *, #412, .F. ) ;
#1912 = DIRECTION ( 'NONE',  ( 1.490116190161484065E-09, -1.000000000000000000, -0.0000000000000000000 ) ) ;
#1913 = AXIS2_PLACEMENT_3D ( 'NONE', #789, #617, #800 ) ;
#1914 = ORIENTED_EDGE ( 'NONE', *, *, #1330, .F. ) ;
#1915 = ORIENTED_EDGE ( 'NONE', *, *, #1979, .F. ) ;
#1916 = ORIENTED_EDGE ( 'NONE', *, *, #740, .T. ) ;
#1917 = ADVANCED_FACE ( 'NONE', ( #335 ), #939, .F. ) ;
#1918 = EDGE_LOOP ( 'NONE', ( #178, #1243, #404, #726 ) ) ;
#1919 = DIRECTION ( 'NONE',  ( -1.000000000000000000, 1.490116190161484065E-09, 0.0000000000000000000 ) ) ;
#1920 = DIRECTION ( 'NONE',  ( -1.490117057510236766E-09, 1.000000000000000000, 0.0000000000000000000 ) ) ;
#1921 = DIRECTION ( 'NONE',  ( 0.0000000000000000000, 0.0000000000000000000, 1.000000000000000000 ) ) ;
#1922 = AXIS2_PLACEMENT_3D ( 'NONE', #2125, #2287, #829 ) ;
#1923 = CARTESIAN_POINT ( 'NONE',  ( -4.200000000000000178, -3.000000000000000000, 7.799999999999999822 ) ) ;
#1924 = FACE_OUTER_BOUND ( 'NONE', #325, .T. ) ;
#1925 = ADVANCED_FACE ( 'NONE', ( #1960 ), #1640, .F. ) ;
#1926 = CIRCLE ( 'NONE', #918, 2.500000000000000000 ) ;
#1927 = CARTESIAN_POINT ( 'NONE',  ( -3.020000000000000018, 0.0000000000000000000, -1.279843740462000001 ) ) ;
#1928 = FACE_OUTER_BOUND ( 'NONE', #1743, .T. ) ;
#1929 = ORIENTED_EDGE ( 'NONE', *, *, #1954, .F. ) ;
#1930 = DIRECTION ( 'NONE',  ( -1.490116190161481997E-09, 1.000000000000000000, -8.232291519128171459E-26 ) ) ;
#1931 = ORIENTED_EDGE ( 'NONE', *, *, #1456, .T. ) ;
#1932 = CIRCLE ( 'NONE', #1399, 0.5000000000043569592 ) ;
#1933 = VECTOR ( 'NONE', #1305, 1000.000000000000000 ) ;
#1934 = DIRECTION ( 'NONE',  ( 0.0000000000000000000, -1.000000000000000000, 0.0000000000000000000 ) ) ;
#1935 = DIRECTION ( 'NONE',  ( 2.909294172505490497E-15, 0.0000000000000000000, 1.000000000000000000 ) ) ;
#1936 = LINE ( 'NONE', #2391, #195 ) ;
#1937 = CARTESIAN_POINT ( 'NONE',  ( 4.200000000000000178, -1.089999998822807958, 7.499999997153879328 ) ) ;
#1938 = ORIENTED_EDGE ( 'NONE', *, *, #1683, .F. ) ;
#1939 = ORIENTED_EDGE ( 'NONE', *, *, #1274, .F. ) ;
#1940 = EDGE_CURVE ( 'NONE', #2314, #2031, #1811, .T. ) ;
#1941 = ORIENTED_EDGE ( 'NONE', *, *, #2397, .T. ) ;
#1942 = UNCERTAINTY_MEASURE_WITH_UNIT (LENGTH_MEASURE( 1.000000000000000082E-05 ), #526, 'distance_accuracy_value', 'NONE');
#1943 = ORIENTED_EDGE ( 'NONE', *, *, #49, .F. ) ;
#1944 = ORIENTED_EDGE ( 'NONE', *, *, #274, .T. ) ;
#1945 = CARTESIAN_POINT ( 'NONE',  ( 4.209999997153880180, 0.0000000000000000000, 6.700000000000000178 ) ) ;
#1946 = AXIS2_PLACEMENT_3D ( 'NONE', #1805, #1261, #1227 ) ;
#1947 = ORIENTED_EDGE ( 'NONE', *, *, #230, .T. ) ;
#1948 = ORIENTED_EDGE ( 'NONE', *, *, #58, .F. ) ;
#1949 = DIRECTION ( 'NONE',  ( 0.0000000000000000000, 0.0000000000000000000, 1.000000000000000000 ) ) ;
#1950 = CARTESIAN_POINT ( 'NONE',  ( -4.200000000000000178, -3.000000000000000000, 7.799999999999999822 ) ) ;
#1951 = DIRECTION ( 'NONE',  ( 0.0000000000000000000, 1.000000000000000000, 0.0000000000000000000 ) ) ;
#1952 = ADVANCED_FACE ( 'NONE', ( #1865 ), #1895, .F. ) ;
#1953 = DIRECTION ( 'NONE',  ( 0.0000000000000000000, 0.0000000000000000000, -1.000000000000000000 ) ) ;
#1954 = EDGE_CURVE ( 'NONE', #1765, #1346, #912, .T. ) ;
#1955 = EDGE_CURVE ( 'NONE', #1283, #832, #2384, .T. ) ;
#1956 = CARTESIAN_POINT ( 'NONE',  ( -4.200000000000000178, -1.089999998375774215, 6.700000000000000178 ) ) ;
#1957 = LINE ( 'NONE', #757, #2102 ) ;
#1958 = AXIS2_PLACEMENT_3D ( 'NONE', #1356, #1372, #80 ) ;
#1959 = DIRECTION ( 'NONE',  ( 0.0000000000000000000, 1.000000000000000000, 0.0000000000000000000 ) ) ;
#1960 = FACE_OUTER_BOUND ( 'NONE', #1752, .T. ) ;
#1961 = DIRECTION ( 'NONE',  ( 2.909294172505490497E-15, 0.0000000000000000000, 1.000000000000000000 ) ) ;
#1962 = EDGE_CURVE ( 'NONE', #343, #2068, #1634, .T. ) ;
#1963 = LINE ( 'NONE', #1328, #2130 ) ;
#1964 = CARTESIAN_POINT ( 'NONE',  ( 5.000000000000000000, -3.000000000447035298, -6.599999999999999645 ) ) ;
#1965 = FACE_OUTER_BOUND ( 'NONE', #439, .T. ) ;
#1966 = FACE_OUTER_BOUND ( 'NONE', #1415, .T. ) ;
#1967 = ORIENTED_EDGE ( 'NONE', *, *, #1588, .F. ) ;
#1968 = DIRECTION ( 'NONE',  ( 0.0000000000000000000, 1.000000000000000000, 0.0000000000000000000 ) ) ;
#1969 = LINE ( 'NONE', #1089, #487 ) ;
#1970 = ADVANCED_FACE ( 'NONE', ( #2212 ), #1320, .T. ) ;
#1971 = ORIENTED_EDGE ( 'NONE', *, *, #2395, .F. ) ;
#1972 = DIRECTION ( 'NONE',  ( 0.0000000000000000000, 1.000000000000000000, 0.0000000000000000000 ) ) ;
#1973 = ORIENTED_EDGE ( 'NONE', *, *, #1827, .T. ) ;
#1974 = DIRECTION ( 'NONE',  ( -0.0000000000000000000, 1.000000000000000000, -0.0000000000000000000 ) ) ;
#1975 = AXIS2_PLACEMENT_3D ( 'NONE', #716, #1059, #1443 ) ;
#1976 = VERTEX_POINT ( 'NONE', #2262 ) ;
#1977 = CARTESIAN_POINT ( 'NONE',  ( -5.300000002086149742, -1.600000014171004903, 3.500000000000000000 ) ) ;
#1978 = EDGE_LOOP ( 'NONE', ( #1148, #92, #1432, #1174 ) ) ;
#1979 = EDGE_CURVE ( 'NONE', #202, #773, #2266, .T. ) ;
#1980 = DIRECTION ( 'NONE',  ( 1.226706849465706029E-34, -8.232291519128171459E-26, -1.000000000000000000 ) ) ;
#1981 = ORIENTED_EDGE ( 'NONE', *, *, #2110, .T. ) ;
#1982 = DIRECTION ( 'NONE',  ( -0.0000000000000000000, -1.000000000000000000, -1.490116190161484065E-09 ) ) ;
#1983 = ADVANCED_FACE ( 'NONE', ( #793 ), #227, .T. ) ;
#1984 = PLANE ( 'NONE',  #204 ) ;
#1985 = DIRECTION ( 'NONE',  ( 0.0000000000000000000, -1.000000000000000000, 8.232291519128171459E-26 ) ) ;
#1986 = CARTESIAN_POINT ( 'NONE',  ( 5.300000001490110080, -4.000000000000000000, -6.599999999999999645 ) ) ;
#1987 = DIRECTION ( 'NONE',  ( 0.0000000000000000000, 0.0000000000000000000, 1.000000000000000000 ) ) ;
#1988 = EDGE_CURVE ( 'NONE', #1071, #832, #654, .T. ) ;
#1989 = LINE ( 'NONE', #1694, #1808 ) ;
#1990 = EDGE_CURVE ( 'NONE', #1652, #2191, #1358, .T. ) ;
#1991 = DIRECTION ( 'NONE',  ( 7.957447137508290220E-16, 0.0000000000000000000, 1.000000000000000000 ) ) ;
#1992 = ADVANCED_FACE ( 'NONE', ( #1476, #1778, #825 ), #1896, .T. ) ;
#1993 = VECTOR ( 'NONE', #1171, 1000.000000000000000 ) ;
#1994 = DIRECTION ( 'NONE',  ( 0.0000000000000000000, 1.000000000000000000, 0.0000000000000000000 ) ) ;
#1995 = FACE_OUTER_BOUND ( 'NONE', #407, .T. ) ;
#1996 = VERTEX_POINT ( 'NONE', #2276 ) ;
#1997 = VECTOR ( 'NONE', #693, 1000.000000000000000 ) ;
#1998 = AXIS2_PLACEMENT_3D ( 'NONE', #11, #411, #2234 ) ;
#1999 = DIRECTION ( 'NONE',  ( 0.0000000000000000000, 1.000000000000000000, 0.0000000000000000000 ) ) ;
#2000 = VECTOR ( 'NONE', #1131, 1000.000000000000000 ) ;
#2001 = ORIENTED_EDGE ( 'NONE', *, *, #1101, .F. ) ;
#2002 = EDGE_LOOP ( 'NONE', ( #260, #718 ) ) ;
#2003 = DIRECTION ( 'NONE',  ( 0.0000000000000000000, 0.0000000000000000000, -1.000000000000000000 ) ) ;
#2004 = ADVANCED_FACE ( 'NONE', ( #10 ), #764, .F. ) ;
#2005 = ORIENTED_EDGE ( 'NONE', *, *, #1263, .T. ) ;
#2006 = EDGE_CURVE ( 'NONE', #715, #2060, #272, .T. ) ;
#2007 = DIRECTION ( 'NONE',  ( 0.0000000000000000000, 1.000000000000000000, 0.0000000000000000000 ) ) ;
#2008 = AXIS2_PLACEMENT_3D ( 'NONE', #1659, #1296, #1286 ) ;
#2009 = VERTEX_POINT ( 'NONE', #434 ) ;
#2010 = ORIENTED_EDGE ( 'NONE', *, *, #1954, .T. ) ;
#2011 = AXIS2_PLACEMENT_3D ( 'NONE', #1864, #1670, #201 ) ;
#2012 = ORIENTED_EDGE ( 'NONE', *, *, #2230, .F. ) ;
#2013 = APPROVAL_STATUS ( 'not_yet_approved' ) ;
#2014 = CC_DESIGN_APPROVAL ( #2218, ( #319 ) ) ;
#2015 = DIRECTION ( 'NONE',  ( 0.0000000000000000000, 1.000000000000000000, 0.0000000000000000000 ) ) ;
#2016 = DIRECTION ( 'NONE',  ( 1.000000000000000000, 1.490115901040910181E-09, 0.0000000000000000000 ) ) ;
#2017 = ADVANCED_FACE ( 'NONE', ( #1326, #1000, #511 ), #41, .F. ) ;
#2018 = CARTESIAN_POINT ( 'NONE',  ( 5.299999997153870268, -1.089999998375774215, 6.700000000000000178 ) ) ;
#2019 = FACE_OUTER_BOUND ( 'NONE', #323, .T. ) ;
#2020 = DIRECTION ( 'NONE',  ( 1.000000000000000000, 1.490116190161481997E-09, 5.524597057250979554E-17 ) ) ;
#2021 = FACE_OUTER_BOUND ( 'NONE', #1740, .T. ) ;
#2022 = ORIENTED_EDGE ( 'NONE', *, *, #833, .T. ) ;
#2023 = VECTOR ( 'NONE', #1703, 1000.000000000000000 ) ;
#2024 = AXIS2_PLACEMENT_3D ( 'NONE', #1272, #907, #1457 ) ;
#2025 = DIRECTION ( 'NONE',  ( 0.0000000000000000000, 0.0000000000000000000, 1.000000000000000000 ) ) ;
#2026 = CIRCLE ( 'NONE', #2369, 1.100000000000000311 ) ;
#2027 = CARTESIAN_POINT ( 'NONE',  ( 5.960468230092889869E-09, -4.000000007897615006, 0.0000000000000000000 ) ) ;
#2028 = FACE_OUTER_BOUND ( 'NONE', #1459, .T. ) ;
#2029 = CIRCLE ( 'NONE', #637, 1.089999999999999858 ) ;
#2030 = CARTESIAN_POINT ( 'NONE',  ( -3.550000000000000266, -0.2999999999999999889, 6.299999999999999822 ) ) ;
#2031 = VERTEX_POINT ( 'NONE', #212 ) ;
#2032 = ADVANCED_FACE ( 'NONE', ( #1928 ), #157, .T. ) ;
#2033 = DIRECTION ( 'NONE',  ( 0.0000000000000000000, -1.000000000000000000, 1.490116190161484065E-09 ) ) ;
#2034 = VERTEX_POINT ( 'NONE', #1497 ) ;
#2035 = CARTESIAN_POINT ( 'NONE',  ( -3.799999999999999822, -0.2999999999999999889, 6.700000000000000178 ) ) ;
#2036 = EDGE_LOOP ( 'NONE', ( #398, #112, #85, #2199 ) ) ;
#2037 = DIRECTION ( 'NONE',  ( 6.472848790958239474E-17, 0.0000000000000000000, -1.000000000000000000 ) ) ;
#2038 = ORIENTED_EDGE ( 'NONE', *, *, #447, .T. ) ;
#2039 = ORIENTED_EDGE ( 'NONE', *, *, #1518, .T. ) ;
#2040 = VERTEX_POINT ( 'NONE', #966 ) ;
#2041 = EDGE_CURVE ( 'NONE', #1844, #203, #449, .T. ) ;
#2042 = DIRECTION ( 'NONE',  ( 0.0000000000000000000, 0.0000000000000000000, 1.000000000000000000 ) ) ;
#2043 = EDGE_CURVE ( 'NONE', #1346, #715, #160, .T. ) ;
#2044 = DIRECTION ( 'NONE',  ( 1.490115901040910181E-09, -1.000000000000000000, 0.0000000000000000000 ) ) ;
#2045 = AXIS2_PLACEMENT_3D ( 'NONE', #299, #336, #330 ) ;
#2046 = CARTESIAN_POINT ( 'NONE',  ( -4.200000000000000178, -3.000000000447035298, 7.500000000000000000 ) ) ;
#2047 = CARTESIAN_POINT ( 'NONE',  ( 3.019999999999964935, -10.00000000000000000, -1.279843740462096147 ) ) ;
#2048 = VECTOR ( 'NONE', #807, 1000.000000000000000 ) ;
#2049 = CARTESIAN_POINT ( 'NONE',  ( 3.019999999999964935, 0.0000000000000000000, -0.4998437404620960645 ) ) ;
#2050 = VECTOR ( 'NONE', #780, 1000.000000000000000 ) ;
#2051 = VECTOR ( 'NONE', #1698, 1000.000000000000000 ) ;
#2052 = AXIS2_PLACEMENT_3D ( 'NONE', #60, #956, #1709 ) ;
#2053 = DIRECTION ( 'NONE',  ( 0.0000000000000000000, 1.000000000000000000, 0.0000000000000000000 ) ) ;
#2054 = CIRCLE ( 'NONE', #703, 0.7899999999999999245 ) ;
#2055 = ORIENTED_EDGE ( 'NONE', *, *, #315, .T. ) ;
#2056 = FACE_OUTER_BOUND ( 'NONE', #2223, .T. ) ;
#2057 = DIRECTION ( 'NONE',  ( 1.000000000000000000, 0.0000000000000000000, -3.909236002201275657E-15 ) ) ;
#2058 = FACE_OUTER_BOUND ( 'NONE', #457, .T. ) ;
#2059 = DIRECTION ( 'NONE',  ( 0.0000000000000000000, 1.000000000000000000, 0.0000000000000000000 ) ) ;
#2060 = VERTEX_POINT ( 'NONE', #924 ) ;
#2061 = DIRECTION ( 'NONE',  ( 1.490116190161484065E-09, -1.000000000000000000, 0.0000000000000000000 ) ) ;
#2062 = EDGE_LOOP ( 'NONE', ( #2120, #1545, #327, #141 ) ) ;
#2063 = DIRECTION ( 'NONE',  ( 0.0000000000000000000, 0.0000000000000000000, 1.000000000000000000 ) ) ;
#2064 = ORIENTED_EDGE ( 'NONE', *, *, #120, .T. ) ;
#2065 = EDGE_LOOP ( 'NONE', ( #1848, #1519, #279, #1316 ) ) ;
#2066 = DIRECTION ( 'NONE',  ( -1.000000000000000000, -1.490115901040904184E-09, 0.0000000000000000000 ) ) ;
#2067 = ORIENTED_EDGE ( 'NONE', *, *, #2353, .F. ) ;
#2068 = VERTEX_POINT ( 'NONE', #409 ) ;
#2069 = ORIENTED_EDGE ( 'NONE', *, *, #1154, .T. ) ;
#2070 = DIRECTION ( 'NONE',  ( 0.0000000000000000000, 1.000000000000000000, 0.0000000000000000000 ) ) ;
#2071 = EDGE_CURVE ( 'NONE', #286, #1853, #733, .T. ) ;
#2072 = DIRECTION ( 'NONE',  ( 0.0000000000000000000, 0.0000000000000000000, 1.000000000000000000 ) ) ;
#2073 = AXIS2_PLACEMENT_3D ( 'NONE', #2211, #1842, #738 ) ;
#2074 = CARTESIAN_POINT ( 'NONE',  ( -4.200000000000000178, -3.000000000447035298, 7.500000000000000000 ) ) ;
#2075 = DIRECTION ( 'NONE',  ( 1.000000000000000000, 0.0000000000000000000, 1.032573497605241854E-16 ) ) ;
#2076 = CIRCLE ( 'NONE', #669, 1.089999999999999858 ) ;
#2077 = LINE ( 'NONE', #1056, #306 ) ;
#2078 = CARTESIAN_POINT ( 'NONE',  ( 4.200000000000000178, 0.0000000000000000000, -7.799999995529649510 ) ) ;
#2079 = LINE ( 'NONE', #229, #1571 ) ;
#2080 = LINE ( 'NONE', #2090, #2131 ) ;
#2081 = DIRECTION ( 'NONE',  ( 6.472848790958239474E-17, 0.0000000000000000000, -1.000000000000000000 ) ) ;
#2082 = EDGE_CURVE ( 'NONE', #1644, #1824, #999, .T. ) ;
#2083 = CIRCLE ( 'NONE', #772, 0.7799999999999910338 ) ;
#2084 = EDGE_CURVE ( 'NONE', #51, #466, #1957, .T. ) ;
#2085 = CARTESIAN_POINT ( 'NONE',  ( 5.000000001490120027, -4.000000000447034409, -6.599999999999999645 ) ) ;
#2086 = DIRECTION ( 'NONE',  ( -1.000000000000000000, 1.490116190161484065E-09, 0.0000000000000000000 ) ) ;
#2087 = ORIENTED_EDGE ( 'NONE', *, *, #39, .T. ) ;
#2088 = EDGE_LOOP ( 'NONE', ( #2311, #1312 ) ) ;
#2089 = EDGE_CURVE ( 'NONE', #1877, #1369, #1299, .T. ) ;
#2090 = CARTESIAN_POINT ( 'NONE',  ( 5.299999999999999822, -3.000000000000000000, 6.700000000000000178 ) ) ;
#2091 = ORIENTED_EDGE ( 'NONE', *, *, #1955, .T. ) ;
#2092 = EDGE_LOOP ( 'NONE', ( #2175, #2167, #184, #28 ) ) ;
#2093 = ORIENTED_EDGE ( 'NONE', *, *, #176, .F. ) ;
#2094 = AXIS2_PLACEMENT_3D ( 'NONE', #1890, #1717, #2263 ) ;
#2095 = DIRECTION ( 'NONE',  ( 0.0000000000000000000, -1.000000000000000000, 0.0000000000000000000 ) ) ;
#2096 = DIRECTION ( 'NONE',  ( -1.000000000000000000, 0.0000000000000000000, 0.0000000000000000000 ) ) ;
#2097 = EDGE_CURVE ( 'NONE', #471, #1824, #1989, .T. ) ;
#2098 = VERTEX_POINT ( 'NONE', #1125 ) ;
#2099 = ADVANCED_FACE ( 'NONE', ( #1597 ), #1564, .T. ) ;
#2100 = CARTESIAN_POINT ( 'NONE',  ( 4.200000000000000178, -3.000000000000000000, 6.700000000000000178 ) ) ;
#2101 = CARTESIAN_POINT ( 'NONE',  ( -2.301829268292714836, -10.00000000000000000, 0.9754906558399399907 ) ) ;
#2102 = VECTOR ( 'NONE', #564, 1000.000000000000000 ) ;
#2103 = DIRECTION ( 'NONE',  ( 0.0000000000000000000, -1.000000000000000000, 1.490116190161484065E-09 ) ) ;
#2104 = CYLINDRICAL_SURFACE ( 'NONE', #2094, 0.5000000000043569592 ) ;
#2105 = LINE ( 'NONE', #845, #916 ) ;
#2106 = CIRCLE ( 'NONE', #1560, 1.100000000000000311 ) ;
#2107 = CYLINDRICAL_SURFACE ( 'NONE', #1841, 0.7800000000000000266 ) ;
#2108 = FACE_OUTER_BOUND ( 'NONE', #1151, .T. ) ;
#2109 = DIRECTION ( 'NONE',  ( 1.000000000000000000, 0.0000000000000000000, 1.032573497605241854E-16 ) ) ;
#2110 = EDGE_CURVE ( 'NONE', #2031, #383, #535, .T. ) ;
#2111 = EDGE_CURVE ( 'NONE', #2114, #1825, #1021, .T. ) ;
#2112 = ORIENTED_EDGE ( 'NONE', *, *, #120, .F. ) ;
#2113 = DIRECTION ( 'NONE',  ( -1.000000000000000000, -1.490116190161484065E-09, -6.472848790958239474E-17 ) ) ;
#2114 = VERTEX_POINT ( 'NONE', #1884 ) ;
#2115 = DIRECTION ( 'NONE',  ( 0.0000000000000000000, 0.0000000000000000000, 1.000000000000000000 ) ) ;
#2116 = AXIS2_PLACEMENT_3D ( 'NONE', #1323, #2267, #56 ) ;
#2117 = VERTEX_POINT ( 'NONE', #1282 ) ;
#2118 = CARTESIAN_POINT ( 'NONE',  ( 3.549999999999939870, 0.0000000000000000000, -6.049999999999999822 ) ) ;
#2119 = ORIENTED_EDGE ( 'NONE', *, *, #1905, .T. ) ;
#2120 = ORIENTED_EDGE ( 'NONE', *, *, #482, .F. ) ;
#2121 = ADVANCED_FACE ( 'NONE', ( #1863 ), #185, .T. ) ;
#2122 = EDGE_CURVE ( 'NONE', #844, #497, #1687, .T. ) ;
#2123 = CARTESIAN_POINT ( 'NONE',  ( 4.209999997153880180, 0.0000000000000000000, -6.700000000000000178 ) ) ;
#2124 = AXIS2_PLACEMENT_3D ( 'NONE', #787, #1704, #1921 ) ;
#2125 = CARTESIAN_POINT ( 'NONE',  ( 4.200000000000000178, -0.2999999999999999889, -6.700000000000000178 ) ) ;
#2126 = DIRECTION ( 'NONE',  ( -1.490116190161484065E-09, 1.000000000000000000, 0.0000000000000000000 ) ) ;
#2127 = LINE ( 'NONE', #1559, #1357 ) ;
#2128 = CIRCLE ( 'NONE', #377, 0.7799999999999649436 ) ;
#2129 = PLANE ( 'NONE',  #2239 ) ;
#2130 = VECTOR ( 'NONE', #1124, 1000.000000000000000 ) ;
#2131 = VECTOR ( 'NONE', #2081, 1000.000000000000000 ) ;
#2132 = DIRECTION ( 'NONE',  ( 0.0000000000000000000, 0.0000000000000000000, 1.000000000000000000 ) ) ;
#2133 = DIRECTION ( 'NONE',  ( 0.0000000000000000000, 0.0000000000000000000, 1.000000000000000000 ) ) ;
#2134 = CYLINDRICAL_SURFACE ( 'NONE', #505, 1.099999998576939753 ) ;
#2135 = ORIENTED_EDGE ( 'NONE', *, *, #154, .F. ) ;
#2136 = ORIENTED_EDGE ( 'NONE', *, *, #2082, .T. ) ;
#2137 = DIRECTION ( 'NONE',  ( -1.000000000000000000, 1.490116190161484065E-09, 0.0000000000000000000 ) ) ;
#2138 = EDGE_LOOP ( 'NONE', ( #89, #1238, #1879, #613, #2339, #1375, #50, #697, #88 ) ) ;
#2139 = EDGE_CURVE ( 'NONE', #320, #1373, #1163, .T. ) ;
#2140 = EDGE_LOOP ( 'NONE', ( #962, #1097, #1771, #348 ) ) ;
#2141 = CARTESIAN_POINT ( 'NONE',  ( 4.209999997153880180, -1.090000000000000080, 6.700000000000000178 ) ) ;
#2142 = ORIENTED_EDGE ( 'NONE', *, *, #868, .T. ) ;
#2143 = CARTESIAN_POINT ( 'NONE',  ( -3.550000000000000266, -0.2999999999999999889, -6.049999999999999822 ) ) ;
#2144 = VERTEX_POINT ( 'NONE', #742 ) ;
#2145 = ORIENTED_EDGE ( 'NONE', *, *, #910, .T. ) ;
#2146 = DIRECTION ( 'NONE',  ( 1.000000000000000000, 0.0000000000000000000, 1.577021341797095046E-15 ) ) ;
#2147 = DIRECTION ( 'NONE',  ( 0.0000000000000000000, 1.000000000000000000, 0.0000000000000000000 ) ) ;
#2148 = ORIENTED_EDGE ( 'NONE', *, *, #245, .F. ) ;
#2149 = APPLICATION_CONTEXT ( 'configuration controlled 3d designs of mechanical parts and assemblies' ) ;
#2150 = DIRECTION ( 'NONE',  ( -1.490117057510236766E-09, -1.000000000000000000, 0.0000000000000000000 ) ) ;
#2151 = EDGE_CURVE ( 'NONE', #1570, #520, #2076, .T. ) ;
#2152 = EDGE_CURVE ( 'NONE', #2203, #952, #1473, .T. ) ;
#2153 = ADVANCED_FACE ( 'NONE', ( #1103 ), #510, .F. ) ;
#2154 = APPROVAL_DATE_TIME ( #1893, #2218 ) ;
#2155 = DIRECTION ( 'NONE',  ( 0.0000000000000000000, 0.0000000000000000000, 1.000000000000000000 ) ) ;
#2156 = CIRCLE ( 'NONE', #2124, 2.500000000000000000 ) ;
#2157 = AXIS2_PLACEMENT_3D ( 'NONE', #159, #2181, #1987 ) ;
#2158 = CIRCLE ( 'NONE', #1922, 0.009999997153881286238 ) ;
#2159 = LINE ( 'NONE', #1150, #1194 ) ;
#2160 = LINE ( 'NONE', #182, #1169 ) ;
#2161 = VERTEX_POINT ( 'NONE', #1531 ) ;
#2162 = CARTESIAN_POINT ( 'NONE',  ( 4.999999997168781185, -1.099999998818453006, 3.500000000000000000 ) ) ;
#2163 = CYLINDRICAL_SURFACE ( 'NONE', #1747, 0.7799999999999651656 ) ;
#2164 = VECTOR ( 'NONE', #1481, 1000.000000000000000 ) ;
#2165 = DIRECTION ( 'NONE',  ( 0.0000000000000000000, 1.000000000000000000, 0.0000000000000000000 ) ) ;
#2166 = DIRECTION ( 'NONE',  ( -1.000000000000000000, -8.234446879636743648E-16, -2.195852501236464841E-15 ) ) ;
#2167 = ORIENTED_EDGE ( 'NONE', *, *, #1699, .F. ) ;
#2168 = ADVANCED_FACE ( 'NONE', ( #2235 ), #35, .F. ) ;
#2169 = CARTESIAN_POINT ( 'NONE',  ( -5.299999997153870268, -1.089999998375774215, 6.700000000000000178 ) ) ;
#2170 = VERTEX_POINT ( 'NONE', #616 ) ;
#2171 = CARTESIAN_POINT ( 'NONE',  ( 5.299999997913840133, -1.599999998375775112, 3.500000000000000000 ) ) ;
#2172 = VERTEX_POINT ( 'NONE', #1910 ) ;
#2173 = VERTEX_POINT ( 'NONE', #798 ) ;
#2174 = DIRECTION ( 'NONE',  ( 0.0000000000000000000, 0.0000000000000000000, 1.000000000000000000 ) ) ;
#2175 = ORIENTED_EDGE ( 'NONE', *, *, #1440, .F. ) ;
#2176 = ORIENTED_EDGE ( 'NONE', *, *, #200, .T. ) ;
#2177 = CARTESIAN_POINT ( 'NONE',  ( -4.999999998658888778, -2.100000013728327009, -3.500000000000000000 ) ) ;
#2178 = DIRECTION ( 'NONE',  ( -1.000000000000000000, -6.154617945252970753E-25, 4.130293990420970376E-16 ) ) ;
#2179 = ADVANCED_FACE ( 'NONE', ( #9 ), #130, .F. ) ;
#2180 = LOCAL_TIME ( 12, 43, 4.000000000000000000, #1275 ) ;
#2181 = DIRECTION ( 'NONE',  ( 0.0000000000000000000, 1.000000000000000000, 0.0000000000000000000 ) ) ;
#2182 = VECTOR ( 'NONE', #2057, 1000.000000000000000 ) ;
#2183 = EDGE_CURVE ( 'NONE', #1088, #2170, #624, .T. ) ;
#2184 = CARTESIAN_POINT ( 'NONE',  ( 4.999999997153880216, -1.089999998822807958, 6.700000000000000178 ) ) ;
#2185 = DIRECTION ( 'NONE',  ( 1.000000000000000000, 0.0000000000000000000, 1.032573497605241854E-16 ) ) ;
#2186 = CARTESIAN_POINT ( 'NONE',  ( -5.299999997153870268, -1.089999998375774215, -6.700000000000000178 ) ) ;
#2187 = FACE_OUTER_BOUND ( 'NONE', #435, .T. ) ;
#2188 = AXIS2_PLACEMENT_3D ( 'NONE', #192, #577, #1851 ) ;
#2189 = ADVANCED_FACE ( 'NONE', ( #1077 ), #415, .T. ) ;
#2190 = LINE ( 'NONE', #2252, #2164 ) ;
#2191 = VERTEX_POINT ( 'NONE', #1501 ) ;
#2192 = ORIENTED_EDGE ( 'NONE', *, *, #784, .F. ) ;
#2193 = ORIENTED_EDGE ( 'NONE', *, *, #1104, .T. ) ;
#2194 = DIRECTION ( 'NONE',  ( 0.0000000000000000000, 0.0000000000000000000, 1.000000000000000000 ) ) ;
#2195 = ORIENTED_EDGE ( 'NONE', *, *, #1605, .F. ) ;
#2196 = EDGE_CURVE ( 'NONE', #1504, #1315, #1926, .T. ) ;
#2197 = DIRECTION ( 'NONE',  ( 0.0000000000000000000, 0.0000000000000000000, 1.000000000000000000 ) ) ;
#2198 = EDGE_CURVE ( 'NONE', #1315, #2161, #2156, .T. ) ;
#2199 = ORIENTED_EDGE ( 'NONE', *, *, #1229, .T. ) ;
#2200 = CARTESIAN_POINT ( 'NONE',  ( 4.200000000000000178, -4.470347703122709761E-10, -7.499999995529649688 ) ) ;
#2201 = AXIS2_PLACEMENT_3D ( 'NONE', #1977, #699, #148 ) ;
#2202 = ADVANCED_FACE ( 'NONE', ( #823, #1189, #333 ), #68, .T. ) ;
#2203 = VERTEX_POINT ( 'NONE', #2259 ) ;
#2204 = ORIENTED_EDGE ( 'NONE', *, *, #1440, .T. ) ;
#2205 = AXIS2_PLACEMENT_3D ( 'NONE', #1078, #1, #1448 ) ;
#2206 = CARTESIAN_POINT ( 'NONE',  ( 0.0000000000000000000, -0.2999999999999999889, 2.500000000000000000 ) ) ;
#2207 = DIRECTION ( 'NONE',  ( -1.000000000000000000, 0.0000000000000000000, 0.0000000000000000000 ) ) ;
#2208 = PLANE ( 'NONE',  #560 ) ;
#2209 = DATE_AND_TIME ( #1324, #304 ) ;
#2210 = AXIS2_PLACEMENT_3D ( 'NONE', #390, #1291, #923 ) ;
#2211 = CARTESIAN_POINT ( 'NONE',  ( 4.999999997913839422, -1.599999998822809966, 3.500000000000000000 ) ) ;
#2212 = FACE_OUTER_BOUND ( 'NONE', #506, .T. ) ;
#2213 = VECTOR ( 'NONE', #1146, 1000.000000000000000 ) ;
#2214 = EDGE_CURVE ( 'NONE', #955, #460, #446, .T. ) ;
#2215 = CYLINDRICAL_SURFACE ( 'NONE', #1873, 0.7899999999999999245 ) ;
#2216 = LINE ( 'NONE', #507, #1002 ) ;
#2217 = LINE ( 'NONE', #177, #944 ) ;
#2218 = APPROVAL ( #2013, 'UNSPECIFIED' ) ;
#2219 = CARTESIAN_POINT ( 'NONE',  ( 4.209999997153880180, -0.2999999999999999889, 6.700000000000000178 ) ) ;
#2220 = LINE ( 'NONE', #2035, #1543 ) ;
#2221 = ORIENTED_EDGE ( 'NONE', *, *, #1229, .F. ) ;
#2222 = DIRECTION ( 'NONE',  ( 0.0000000000000000000, 0.0000000000000000000, 1.000000000000000000 ) ) ;
#2223 = EDGE_LOOP ( 'NONE', ( #1587, #489, #2286, #1579 ) ) ;
#2224 = CARTESIAN_POINT ( 'NONE',  ( 4.200000000000000178, -3.000000000000000000, 7.799999999999999822 ) ) ;
#2225 = ORIENTED_EDGE ( 'NONE', *, *, #499, .T. ) ;
#2226 = ORIENTED_EDGE ( 'NONE', *, *, #1962, .T. ) ;
#2227 = VERTEX_POINT ( 'NONE', #1173 ) ;
#2228 = EDGE_CURVE ( 'NONE', #1288, #838, #101, .T. ) ;
#2229 = CARTESIAN_POINT ( 'NONE',  ( 5.300000001490130508, -4.000000000000000000, -5.799999999999999822 ) ) ;
#2230 = EDGE_CURVE ( 'NONE', #1062, #1346, #762, .T. ) ;
#2231 = ORIENTED_EDGE ( 'NONE', *, *, #1518, .F. ) ;
#2232 = AXIS2_PLACEMENT_3D ( 'NONE', #1366, #271, #302 ) ;
#2233 = CALENDAR_DATE ( 2020, 13, 10 ) ;
#2234 = DIRECTION ( 'NONE',  ( 0.0000000000000000000, 0.0000000000000000000, -1.000000000000000000 ) ) ;
#2235 = FACE_OUTER_BOUND ( 'NONE', #2062, .T. ) ;
#2236 = DIRECTION ( 'NONE',  ( 0.0000000000000000000, -1.000000000000000000, 8.232291519128171459E-26 ) ) ;
#2237 = EDGE_CURVE ( 'NONE', #1877, #1853, #189, .T. ) ;
#2238 = LINE ( 'NONE', #1064, #215 ) ;
#2239 = AXIS2_PLACEMENT_3D ( 'NONE', #1535, #1014, #1569 ) ;
#2240 = FACE_OUTER_BOUND ( 'NONE', #1492, .T. ) ;
#2241 = FACE_OUTER_BOUND ( 'NONE', #1428, .T. ) ;
#2242 = DIRECTION ( 'NONE',  ( 1.000000000000000000, 0.0000000000000000000, 1.032573497605241854E-16 ) ) ;
#2243 = AXIS2_PLACEMENT_3D ( 'NONE', #1493, #399, #1510 ) ;
#2244 = VECTOR ( 'NONE', #2185, 1000.000000000000000 ) ;
#2245 = CARTESIAN_POINT ( 'NONE',  ( 3.799999999999999822, -0.2999999999999999889, 6.700000000000000178 ) ) ;
#2246 = ORIENTED_EDGE ( 'NONE', *, *, #1605, .T. ) ;
#2247 = DIRECTION ( 'NONE',  ( 0.0000000000000000000, 0.0000000000000000000, 1.000000000000000000 ) ) ;
#2248 = VERTEX_POINT ( 'NONE', #643 ) ;
#2249 = DIRECTION ( 'NONE',  ( 0.0000000000000000000, 0.0000000000000000000, -1.000000000000000000 ) ) ;
#2250 = CARTESIAN_POINT ( 'NONE',  ( -4.209999997153865081, -1.090000000000000080, 6.700000000000000178 ) ) ;
#2251 = ORIENTED_EDGE ( 'NONE', *, *, #1300, .F. ) ;
#2252 = CARTESIAN_POINT ( 'NONE',  ( -4.999999998509880861, -4.000000015348194715, 5.799999999999999822 ) ) ;
#2253 = ORIENTED_EDGE ( 'NONE', *, *, #2214, .F. ) ;
#2254 = DIRECTION ( 'NONE',  ( 0.0000000000000000000, 1.000000000000000000, 0.0000000000000000000 ) ) ;
#2255 = EDGE_LOOP ( 'NONE', ( #2145, #124, #285, #1210 ) ) ;
#2256 = EDGE_LOOP ( 'NONE', ( #1015, #1679, #894, #1394 ) ) ;
#2257 = DIRECTION ( 'NONE',  ( -6.154617945252969834E-25, -1.000000000000000000, -1.490116190161484065E-09 ) ) ;
#2258 = AXIS2_PLACEMENT_3D ( 'NONE', #173, #1096, #531 ) ;
#2259 = CARTESIAN_POINT ( 'NONE',  ( -5.300000001341092393, -2.100000014175361862, 3.500000000000000000 ) ) ;
#2260 = DIRECTION ( 'NONE',  ( 0.0000000000000000000, 1.000000000000000000, 0.0000000000000000000 ) ) ;
#2261 = DIRECTION ( 'NONE',  ( 1.163717669002186102E-14, 0.0000000000000000000, 1.000000000000000000 ) ) ;
#2262 = CARTESIAN_POINT ( 'NONE',  ( 3.799999999999999822, 0.0000000000000000000, -6.049999999999999822 ) ) ;
#2263 = DIRECTION ( 'NONE',  ( -1.490117057510236766E-09, 1.000000000000000000, 0.0000000000000000000 ) ) ;
#2264 = LOCAL_TIME ( 12, 43, 4.000000000000000000, #1355 ) ;
#2265 = DIRECTION ( 'NONE',  ( 6.472848790958239474E-17, 0.0000000000000000000, -1.000000000000000000 ) ) ;
#2266 = LINE ( 'NONE', #63, #1135 ) ;
#2267 = DIRECTION ( 'NONE',  ( 0.0000000000000000000, 1.000000000000000000, 0.0000000000000000000 ) ) ;
#2268 = CIRCLE ( 'NONE', #1121, 0.2500000000000140998 ) ;
#2269 = LINE ( 'NONE', #768, #1637 ) ;
#2270 = DIRECTION ( 'NONE',  ( 0.0000000000000000000, 1.000000000000000000, 0.0000000000000000000 ) ) ;
#2271 = EDGE_CURVE ( 'NONE', #2248, #1646, #1219, .T. ) ;
#2272 = FACE_OUTER_BOUND ( 'NONE', #496, .T. ) ;
#2273 = ORIENTED_EDGE ( 'NONE', *, *, #1576, .T. ) ;
#2274 = EDGE_CURVE ( 'NONE', #1007, #1041, #1721, .T. ) ;
#2275 = VECTOR ( 'NONE', #2061, 1000.000000000000000 ) ;
#2276 = CARTESIAN_POINT ( 'NONE',  ( -3.799999999999999822, 0.0000000000000000000, 1.279843740461972024 ) ) ;
#2277 = CARTESIAN_POINT ( 'NONE',  ( -3.799999999999999822, -0.2999999999999999889, 6.700000000000000178 ) ) ;
#2278 = CARTESIAN_POINT ( 'NONE',  ( -5.299999995529649510, 0.0000000000000000000, -6.700000000000000178 ) ) ;
#2279 = ORIENTED_EDGE ( 'NONE', *, *, #2341, .T. ) ;
#2280 = CARTESIAN_POINT ( 'NONE',  ( 3.019999999999964935, -0.2999999999999999889, -0.4998437404620960645 ) ) ;
#2281 = ORIENTED_EDGE ( 'NONE', *, *, #959, .F. ) ;
#2282 = AXIS2_PLACEMENT_3D ( 'NONE', #328, #708, #1612 ) ;
#2283 = CARTESIAN_POINT ( 'NONE',  ( -5.300000004917389873, -1.600000014171004903, -3.500000000000000000 ) ) ;
#2284 = ORIENTED_EDGE ( 'NONE', *, *, #819, .T. ) ;
#2285 = DIRECTION ( 'NONE',  ( -1.490116190161484065E-09, -1.000000000000000000, 0.0000000000000000000 ) ) ;
#2286 = ORIENTED_EDGE ( 'NONE', *, *, #964, .T. ) ;
#2287 = DIRECTION ( 'NONE',  ( 0.0000000000000000000, 1.000000000000000000, 0.0000000000000000000 ) ) ;
#2288 = ORIENTED_EDGE ( 'NONE', *, *, #121, .T. ) ;
#2289 = CARTESIAN_POINT ( 'NONE',  ( -3.020000000000000018, -10.00000000000000000, 1.279843740462096147 ) ) ;
#2290 = EDGE_LOOP ( 'NONE', ( #1202, #1675, #175, #223, #604, #804, #1436, #180, #263, #830 ) ) ;
#2291 = AXIS2_PLACEMENT_3D ( 'NONE', #1870, #2037, #3 ) ;
#2292 = CARTESIAN_POINT ( 'NONE',  ( -4.200000000000000178, -1.090000000000000080, 6.700000000000000178 ) ) ;
#2293 = PERSON_AND_ORGANIZATION ( #1343, #2356 ) ;
#2294 = CARTESIAN_POINT ( 'NONE',  ( -5.299999998509870025, -4.000000015795230013, 5.799999999999999822 ) ) ;
#2295 = ADVANCED_FACE ( 'NONE', ( #214 ), #1050, .T. ) ;
#2296 = VECTOR ( 'NONE', #450, 1000.000000000000000 ) ;
#2297 = CARTESIAN_POINT ( 'NONE',  ( -4.200000000000000178, -0.2999999999999999889, 6.709999997153880180 ) ) ;
#2298 = TOROIDAL_SURFACE ( 'NONE', #758, 0.009999997153879549780, 1.090000000000000080 ) ;
#2299 = DIRECTION ( 'NONE',  ( -7.957447137508290220E-16, 0.0000000000000000000, -1.000000000000000000 ) ) ;
#2300 = CIRCLE ( 'NONE', #86, 1.099999997153880305 ) ;
#2301 = DIRECTION ( 'NONE',  ( 1.490116190161484065E-09, -1.000000000000000000, 9.645296779874060167E-26 ) ) ;
#2302 = FACE_OUTER_BOUND ( 'NONE', #1127, .T. ) ;
#2303 = LINE ( 'NONE', #2340, #1872 ) ;
#2304 = DIRECTION ( 'NONE',  ( 0.0000000000000000000, 0.0000000000000000000, -1.000000000000000000 ) ) ;
#2305 = EDGE_CURVE ( 'NONE', #2034, #149, #1631, .T. ) ;
#2306 = ORIENTED_EDGE ( 'NONE', *, *, #1300, .T. ) ;
#2307 = CARTESIAN_POINT ( 'NONE',  ( 4.999999995529649688, -4.470347703122709761E-10, 6.700000000000000178 ) ) ;
#2308 = ORIENTED_EDGE ( 'NONE', *, *, #853, .T. ) ;
#2309 = ADVANCED_FACE ( 'NONE', ( #2019 ), #1414, .F. ) ;
#2310 = AXIS2_PLACEMENT_3D ( 'NONE', #2047, #727, #911 ) ;
#2311 = ORIENTED_EDGE ( 'NONE', *, *, #841, .F. ) ;
#2312 = ORIENTED_EDGE ( 'NONE', *, *, #1566, .T. ) ;
#2313 = EDGE_LOOP ( 'NONE', ( #2069, #983, #639, #2226 ) ) ;
#2314 = VERTEX_POINT ( 'NONE', #822 ) ;
#2315 = ORIENTED_EDGE ( 'NONE', *, *, #375, .F. ) ;
#2316 = ORIENTED_EDGE ( 'NONE', *, *, #2323, .T. ) ;
#2317 = EDGE_CURVE ( 'NONE', #2009, #1619, #566, .T. ) ;
#2318 = EDGE_CURVE ( 'NONE', #2040, #2173, #2127, .T. ) ;
#2319 = DIRECTION ( 'NONE',  ( 1.000000000000000000, -0.0000000000000000000, -0.0000000000000000000 ) ) ;
#2320 = ADVANCED_FACE ( 'NONE', ( #389, #883, #1499 ), #1028, .F. ) ;
#2321 = AXIS2_PLACEMENT_3D ( 'NONE', #1728, #222, #1889 ) ;
#2322 = CARTESIAN_POINT ( 'NONE',  ( -4.200000000000000178, 0.0000000000000000000, 6.700000000000000178 ) ) ;
#2323 = EDGE_CURVE ( 'NONE', #1437, #462, #652, .T. ) ;
#2324 = PERSON_AND_ORGANIZATION ( #1343, #2356 ) ;
#2325 = DIRECTION ( 'NONE',  ( 1.000000000000000000, 1.490115901040910181E-09, 0.0000000000000000000 ) ) ;
#2326 = VECTOR ( 'NONE', #978, 1000.000000000000000 ) ;
#2327 = CARTESIAN_POINT ( 'NONE',  ( -4.999999997168772303, -1.100000013719612868, -3.500000000000000000 ) ) ;
#2328 = FACE_OUTER_BOUND ( 'NONE', #491, .T. ) ;
#2329 = LINE ( 'NONE', #1674, #163 ) ;
#2330 = CARTESIAN_POINT ( 'NONE',  ( -5.299999998509870025, -4.000000015795230013, 6.599999999999999645 ) ) ;
#2331 = CYLINDRICAL_SURFACE ( 'NONE', #331, 2.500000000000000000 ) ;
#2332 = VECTOR ( 'NONE', #1994, 1000.000000000000000 ) ;
#2333 = ADVANCED_FACE ( 'NONE', ( #244 ), #1749, .F. ) ;
#2334 = EDGE_CURVE ( 'NONE', #2227, #549, #937, .T. ) ;
#2335 = CARTESIAN_POINT ( 'NONE',  ( 5.299999999999999822, -3.000000000000000000, 6.700000000000000178 ) ) ;
#2336 = ORIENTED_EDGE ( 'NONE', *, *, #2317, .F. ) ;
#2337 = AXIS2_PLACEMENT_3D ( 'NONE', #979, #1487, #1130 ) ;
#2338 = DIRECTION ( 'NONE',  ( 1.000000000000000000, 1.490116190161481997E-09, 5.524597057250979554E-17 ) ) ;
#2339 = ORIENTED_EDGE ( 'NONE', *, *, #200, .F. ) ;
#2340 = CARTESIAN_POINT ( 'NONE',  ( 2.301829268292699737, -10.00000000000000000, -0.9754906558399399907 ) ) ;
#2341 = EDGE_CURVE ( 'NONE', #1458, #1007, #67, .T. ) ;
#2342 = VERTEX_POINT ( 'NONE', #1770 ) ;
#2343 = CARTESIAN_POINT ( 'NONE',  ( -5.300000005662448999, -1.100000014166647944, -3.500000000000000000 ) ) ;
#2344 = DIRECTION ( 'NONE',  ( 0.0000000000000000000, 0.0000000000000000000, 1.000000000000000000 ) ) ;
#2345 = EDGE_LOOP ( 'NONE', ( #1708, #1152, #2193, #1557 ) ) ;
#2346 = VERTEX_POINT ( 'NONE', #105 ) ;
#2347 = DIRECTION ( 'NONE',  ( 0.0000000000000000000, 1.000000000000000000, 0.0000000000000000000 ) ) ;
#2348 = ADVANCED_FACE ( 'NONE', ( #1217 ), #1746, .F. ) ;
#2349 = ORIENTED_EDGE ( 'NONE', *, *, #339, .F. ) ;
#2350 = CARTESIAN_POINT ( 'NONE',  ( 5.000000001490120027, -4.000000000447034409, -5.799999999999999822 ) ) ;
#2351 = APPROVAL_STATUS ( 'not_yet_approved' ) ;
#2352 = DIRECTION ( 'NONE',  ( 0.0000000000000000000, 1.000000000000000000, 0.0000000000000000000 ) ) ;
#2353 = EDGE_CURVE ( 'NONE', #2314, #1287, #414, .T. ) ;
#2354 = EDGE_CURVE ( 'NONE', #203, #1824, #565, .T. ) ;
#2355 = DIRECTION ( 'NONE',  ( 1.490116190161484065E-09, -1.000000000000000000, -0.0000000000000000000 ) ) ;
#2356 = ORGANIZATION ( 'UNSPECIFIED', 'UNSPECIFIED', '' ) ;
#2357 = VECTOR ( 'NONE', #1859, 1000.000000000000000 ) ;
#2358 = APPLICATION_CONTEXT ( 'configuration controlled 3d designs of mechanical parts and assemblies' ) ;
#2359 = AXIS2_PLACEMENT_3D ( 'NONE', #2335, #2301, #1187 ) ;
#2360 = CARTESIAN_POINT ( 'NONE',  ( 4.200000000000000178, -3.000000000000000000, -7.799999999999999822 ) ) ;
#2361 = CIRCLE ( 'NONE', #595, 1.099999997153880305 ) ;
#2362 = VECTOR ( 'NONE', #2325, 1000.000000000000000 ) ;
#2363 = DIRECTION ( 'NONE',  ( 0.0000000000000000000, 0.0000000000000000000, 1.000000000000000000 ) ) ;
#2364 = ORIENTED_EDGE ( 'NONE', *, *, #401, .T. ) ;
#2365 = DIRECTION ( 'NONE',  ( -0.0000000000000000000, -0.0000000000000000000, -1.000000000000000000 ) ) ;
#2366 =( NAMED_UNIT ( * ) SI_UNIT ( $, .STERADIAN. ) SOLID_ANGLE_UNIT ( ) );
#2367 = EDGE_LOOP ( 'NONE', ( #1336, #1931, #1405, #382 ) ) ;
#2368 = EDGE_CURVE ( 'NONE', #1551, #1652, #1100, .T. ) ;
#2369 = AXIS2_PLACEMENT_3D ( 'NONE', #284, #474, #1184 ) ;
#2370 = VERTEX_POINT ( 'NONE', #1804 ) ;
#2371 = DIRECTION ( 'NONE',  ( 0.0000000000000000000, 1.000000000000000000, 0.0000000000000000000 ) ) ;
#2372 = CARTESIAN_POINT ( 'NONE',  ( 5.299999995529649510, 0.0000000000000000000, -6.700000000000000178 ) ) ;
#2373 = AXIS2_PLACEMENT_3D ( 'NONE', #1684, #1661, #2242 ) ;
#2374 = ORIENTED_EDGE ( 'NONE', *, *, #602, .T. ) ;
#2375 = ORIENTED_EDGE ( 'NONE', *, *, #1699, .T. ) ;
#2376 = ORIENTED_EDGE ( 'NONE', *, *, #991, .T. ) ;
#2377 = ORIENTED_EDGE ( 'NONE', *, *, #2139, .F. ) ;
#2378 = DIRECTION ( 'NONE',  ( 0.0000000000000000000, 0.0000000000000000000, 1.000000000000000000 ) ) ;
#2379 = ADVANCED_FACE ( 'NONE', ( #1924 ), #387, .F. ) ;
#2380 = CARTESIAN_POINT ( 'NONE',  ( 4.200000000000000178, -1.090000000000000080, 6.709999997153880180 ) ) ;
#2381 = CALENDAR_DATE ( 2020, 13, 10 ) ;
#2382 = EDGE_CURVE ( 'NONE', #2144, #343, #1297, .T. ) ;
#2383 = DIRECTION ( 'NONE',  ( 0.0000000000000000000, 0.0000000000000000000, 1.000000000000000000 ) ) ;
#2384 = LINE ( 'NONE', #162, #1384 ) ;
#2385 = DIRECTION ( 'NONE',  ( 1.000000000000000000, 1.490116190161481997E-09, 5.524597057250979554E-17 ) ) ;
#2386 = LINE ( 'NONE', #1894, #1782 ) ;
#2387 = DIRECTION ( 'NONE',  ( 0.0000000000000000000, 1.000000000000000000, 0.0000000000000000000 ) ) ;
#2388 = FACE_OUTER_BOUND ( 'NONE', #754, .T. ) ;
#2389 = VECTOR ( 'NONE', #2385, 1000.000000000000000 ) ;
#2390 = ORIENTED_EDGE ( 'NONE', *, *, #2198, .T. ) ;
#2391 = CARTESIAN_POINT ( 'NONE',  ( 4.999999997153880216, -1.089999998822807958, 6.700000000000000178 ) ) ;
#2392 = ORIENTED_EDGE ( 'NONE', *, *, #1576, .F. ) ;
#2393 = CARTESIAN_POINT ( 'NONE',  ( 4.200000000000000178, -1.090000000000000080, -6.709999997153880180 ) ) ;
#2394 = EDGE_LOOP ( 'NONE', ( #645, #1258 ) ) ;
#2395 = EDGE_CURVE ( 'NONE', #1268, #198, #1412, .T. ) ;
#2396 = CARTESIAN_POINT ( 'NONE',  ( 4.200000000000000178, -1.090000000000000080, 6.709999997153880180 ) ) ;
#2397 = EDGE_CURVE ( 'NONE', #1287, #114, #731, .T. ) ;
#2398 = ORIENTED_EDGE ( 'NONE', *, *, #230, .F. ) ;
ENDSEC;
END-ISO-10303-21;
