ISO-10303-21;
HEADER;
FILE_DESCRIPTION (( 'STEP AP203' ),
    '1' );
FILE_NAME ('MS233-10C.step',
    '2020-11-05T11:14:58',
    ( '' ),
    ( '' ),
    'SwSTEP 2.0',
    'SolidWorks 2018',
    '' );
FILE_SCHEMA (( 'CONFIG_CONTROL_DESIGN' ));
ENDSEC;

DATA;
#1 = CARTESIAN_POINT ( 'NONE',  ( 7.049999999999999822, -2.600000000000000089, 9.950000000000001066 ) ) ;
#2 = LINE ( 'NONE', #474, #1235 ) ;
#3 = DIRECTION ( 'NONE',  ( 1.224606353822370356E-16, -1.000000000000000000, -3.369018681194646918E-15 ) ) ;
#4 = AXIS2_PLACEMENT_3D ( 'NONE', #876, #869, #12 ) ;
#5 = CIRCLE ( 'NONE', #1043, 1.900000000000001465 ) ;
#6 = ORIENTED_EDGE ( 'NONE', *, *, #661, .T. ) ;
#7 = DIRECTION ( 'NONE',  ( 1.000000000000000000, 0.0000000000000000000, -1.743440679373676303E-16 ) ) ;
#8 = CIRCLE ( 'NONE', #1560, 1.900000000000001465 ) ;
#9 = APPROVAL_DATE_TIME ( #291, #1161 ) ;
#10 = CYLINDRICAL_SURFACE ( 'NONE', #978, 1.900000000000002354 ) ;
#11 = DIRECTION ( 'NONE',  ( 0.0000000000000000000, 0.0000000000000000000, 1.000000000000000000 ) ) ;
#12 = DIRECTION ( 'NONE',  ( 0.0000000000000000000, 0.0000000000000000000, -1.000000000000000000 ) ) ;
#13 =( GEOMETRIC_REPRESENTATION_CONTEXT ( 3 ) GLOBAL_UNCERTAINTY_ASSIGNED_CONTEXT ( ( #588 ) ) GLOBAL_UNIT_ASSIGNED_CONTEXT ( ( #904, #1408, #632 ) ) REPRESENTATION_CONTEXT ( 'NONE', 'WORKASPACE' ) );
#14 = AXIS2_PLACEMENT_3D ( 'NONE', #826, #86, #960 ) ;
#15 = VERTEX_POINT ( 'NONE', #108 ) ;
#16 = CARTESIAN_POINT ( 'NONE',  ( -8.950000000000001066, -0.6500000000000001332, 9.950000000000001066 ) ) ;
#17 = VERTEX_POINT ( 'NONE', #1377 ) ;
#18 = DIRECTION ( 'NONE',  ( 1.224606353822370602E-16, -1.000000000000000000, -3.308493227378449212E-15 ) ) ;
#19 = ORIENTED_EDGE ( 'NONE', *, *, #524, .F. ) ;
#20 = CARTESIAN_POINT ( 'NONE',  ( 7.049999999999999822, -2.600000000000000089, 11.65000000000000036 ) ) ;
#21 = FACE_OUTER_BOUND ( 'NONE', #1006, .T. ) ;
#22 = EDGE_CURVE ( 'NONE', #1254, #433, #1465, .T. ) ;
#23 = CARTESIAN_POINT ( 'NONE',  ( -8.099999999999999645, -0.6500000000000001332, -9.950000000000001066 ) ) ;
#24 = ORIENTED_EDGE ( 'NONE', *, *, #1013, .F. ) ;
#25 = CARTESIAN_POINT ( 'NONE',  ( 9.092702702702700535, -1.750000000000000000, 5.000000000000000888 ) ) ;
#26 = VERTEX_POINT ( 'NONE', #1109 ) ;
#27 = EDGE_LOOP ( 'NONE', ( #1134, #1046 ) ) ;
#28 = DIRECTION ( 'NONE',  ( -1.000000000000000000, 8.928723773410035239E-16, 0.0000000000000000000 ) ) ;
#29 = APPROVAL_PERSON_ORGANIZATION ( #710, #270, #780 ) ;
#30 = CARTESIAN_POINT ( 'NONE',  ( -8.749999999999998224, 0.2000000000000000111, -3.486881358747351250E-17 ) ) ;
#31 = AXIS2_PLACEMENT_3D ( 'NONE', #91, #580, #1245 ) ;
#32 = CARTESIAN_POINT ( 'NONE',  ( 7.049999999999999822, -2.600000000000000089, -9.950000000000001066 ) ) ;
#33 = CARTESIAN_POINT ( 'NONE',  ( -8.949999999999999289, 0.2000000000000000111, 0.0000000000000000000 ) ) ;
#34 = DIRECTION ( 'NONE',  ( 1.000000000000000000, 0.0000000000000000000, 0.0000000000000000000 ) ) ;
#35 = CC_DESIGN_PERSON_AND_ORGANIZATION_ASSIGNMENT ( #66, #914, ( #80 ) ) ;
#36 = ORIENTED_EDGE ( 'NONE', *, *, #371, .T. ) ;
#37 = EDGE_LOOP ( 'NONE', ( #592, #1550, #606, #1455 ) ) ;
#38 = AXIS2_PLACEMENT_3D ( 'NONE', #878, #269, #1145 ) ;
#39 = DIRECTION ( 'NONE',  ( -1.000000000000000000, -0.0000000000000000000, -1.743440679373675317E-16 ) ) ;
#40 = VERTEX_POINT ( 'NONE', #131 ) ;
#41 = DIRECTION ( 'NONE',  ( 0.0000000000000000000, 0.0000000000000000000, -1.000000000000000000 ) ) ;
#42 = CARTESIAN_POINT ( 'NONE',  ( 7.049999999999999822, -2.600000000000000089, -11.85000000000000142 ) ) ;
#43 = ORIENTED_EDGE ( 'NONE', *, *, #524, .T. ) ;
#44 = CIRCLE ( 'NONE', #1082, 0.6499999999999995781 ) ;
#45 = AXIS2_PLACEMENT_3D ( 'NONE', #1458, #1590, #84 ) ;
#46 = CIRCLE ( 'NONE', #505, 1.049999999999995381 ) ;
#47 = DIRECTION ( 'NONE',  ( -1.000000000000000000, 0.0000000000000000000, -2.460600675144407265E-16 ) ) ;
#48 = APPROVAL_ROLE ( '' ) ;
#49 = ORIENTED_EDGE ( 'NONE', *, *, #1471, .F. ) ;
#50 = CARTESIAN_POINT ( 'NONE',  ( -8.750000000000000000, -1.750000000000001332, 5.401279204544669810 ) ) ;
#51 = FACE_OUTER_BOUND ( 'NONE', #249, .T. ) ;
#52 = PERSON_AND_ORGANIZATION ( #747, #1592 ) ;
#53 = CARTESIAN_POINT ( 'NONE',  ( 8.750000000000000000, -0.6500000000000001332, -9.950000000000001066 ) ) ;
#54 = PERSON_AND_ORGANIZATION_ROLE ( 'creator' ) ;
#55 = CARTESIAN_POINT ( 'NONE',  ( -7.049999999999999822, -0.6500000000000001332, -9.950000000000001066 ) ) ;
#56 = EDGE_CURVE ( 'NONE', #1381, #1084, #1146, .T. ) ;
#57 = ORIENTED_EDGE ( 'NONE', *, *, #461, .T. ) ;
#58 = EDGE_LOOP ( 'NONE', ( #799, #494, #560, #348 ) ) ;
#59 = CARTESIAN_POINT ( 'NONE',  ( 7.049999999999999822, -0.6500000000000001332, -11.85000000000000142 ) ) ;
#60 = ORIENTED_EDGE ( 'NONE', *, *, #371, .F. ) ;
#61 = CARTESIAN_POINT ( 'NONE',  ( -7.049999999999999822, -2.600000000000000089, -9.950000000000001066 ) ) ;
#62 = SPHERICAL_SURFACE ( 'NONE', #995, 0.3277027027027027972 ) ;
#63 = CIRCLE ( 'NONE', #1559, 1.049999999999992717 ) ;
#64 = ORIENTED_EDGE ( 'NONE', *, *, #1423, .T. ) ;
#65 = DIRECTION ( 'NONE',  ( 0.0000000000000000000, -3.308493227378448818E-15, 1.000000000000000000 ) ) ;
#66 = PERSON_AND_ORGANIZATION ( #747, #1592 ) ;
#67 = DIRECTION ( 'NONE',  ( 1.224606353822370356E-16, -1.000000000000000000, -3.369018681194646918E-15 ) ) ;
#68 = ORIENTED_EDGE ( 'NONE', *, *, #941, .F. ) ;
#69 = EDGE_CURVE ( 'NONE', #719, #151, #237, .T. ) ;
#70 = VERTEX_POINT ( 'NONE', #735 ) ;
#71 = ORIENTED_EDGE ( 'NONE', *, *, #168, .T. ) ;
#72 = LINE ( 'NONE', #136, #1365 ) ;
#73 = CYLINDRICAL_SURFACE ( 'NONE', #490, 1.900000000000002354 ) ;
#74 = CARTESIAN_POINT ( 'NONE',  ( 8.750000000000000000, -1.750000000000001332, -5.401279204544669810 ) ) ;
#75 = ORIENTED_EDGE ( 'NONE', *, *, #1020, .T. ) ;
#76 = EDGE_CURVE ( 'NONE', #26, #1048, #1510, .T. ) ;
#77 = FACE_OUTER_BOUND ( 'NONE', #613, .T. ) ;
#78 = ADVANCED_FACE ( 'NONE', ( #462 ), #236, .F. ) ;
#79 = DATE_AND_TIME ( #243, #380 ) ;
#80 = PRODUCT_DEFINITION_FORMATION_WITH_SPECIFIED_SOURCE ( 'ANY', '', #1481, .NOT_KNOWN. ) ;
#81 = CIRCLE ( 'NONE', #1031, 0.2949999999999999289 ) ;
#82 = DIRECTION ( 'NONE',  ( 0.0000000000000000000, 0.0000000000000000000, -1.000000000000000000 ) ) ;
#83 = ADVANCED_FACE ( 'NONE', ( #1117 ), #1014, .F. ) ;
#84 = DIRECTION ( 'NONE',  ( 0.0000000000000000000, 1.000000000000000000, 0.0000000000000000000 ) ) ;
#85 = ORIENTED_EDGE ( 'NONE', *, *, #1264, .F. ) ;
#86 = DIRECTION ( 'NONE',  ( -1.224606353822370109E-16, 1.000000000000000000, 3.491483361109382066E-15 ) ) ;
#87 = ORIENTED_EDGE ( 'NONE', *, *, #1401, .F. ) ;
#88 = CARTESIAN_POINT ( 'NONE',  ( 7.049999999999999822, 0.2000000000000000111, -11.65000000000000036 ) ) ;
#89 = CC_DESIGN_PERSON_AND_ORGANIZATION_ASSIGNMENT ( #996, #779, ( #1481 ) ) ;
#90 = ORIENTED_EDGE ( 'NONE', *, *, #119, .T. ) ;
#91 = CARTESIAN_POINT ( 'NONE',  ( 8.750000000000000000, -1.750000000000000000, 5.000000000000000888 ) ) ;
#92 = DIRECTION ( 'NONE',  ( -1.743440679373675317E-16, -0.0000000000000000000, -1.000000000000000000 ) ) ;
#93 = AXIS2_PLACEMENT_3D ( 'NONE', #1364, #693, #1259 ) ;
#94 = CARTESIAN_POINT ( 'NONE',  ( 8.949999999999999289, -0.6500000000000001332, 0.0000000000000000000 ) ) ;
#95 = VECTOR ( 'NONE', #319, 1000.000000000000000 ) ;
#96 = ADVANCED_FACE ( 'NONE', ( #142 ), #439, .T. ) ;
#97 = FACE_BOUND ( 'NONE', #485, .T. ) ;
#98 = AXIS2_PLACEMENT_3D ( 'NONE', #1132, #1009, #1148 ) ;
#99 = ORIENTED_EDGE ( 'NONE', *, *, #1028, .T. ) ;
#100 = CARTESIAN_POINT ( 'NONE',  ( -7.049999999999999822, 0.2000000000000000111, 10.99999999999999289 ) ) ;
#101 = DIRECTION ( 'NONE',  ( 0.0000000000000000000, 3.287312092760144419E-15, -1.000000000000000000 ) ) ;
#102 = CARTESIAN_POINT ( 'NONE',  ( 7.049999999999999822, 0.2000000000000000111, 11.85000000000000142 ) ) ;
#103 = EDGE_CURVE ( 'NONE', #111, #1443, #630, .T. ) ;
#104 = CIRCLE ( 'NONE', #1596, 0.6499999999999995781 ) ;
#105 = DIRECTION ( 'NONE',  ( 0.0000000000000000000, -1.000000000000000000, -0.0000000000000000000 ) ) ;
#106 = DIRECTION ( 'NONE',  ( 0.0000000000000000000, -3.287312092760144813E-15, -1.000000000000000000 ) ) ;
#107 = DIRECTION ( 'NONE',  ( 1.743440679373675317E-16, -0.0000000000000000000, -1.000000000000000000 ) ) ;
#108 = CARTESIAN_POINT ( 'NONE',  ( -7.049999999999999822, -1.084202172485504434E-16, -10.99999999999999467 ) ) ;
#109 = VERTEX_POINT ( 'NONE', #1011 ) ;
#110 = AXIS2_PLACEMENT_3D ( 'NONE', #1539, #768, #34 ) ;
#111 = VERTEX_POINT ( 'NONE', #1018 ) ;
#112 = DIRECTION ( 'NONE',  ( -1.743440679373675317E-16, 0.0000000000000000000, -1.000000000000000000 ) ) ;
#113 = EDGE_CURVE ( 'NONE', #1298, #314, #930, .T. ) ;
#114 = ORIENTED_EDGE ( 'NONE', *, *, #1320, .T. ) ;
#115 = DIRECTION ( 'NONE',  ( -1.000000000000000000, 0.0000000000000000000, 0.0000000000000000000 ) ) ;
#116 = AXIS2_PLACEMENT_3D ( 'NONE', #1173, #649, #169 ) ;
#117 = FACE_OUTER_BOUND ( 'NONE', #845, .T. ) ;
#118 = CARTESIAN_POINT ( 'NONE',  ( -7.049999999999999822, -0.6500000000000001332, 9.950000000000001066 ) ) ;
#119 = EDGE_CURVE ( 'NONE', #1511, #1476, #1428, .T. ) ;
#120 = FACE_OUTER_BOUND ( 'NONE', #473, .T. ) ;
#121 = ORIENTED_EDGE ( 'NONE', *, *, #461, .F. ) ;
#122 = DIRECTION ( 'NONE',  ( -1.000000000000000000, 0.0000000000000000000, -2.460600675144407265E-16 ) ) ;
#123 = FACE_OUTER_BOUND ( 'NONE', #773, .T. ) ;
#124 = LOCAL_TIME ( 13, 14, 58.00000000000000000, #357 ) ;
#125 = DIRECTION ( 'NONE',  ( -1.000000000000000000, 0.0000000000000000000, -1.743440679373676303E-16 ) ) ;
#126 = AXIS2_PLACEMENT_3D ( 'NONE', #32, #305, #1308 ) ;
#127 = CIRCLE ( 'NONE', #628, 0.2949999999999999289 ) ;
#128 = CARTESIAN_POINT ( 'NONE',  ( -8.750000000000000000, -1.749999999999998446, 4.598720795455331967 ) ) ;
#129 = CARTESIAN_POINT ( 'NONE',  ( -9.092702702702700535, -1.750000000000000000, 5.000000000000000888 ) ) ;
#130 = DIRECTION ( 'NONE',  ( -1.000000000000000000, 1.224606353822376272E-16, -1.743440679373675317E-16 ) ) ;
#131 = CARTESIAN_POINT ( 'NONE',  ( 8.949999999999999289, -1.750000000000001110, 5.295000000000000817 ) ) ;
#132 = AXIS2_PLACEMENT_3D ( 'NONE', #587, #1473, #1104 ) ;
#133 = ORIENTED_EDGE ( 'NONE', *, *, #1536, .F. ) ;
#134 = ORIENTED_EDGE ( 'NONE', *, *, #1108, .T. ) ;
#135 = AXIS2_PLACEMENT_3D ( 'NONE', #446, #1333, #1452 ) ;
#136 = CARTESIAN_POINT ( 'NONE',  ( 7.049999999999999822, -2.600000000000000089, -11.85000000000000320 ) ) ;
#137 = ORIENTED_EDGE ( 'NONE', *, *, #1341, .F. ) ;
#138 = EDGE_CURVE ( 'NONE', #740, #1035, #1610, .T. ) ;
#139 = CARTESIAN_POINT ( 'NONE',  ( -9.092702702702700535, -1.750000000000000000, -5.000000000000000888 ) ) ;
#140 = CARTESIAN_POINT ( 'NONE',  ( -9.092702702702700535, -1.750000000000000000, -5.000000000000000888 ) ) ;
#141 = LINE ( 'NONE', #262, #668 ) ;
#142 = FACE_OUTER_BOUND ( 'NONE', #963, .T. ) ;
#143 = VERTEX_POINT ( 'NONE', #1396 ) ;
#144 = CARTESIAN_POINT ( 'NONE',  ( 7.049999999999999822, 0.0000000000000000000, 9.950000000000001066 ) ) ;
#145 = DIRECTION ( 'NONE',  ( 0.0000000000000000000, -3.287312092760144813E-15, 1.000000000000000000 ) ) ;
#146 = VECTOR ( 'NONE', #377, 1000.000000000000000 ) ;
#147 = CARTESIAN_POINT ( 'NONE',  ( 8.099999999999992539, 0.2000000000000000111, -9.950000000000001066 ) ) ;
#148 = EDGE_CURVE ( 'NONE', #981, #1048, #669, .T. ) ;
#149 = DIRECTION ( 'NONE',  ( -0.0000000000000000000, -1.000000000000000000, -0.0000000000000000000 ) ) ;
#150 = ORIENTED_EDGE ( 'NONE', *, *, #311, .T. ) ;
#151 = VERTEX_POINT ( 'NONE', #1523 ) ;
#152 = DIRECTION ( 'NONE',  ( 0.0000000000000000000, 1.000000000000000000, 0.0000000000000000000 ) ) ;
#153 = ORIENTED_EDGE ( 'NONE', *, *, #1100, .F. ) ;
#154 = ORIENTED_EDGE ( 'NONE', *, *, #1253, .F. ) ;
#155 = CARTESIAN_POINT ( 'NONE',  ( -8.949999999999999289, -1.750000000000000000, 5.000000000000000888 ) ) ;
#156 = DIRECTION ( 'NONE',  ( 0.0000000000000000000, -3.287312092760144813E-15, -1.000000000000000000 ) ) ;
#157 = CYLINDRICAL_SURFACE ( 'NONE', #521, 1.900000000000002354 ) ;
#158 = EDGE_CURVE ( 'NONE', #1048, #1443, #214, .T. ) ;
#159 = DIRECTION ( 'NONE',  ( 0.0000000000000000000, 0.0000000000000000000, 1.000000000000000000 ) ) ;
#160 = CYLINDRICAL_SURFACE ( 'NONE', #958, 0.6499999999999995781 ) ;
#161 = VERTEX_POINT ( 'NONE', #1154 ) ;
#162 = DIRECTION ( 'NONE',  ( -1.000000000000000000, 0.0000000000000000000, 2.460600675144407265E-16 ) ) ;
#163 = CIRCLE ( 'NONE', #929, 0.8500000000000000888 ) ;
#164 = CARTESIAN_POINT ( 'NONE',  ( -7.049999999999999822, 0.2000000000000000111, 11.85000000000000142 ) ) ;
#165 = VECTOR ( 'NONE', #112, 1000.000000000000000 ) ;
#166 = AXIS2_PLACEMENT_3D ( 'NONE', #408, #152, #294 ) ;
#167 = DIRECTION ( 'NONE',  ( 0.0000000000000000000, -3.698226104355162274E-15, 1.000000000000000000 ) ) ;
#168 = EDGE_CURVE ( 'NONE', #608, #1565, #1093, .T. ) ;
#169 = DIRECTION ( 'NONE',  ( 1.000000000000000000, 0.0000000000000000000, 0.0000000000000000000 ) ) ;
#170 = DIRECTION ( 'NONE',  ( -1.000000000000000000, -1.224606353822376272E-16, 1.743440679373675317E-16 ) ) ;
#171 = ORIENTED_EDGE ( 'NONE', *, *, #1526, .T. ) ;
#172 = CARTESIAN_POINT ( 'NONE',  ( 9.092702702702700535, -1.750000000000000000, -5.000000000000000888 ) ) ;
#173 = ORIENTED_EDGE ( 'NONE', *, *, #217, .T. ) ;
#174 = SECURITY_CLASSIFICATION_LEVEL ( 'unclassified' ) ;
#175 = DIRECTION ( 'NONE',  ( 0.0000000000000000000, 1.000000000000000000, 0.0000000000000000000 ) ) ;
#176 = CIRCLE ( 'NONE', #272, 1.049999999999995381 ) ;
#177 = DIRECTION ( 'NONE',  ( -1.000000000000000000, 0.0000000000000000000, 9.130123557772662171E-16 ) ) ;
#178 = CC_DESIGN_DATE_AND_TIME_ASSIGNMENT ( #198, #302, ( #1348 ) ) ;
#179 = LINE ( 'NONE', #310, #551 ) ;
#180 = CARTESIAN_POINT ( 'NONE',  ( 7.049999999999999822, -0.6500000000000001332, -9.950000000000001066 ) ) ;
#181 = SPHERICAL_SURFACE ( 'NONE', #205, 0.3277027027027027972 ) ;
#182 = AXIS2_PLACEMENT_3D ( 'NONE', #900, #886, #1282 ) ;
#183 = EDGE_CURVE ( 'NONE', #1048, #1565, #1390, .T. ) ;
#184 = ORIENTED_EDGE ( 'NONE', *, *, #56, .T. ) ;
#185 = DIRECTION ( 'NONE',  ( 0.0000000000000000000, 1.000000000000000000, 0.0000000000000000000 ) ) ;
#186 = ORIENTED_EDGE ( 'NONE', *, *, #754, .T. ) ;
#187 = ORIENTED_EDGE ( 'NONE', *, *, #1228, .T. ) ;
#188 = EDGE_LOOP ( 'NONE', ( #746, #137 ) ) ;
#189 = CARTESIAN_POINT ( 'NONE',  ( -7.049999999999999822, -0.6500000000000001332, -11.00000000000000000 ) ) ;
#190 = VECTOR ( 'NONE', #602, 1000.000000000000000 ) ;
#191 = CARTESIAN_POINT ( 'NONE',  ( -8.564999999999997726, -1.750000000000000000, -5.000000000000000888 ) ) ;
#192 = EDGE_LOOP ( 'NONE', ( #482, #85, #547, #334 ) ) ;
#193 = ORIENTED_EDGE ( 'NONE', *, *, #862, .F. ) ;
#194 = EDGE_LOOP ( 'NONE', ( #230, #368, #1211 ) ) ;
#195 = CIRCLE ( 'NONE', #902, 1.700000000000001954 ) ;
#196 = DIRECTION ( 'NONE',  ( -1.000000000000000000, -0.0000000000000000000, 1.743440679373675317E-16 ) ) ;
#197 = DIRECTION ( 'NONE',  ( 0.0000000000000000000, 0.0000000000000000000, 1.000000000000000000 ) ) ;
#198 = DATE_AND_TIME ( #1289, #124 ) ;
#199 = PLANE ( 'NONE',  #1310 ) ;
#200 = AXIS2_PLACEMENT_3D ( 'NONE', #257, #381, #853 ) ;
#201 = TOROIDAL_SURFACE ( 'NONE', #1574, 1.049999999999999822, 0.8499999999999999778 ) ;
#202 = ADVANCED_FACE ( 'NONE', ( #1283 ), #828, .F. ) ;
#203 = ADVANCED_FACE ( 'NONE', ( #1238 ), #199, .F. ) ;
#204 = CARTESIAN_POINT ( 'NONE',  ( 8.949999999999999289, -1.750000000000000000, -5.000000000000000888 ) ) ;
#205 = AXIS2_PLACEMENT_3D ( 'NONE', #172, #652, #1047 ) ;
#206 = ORIENTED_EDGE ( 'NONE', *, *, #932, .F. ) ;
#207 = VERTEX_POINT ( 'NONE', #940 ) ;
#208 = CARTESIAN_POINT ( 'NONE',  ( -9.092702702702700535, -1.750000000000000000, 5.000000000000000888 ) ) ;
#209 = ORIENTED_EDGE ( 'NONE', *, *, #349, .F. ) ;
#210 = DIRECTION ( 'NONE',  ( 1.000000000000000000, 0.0000000000000000000, 1.743440679373675317E-16 ) ) ;
#211 = ADVANCED_FACE ( 'NONE', ( #538 ), #318, .T. ) ;
#212 = CIRCLE ( 'NONE', #873, 0.6499999999999995781 ) ;
#213 = CARTESIAN_POINT ( 'NONE',  ( -8.750000000000000000, -1.750000000000000000, -5.000000000000000888 ) ) ;
#214 = LINE ( 'NONE', #497, #1261 ) ;
#215 = ORIENTED_EDGE ( 'NONE', *, *, #76, .T. ) ;
#216 = CARTESIAN_POINT ( 'NONE',  ( -7.049999999999999822, -0.6500000000000001332, -9.950000000000001066 ) ) ;
#217 = EDGE_CURVE ( 'NONE', #1459, #1606, #179, .T. ) ;
#218 = CIRCLE ( 'NONE', #1207, 0.5277027027027030304 ) ;
#219 = ADVANCED_FACE ( 'NONE', ( #354, #1532, #97 ), #1380, .T. ) ;
#220 = FACE_BOUND ( 'NONE', #27, .T. ) ;
#221 = DIRECTION ( 'NONE',  ( 0.0000000000000000000, -1.000000000000000000, -0.0000000000000000000 ) ) ;
#222 = CARTESIAN_POINT ( 'NONE',  ( -8.750000000000000000, -2.600000000000000089, -9.950000000000001066 ) ) ;
#223 = DIRECTION ( 'NONE',  ( 0.0000000000000000000, -1.000000000000000000, 0.0000000000000000000 ) ) ;
#224 = DIRECTION ( 'NONE',  ( -1.000000000000000000, 0.0000000000000000000, -1.743440679373674824E-16 ) ) ;
#225 = ADVANCED_FACE ( 'NONE', ( #1186 ), #344, .F. ) ;
#226 = DIRECTION ( 'NONE',  ( 0.0000000000000000000, 0.0000000000000000000, -1.000000000000000000 ) ) ;
#227 = ORIENTED_EDGE ( 'NONE', *, *, #920, .F. ) ;
#228 = DIRECTION ( 'NONE',  ( 1.743440679373675317E-16, -0.0000000000000000000, -1.000000000000000000 ) ) ;
#229 = ADVANCED_FACE ( 'NONE', ( #591 ), #874, .T. ) ;
#230 = ORIENTED_EDGE ( 'NONE', *, *, #599, .F. ) ;
#231 = ORIENTED_EDGE ( 'NONE', *, *, #667, .T. ) ;
#232 = DIRECTION ( 'NONE',  ( 1.000000000000000000, -0.0000000000000000000, -1.743440679373675317E-16 ) ) ;
#233 = AXIS2_PLACEMENT_3D ( 'NONE', #102, #1353, #360 ) ;
#234 = CARTESIAN_POINT ( 'NONE',  ( 8.099999999999990763, 0.2000000000000000111, 0.0000000000000000000 ) ) ;
#235 = LINE ( 'NONE', #1112, #1330 ) ;
#236 = PLANE ( 'NONE',  #1383 ) ;
#237 = LINE ( 'NONE', #1249, #893 ) ;
#238 = ORIENTED_EDGE ( 'NONE', *, *, #1191, .T. ) ;
#239 = ADVANCED_FACE ( 'NONE', ( #850 ), #751, .T. ) ;
#240 = FACE_OUTER_BOUND ( 'NONE', #1612, .T. ) ;
#241 = CARTESIAN_POINT ( 'NONE',  ( -8.750000000000000000, -1.750000000000001332, -5.401279204544669810 ) ) ;
#242 = EDGE_CURVE ( 'NONE', #539, #972, #1052, .T. ) ;
#243 = CALENDAR_DATE ( 2020, 5, 11 ) ;
#244 = FACE_OUTER_BOUND ( 'NONE', #1533, .T. ) ;
#245 = DIRECTION ( 'NONE',  ( -0.0000000000000000000, 1.000000000000000000, 0.0000000000000000000 ) ) ;
#246 = DIRECTION ( 'NONE',  ( 0.0000000000000000000, 0.0000000000000000000, 1.000000000000000000 ) ) ;
#247 = DIRECTION ( 'NONE',  ( 1.000000000000000000, 8.928723773410035239E-16, 0.0000000000000000000 ) ) ;
#248 = ADVANCED_FACE ( 'NONE', ( #1316 ), #467, .T. ) ;
#249 = EDGE_LOOP ( 'NONE', ( #848, #1311, #824 ) ) ;
#250 = AXIS2_PLACEMENT_3D ( 'NONE', #950, #67, #1056 ) ;
#251 = DIRECTION ( 'NONE',  ( 1.224606353822370602E-16, 1.000000000000000000, 3.287312092760144813E-15 ) ) ;
#252 = EDGE_LOOP ( 'NONE', ( #894, #1058, #552, #90 ) ) ;
#253 = DIRECTION ( 'NONE',  ( -1.743440679373675317E-16, 0.0000000000000000000, -1.000000000000000000 ) ) ;
#254 = EDGE_CURVE ( 'NONE', #1361, #1137, #915, .T. ) ;
#255 = VERTEX_POINT ( 'NONE', #969 ) ;
#256 = CARTESIAN_POINT ( 'NONE',  ( -8.950000000000001066, -2.600000000000000089, -9.950000000000001066 ) ) ;
#257 = CARTESIAN_POINT ( 'NONE',  ( 8.750000000000000000, -1.750000000000000000, -5.000000000000000888 ) ) ;
#258 = ORIENTED_EDGE ( 'NONE', *, *, #833, .F. ) ;
#259 = CARTESIAN_POINT ( 'NONE',  ( -9.092702702702700535, -1.750000000000000000, 5.000000000000000888 ) ) ;
#260 = CARTESIAN_POINT ( 'NONE',  ( 8.949999999999999289, -1.750000000000000000, -5.000000000000000888 ) ) ;
#261 = CIRCLE ( 'NONE', #182, 0.8500000000000000888 ) ;
#262 = CARTESIAN_POINT ( 'NONE',  ( -7.049999999999999822, -2.600000000000000089, 11.85000000000000320 ) ) ;
#263 = FACE_OUTER_BOUND ( 'NONE', #1197, .T. ) ;
#264 = VERTEX_POINT ( 'NONE', #1225 ) ;
#265 = DIRECTION ( 'NONE',  ( -2.460600675144407265E-16, 0.0000000000000000000, -1.000000000000000000 ) ) ;
#266 = VECTOR ( 'NONE', #308, 1000.000000000000000 ) ;
#267 = DIRECTION ( 'NONE',  ( 1.224606353822370602E-16, 1.000000000000000000, 3.287312092760144813E-15 ) ) ;
#268 = FACE_OUTER_BOUND ( 'NONE', #395, .T. ) ;
#269 = DIRECTION ( 'NONE',  ( 0.0000000000000000000, -1.000000000000000000, -0.0000000000000000000 ) ) ;
#270 = APPROVAL ( #1304, 'UNSPECIFIED' ) ;
#271 = DIRECTION ( 'NONE',  ( -1.224606353822370602E-16, -1.000000000000000000, 3.308493227378449212E-15 ) ) ;
#272 = AXIS2_PLACEMENT_3D ( 'NONE', #1153, #527, #645 ) ;
#273 = CARTESIAN_POINT ( 'NONE',  ( -8.099999999999997868, -0.6500000000000001332, 0.0000000000000000000 ) ) ;
#274 = DIRECTION ( 'NONE',  ( 0.0000000000000000000, -3.287312092760144419E-15, -1.000000000000000000 ) ) ;
#275 = DIRECTION ( 'NONE',  ( -1.000000000000000000, -0.0000000000000000000, -1.743440679373675317E-16 ) ) ;
#276 = ORIENTED_EDGE ( 'NONE', *, *, #1083, .F. ) ;
#277 = ORIENTED_EDGE ( 'NONE', *, *, #1191, .F. ) ;
#278 = DIRECTION ( 'NONE',  ( 0.0000000000000000000, 1.000000000000000000, 0.0000000000000000000 ) ) ;
#279 = ORIENTED_EDGE ( 'NONE', *, *, #1095, .F. ) ;
#280 = EDGE_CURVE ( 'NONE', #663, #790, #1488, .T. ) ;
#281 = DIRECTION ( 'NONE',  ( 1.000000000000000000, 0.0000000000000000000, 0.0000000000000000000 ) ) ;
#282 = CARTESIAN_POINT ( 'NONE',  ( 8.749999999999998224, -0.6500000000000001332, -3.486881358747351250E-17 ) ) ;
#283 = FACE_OUTER_BOUND ( 'NONE', #943, .T. ) ;
#284 = CIRCLE ( 'NONE', #1213, 1.900000000000001465 ) ;
#285 = VERTEX_POINT ( 'NONE', #342 ) ;
#286 = DIRECTION ( 'NONE',  ( -1.000000000000000000, 1.224606353822376272E-16, -1.743440679373675317E-16 ) ) ;
#287 = APPLICATION_PROTOCOL_DEFINITION ( 'international standard', 'config_control_design', 1994, #1415 ) ;
#288 = ORIENTED_EDGE ( 'NONE', *, *, #1593, .T. ) ;
#289 = SPHERICAL_SURFACE ( 'NONE', #985, 0.3277027027027027972 ) ;
#290 = AXIS2_PLACEMENT_3D ( 'NONE', #1091, #1597, #1601 ) ;
#291 = DATE_AND_TIME ( #775, #1372 ) ;
#292 = DIRECTION ( 'NONE',  ( 0.0000000000000000000, 0.0000000000000000000, 1.000000000000000000 ) ) ;
#293 = AXIS2_PLACEMENT_3D ( 'NONE', #984, #724, #1470 ) ;
#294 = DIRECTION ( 'NONE',  ( 0.0000000000000000000, 0.0000000000000000000, 1.000000000000000000 ) ) ;
#295 = AXIS2_PLACEMENT_3D ( 'NONE', #733, #1275, #612 ) ;
#296 = CARTESIAN_POINT ( 'NONE',  ( 8.750000000000000000, -0.6500000000000001332, 9.950000000000001066 ) ) ;
#297 = ORIENTED_EDGE ( 'NONE', *, *, #437, .T. ) ;
#298 = CARTESIAN_POINT ( 'NONE',  ( 7.049999999999999822, 0.0000000000000000000, -11.65000000000000213 ) ) ;
#299 = ORIENTED_EDGE ( 'NONE', *, *, #718, .F. ) ;
#300 = DIRECTION ( 'NONE',  ( 0.0000000000000000000, 0.0000000000000000000, 1.000000000000000000 ) ) ;
#301 = ORIENTED_EDGE ( 'NONE', *, *, #999, .T. ) ;
#302 = DATE_TIME_ROLE ( 'creation_date' ) ;
#303 = LINE ( 'NONE', #936, #567 ) ;
#304 = VECTOR ( 'NONE', #149, 1000.000000000000000 ) ;
#305 = DIRECTION ( 'NONE',  ( -0.0000000000000000000, 1.000000000000000000, -0.0000000000000000000 ) ) ;
#306 = LINE ( 'NONE', #860, #1221 ) ;
#307 = APPROVAL_ROLE ( '' ) ;
#308 = DIRECTION ( 'NONE',  ( 0.0000000000000000000, -1.000000000000000000, 0.0000000000000000000 ) ) ;
#309 = FACE_BOUND ( 'NONE', #421, .T. ) ;
#310 = CARTESIAN_POINT ( 'NONE',  ( -8.950000000000001066, 0.2000000000000000111, 9.950000000000001066 ) ) ;
#311 = EDGE_CURVE ( 'NONE', #909, #1008, #1567, .T. ) ;
#312 = CARTESIAN_POINT ( 'NONE',  ( 8.949999999999999289, -1.749999999999998890, 4.705000000000000959 ) ) ;
#313 = ORIENTED_EDGE ( 'NONE', *, *, #1358, .F. ) ;
#314 = VERTEX_POINT ( 'NONE', #241 ) ;
#315 = ORIENTED_EDGE ( 'NONE', *, *, #492, .F. ) ;
#316 = SPHERICAL_SURFACE ( 'NONE', #1323, 0.3277027027027027972 ) ;
#317 = CC_DESIGN_PERSON_AND_ORGANIZATION_ASSIGNMENT ( #615, #1160, ( #1348 ) ) ;
#318 = TOROIDAL_SURFACE ( 'NONE', #443, 1.049999999999999822, 0.8499999999999999778 ) ;
#319 = DIRECTION ( 'NONE',  ( -1.000000000000000000, -0.0000000000000000000, 2.460600675144407265E-16 ) ) ;
#320 = EDGE_LOOP ( 'NONE', ( #477, #1343, #785, #703 ) ) ;
#321 = CIRCLE ( 'NONE', #810, 1.049999999999995381 ) ;
#322 = DIRECTION ( 'NONE',  ( -0.0000000000000000000, -1.000000000000000000, -0.0000000000000000000 ) ) ;
#323 = CARTESIAN_POINT ( 'NONE',  ( 9.092702702702700535, -1.750000000000000000, -5.000000000000000888 ) ) ;
#324 = AXIS2_PLACEMENT_3D ( 'NONE', #1564, #910, #1038 ) ;
#325 = EDGE_CURVE ( 'NONE', #539, #1477, #63, .T. ) ;
#326 = ORIENTED_EDGE ( 'NONE', *, *, #1562, .F. ) ;
#327 = ORIENTED_EDGE ( 'NONE', *, *, #1071, .T. ) ;
#328 = ADVANCED_FACE ( 'NONE', ( #425 ), #160, .F. ) ;
#329 = ORIENTED_EDGE ( 'NONE', *, *, #492, .T. ) ;
#330 = FACE_OUTER_BOUND ( 'NONE', #412, .T. ) ;
#331 = CARTESIAN_POINT ( 'NONE',  ( 7.049999999999999822, 0.2000000000000000111, -9.950000000000001066 ) ) ;
#332 = VECTOR ( 'NONE', #1270, 1000.000000000000000 ) ;
#333 = EDGE_CURVE ( 'NONE', #663, #686, #284, .T. ) ;
#334 = ORIENTED_EDGE ( 'NONE', *, *, #138, .T. ) ;
#335 = FACE_OUTER_BOUND ( 'NONE', #1600, .T. ) ;
#336 = ADVANCED_FACE ( 'NONE', ( #519 ), #971, .T. ) ;
#337 = CARTESIAN_POINT ( 'NONE',  ( 7.049999999999999822, -0.6500000000000001332, 11.85000000000000320 ) ) ;
#338 = DIRECTION ( 'NONE',  ( -0.0000000000000000000, 1.000000000000000000, -0.0000000000000000000 ) ) ;
#339 = FACE_OUTER_BOUND ( 'NONE', #983, .T. ) ;
#340 = DIRECTION ( 'NONE',  ( -1.743440679373675317E-16, 0.0000000000000000000, -1.000000000000000000 ) ) ;
#341 = DIRECTION ( 'NONE',  ( -1.224606353822370109E-16, -1.000000000000000000, -3.491483361109382066E-15 ) ) ;
#342 = CARTESIAN_POINT ( 'NONE',  ( 8.949999999999999289, -1.750000000000001110, -5.295000000000000817 ) ) ;
#343 = ADVANCED_FACE ( 'NONE', ( #263 ), #1220, .F. ) ;
#344 = PLANE ( 'NONE',  #530 ) ;
#345 = CC_DESIGN_SECURITY_CLASSIFICATION ( #1548, ( #80 ) ) ;
#346 = ORIENTED_EDGE ( 'NONE', *, *, #119, .F. ) ;
#347 = DIRECTION ( 'NONE',  ( 1.000000000000000000, 0.0000000000000000000, 1.743440679373675317E-16 ) ) ;
#348 = ORIENTED_EDGE ( 'NONE', *, *, #905, .T. ) ;
#349 = EDGE_CURVE ( 'NONE', #394, #1421, #1200, .T. ) ;
#350 = ORIENTED_EDGE ( 'NONE', *, *, #1507, .F. ) ;
#351 = DIRECTION ( 'NONE',  ( 0.0000000000000000000, 0.0000000000000000000, 1.000000000000000000 ) ) ;
#352 = FACE_OUTER_BOUND ( 'NONE', #58, .T. ) ;
#353 = CARTESIAN_POINT ( 'NONE',  ( 8.099999999999999645, -0.6500000000000001332, 9.950000000000001066 ) ) ;
#354 = FACE_BOUND ( 'NONE', #534, .T. ) ;
#355 = EDGE_CURVE ( 'NONE', #435, #740, #806, .T. ) ;
#356 = ORIENTED_EDGE ( 'NONE', *, *, #1051, .T. ) ;
#357 = COORDINATED_UNIVERSAL_TIME_OFFSET ( 2, 0, .AHEAD. ) ;
#358 = DIRECTION ( 'NONE',  ( -1.743440679373675317E-16, 0.0000000000000000000, -1.000000000000000000 ) ) ;
#359 = CARTESIAN_POINT ( 'NONE',  ( -7.049999999999999822, -0.6500000000000001332, -11.65000000000000213 ) ) ;
#360 = DIRECTION ( 'NONE',  ( -1.000000000000000000, 0.0000000000000000000, -2.460600675144407265E-16 ) ) ;
#361 = ADVANCED_FACE ( 'NONE', ( #1165 ), #481, .F. ) ;
#362 = AXIS2_PLACEMENT_3D ( 'NONE', #457, #573, #997 ) ;
#363 = DIRECTION ( 'NONE',  ( 0.0000000000000000000, 0.0000000000000000000, -1.000000000000000000 ) ) ;
#364 = EDGE_CURVE ( 'NONE', #699, #151, #141, .T. ) ;
#365 = ORIENTED_EDGE ( 'NONE', *, *, #1209, .T. ) ;
#366 = DIRECTION ( 'NONE',  ( -2.460600675144407265E-16, 0.0000000000000000000, 1.000000000000000000 ) ) ;
#367 = ORIENTED_EDGE ( 'NONE', *, *, #1507, .T. ) ;
#368 = ORIENTED_EDGE ( 'NONE', *, *, #349, .T. ) ;
#369 = ORIENTED_EDGE ( 'NONE', *, *, #999, .F. ) ;
#370 = CARTESIAN_POINT ( 'NONE',  ( -8.750000000000000000, -1.750000000000000000, 5.000000000000000888 ) ) ;
#371 = EDGE_CURVE ( 'NONE', #1201, #111, #911, .T. ) ;
#372 = CARTESIAN_POINT ( 'NONE',  ( 8.099999999999999645, -0.6500000000000001332, -9.950000000000001066 ) ) ;
#373 = LINE ( 'NONE', #1615, #1198 ) ;
#374 = CIRCLE ( 'NONE', #459, 0.6499999999999995781 ) ;
#375 = EDGE_LOOP ( 'NONE', ( #677, #967, #1435 ) ) ;
#376 = DIRECTION ( 'NONE',  ( -1.743440679373675317E-16, 0.0000000000000000000, -1.000000000000000000 ) ) ;
#377 = DIRECTION ( 'NONE',  ( -1.000000000000000000, 0.0000000000000000000, -2.460600675144407265E-16 ) ) ;
#378 = AXIS2_PLACEMENT_3D ( 'NONE', #1447, #682, #1578 ) ;
#379 = CIRCLE ( 'NONE', #1448, 0.8500000000000000888 ) ;
#380 = LOCAL_TIME ( 13, 14, 58.00000000000000000, #596 ) ;
#381 = DIRECTION ( 'NONE',  ( 1.000000000000000000, 0.0000000000000000000, 1.743440679373675317E-16 ) ) ;
#382 = CYLINDRICAL_SURFACE ( 'NONE', #835, 0.6499999999999995781 ) ;
#383 = CARTESIAN_POINT ( 'NONE',  ( -9.092702702702700535, -1.750000000000000000, 5.000000000000000888 ) ) ;
#384 = CARTESIAN_POINT ( 'NONE',  ( 8.099999999999994316, -1.084202172485504434E-16, 9.950000000000001066 ) ) ;
#385 = DIRECTION ( 'NONE',  ( -1.000000000000000000, 0.0000000000000000000, -2.460600675144407265E-16 ) ) ;
#386 = ORIENTED_EDGE ( 'NONE', *, *, #1593, .F. ) ;
#387 = DIRECTION ( 'NONE',  ( 0.0000000000000000000, 1.000000000000000000, 0.0000000000000000000 ) ) ;
#388 = EDGE_CURVE ( 'NONE', #972, #790, #392, .T. ) ;
#389 = ORIENTED_EDGE ( 'NONE', *, *, #1272, .F. ) ;
#390 = CARTESIAN_POINT ( 'NONE',  ( -7.049999999999999822, 0.2000000000000000111, 9.950000000000001066 ) ) ;
#391 = DIRECTION ( 'NONE',  ( 0.0000000000000000000, 0.0000000000000000000, -1.000000000000000000 ) ) ;
#392 = CIRCLE ( 'NONE', #804, 0.8500000000000000888 ) ;
#393 = VECTOR ( 'NONE', #275, 1000.000000000000000 ) ;
#394 = VERTEX_POINT ( 'NONE', #864 ) ;
#395 = EDGE_LOOP ( 'NONE', ( #1579, #313, #1089, #215 ) ) ;
#396 = DIRECTION ( 'NONE',  ( -2.460600675144407265E-16, 0.0000000000000000000, -1.000000000000000000 ) ) ;
#397 = DIRECTION ( 'NONE',  ( 1.000000000000000000, -0.0000000000000000000, -1.743440679373675317E-16 ) ) ;
#398 = AXIS2_PLACEMENT_3D ( 'NONE', #610, #731, #1515 ) ;
#399 = AXIS2_PLACEMENT_3D ( 'NONE', #1475, #107, #224 ) ;
#400 = APPLICATION_PROTOCOL_DEFINITION ( 'international standard', 'config_control_design', 1994, #657 ) ;
#401 = VERTEX_POINT ( 'NONE', #1376 ) ;
#402 = ORIENTED_EDGE ( 'NONE', *, *, #1253, .T. ) ;
#403 = AXIS2_PLACEMENT_3D ( 'NONE', #1547, #532, #1042 ) ;
#404 = CARTESIAN_POINT ( 'NONE',  ( -8.099999999999999645, -0.6500000000000001332, -9.950000000000001066 ) ) ;
#405 = EDGE_LOOP ( 'NONE', ( #1277, #783, #1324 ) ) ;
#406 = DIRECTION ( 'NONE',  ( -1.000000000000000000, 0.0000000000000000000, 1.743440679373675317E-16 ) ) ;
#407 = EDGE_CURVE ( 'NONE', #1298, #644, #872, .T. ) ;
#408 = CARTESIAN_POINT ( 'NONE',  ( -7.049999999999999822, -0.6500000000000001332, -9.950000000000001066 ) ) ;
#409 = ORIENTED_EDGE ( 'NONE', *, *, #988, .F. ) ;
#410 = LINE ( 'NONE', #1584, #684 ) ;
#411 = DIRECTION ( 'NONE',  ( -1.743440679373675317E-16, 0.0000000000000000000, -1.000000000000000000 ) ) ;
#412 = EDGE_LOOP ( 'NONE', ( #1563, #1055, #1524, #173 ) ) ;
#413 = DIRECTION ( 'NONE',  ( 0.0000000000000000000, 0.0000000000000000000, 1.000000000000000000 ) ) ;
#414 = LINE ( 'NONE', #658, #854 ) ;
#415 = AXIS2_PLACEMENT_3D ( 'NONE', #849, #1345, #711 ) ;
#416 = DIRECTION ( 'NONE',  ( 0.0000000000000000000, 3.308493227378448818E-15, -1.000000000000000000 ) ) ;
#417 = DIRECTION ( 'NONE',  ( 0.0000000000000000000, -1.000000000000000000, -0.0000000000000000000 ) ) ;
#418 = DIRECTION ( 'NONE',  ( 0.0000000000000000000, 0.0000000000000000000, 1.000000000000000000 ) ) ;
#419 = EDGE_LOOP ( 'NONE', ( #299, #906 ) ) ;
#420 = CARTESIAN_POINT ( 'NONE',  ( 8.750000000000000000, -1.750000000000000000, 5.000000000000000888 ) ) ;
#421 = EDGE_LOOP ( 'NONE', ( #1256, #121 ) ) ;
#422 = DIRECTION ( 'NONE',  ( 0.0000000000000000000, -3.287312092760144813E-15, -1.000000000000000000 ) ) ;
#423 = LINE ( 'NONE', #256, #1427 ) ;
#424 = AXIS2_PLACEMENT_3D ( 'NONE', #1004, #453, #1215 ) ;
#425 = FACE_OUTER_BOUND ( 'NONE', #916, .T. ) ;
#426 = EDGE_LOOP ( 'NONE', ( #1433, #1482, #1159, #475 ) ) ;
#427 = PLANE ( 'NONE',  #324 ) ;
#428 = CIRCLE ( 'NONE', #293, 1.900000000000001465 ) ;
#429 = DIRECTION ( 'NONE',  ( -1.000000000000000000, -0.0000000000000000000, 2.460600675144407265E-16 ) ) ;
#430 = AXIS2_PLACEMENT_3D ( 'NONE', #760, #515, #1176 ) ;
#431 = EDGE_CURVE ( 'NONE', #1273, #255, #788, .T. ) ;
#432 = CARTESIAN_POINT ( 'NONE',  ( 9.092702702702700535, -1.750000000000000000, 5.000000000000000888 ) ) ;
#433 = VERTEX_POINT ( 'NONE', #1503 ) ;
#434 = EDGE_LOOP ( 'NONE', ( #1342, #64 ) ) ;
#435 = VERTEX_POINT ( 'NONE', #503 ) ;
#436 = EDGE_LOOP ( 'NONE', ( #1537, #784, #1489 ) ) ;
#437 = EDGE_CURVE ( 'NONE', #70, #1384, #1368, .T. ) ;
#438 = LINE ( 'NONE', #1367, #769 ) ;
#439 = SPHERICAL_SURFACE ( 'NONE', #1224, 0.5277027027027028083 ) ;
#440 = ADVANCED_FACE ( 'NONE', ( #1315 ), #316, .F. ) ;
#441 = DIRECTION ( 'NONE',  ( 1.000000000000000000, 0.0000000000000000000, 1.652117596168399194E-15 ) ) ;
#442 = ORIENTED_EDGE ( 'NONE', *, *, #622, .T. ) ;
#443 = AXIS2_PLACEMENT_3D ( 'NONE', #1605, #1190, #1554 ) ;
#444 = LINE ( 'NONE', #912, #594 ) ;
#445 = CIRCLE ( 'NONE', #398, 0.3277027027027024642 ) ;
#446 = CARTESIAN_POINT ( 'NONE',  ( -7.049999999999999822, -2.600000000000000089, 9.950000000000001066 ) ) ;
#447 = PLANE ( 'NONE',  #1389 ) ;
#448 = ADVANCED_FACE ( 'NONE', ( #749 ), #653, .F. ) ;
#449 = ADVANCED_FACE ( 'NONE', ( #1218 ), #827, .F. ) ;
#450 = CARTESIAN_POINT ( 'NONE',  ( -8.949999999999999289, -0.6500000000000001332, 0.0000000000000000000 ) ) ;
#451 = ORIENTED_EDGE ( 'NONE', *, *, #333, .F. ) ;
#452 = ORIENTED_EDGE ( 'NONE', *, *, #1617, .F. ) ;
#453 = DIRECTION ( 'NONE',  ( 1.000000000000000000, 0.0000000000000000000, 1.743440679373675317E-16 ) ) ;
#454 = VERTEX_POINT ( 'NONE', #384 ) ;
#455 = ORIENTED_EDGE ( 'NONE', *, *, #254, .F. ) ;
#456 = ADVANCED_FACE ( 'NONE', ( #21 ), #1070, .F. ) ;
#457 = CARTESIAN_POINT ( 'NONE',  ( -9.092702702702700535, -1.750000000000000000, -5.000000000000000888 ) ) ;
#458 = DIRECTION ( 'NONE',  ( 1.000000000000000000, -0.0000000000000000000, -1.743440679373675317E-16 ) ) ;
#459 = AXIS2_PLACEMENT_3D ( 'NONE', #189, #688, #82 ) ;
#460 = FACE_OUTER_BOUND ( 'NONE', #252, .T. ) ;
#461 = EDGE_CURVE ( 'NONE', #17, #1528, #1553, .T. ) ;
#462 = FACE_OUTER_BOUND ( 'NONE', #1111, .T. ) ;
#463 = ORIENTED_EDGE ( 'NONE', *, *, #925, .F. ) ;
#464 = DIRECTION ( 'NONE',  ( 0.0000000000000000000, 3.698226104355162274E-15, 1.000000000000000000 ) ) ;
#465 = PRODUCT_DEFINITION_SHAPE ( 'NONE', 'NONE',  #1348 ) ;
#466 = CARTESIAN_POINT ( 'NONE',  ( 7.049999999999999822, -0.6500000000000001332, -11.85000000000000320 ) ) ;
#467 = PLANE ( 'NONE',  #233 ) ;
#468 = ADVANCED_FACE ( 'NONE', ( #498 ), #743, .T. ) ;
#469 = CIRCLE ( 'NONE', #859, 0.4012792045446685885 ) ;
#470 = CARTESIAN_POINT ( 'NONE',  ( 7.049999999999999822, -0.6500000000000001332, -11.00000000000000000 ) ) ;
#471 = CARTESIAN_POINT ( 'NONE',  ( 9.092702702702700535, -1.750000000000000000, -5.000000000000000888 ) ) ;
#472 = DIRECTION ( 'NONE',  ( -1.000000000000000000, 0.0000000000000000000, 1.652117596168399194E-15 ) ) ;
#473 = EDGE_LOOP ( 'NONE', ( #6, #522, #945, #1278 ) ) ;
#474 = CARTESIAN_POINT ( 'NONE',  ( 7.049999999999999822, 0.2000000000000000111, -11.85000000000000142 ) ) ;
#475 = ORIENTED_EDGE ( 'NONE', *, *, #590, .F. ) ;
#476 = DIRECTION ( 'NONE',  ( -1.000000000000000000, 0.0000000000000000000, 0.0000000000000000000 ) ) ;
#477 = ORIENTED_EDGE ( 'NONE', *, *, #280, .T. ) ;
#478 = DIRECTION ( 'NONE',  ( -0.0000000000000000000, -1.000000000000000000, -0.0000000000000000000 ) ) ;
#479 = LINE ( 'NONE', #1236, #1409 ) ;
#480 = CARTESIAN_POINT ( 'NONE',  ( 7.049999999999999822, 0.0000000000000000000, 9.950000000000001066 ) ) ;
#481 = TOROIDAL_SURFACE ( 'NONE', #93, 1.049999999999999822, 0.6500000000000000222 ) ;
#482 = ORIENTED_EDGE ( 'NONE', *, *, #1174, .F. ) ;
#483 = CARTESIAN_POINT ( 'NONE',  ( 8.949999999999999289, -2.600000000000000089, 0.0000000000000000000 ) ) ;
#484 = EDGE_CURVE ( 'NONE', #539, #663, #261, .T. ) ;
#485 = EDGE_LOOP ( 'NONE', ( #1024, #944 ) ) ;
#486 = DIRECTION ( 'NONE',  ( -0.0000000000000000000, -1.000000000000000000, -0.0000000000000000000 ) ) ;
#487 = FACE_OUTER_BOUND ( 'NONE', #922, .T. ) ;
#488 = CIRCLE ( 'NONE', #1040, 0.3277027027027024642 ) ;
#489 = DIRECTION ( 'NONE',  ( 0.0000000000000000000, 0.0000000000000000000, -1.000000000000000000 ) ) ;
#490 = AXIS2_PLACEMENT_3D ( 'NONE', #480, #979, #363 ) ;
#491 = CARTESIAN_POINT ( 'NONE',  ( 7.049999999999999822, -0.6500000000000001332, -9.950000000000001066 ) ) ;
#492 = EDGE_CURVE ( 'NONE', #264, #1021, #212, .T. ) ;
#493 = DIRECTION ( 'NONE',  ( 1.743440679373675317E-16, -0.0000000000000000000, -1.000000000000000000 ) ) ;
#494 = ORIENTED_EDGE ( 'NONE', *, *, #776, .F. ) ;
#495 = ORIENTED_EDGE ( 'NONE', *, *, #168, .F. ) ;
#496 = DIRECTION ( 'NONE',  ( 1.000000000000000000, 1.224606353822376272E-16, 1.743440679373675317E-16 ) ) ;
#497 = CARTESIAN_POINT ( 'NONE',  ( 8.750000000000000000, 0.2000000000000000111, -9.950000000000001066 ) ) ;
#498 = FACE_OUTER_BOUND ( 'NONE', #1624, .T. ) ;
#499 = ORIENTED_EDGE ( 'NONE', *, *, #325, .T. ) ;
#500 = DIRECTION ( 'NONE',  ( -1.743440679373675317E-16, 0.0000000000000000000, -1.000000000000000000 ) ) ;
#501 = DIRECTION ( 'NONE',  ( 0.0000000000000000000, 1.000000000000000000, 0.0000000000000000000 ) ) ;
#502 = TOROIDAL_SURFACE ( 'NONE', #939, 1.049999999999999822, 0.8499999999999999778 ) ;
#503 = CARTESIAN_POINT ( 'NONE',  ( -8.099999999999992539, 0.2000000000000000111, 9.950000000000001066 ) ) ;
#504 = DIRECTION ( 'NONE',  ( 0.0000000000000000000, 8.928723773410035239E-16, 1.000000000000000000 ) ) ;
#505 = AXIS2_PLACEMENT_3D ( 'NONE', #1395, #758, #159 ) ;
#506 = CARTESIAN_POINT ( 'NONE',  ( -7.049999999999999822, 0.0000000000000000000, 9.950000000000001066 ) ) ;
#507 = DIRECTION ( 'NONE',  ( 0.0000000000000000000, 1.000000000000000000, 0.0000000000000000000 ) ) ;
#508 = DIRECTION ( 'NONE',  ( 0.0000000000000000000, 3.287312092760144419E-15, 1.000000000000000000 ) ) ;
#509 = DIRECTION ( 'NONE',  ( -1.000000000000000000, -0.0000000000000000000, 1.743440679373675317E-16 ) ) ;
#510 = ORIENTED_EDGE ( 'NONE', *, *, #772, .T. ) ;
#511 = EDGE_CURVE ( 'NONE', #1459, #1035, #5, .T. ) ;
#512 = ORIENTED_EDGE ( 'NONE', *, *, #566, .T. ) ;
#513 = EDGE_LOOP ( 'NONE', ( #1335, #1196, #276 ) ) ;
#514 = EDGE_LOOP ( 'NONE', ( #1441, #1155, #1252, #698 ) ) ;
#515 = DIRECTION ( 'NONE',  ( -1.000000000000000000, -0.0000000000000000000, 2.460600675144407265E-16 ) ) ;
#516 = PLANE ( 'NONE',  #1487 ) ;
#517 = LINE ( 'NONE', #730, #190 ) ;
#518 = CARTESIAN_POINT ( 'NONE',  ( -7.049999999999999822, -0.6500000000000001332, 9.950000000000001066 ) ) ;
#519 = FACE_OUTER_BOUND ( 'NONE', #320, .T. ) ;
#520 = ORIENTED_EDGE ( 'NONE', *, *, #701, .T. ) ;
#521 = AXIS2_PLACEMENT_3D ( 'NONE', #506, #1373, #391 ) ;
#522 = ORIENTED_EDGE ( 'NONE', *, *, #772, .F. ) ;
#523 = DIRECTION ( 'NONE',  ( 0.0000000000000000000, -1.000000000000000000, -0.0000000000000000000 ) ) ;
#524 = EDGE_CURVE ( 'NONE', #1026, #1394, #423, .T. ) ;
#525 = FACE_OUTER_BOUND ( 'NONE', #1349, .T. ) ;
#526 = COORDINATED_UNIVERSAL_TIME_OFFSET ( 2, 0, .AHEAD. ) ;
#527 = DIRECTION ( 'NONE',  ( -0.0000000000000000000, 1.000000000000000000, 0.0000000000000000000 ) ) ;
#528 = CC_DESIGN_PERSON_AND_ORGANIZATION_ASSIGNMENT ( #1416, #1041, ( #1548 ) ) ;
#529 = SPHERICAL_SURFACE ( 'NONE', #1538, 0.5277027027027028083 ) ;
#530 = AXIS2_PLACEMENT_3D ( 'NONE', #88, #265, #744 ) ;
#531 = CARTESIAN_POINT ( 'NONE',  ( -8.950000000000001066, -2.600000000000000089, -9.950000000000001066 ) ) ;
#532 = DIRECTION ( 'NONE',  ( 1.224606353822370109E-16, -1.000000000000000000, 3.491483361109382066E-15 ) ) ;
#533 = ORIENTED_EDGE ( 'NONE', *, *, #762, .T. ) ;
#534 = EDGE_LOOP ( 'NONE', ( #1064, #133 ) ) ;
#535 = EDGE_LOOP ( 'NONE', ( #753, #1544, #57 ) ) ;
#536 = CARTESIAN_POINT ( 'NONE',  ( -8.950000000000001066, -2.600000000000000089, 9.950000000000001066 ) ) ;
#537 = SPHERICAL_SURFACE ( 'NONE', #1366, 0.3277027027027027972 ) ;
#538 = FACE_OUTER_BOUND ( 'NONE', #514, .T. ) ;
#539 = VERTEX_POINT ( 'NONE', #1529 ) ;
#540 = FACE_OUTER_BOUND ( 'NONE', #1094, .T. ) ;
#541 = DESIGN_CONTEXT ( 'detailed design', #657, 'design' ) ;
#542 = AXIS2_PLACEMENT_3D ( 'NONE', #491, #1504, #11 ) ;
#543 = EDGE_CURVE ( 'NONE', #401, #255, #176, .T. ) ;
#544 = CARTESIAN_POINT ( 'NONE',  ( 8.949999999999999289, -1.750000000000000000, 5.000000000000000888 ) ) ;
#545 = ORIENTED_EDGE ( 'NONE', *, *, #158, .F. ) ;
#546 = CARTESIAN_POINT ( 'NONE',  ( -7.049999999999999822, -0.6500000000000001332, -9.950000000000001066 ) ) ;
#547 = ORIENTED_EDGE ( 'NONE', *, *, #881, .T. ) ;
#548 = ORIENTED_EDGE ( 'NONE', *, *, #683, .T. ) ;
#549 = DIRECTION ( 'NONE',  ( 1.000000000000000000, 0.0000000000000000000, -9.130123557772662171E-16 ) ) ;
#550 = LINE ( 'NONE', #1263, #847 ) ;
#551 = VECTOR ( 'NONE', #223, 1000.000000000000000 ) ;
#552 = ORIENTED_EDGE ( 'NONE', *, *, #762, .F. ) ;
#553 = CIRCLE ( 'NONE', #770, 0.2949999999999999289 ) ;
#554 = CARTESIAN_POINT ( 'NONE',  ( 8.749999999999998224, -2.600000000000000089, -3.486881358747351250E-17 ) ) ;
#555 = APPROVAL_DATE_TIME ( #79, #270 ) ;
#556 = LINE ( 'NONE', #1019, #757 ) ;
#557 = EDGE_CURVE ( 'NONE', #26, #608, #46, .T. ) ;
#558 = CARTESIAN_POINT ( 'NONE',  ( 7.049999999999999822, -0.6500000000000001332, 9.950000000000001066 ) ) ;
#559 = ORIENTED_EDGE ( 'NONE', *, *, #925, .T. ) ;
#560 = ORIENTED_EDGE ( 'NONE', *, *, #333, .T. ) ;
#561 = ADVANCED_FACE ( 'NONE', ( #704, #460, #1032 ), #634, .F. ) ;
#562 = DIRECTION ( 'NONE',  ( -1.000000000000000000, -0.0000000000000000000, 2.460600675144407265E-16 ) ) ;
#563 = ORIENTED_EDGE ( 'NONE', *, *, #667, .F. ) ;
#564 = DIRECTION ( 'NONE',  ( -1.743440679373675317E-16, 0.0000000000000000000, -1.000000000000000000 ) ) ;
#565 = CYLINDRICAL_SURFACE ( 'NONE', #1379, 1.700000000000001954 ) ;
#566 = EDGE_CURVE ( 'NONE', #401, #1511, #629, .T. ) ;
#567 = VECTOR ( 'NONE', #196, 1000.000000000000000 ) ;
#568 = VECTOR ( 'NONE', #1611, 1000.000000000000000 ) ;
#569 = ORIENTED_EDGE ( 'NONE', *, *, #1057, .T. ) ;
#570 = CIRCLE ( 'NONE', #640, 0.4012792045446685885 ) ;
#571 = ADVANCED_FACE ( 'NONE', ( #1461 ), #1607, .F. ) ;
#572 = FACE_OUTER_BOUND ( 'NONE', #1015, .T. ) ;
#573 = DIRECTION ( 'NONE',  ( -1.224606353822370356E-16, -1.000000000000000000, 3.369018681194646918E-15 ) ) ;
#574 = DIRECTION ( 'NONE',  ( -1.224606353822369863E-16, 1.000000000000000000, -3.613948041024117215E-15 ) ) ;
#575 = EDGE_CURVE ( 'NONE', #1201, #143, #611, .T. ) ;
#576 = DIRECTION ( 'NONE',  ( 0.0000000000000000000, 0.0000000000000000000, 1.000000000000000000 ) ) ;
#577 = DIRECTION ( 'NONE',  ( 1.224606353822370602E-16, -1.000000000000000000, -3.308493227378449212E-15 ) ) ;
#578 = AXIS2_PLACEMENT_3D ( 'NONE', #1167, #899, #156 ) ;
#579 = ADVANCED_FACE ( 'NONE', ( #1090 ), #1506, .T. ) ;
#580 = DIRECTION ( 'NONE',  ( -1.000000000000000000, -0.0000000000000000000, 1.743440679373675317E-16 ) ) ;
#581 = CARTESIAN_POINT ( 'NONE',  ( 8.750000000000000000, -2.600000000000000089, -9.950000000000001066 ) ) ;
#582 = EDGE_CURVE ( 'NONE', #70, #1443, #1388, .T. ) ;
#583 = EDGE_LOOP ( 'NONE', ( #934, #931, #1232 ) ) ;
#584 = DIRECTION ( 'NONE',  ( 0.0000000000000000000, 0.0000000000000000000, -1.000000000000000000 ) ) ;
#585 = ORIENTED_EDGE ( 'NONE', *, *, #217, .F. ) ;
#586 = ORIENTED_EDGE ( 'NONE', *, *, #643, .T. ) ;
#587 = CARTESIAN_POINT ( 'NONE',  ( 7.049999999999999822, -2.600000000000000089, -9.950000000000001066 ) ) ;
#588 = UNCERTAINTY_MEASURE_WITH_UNIT (LENGTH_MEASURE( 1.000000000000000082E-05 ), #904, 'distance_accuracy_value', 'NONE');
#589 = LINE ( 'NONE', #816, #1115 ) ;
#590 = EDGE_CURVE ( 'NONE', #1201, #70, #303, .T. ) ;
#591 = FACE_OUTER_BOUND ( 'NONE', #1474, .T. ) ;
#592 = ORIENTED_EDGE ( 'NONE', *, *, #582, .F. ) ;
#593 = CARTESIAN_POINT ( 'NONE',  ( 7.049999999999999822, -0.6500000000000001332, 11.00000000000000000 ) ) ;
#594 = VECTOR ( 'NONE', #1422, 1000.000000000000000 ) ;
#595 = CARTESIAN_POINT ( 'NONE',  ( -7.049999999999999822, 0.0000000000000000000, -11.65000000000000213 ) ) ;
#596 = COORDINATED_UNIVERSAL_TIME_OFFSET ( 2, 0, .AHEAD. ) ;
#597 = ADVANCED_FACE ( 'NONE', ( #970 ), #537, .F. ) ;
#598 = DIRECTION ( 'NONE',  ( -1.224606353822370602E-16, 1.000000000000000000, -3.287312092760144813E-15 ) ) ;
#599 = EDGE_CURVE ( 'NONE', #394, #883, #1281, .T. ) ;
#600 = CC_DESIGN_DATE_AND_TIME_ASSIGNMENT ( #1076, #1287, ( #1548 ) ) ;
#601 = EDGE_LOOP ( 'NONE', ( #187, #586, #966, #206, #1295, #631, #1426, #1621 ) ) ;
#602 = DIRECTION ( 'NONE',  ( -1.000000000000000000, 0.0000000000000000000, -2.460600675144407265E-16 ) ) ;
#603 = ORIENTED_EDGE ( 'NONE', *, *, #1604, .T. ) ;
#604 = CARTESIAN_POINT ( 'NONE',  ( 7.049999999999999822, 0.2000000000000000111, 10.99999999999999289 ) ) ;
#605 = AXIS2_PLACEMENT_3D ( 'NONE', #1618, #1102, #115 ) ;
#606 = ORIENTED_EDGE ( 'NONE', *, *, #148, .T. ) ;
#607 = DIRECTION ( 'NONE',  ( -0.0000000000000000000, -0.0000000000000000000, -1.000000000000000000 ) ) ;
#608 = VERTEX_POINT ( 'NONE', #1439 ) ;
#609 = DIRECTION ( 'NONE',  ( 0.0000000000000000000, 0.0000000000000000000, 1.000000000000000000 ) ) ;
#610 = CARTESIAN_POINT ( 'NONE',  ( -9.092702702702700535, -1.750000000000000000, -5.000000000000000888 ) ) ;
#611 = CIRCLE ( 'NONE', #708, 1.900000000000001465 ) ;
#612 = DIRECTION ( 'NONE',  ( 0.0000000000000000000, 0.0000000000000000000, 1.000000000000000000 ) ) ;
#613 = EDGE_LOOP ( 'NONE', ( #1119, #1344, #642, #520 ) ) ;
#614 = CIRCLE ( 'NONE', #1581, 0.2949999999999999289 ) ;
#615 = PERSON_AND_ORGANIZATION ( #747, #1592 ) ;
#616 = CARTESIAN_POINT ( 'NONE',  ( -8.949999999999999289, -1.750000000000001110, 5.295000000000000817 ) ) ;
#617 = FACE_BOUND ( 'NONE', #419, .T. ) ;
#618 = CARTESIAN_POINT ( 'NONE',  ( -8.949999999999999289, -1.750000000000000000, 5.000000000000000888 ) ) ;
#619 = AXIS2_PLACEMENT_3D ( 'NONE', #973, #1625, #739 ) ;
#620 = DIRECTION ( 'NONE',  ( 0.0000000000000000000, -1.000000000000000000, 0.0000000000000000000 ) ) ;
#621 = DIRECTION ( 'NONE',  ( 1.224606353822369863E-16, 1.000000000000000000, 3.613948041024117215E-15 ) ) ;
#622 = EDGE_CURVE ( 'NONE', #15, #1361, #374, .T. ) ;
#623 = DIRECTION ( 'NONE',  ( -0.0000000000000000000, -1.000000000000000000, -0.0000000000000000000 ) ) ;
#624 = DIRECTION ( 'NONE',  ( 1.000000000000000000, -0.0000000000000000000, -1.743440679373675317E-16 ) ) ;
#625 = ORIENTED_EDGE ( 'NONE', *, *, #1183, .F. ) ;
#626 = EDGE_LOOP ( 'NONE', ( #800, #1053, #356, #301 ) ) ;
#627 = ORIENTED_EDGE ( 'NONE', *, *, #941, .T. ) ;
#628 = AXIS2_PLACEMENT_3D ( 'NONE', #1246, #712, #1598 ) ;
#629 = CIRCLE ( 'NONE', #110, 0.6499999999999995781 ) ;
#630 = LINE ( 'NONE', #1136, #393 ) ;
#631 = ORIENTED_EDGE ( 'NONE', *, *, #881, .F. ) ;
#632 =( NAMED_UNIT ( * ) SI_UNIT ( $, .STERADIAN. ) SOLID_ANGLE_UNIT ( ) );
#633 = ORIENTED_EDGE ( 'NONE', *, *, #511, .T. ) ;
#634 = PLANE ( 'NONE',  #1180 ) ;
#635 = SPHERICAL_SURFACE ( 'NONE', #378, 0.5277027027027028083 ) ;
#636 = APPROVAL_DATE_TIME ( #689, #1431 ) ;
#637 = AXIS2_PLACEMENT_3D ( 'NONE', #390, #1622, #1386 ) ;
#638 = CARTESIAN_POINT ( 'NONE',  ( -8.750000000000000000, -1.750000000000000000, 5.000000000000000888 ) ) ;
#639 = DIRECTION ( 'NONE',  ( 0.0000000000000000000, -1.000000000000000000, 0.0000000000000000000 ) ) ;
#640 = AXIS2_PLACEMENT_3D ( 'NONE', #420, #1030, #300 ) ;
#641 = DIRECTION ( 'NONE',  ( 0.0000000000000000000, 1.000000000000000000, 0.0000000000000000000 ) ) ;
#642 = ORIENTED_EDGE ( 'NONE', *, *, #1158, .F. ) ;
#643 = EDGE_CURVE ( 'NONE', #865, #1008, #1012, .T. ) ;
#644 = VERTEX_POINT ( 'NONE', #1326 ) ;
#645 = DIRECTION ( 'NONE',  ( 0.0000000000000000000, 0.0000000000000000000, -1.000000000000000000 ) ) ;
#646 = ORIENTED_EDGE ( 'NONE', *, *, #280, .F. ) ;
#647 = ORIENTED_EDGE ( 'NONE', *, *, #1100, .T. ) ;
#648 = DIRECTION ( 'NONE',  ( -0.0000000000000000000, -1.000000000000000000, 0.0000000000000000000 ) ) ;
#649 = DIRECTION ( 'NONE',  ( 0.0000000000000000000, 0.0000000000000000000, 1.000000000000000000 ) ) ;
#650 = LINE ( 'NONE', #1222, #1029 ) ;
#651 = ORIENTED_EDGE ( 'NONE', *, *, #932, .T. ) ;
#652 = DIRECTION ( 'NONE',  ( -1.224606353822370602E-16, 1.000000000000000000, -3.308493227378449212E-15 ) ) ;
#653 = SPHERICAL_SURFACE ( 'NONE', #1407, 0.3277027027027027972 ) ;
#654 = ORIENTED_EDGE ( 'NONE', *, *, #776, .T. ) ;
#655 = DIRECTION ( 'NONE',  ( -0.0000000000000000000, -1.000000000000000000, -0.0000000000000000000 ) ) ;
#656 = CYLINDRICAL_SURFACE ( 'NONE', #430, 0.8500000000000000888 ) ;
#657 = APPLICATION_CONTEXT ( 'configuration controlled 3d designs of mechanical parts and assemblies' ) ;
#658 = CARTESIAN_POINT ( 'NONE',  ( 7.049999999999999822, -0.6500000000000001332, -11.65000000000000036 ) ) ;
#659 = VECTOR ( 'NONE', #748, 1000.000000000000000 ) ;
#660 = CARTESIAN_POINT ( 'NONE',  ( 8.564999999999997726, -1.750000000000000000, -5.000000000000000888 ) ) ;
#661 = EDGE_CURVE ( 'NONE', #981, #1460, #1302, .T. ) ;
#662 = ORIENTED_EDGE ( 'NONE', *, *, #1183, .T. ) ;
#663 = VERTEX_POINT ( 'NONE', #818 ) ;
#664 = AXIS2_PLACEMENT_3D ( 'NONE', #383, #267, #756 ) ;
#665 = DIRECTION ( 'NONE',  ( 1.000000000000000000, 0.0000000000000000000, 9.130123557772662171E-16 ) ) ;
#666 = EDGE_LOOP ( 'NONE', ( #1369, #114 ) ) ;
#667 = EDGE_CURVE ( 'NONE', #608, #15, #410, .T. ) ;
#668 = VECTOR ( 'NONE', #489, 1000.000000000000000 ) ;
#669 = LINE ( 'NONE', #282, #1587 ) ;
#670 = DIRECTION ( 'NONE',  ( -0.0000000000000000000, -1.000000000000000000, -0.0000000000000000000 ) ) ;
#671 = EDGE_LOOP ( 'NONE', ( #36, #1412, #646, #654 ) ) ;
#672 = EDGE_CURVE ( 'NONE', #285, #161, #1050, .T. ) ;
#673 = CARTESIAN_POINT ( 'NONE',  ( -8.564999999999997726, -1.750000000000000000, 5.000000000000000888 ) ) ;
#674 = ORIENTED_EDGE ( 'NONE', *, *, #1393, .T. ) ;
#675 = CARTESIAN_POINT ( 'NONE',  ( 7.049999999999999822, -1.084202172485504434E-16, 9.950000000000001066 ) ) ;
#676 = AXIS2_PLACEMENT_3D ( 'NONE', #118, #245, #1120 ) ;
#677 = ORIENTED_EDGE ( 'NONE', *, *, #1297, .F. ) ;
#678 = EDGE_CURVE ( 'NONE', #1476, #151, #1143, .T. ) ;
#679 = ORIENTED_EDGE ( 'NONE', *, *, #1051, .F. ) ;
#680 = DIRECTION ( 'NONE',  ( 0.0000000000000000000, 0.0000000000000000000, -1.000000000000000000 ) ) ;
#681 = CIRCLE ( 'NONE', #362, 0.3277027027027024642 ) ;
#682 = DIRECTION ( 'NONE',  ( -1.224606353822370602E-16, 1.000000000000000000, -3.287312092760144813E-15 ) ) ;
#683 = EDGE_CURVE ( 'NONE', #895, #1026, #1347, .T. ) ;
#684 = VECTOR ( 'NONE', #562, 1000.000000000000000 ) ;
#685 = ADVANCED_FACE ( 'NONE', ( #1586 ), #62, .F. ) ;
#686 = VERTEX_POINT ( 'NONE', #337 ) ;
#687 = CIRCLE ( 'NONE', #889, 0.8500000000000000888 ) ;
#688 = DIRECTION ( 'NONE',  ( -1.000000000000000000, 0.0000000000000000000, 1.224646799147353207E-16 ) ) ;
#689 = DATE_AND_TIME ( #856, #1124 ) ;
#690 = FACE_OUTER_BOUND ( 'NONE', #192, .T. ) ;
#691 = ADVANCED_FACE ( 'NONE', ( #283 ), #692, .T. ) ;
#692 = PLANE ( 'NONE',  #1478 ) ;
#693 = DIRECTION ( 'NONE',  ( 0.0000000000000000000, 1.000000000000000000, 0.0000000000000000000 ) ) ;
#694 = ORIENTED_EDGE ( 'NONE', *, *, #1149, .F. ) ;
#695 = DIRECTION ( 'NONE',  ( 0.0000000000000000000, -1.000000000000000000, 0.0000000000000000000 ) ) ;
#696 = ORIENTED_EDGE ( 'NONE', *, *, #407, .F. ) ;
#697 = AXIS2_PLACEMENT_3D ( 'NONE', #259, #251, #1130 ) ;
#698 = ORIENTED_EDGE ( 'NONE', *, *, #388, .T. ) ;
#699 = VERTEX_POINT ( 'NONE', #1456 ) ;
#700 = CARTESIAN_POINT ( 'NONE',  ( 7.049999999999999822, -0.6500000000000001332, 11.00000000000000000 ) ) ;
#701 = EDGE_CURVE ( 'NONE', #790, #111, #1332, .T. ) ;
#702 = ADVANCED_FACE ( 'NONE', ( #352 ), #73, .T. ) ;
#703 = ORIENTED_EDGE ( 'NONE', *, *, #484, .T. ) ;
#704 = FACE_BOUND ( 'NONE', #188, .T. ) ;
#705 = CARTESIAN_POINT ( 'NONE',  ( 8.750000000000000000, -1.750000000000000000, -5.000000000000000888 ) ) ;
#706 = VECTOR ( 'NONE', #839, 1000.000000000000000 ) ;
#707 = ORIENTED_EDGE ( 'NONE', *, *, #364, .F. ) ;
#708 = AXIS2_PLACEMENT_3D ( 'NONE', #1321, #322, #549 ) ;
#709 = ADVANCED_FACE ( 'NONE', ( #120 ), #991, .F. ) ;
#710 = PERSON_AND_ORGANIZATION ( #747, #1592 ) ;
#711 = DIRECTION ( 'NONE',  ( 0.0000000000000000000, 0.0000000000000000000, -1.000000000000000000 ) ) ;
#712 = DIRECTION ( 'NONE',  ( 1.000000000000000000, -1.224606353822376272E-16, -1.743440679373675317E-16 ) ) ;
#713 = EDGE_CURVE ( 'NONE', #433, #1254, #728, .T. ) ;
#714 = CARTESIAN_POINT ( 'NONE',  ( 7.049999999999999822, -0.6500000000000001332, 9.950000000000001066 ) ) ;
#715 = CARTESIAN_POINT ( 'NONE',  ( -9.092702702702700535, -1.750000000000000000, -5.000000000000000888 ) ) ;
#716 = DIRECTION ( 'NONE',  ( 0.0000000000000000000, 0.0000000000000000000, 1.000000000000000000 ) ) ;
#717 = DIRECTION ( 'NONE',  ( 1.224606353822370109E-16, -1.000000000000000000, 3.491483361109382066E-15 ) ) ;
#718 = EDGE_CURVE ( 'NONE', #1421, #883, #1067, .T. ) ;
#719 = VERTEX_POINT ( 'NONE', #962 ) ;
#720 = DIRECTION ( 'NONE',  ( 1.000000000000000000, 0.0000000000000000000, -1.743440679373674824E-16 ) ) ;
#721 = ADVANCED_FACE ( 'NONE', ( #1410 ), #1463, .T. ) ;
#722 = ORIENTED_EDGE ( 'NONE', *, *, #713, .F. ) ;
#723 = ORIENTED_EDGE ( 'NONE', *, *, #791, .F. ) ;
#724 = DIRECTION ( 'NONE',  ( -0.0000000000000000000, -1.000000000000000000, -0.0000000000000000000 ) ) ;
#725 = AXIS2_PLACEMENT_3D ( 'NONE', #180, #1175, #665 ) ;
#726 = VECTOR ( 'NONE', #385, 1000.000000000000000 ) ;
#727 = EDGE_CURVE ( 'NONE', #1178, #433, #805, .T. ) ;
#728 = CIRCLE ( 'NONE', #1570, 0.4012792045446685885 ) ;
#729 = EDGE_LOOP ( 'NONE', ( #1582, #1044, #1429, #134 ) ) ;
#730 = CARTESIAN_POINT ( 'NONE',  ( 7.049999999999999822, 0.2000000000000000111, 10.99999999999999289 ) ) ;
#731 = DIRECTION ( 'NONE',  ( 1.224606353822370109E-16, 1.000000000000000000, -3.491483361109382066E-15 ) ) ;
#732 = LINE ( 'NONE', #450, #1286 ) ;
#733 = CARTESIAN_POINT ( 'NONE',  ( 7.049999999999999822, 0.0000000000000000000, -9.950000000000001066 ) ) ;
#734 = APPROVAL_PERSON_ORGANIZATION ( #977, #1431, #48 ) ;
#735 = CARTESIAN_POINT ( 'NONE',  ( 8.750000000000000000, -2.600000000000000089, 9.950000000000001066 ) ) ;
#736 = CIRCLE ( 'NONE', #98, 1.049999999999995381 ) ;
#737 = CARTESIAN_POINT ( 'NONE',  ( -8.950000000000001066, -0.6500000000000001332, -9.950000000000001066 ) ) ;
#738 = CARTESIAN_POINT ( 'NONE',  ( -7.049999999999999822, -0.6500000000000001332, -11.00000000000000000 ) ) ;
#739 = DIRECTION ( 'NONE',  ( 0.0000000000000000000, 0.0000000000000000000, 1.000000000000000000 ) ) ;
#740 = VERTEX_POINT ( 'NONE', #100 ) ;
#741 = DIRECTION ( 'NONE',  ( -1.000000000000000000, 0.0000000000000000000, -1.743440679373675317E-16 ) ) ;
#742 = ORIENTED_EDGE ( 'NONE', *, *, #543, .T. ) ;
#743 = PLANE ( 'NONE',  #38 ) ;
#744 = DIRECTION ( 'NONE',  ( -1.000000000000000000, 0.0000000000000000000, 2.460600675144407265E-16 ) ) ;
#745 = ORIENTED_EDGE ( 'NONE', *, *, #678, .T. ) ;
#746 = ORIENTED_EDGE ( 'NONE', *, *, #1288, .F. ) ;
#747 = PERSON ( 'UNSPECIFIED', 'UNSPECIFIED', 'UNSPECIFIED', ('UNSPECIFIED'), ('UNSPECIFIED'), ('UNSPECIFIED') ) ;
#748 = DIRECTION ( 'NONE',  ( 0.0000000000000000000, 0.0000000000000000000, -1.000000000000000000 ) ) ;
#749 = FACE_OUTER_BOUND ( 'NONE', #1404, .T. ) ;
#750 = CARTESIAN_POINT ( 'NONE',  ( 7.049999999999999822, -1.084202172485504434E-16, 10.99999999999999467 ) ) ;
#751 = CYLINDRICAL_SURFACE ( 'NONE', #1129, 0.8500000000000000888 ) ;
#752 = ORIENTED_EDGE ( 'NONE', *, *, #557, .T. ) ;
#753 = ORIENTED_EDGE ( 'NONE', *, *, #1604, .F. ) ;
#754 = EDGE_CURVE ( 'NONE', #1424, #1179, #2, .T. ) ;
#755 = DIRECTION ( 'NONE',  ( -1.000000000000000000, 8.928723773410035239E-16, 0.0000000000000000000 ) ) ;
#756 = DIRECTION ( 'NONE',  ( 0.0000000000000000000, -3.287312092760144813E-15, 1.000000000000000000 ) ) ;
#757 = VECTOR ( 'NONE', #292, 1000.000000000000000 ) ;
#758 = DIRECTION ( 'NONE',  ( -0.0000000000000000000, 1.000000000000000000, -0.0000000000000000000 ) ) ;
#759 = CARTESIAN_POINT ( 'NONE',  ( -7.049999999999999822, -0.6500000000000001332, 11.00000000000000000 ) ) ;
#760 = CARTESIAN_POINT ( 'NONE',  ( 7.049999999999999822, -0.6500000000000001332, -11.00000000000000000 ) ) ;
#761 = APPROVAL_STATUS ( 'not_yet_approved' ) ;
#762 = EDGE_CURVE ( 'NONE', #1511, #1021, #235, .T. ) ;
#763 = ORIENTED_EDGE ( 'NONE', *, *, #582, .T. ) ;
#764 = ORIENTED_EDGE ( 'NONE', *, *, #103, .T. ) ;
#765 = DIRECTION ( 'NONE',  ( -1.000000000000000000, 0.0000000000000000000, -9.130123557772662171E-16 ) ) ;
#766 = EDGE_LOOP ( 'NONE', ( #24, #764, #822, #193 ) ) ;
#767 = CARTESIAN_POINT ( 'NONE',  ( 8.749999999999998224, 0.2000000000000000111, -3.486881358747351250E-17 ) ) ;
#768 = DIRECTION ( 'NONE',  ( -1.743440679373675317E-16, 0.0000000000000000000, 1.000000000000000000 ) ) ;
#769 = VECTOR ( 'NONE', #1499, 1000.000000000000000 ) ;
#770 = AXIS2_PLACEMENT_3D ( 'NONE', #155, #286, #278 ) ;
#771 = VECTOR ( 'NONE', #228, 1000.000000000000000 ) ;
#772 = EDGE_CURVE ( 'NONE', #1273, #1460, #44, .T. ) ;
#773 = EDGE_LOOP ( 'NONE', ( #696, #1623, #1546 ) ) ;
#774 = LINE ( 'NONE', #164, #266 ) ;
#775 = CALENDAR_DATE ( 2020, 5, 11 ) ;
#776 = EDGE_CURVE ( 'NONE', #663, #1201, #650, .T. ) ;
#777 = CARTESIAN_POINT ( 'NONE',  ( -8.099999999999999645, -0.6500000000000001332, 9.950000000000001066 ) ) ;
#778 = FACE_OUTER_BOUND ( 'NONE', #375, .T. ) ;
#779 = PERSON_AND_ORGANIZATION_ROLE ( 'design_owner' ) ;
#780 = APPROVAL_ROLE ( '' ) ;
#781 = ORIENTED_EDGE ( 'NONE', *, *, #69, .T. ) ;
#782 = CARTESIAN_POINT ( 'NONE',  ( -7.049999999999999822, -2.600000000000000089, -9.950000000000001066 ) ) ;
#783 = ORIENTED_EDGE ( 'NONE', *, *, #1297, .T. ) ;
#784 = ORIENTED_EDGE ( 'NONE', *, *, #812, .T. ) ;
#785 = ORIENTED_EDGE ( 'NONE', *, *, #242, .F. ) ;
#786 = CARTESIAN_POINT ( 'NONE',  ( -7.049999999999999822, -0.6500000000000001332, 11.85000000000000320 ) ) ;
#787 = CARTESIAN_POINT ( 'NONE',  ( 7.049999999999999822, -0.6500000000000001332, 11.85000000000000142 ) ) ;
#788 = LINE ( 'NONE', #750, #332 ) ;
#789 = AXIS2_PLACEMENT_3D ( 'NONE', #1250, #1514, #609 ) ;
#790 = VERTEX_POINT ( 'NONE', #1480 ) ;
#791 = EDGE_CURVE ( 'NONE', #866, #1137, #479, .T. ) ;
#792 = VECTOR ( 'NONE', #429, 1000.000000000000000 ) ;
#793 = ORIENTED_EDGE ( 'NONE', *, *, #1007, .T. ) ;
#794 = CARTESIAN_POINT ( 'NONE',  ( -7.049999999999999822, -2.600000000000000089, -11.85000000000000320 ) ) ;
#795 = CIRCLE ( 'NONE', #953, 0.5277027027027030304 ) ;
#796 = CARTESIAN_POINT ( 'NONE',  ( -8.949999999999999289, -2.600000000000000089, 0.0000000000000000000 ) ) ;
#797 = AXIS2_PLACEMENT_3D ( 'NONE', #1391, #867, #1496 ) ;
#798 = EDGE_CURVE ( 'NONE', #981, #70, #373, .T. ) ;
#799 = ORIENTED_EDGE ( 'NONE', *, *, #575, .F. ) ;
#800 = ORIENTED_EDGE ( 'NONE', *, *, #1331, .F. ) ;
#801 = DIRECTION ( 'NONE',  ( 0.0000000000000000000, -3.287312092760144813E-15, 1.000000000000000000 ) ) ;
#802 = CLOSED_SHELL ( 'NONE', ( #1462, #597, #1583, #83, #96, #343, #1234, #1066, #203, #1097, #1226, #468, #1350, #225, #202, #449, #821, #1594, #1445, #942, #993, #1219, #211, #219, #336, #1210, #1338, #961, #721, #78, #328, #456, #709, #248, #1329, #702, #949, #440, #579, #691, #1078, #1255, #571, #561, #1576, #1479, #229, #1599, #239, #448, #1085, #813, #1454, #361, #840, #1613, #685, #831 ) ) ;
#803 = DIRECTION ( 'NONE',  ( 0.0000000000000000000, 1.000000000000000000, 0.0000000000000000000 ) ) ;
#804 = AXIS2_PLACEMENT_3D ( 'NONE', #372, #607, #247 ) ;
#805 = CIRCLE ( 'NONE', #1156, 0.5277027027027030304 ) ;
#806 = CIRCLE ( 'NONE', #637, 1.049999999999992717 ) ;
#807 = ORIENTED_EDGE ( 'NONE', *, *, #678, .F. ) ;
#808 = CARTESIAN_POINT ( 'NONE',  ( -9.092702702702700535, -1.750000000000000000, 5.000000000000000888 ) ) ;
#809 = ORIENTED_EDGE ( 'NONE', *, *, #833, .T. ) ;
#810 = AXIS2_PLACEMENT_3D ( 'NONE', #675, #1453, #1569 ) ;
#811 = CYLINDRICAL_SURFACE ( 'NONE', #1251, 1.900000000000002354 ) ;
#812 = EDGE_CURVE ( 'NONE', #924, #1571, #681, .T. ) ;
#813 = ADVANCED_FACE ( 'NONE', ( #989 ), #1469, .T. ) ;
#814 = FACE_OUTER_BOUND ( 'NONE', #626, .T. ) ;
#815 = CARTESIAN_POINT ( 'NONE',  ( -8.950000000000001066, 0.2000000000000000111, -9.950000000000001066 ) ) ;
#816 = CARTESIAN_POINT ( 'NONE',  ( 7.049999999999999822, 0.0000000000000000000, 11.65000000000000213 ) ) ;
#817 = AXIS2_PLACEMENT_3D ( 'NONE', #129, #621, #1002 ) ;
#818 = CARTESIAN_POINT ( 'NONE',  ( 8.950000000000001066, -0.6500000000000001332, 9.950000000000001066 ) ) ;
#819 = ORIENTED_EDGE ( 'NONE', *, *, #858, .T. ) ;
#820 = CARTESIAN_POINT ( 'NONE',  ( 7.049999999999999822, -0.6500000000000001332, -9.950000000000001066 ) ) ;
#821 = ADVANCED_FACE ( 'NONE', ( #117 ), #891, .F. ) ;
#822 = ORIENTED_EDGE ( 'NONE', *, *, #913, .T. ) ;
#823 = EDGE_LOOP ( 'NONE', ( #633, #1087, #1230, #793 ) ) ;
#824 = ORIENTED_EDGE ( 'NONE', *, *, #1536, .T. ) ;
#825 = DIRECTION ( 'NONE',  ( 0.0000000000000000000, 0.0000000000000000000, 1.000000000000000000 ) ) ;
#826 = CARTESIAN_POINT ( 'NONE',  ( 9.092702702702700535, -1.750000000000000000, 5.000000000000000888 ) ) ;
#827 = CYLINDRICAL_SURFACE ( 'NONE', #295, 1.700000000000001954 ) ;
#828 = CYLINDRICAL_SURFACE ( 'NONE', #896, 0.6499999999999995781 ) ;
#829 = ORIENTED_EDGE ( 'NONE', *, *, #1149, .T. ) ;
#830 = VECTOR ( 'NONE', #620, 1000.000000000000000 ) ;
#831 = ADVANCED_FACE ( 'NONE', ( #1530 ), #1163, .T. ) ;
#832 = DIRECTION ( 'NONE',  ( 0.0000000000000000000, -1.000000000000000000, 0.0000000000000000000 ) ) ;
#833 = EDGE_CURVE ( 'NONE', #1606, #1026, #550, .T. ) ;
#834 = CARTESIAN_POINT ( 'NONE',  ( -8.099999999999997868, -0.6500000000000001332, 0.0000000000000000000 ) ) ;
#835 = AXIS2_PLACEMENT_3D ( 'NONE', #273, #253, #7 ) ;
#836 = DIRECTION ( 'NONE',  ( 0.0000000000000000000, 0.0000000000000000000, -1.000000000000000000 ) ) ;
#837 = CARTESIAN_POINT ( 'NONE',  ( -8.750000000000000000, -1.750000000000000000, -5.000000000000000888 ) ) ;
#838 = AXIS2_PLACEMENT_3D ( 'NONE', #759, #624, #504 ) ;
#839 = DIRECTION ( 'NONE',  ( 1.743440679373675317E-16, -0.0000000000000000000, -1.000000000000000000 ) ) ;
#840 = ADVANCED_FACE ( 'NONE', ( #330 ), #157, .T. ) ;
#841 = EDGE_LOOP ( 'NONE', ( #1181, #603, #1293 ) ) ;
#842 = ORIENTED_EDGE ( 'NONE', *, *, #661, .F. ) ;
#843 = AXIS2_PLACEMENT_3D ( 'NONE', #1534, #1296, #765 ) ;
#844 = DIRECTION ( 'NONE',  ( 0.0000000000000000000, -0.0000000000000000000, -1.000000000000000000 ) ) ;
#845 = EDGE_LOOP ( 'NONE', ( #1411, #1327, #752, #71 ) ) ;
#846 = EDGE_CURVE ( 'NONE', #1021, #1394, #438, .T. ) ;
#847 = VECTOR ( 'NONE', #500, 1000.000000000000000 ) ;
#848 = ORIENTED_EDGE ( 'NONE', *, *, #1393, .F. ) ;
#849 = CARTESIAN_POINT ( 'NONE',  ( 7.049999999999999822, -0.6500000000000001332, 9.950000000000001066 ) ) ;
#850 = FACE_OUTER_BOUND ( 'NONE', #1168, .T. ) ;
#851 = CARTESIAN_POINT ( 'NONE',  ( 9.092702702702700535, -1.750000000000000000, 5.000000000000000888 ) ) ;
#852 = ORIENTED_EDGE ( 'NONE', *, *, #1543, .F. ) ;
#853 = DIRECTION ( 'NONE',  ( 0.0000000000000000000, 0.0000000000000000000, -1.000000000000000000 ) ) ;
#854 = VECTOR ( 'NONE', #1552, 1000.000000000000000 ) ;
#855 = AXIS2_PLACEMENT_3D ( 'NONE', #1152, #396, #162 ) ;
#856 = CALENDAR_DATE ( 2020, 5, 11 ) ;
#857 = CARTESIAN_POINT ( 'NONE',  ( -8.764999999999998792, -1.750000000000000000, -5.000000000000000888 ) ) ;
#858 = EDGE_CURVE ( 'NONE', #1460, #719, #1440, .T. ) ;
#859 = AXIS2_PLACEMENT_3D ( 'NONE', #837, #232, #226 ) ;
#860 = CARTESIAN_POINT ( 'NONE',  ( -8.099999999999990763, 0.2000000000000000111, 0.0000000000000000000 ) ) ;
#861 = CARTESIAN_POINT ( 'NONE',  ( 7.049999999999999822, -2.600000000000000089, 11.85000000000000320 ) ) ;
#862 = EDGE_CURVE ( 'NONE', #1179, #866, #72, .T. ) ;
#863 = VERTEX_POINT ( 'NONE', #128 ) ;
#864 = CARTESIAN_POINT ( 'NONE',  ( 8.564999999999997726, -1.750000000000000000, 5.000000000000000888 ) ) ;
#865 = VERTEX_POINT ( 'NONE', #1141 ) ;
#866 = VERTEX_POINT ( 'NONE', #1268 ) ;
#867 = DIRECTION ( 'NONE',  ( -1.224606353822370109E-16, 1.000000000000000000, 3.491483361109382066E-15 ) ) ;
#868 = ORIENTED_EDGE ( 'NONE', *, *, #798, .T. ) ;
#869 = DIRECTION ( 'NONE',  ( 0.0000000000000000000, 1.000000000000000000, 0.0000000000000000000 ) ) ;
#870 = DIRECTION ( 'NONE',  ( 0.0000000000000000000, 0.0000000000000000000, -1.000000000000000000 ) ) ;
#871 = DIRECTION ( 'NONE',  ( -1.000000000000000000, -0.0000000000000000000, -1.224646799147353207E-16 ) ) ;
#872 = CIRCLE ( 'NONE', #1164, 0.5277027027027030304 ) ;
#873 = AXIS2_PLACEMENT_3D ( 'NONE', #23, #1017, #281 ) ;
#874 = TOROIDAL_SURFACE ( 'NONE', #1464, 1.049999999999999822, 0.8499999999999999778 ) ;
#875 = ORIENTED_EDGE ( 'NONE', *, *, #1423, .F. ) ;
#876 = CARTESIAN_POINT ( 'NONE',  ( -7.049999999999999822, 0.0000000000000000000, 9.950000000000001066 ) ) ;
#877 = VECTOR ( 'NONE', #648, 1000.000000000000000 ) ;
#878 = CARTESIAN_POINT ( 'NONE',  ( 7.049999999999999822, -2.600000000000000089, -11.85000000000000142 ) ) ;
#879 = FACE_OUTER_BOUND ( 'NONE', #823, .T. ) ;
#880 = CARTESIAN_POINT ( 'NONE',  ( -7.049999999999999822, 0.0000000000000000000, -9.950000000000001066 ) ) ;
#881 = EDGE_CURVE ( 'NONE', #1477, #740, #517, .T. ) ;
#882 = DIRECTION ( 'NONE',  ( 1.224606353822370602E-16, -1.000000000000000000, -3.287312092760144813E-15 ) ) ;
#883 = VERTEX_POINT ( 'NONE', #1257 ) ;
#884 = CARTESIAN_POINT ( 'NONE',  ( 8.099999999999997868, -0.6500000000000001332, 0.0000000000000000000 ) ) ;
#885 = ORIENTED_EDGE ( 'NONE', *, *, #672, .T. ) ;
#886 = DIRECTION ( 'NONE',  ( 0.0000000000000000000, 0.0000000000000000000, -1.000000000000000000 ) ) ;
#887 = CARTESIAN_POINT ( 'NONE',  ( -8.750000000000000000, 0.2000000000000000111, 9.950000000000001066 ) ) ;
#888 = ORIENTED_EDGE ( 'NONE', *, *, #643, .F. ) ;
#889 = AXIS2_PLACEMENT_3D ( 'NONE', #404, #897, #755 ) ;
#890 = EDGE_CURVE ( 'NONE', #454, #26, #1566, .T. ) ;
#891 = TOROIDAL_SURFACE ( 'NONE', #542, 1.049999999999999822, 0.6500000000000000222 ) ;
#892 = DIRECTION ( 'NONE',  ( -1.743440679373675317E-16, 0.0000000000000000000, -1.000000000000000000 ) ) ;
#893 = VECTOR ( 'NONE', #486, 1000.000000000000000 ) ;
#894 = ORIENTED_EDGE ( 'NONE', *, *, #1401, .T. ) ;
#895 = VERTEX_POINT ( 'NONE', #737 ) ;
#896 = AXIS2_PLACEMENT_3D ( 'NONE', #1328, #1077, #576 ) ;
#897 = DIRECTION ( 'NONE',  ( 0.0000000000000000000, 0.0000000000000000000, 1.000000000000000000 ) ) ;
#898 = CIRCLE ( 'NONE', #403, 0.5277027027027030304 ) ;
#899 = DIRECTION ( 'NONE',  ( -1.224606353822370602E-16, -1.000000000000000000, 3.287312092760144813E-15 ) ) ;
#900 = CARTESIAN_POINT ( 'NONE',  ( 8.099999999999999645, -0.6500000000000001332, 9.950000000000001066 ) ) ;
#901 = CYLINDRICAL_SURFACE ( 'NONE', #1508, 0.8500000000000000888 ) ;
#902 = AXIS2_PLACEMENT_3D ( 'NONE', #61, #1417, #413 ) ;
#903 = CARTESIAN_POINT ( 'NONE',  ( 7.049999999999999822, -0.6500000000000001332, -11.00000000000000000 ) ) ;
#904 =( LENGTH_UNIT ( ) NAMED_UNIT ( * ) SI_UNIT ( .MILLI., .METRE. ) );
#905 = EDGE_CURVE ( 'NONE', #686, #143, #1444, .T. ) ;
#906 = ORIENTED_EDGE ( 'NONE', *, *, #1122, .F. ) ;
#907 = ORIENTED_EDGE ( 'NONE', *, *, #183, .T. ) ;
#908 = CARTESIAN_POINT ( 'NONE',  ( -9.092702702702700535, -1.750000000000000000, 5.000000000000000888 ) ) ;
#909 = VERTEX_POINT ( 'NONE', #1127 ) ;
#910 = DIRECTION ( 'NONE',  ( 0.0000000000000000000, -1.000000000000000000, 0.0000000000000000000 ) ) ;
#911 = LINE ( 'NONE', #483, #948 ) ;
#912 = CARTESIAN_POINT ( 'NONE',  ( 7.049999999999999822, -2.600000000000000089, 11.85000000000000142 ) ) ;
#913 = EDGE_CURVE ( 'NONE', #1443, #866, #1371, .T. ) ;
#914 = PERSON_AND_ORGANIZATION_ROLE ( 'design_supplier' ) ;
#915 = LINE ( 'NONE', #595, #568 ) ;
#916 = EDGE_LOOP ( 'NONE', ( #819, #1262, #933, #510 ) ) ;
#917 = DIRECTION ( 'NONE',  ( -0.0000000000000000000, 0.0000000000000000000, -1.000000000000000000 ) ) ;
#918 = FACE_OUTER_BOUND ( 'NONE', #1457, .T. ) ;
#919 = FACE_OUTER_BOUND ( 'NONE', #1437, .T. ) ;
#920 = EDGE_CURVE ( 'NONE', #1381, #40, #1036, .T. ) ;
#921 = AXIS2_PLACEMENT_3D ( 'NONE', #767, #1184, #1299 ) ;
#922 = EDGE_LOOP ( 'NONE', ( #1313, #60, #1110, #763 ) ) ;
#923 = DIRECTION ( 'NONE',  ( 1.000000000000000000, 0.0000000000000000000, 1.743440679373675317E-16 ) ) ;
#924 = VERTEX_POINT ( 'NONE', #857 ) ;
#925 = EDGE_CURVE ( 'NONE', #1511, #719, #1307, .T. ) ;
#926 = ORIENTED_EDGE ( 'NONE', *, *, #1095, .T. ) ;
#927 = DIRECTION ( 'NONE',  ( 1.000000000000000000, 1.224606353822376272E-16, 1.743440679373675317E-16 ) ) ;
#928 = VECTOR ( 'NONE', #1080, 1000.000000000000000 ) ;
#929 = AXIS2_PLACEMENT_3D ( 'NONE', #777, #1527, #28 ) ;
#930 = CIRCLE ( 'NONE', #1279, 0.5277027027027030304 ) ;
#931 = ORIENTED_EDGE ( 'NONE', *, *, #407, .T. ) ;
#932 = EDGE_CURVE ( 'NONE', #435, #909, #306, .T. ) ;
#933 = ORIENTED_EDGE ( 'NONE', *, *, #431, .F. ) ;
#934 = ORIENTED_EDGE ( 'NONE', *, *, #113, .F. ) ;
#935 = CIRCLE ( 'NONE', #1069, 1.049999999999992717 ) ;
#936 = CARTESIAN_POINT ( 'NONE',  ( 8.950000000000001066, -2.600000000000000089, 9.950000000000001066 ) ) ;
#937 = CARTESIAN_POINT ( 'NONE',  ( 7.049999999999999822, 0.2000000000000000111, -10.99999999999999289 ) ) ;
#938 = DIRECTION ( 'NONE',  ( -1.224606353822370602E-16, 1.000000000000000000, -3.308493227378449212E-15 ) ) ;
#939 = AXIS2_PLACEMENT_3D ( 'NONE', #1027, #641, #1285 ) ;
#940 = CARTESIAN_POINT ( 'NONE',  ( -8.949999999999999289, -1.750000000000001110, -5.295000000000000817 ) ) ;
#941 = EDGE_CURVE ( 'NONE', #909, #895, #687, .T. ) ;
#942 = ADVANCED_FACE ( 'NONE', ( #918 ), #982, .T. ) ;
#943 = EDGE_LOOP ( 'NONE', ( #43, #87, #694, #809 ) ) ;
#944 = ORIENTED_EDGE ( 'NONE', *, *, #1083, .T. ) ;
#945 = ORIENTED_EDGE ( 'NONE', *, *, #1199, .F. ) ;
#946 = DIRECTION ( 'NONE',  ( -0.0000000000000000000, 1.000000000000000000, -0.0000000000000000000 ) ) ;
#947 = EDGE_CURVE ( 'NONE', #1528, #17, #553, .T. ) ;
#948 = VECTOR ( 'NONE', #493, 1000.000000000000000 ) ;
#949 = ADVANCED_FACE ( 'NONE', ( #1588 ), #502, .T. ) ;
#950 = CARTESIAN_POINT ( 'NONE',  ( 9.092702702702700535, -1.750000000000000000, 5.000000000000000888 ) ) ;
#951 = CARTESIAN_POINT ( 'NONE',  ( 7.049999999999999822, -0.6500000000000001332, 11.00000000000000000 ) ) ;
#952 = ORIENTED_EDGE ( 'NONE', *, *, #1122, .T. ) ;
#953 = AXIS2_PLACEMENT_3D ( 'NONE', #957, #341, #101 ) ;
#954 = LINE ( 'NONE', #787, #1513 ) ;
#955 = FACE_OUTER_BOUND ( 'NONE', #37, .T. ) ;
#956 = DIRECTION ( 'NONE',  ( 1.000000000000000000, 0.0000000000000000000, -1.224646799147353207E-16 ) ) ;
#957 = CARTESIAN_POINT ( 'NONE',  ( -9.092702702702700535, -1.750000000000000000, 5.000000000000000888 ) ) ;
#958 = AXIS2_PLACEMENT_3D ( 'NONE', #700, #964, #584 ) ;
#959 = DIRECTION ( 'NONE',  ( 0.0000000000000000000, 0.0000000000000000000, -1.000000000000000000 ) ) ;
#960 = DIRECTION ( 'NONE',  ( 0.0000000000000000000, -3.287312092760144419E-15, 1.000000000000000000 ) ) ;
#961 = ADVANCED_FACE ( 'NONE', ( #240 ), #1291, .T. ) ;
#962 = CARTESIAN_POINT ( 'NONE',  ( -7.049999999999999822, -0.6500000000000001332, 11.65000000000000213 ) ) ;
#963 = EDGE_LOOP ( 'NONE', ( #209, #1425, #952 ) ) ;
#964 = DIRECTION ( 'NONE',  ( -1.000000000000000000, 0.0000000000000000000, -2.460600675144407265E-16 ) ) ;
#965 = EDGE_CURVE ( 'NONE', #1305, #863, #218, .T. ) ;
#966 = ORIENTED_EDGE ( 'NONE', *, *, #311, .F. ) ;
#967 = ORIENTED_EDGE ( 'NONE', *, *, #965, .T. ) ;
#968 = CARTESIAN_POINT ( 'NONE',  ( 8.764999999999998792, -1.750000000000000000, -5.000000000000000888 ) ) ;
#969 = CARTESIAN_POINT ( 'NONE',  ( -7.049999999999999822, -1.084202172485504434E-16, 10.99999999999999467 ) ) ;
#970 = FACE_OUTER_BOUND ( 'NONE', #535, .T. ) ;
#971 = CYLINDRICAL_SURFACE ( 'NONE', #399, 0.8500000000000000888 ) ;
#972 = VERTEX_POINT ( 'NONE', #147 ) ;
#973 = CARTESIAN_POINT ( 'NONE',  ( -7.049999999999999822, -2.600000000000000089, 9.950000000000001066 ) ) ;
#974 = EDGE_CURVE ( 'NONE', #865, #1424, #379, .T. ) ;
#975 = ORIENTED_EDGE ( 'NONE', *, *, #862, .T. ) ;
#976 = DIRECTION ( 'NONE',  ( -0.0000000000000000000, -1.000000000000000000, -0.0000000000000000000 ) ) ;
#977 = PERSON_AND_ORGANIZATION ( #747, #1592 ) ;
#978 = AXIS2_PLACEMENT_3D ( 'NONE', #880, #1280, #1505 ) ;
#979 = DIRECTION ( 'NONE',  ( 0.0000000000000000000, 1.000000000000000000, 0.0000000000000000000 ) ) ;
#980 = EDGE_CURVE ( 'NONE', #1096, #863, #1336, .T. ) ;
#981 = VERTEX_POINT ( 'NONE', #296 ) ;
#982 = PLANE ( 'NONE',  #855 ) ;
#983 = EDGE_LOOP ( 'NONE', ( #533, #315, #350, #512 ) ) ;
#984 = CARTESIAN_POINT ( 'NONE',  ( -7.049999999999999822, -2.600000000000000089, -9.950000000000001066 ) ) ;
#985 = AXIS2_PLACEMENT_3D ( 'NONE', #323, #938, #1202 ) ;
#986 = ORIENTED_EDGE ( 'NONE', *, *, #69, .F. ) ;
#987 = DIRECTION ( 'NONE',  ( -1.224606353822370602E-16, -1.000000000000000000, 3.308493227378449212E-15 ) ) ;
#988 = EDGE_CURVE ( 'NONE', #1606, #699, #1204, .T. ) ;
#989 = FACE_OUTER_BOUND ( 'NONE', #1359, .T. ) ;
#990 = CARTESIAN_POINT ( 'NONE',  ( 7.049999999999999822, -0.6500000000000001332, 11.65000000000000036 ) ) ;
#991 = TOROIDAL_SURFACE ( 'NONE', #415, 1.049999999999999822, 0.6500000000000000222 ) ;
#992 = ORIENTED_EDGE ( 'NONE', *, *, #1331, .T. ) ;
#993 = ADVANCED_FACE ( 'NONE', ( #525 ), #656, .T. ) ;
#994 = CIRCLE ( 'NONE', #1105, 0.6499999999999995781 ) ;
#995 = AXIS2_PLACEMENT_3D ( 'NONE', #208, #1340, #65 ) ;
#996 = PERSON_AND_ORGANIZATION ( #747, #1592 ) ;
#997 = DIRECTION ( 'NONE',  ( 0.0000000000000000000, -3.308493227378448818E-15, -1.000000000000000000 ) ) ;
#998 = DIRECTION ( 'NONE',  ( 1.743440679373675317E-16, -0.0000000000000000000, -1.000000000000000000 ) ) ;
#999 = EDGE_CURVE ( 'NONE', #1240, #1162, #1265, .T. ) ;
#1000 = VECTOR ( 'NONE', #1385, 1000.000000000000000 ) ;
#1001 = DIRECTION ( 'NONE',  ( -0.0000000000000000000, -0.0000000000000000000, 1.000000000000000000 ) ) ;
#1002 = DIRECTION ( 'NONE',  ( 0.0000000000000000000, -3.308493227378448818E-15, 1.000000000000000000 ) ) ;
#1003 = CARTESIAN_POINT ( 'NONE',  ( -9.092702702702700535, -1.750000000000000000, -5.000000000000000888 ) ) ;
#1004 = CARTESIAN_POINT ( 'NONE',  ( 8.949999999999999289, 0.2000000000000000111, 0.0000000000000000000 ) ) ;
#1005 = EDGE_LOOP ( 'NONE', ( #153, #495, #231, #442 ) ) ;
#1006 = EDGE_LOOP ( 'NONE', ( #297, #154, #842, #868 ) ) ;
#1007 = EDGE_CURVE ( 'NONE', #435, #1459, #163, .T. ) ;
#1008 = VERTEX_POINT ( 'NONE', #1400 ) ;
#1009 = DIRECTION ( 'NONE',  ( -0.0000000000000000000, -1.000000000000000000, -0.0000000000000000000 ) ) ;
#1010 = DIRECTION ( 'NONE',  ( -1.224606353822370356E-16, -1.000000000000000000, 3.369018681194646918E-15 ) ) ;
#1011 = CARTESIAN_POINT ( 'NONE',  ( -8.764999999999998792, -1.750000000000000000, 5.000000000000000888 ) ) ;
#1012 = LINE ( 'NONE', #937, #95 ) ;
#1013 = EDGE_CURVE ( 'NONE', #111, #1179, #1540, .T. ) ;
#1014 = SPHERICAL_SURFACE ( 'NONE', #1139, 0.3277027027027027972 ) ;
#1015 = EDGE_LOOP ( 'NONE', ( #1498, #327, #722 ) ) ;
#1016 = ORIENTED_EDGE ( 'NONE', *, *, #791, .T. ) ;
#1017 = DIRECTION ( 'NONE',  ( 1.743440679373675317E-16, -0.0000000000000000000, 1.000000000000000000 ) ) ;
#1018 = CARTESIAN_POINT ( 'NONE',  ( 8.950000000000001066, -2.600000000000000089, -9.950000000000001066 ) ) ;
#1019 = CARTESIAN_POINT ( 'NONE',  ( -7.049999999999999822, -2.600000000000000089, -11.85000000000000320 ) ) ;
#1020 = EDGE_CURVE ( 'NONE', #255, #719, #994, .T. ) ;
#1021 = VERTEX_POINT ( 'NONE', #1519 ) ;
#1022 = CARTESIAN_POINT ( 'NONE',  ( -8.950000000000001066, -2.600000000000000089, 9.950000000000001066 ) ) ;
#1023 = ORIENTED_EDGE ( 'NONE', *, *, #1438, .F. ) ;
#1024 = ORIENTED_EDGE ( 'NONE', *, *, #1272, .T. ) ;
#1025 = AXIS2_PLACEMENT_3D ( 'NONE', #558, #1446, #680 ) ;
#1026 = VERTEX_POINT ( 'NONE', #531 ) ;
#1027 = CARTESIAN_POINT ( 'NONE',  ( 7.049999999999999822, -0.6500000000000001332, 9.950000000000001066 ) ) ;
#1028 = EDGE_CURVE ( 'NONE', #143, #699, #444, .T. ) ;
#1029 = VECTOR ( 'NONE', #695, 1000.000000000000000 ) ;
#1030 = DIRECTION ( 'NONE',  ( -1.000000000000000000, -0.0000000000000000000, 1.743440679373675317E-16 ) ) ;
#1031 = AXIS2_PLACEMENT_3D ( 'NONE', #1142, #1520, #387 ) ;
#1032 = FACE_BOUND ( 'NONE', #666, .T. ) ;
#1033 = ORIENTED_EDGE ( 'NONE', *, *, #254, .T. ) ;
#1034 = AXIS2_PLACEMENT_3D ( 'NONE', #1101, #976, #472 ) ;
#1035 = VERTEX_POINT ( 'NONE', #786 ) ;
#1036 = CIRCLE ( 'NONE', #797, 0.3277027027027024642 ) ;
#1037 = CARTESIAN_POINT ( 'NONE',  ( -9.092702702702700535, -1.750000000000000000, 5.000000000000000888 ) ) ;
#1038 = DIRECTION ( 'NONE',  ( 0.0000000000000000000, -0.0000000000000000000, -1.000000000000000000 ) ) ;
#1039 = CIRCLE ( 'NONE', #1133, 0.4012792045446685885 ) ;
#1040 = AXIS2_PLACEMENT_3D ( 'NONE', #1620, #574, #1237 ) ;
#1041 = PERSON_AND_ORGANIZATION_ROLE ( 'classification_officer' ) ;
#1042 = DIRECTION ( 'NONE',  ( 0.0000000000000000000, -3.287312092760144419E-15, -1.000000000000000000 ) ) ;
#1043 = AXIS2_PLACEMENT_3D ( 'NONE', #518, #1521, #1290 ) ;
#1044 = ORIENTED_EDGE ( 'NONE', *, *, #905, .F. ) ;
#1045 = DIRECTION ( 'NONE',  ( 1.000000000000000000, 0.0000000000000000000, 1.224646799147353207E-16 ) ) ;
#1046 = ORIENTED_EDGE ( 'NONE', *, *, #713, .T. ) ;
#1047 = DIRECTION ( 'NONE',  ( 0.0000000000000000000, -3.308493227378448818E-15, -1.000000000000000000 ) ) ;
#1048 = VERTEX_POINT ( 'NONE', #53 ) ;
#1049 = AXIS2_PLACEMENT_3D ( 'NONE', #213, #458, #1088 ) ;
#1050 = CIRCLE ( 'NONE', #1399, 0.2949999999999999289 ) ;
#1051 = EDGE_CURVE ( 'NONE', #895, #1240, #8, .T. ) ;
#1052 = LINE ( 'NONE', #234, #706 ) ;
#1053 = ORIENTED_EDGE ( 'NONE', *, *, #683, .F. ) ;
#1054 = PLANE ( 'NONE',  #1531 ) ;
#1055 = ORIENTED_EDGE ( 'NONE', *, *, #1108, .F. ) ;
#1056 = DIRECTION ( 'NONE',  ( 0.0000000000000000000, 3.287312092760144419E-15, -1.000000000000000000 ) ) ;
#1057 = EDGE_CURVE ( 'NONE', #1394, #1137, #195, .T. ) ;
#1058 = ORIENTED_EDGE ( 'NONE', *, *, #846, .F. ) ;
#1059 = DIRECTION ( 'NONE',  ( 1.743440679373675317E-16, 0.0000000000000000000, -1.000000000000000000 ) ) ;
#1060 = DIRECTION ( 'NONE',  ( 1.743440679373675317E-16, -0.0000000000000000000, -1.000000000000000000 ) ) ;
#1061 = ORIENTED_EDGE ( 'NONE', *, *, #1543, .T. ) ;
#1062 = AXIS2_PLACEMENT_3D ( 'NONE', #851, #577, #1107 ) ;
#1063 = ORIENTED_EDGE ( 'NONE', *, *, #557, .F. ) ;
#1064 = ORIENTED_EDGE ( 'NONE', *, *, #672, .F. ) ;
#1065 = DIRECTION ( 'NONE',  ( 1.224606353822370602E-16, 1.000000000000000000, 3.308493227378449212E-15 ) ) ;
#1066 = ADVANCED_FACE ( 'NONE', ( #51 ), #181, .F. ) ;
#1067 = CIRCLE ( 'NONE', #31, 0.4012792045446685885 ) ;
#1068 = DIRECTION ( 'NONE',  ( -0.0000000000000000000, 1.000000000000000000, -0.0000000000000000000 ) ) ;
#1069 = AXIS2_PLACEMENT_3D ( 'NONE', #1206, #1068, #441 ) ;
#1070 = CYLINDRICAL_SURFACE ( 'NONE', #1301, 1.700000000000001954 ) ;
#1071 = EDGE_CURVE ( 'NONE', #1178, #1254, #898, .T. ) ;
#1072 = EDGE_LOOP ( 'NONE', ( #569, #455, #279, #1382 ) ) ;
#1073 = VECTOR ( 'NONE', #923, 1000.000000000000000 ) ;
#1074 = CARTESIAN_POINT ( 'NONE',  ( 8.950000000000001066, 0.2000000000000000111, -9.950000000000001066 ) ) ;
#1075 = CARTESIAN_POINT ( 'NONE',  ( -7.049999999999999822, 0.0000000000000000000, -9.950000000000001066 ) ) ;
#1076 = DATE_AND_TIME ( #1205, #1354 ) ;
#1077 = DIRECTION ( 'NONE',  ( -1.000000000000000000, -0.0000000000000000000, 2.460600675144407265E-16 ) ) ;
#1078 = ADVANCED_FACE ( 'NONE', ( #335 ), #1054, .T. ) ;
#1079 = FACE_BOUND ( 'NONE', #434, .T. ) ;
#1080 = DIRECTION ( 'NONE',  ( 0.0000000000000000000, -1.000000000000000000, 0.0000000000000000000 ) ) ;
#1081 = DIRECTION ( 'NONE',  ( 0.0000000000000000000, 8.928723773410035239E-16, 1.000000000000000000 ) ) ;
#1082 = AXIS2_PLACEMENT_3D ( 'NONE', #1355, #956, #716 ) ;
#1083 = EDGE_CURVE ( 'NONE', #1084, #40, #614, .T. ) ;
#1084 = VERTEX_POINT ( 'NONE', #312 ) ;
#1085 = ADVANCED_FACE ( 'NONE', ( #123 ), #1491, .T. ) ;
#1086 = DIRECTION ( 'NONE',  ( -1.000000000000000000, -0.0000000000000000000, 2.460600675144407265E-16 ) ) ;
#1087 = ORIENTED_EDGE ( 'NONE', *, *, #138, .F. ) ;
#1088 = DIRECTION ( 'NONE',  ( 0.0000000000000000000, 0.0000000000000000000, -1.000000000000000000 ) ) ;
#1089 = ORIENTED_EDGE ( 'NONE', *, *, #890, .T. ) ;
#1090 = FACE_OUTER_BOUND ( 'NONE', #194, .T. ) ;
#1091 = CARTESIAN_POINT ( 'NONE',  ( 7.049999999999999822, -2.600000000000000089, 9.950000000000001066 ) ) ;
#1092 = DIRECTION ( 'NONE',  ( 0.0000000000000000000, 0.0000000000000000000, -1.000000000000000000 ) ) ;
#1093 = CIRCLE ( 'NONE', #1352, 0.6499999999999995781 ) ;
#1094 = EDGE_LOOP ( 'NONE', ( #1106, #1442, #1602 ) ) ;
#1095 = EDGE_CURVE ( 'NONE', #1021, #1361, #1123, .T. ) ;
#1096 = VERTEX_POINT ( 'NONE', #50 ) ;
#1097 = ADVANCED_FACE ( 'NONE', ( #1414 ), #427, .T. ) ;
#1098 = CC_DESIGN_PERSON_AND_ORGANIZATION_ASSIGNMENT ( #52, #54, ( #80 ) ) ;
#1099 = LINE ( 'NONE', #20, #146 ) ;
#1100 = EDGE_CURVE ( 'NONE', #1565, #1361, #414, .T. ) ;
#1101 = CARTESIAN_POINT ( 'NONE',  ( -7.049999999999999822, 0.2000000000000000111, -9.950000000000001066 ) ) ;
#1102 = DIRECTION ( 'NONE',  ( 1.743440679373675317E-16, -0.0000000000000000000, -1.000000000000000000 ) ) ;
#1103 = AXIS2_PLACEMENT_3D ( 'NONE', #471, #717, #1616 ) ;
#1104 = DIRECTION ( 'NONE',  ( 0.0000000000000000000, -0.0000000000000000000, -1.000000000000000000 ) ) ;
#1105 = AXIS2_PLACEMENT_3D ( 'NONE', #1182, #1045, #418 ) ;
#1106 = ORIENTED_EDGE ( 'NONE', *, *, #1071, .F. ) ;
#1107 = DIRECTION ( 'NONE',  ( 0.0000000000000000000, -3.308493227378448818E-15, 1.000000000000000000 ) ) ;
#1108 = EDGE_CURVE ( 'NONE', #1035, #699, #774, .T. ) ;
#1109 = CARTESIAN_POINT ( 'NONE',  ( 8.099999999999994316, -1.084202172485504434E-16, -9.950000000000001066 ) ) ;
#1110 = ORIENTED_EDGE ( 'NONE', *, *, #590, .T. ) ;
#1111 = EDGE_LOOP ( 'NONE', ( #1402, #986, #1502, #402 ) ) ;
#1112 = CARTESIAN_POINT ( 'NONE',  ( -8.749999999999998224, -0.6500000000000001332, -3.486881358747351250E-17 ) ) ;
#1113 = PLANE ( 'NONE',  #132 ) ;
#1114 = DIRECTION ( 'NONE',  ( 1.000000000000000000, 0.0000000000000000000, -1.652117596168399194E-15 ) ) ;
#1115 = VECTOR ( 'NONE', #1585, 1000.000000000000000 ) ;
#1116 = DIRECTION ( 'NONE',  ( 0.0000000000000000000, 3.308493227378448818E-15, -1.000000000000000000 ) ) ;
#1117 = FACE_OUTER_BOUND ( 'NONE', #436, .T. ) ;
#1118 = EDGE_LOOP ( 'NONE', ( #451, #1214, #499, #1363 ) ) ;
#1119 = ORIENTED_EDGE ( 'NONE', *, *, #1013, .T. ) ;
#1120 = DIRECTION ( 'NONE',  ( 0.0000000000000000000, 0.0000000000000000000, -1.000000000000000000 ) ) ;
#1121 = CARTESIAN_POINT ( 'NONE',  ( -8.749999999999998224, -2.600000000000000089, -3.486881358747351250E-17 ) ) ;
#1122 = EDGE_CURVE ( 'NONE', #883, #1421, #570, .T. ) ;
#1123 = CIRCLE ( 'NONE', #1227, 1.700000000000001954 ) ;
#1124 = LOCAL_TIME ( 13, 14, 58.00000000000000000, #1449 ) ;
#1125 = AXIS2_PLACEMENT_3D ( 'NONE', #1037, #1177, #416 ) ;
#1126 = FACE_OUTER_BOUND ( 'NONE', #766, .T. ) ;
#1127 = CARTESIAN_POINT ( 'NONE',  ( -8.099999999999992539, 0.2000000000000000111, -9.950000000000001066 ) ) ;
#1128 = CARTESIAN_POINT ( 'NONE',  ( 7.049999999999999822, -0.6500000000000001332, 11.65000000000000213 ) ) ;
#1129 = AXIS2_PLACEMENT_3D ( 'NONE', #834, #1357, #720 ) ;
#1130 = DIRECTION ( 'NONE',  ( 0.0000000000000000000, -3.287312092760144813E-15, 1.000000000000000000 ) ) ;
#1131 = ORIENTED_EDGE ( 'NONE', *, *, #1199, .T. ) ;
#1132 = CARTESIAN_POINT ( 'NONE',  ( -7.049999999999999822, -1.084202172485504434E-16, -9.950000000000001066 ) ) ;
#1133 = AXIS2_PLACEMENT_3D ( 'NONE', #370, #1231, #246 ) ;
#1134 = ORIENTED_EDGE ( 'NONE', *, *, #22, .T. ) ;
#1135 = CARTESIAN_POINT ( 'NONE',  ( 9.092702702702700535, -1.750000000000000000, 5.000000000000000888 ) ) ;
#1136 = CARTESIAN_POINT ( 'NONE',  ( 8.950000000000001066, -2.600000000000000089, -9.950000000000001066 ) ) ;
#1137 = VERTEX_POINT ( 'NONE', #1188 ) ;
#1138 = EDGE_LOOP ( 'NONE', ( #723, #386, #647, #1033 ) ) ;
#1139 = AXIS2_PLACEMENT_3D ( 'NONE', #715, #271, #1518 ) ;
#1140 = MANIFOLD_SOLID_BREP ( 'Mirror2', #802 ) ;
#1141 = CARTESIAN_POINT ( 'NONE',  ( 7.049999999999999822, 0.2000000000000000111, -10.99999999999999289 ) ) ;
#1142 = CARTESIAN_POINT ( 'NONE',  ( -8.949999999999999289, -1.750000000000000000, -5.000000000000000888 ) ) ;
#1143 = CIRCLE ( 'NONE', #135, 1.700000000000001954 ) ;
#1144 = ORIENTED_EDGE ( 'NONE', *, *, #1617, .T. ) ;
#1145 = DIRECTION ( 'NONE',  ( -1.000000000000000000, -0.0000000000000000000, 2.460600675144407265E-16 ) ) ;
#1146 = CIRCLE ( 'NONE', #1194, 0.3277027027027024642 ) ;
#1147 = LINE ( 'NONE', #59, #792 ) ;
#1148 = DIRECTION ( 'NONE',  ( 0.0000000000000000000, 0.0000000000000000000, 1.000000000000000000 ) ) ;
#1149 = EDGE_CURVE ( 'NONE', #1606, #1476, #1187, .T. ) ;
#1150 = CIRCLE ( 'NONE', #1370, 0.8500000000000000888 ) ;
#1151 = DIRECTION ( 'NONE',  ( 1.224606353822370109E-16, 1.000000000000000000, -3.491483361109382066E-15 ) ) ;
#1152 = CARTESIAN_POINT ( 'NONE',  ( 7.049999999999999822, 0.2000000000000000111, -11.85000000000000142 ) ) ;
#1153 = CARTESIAN_POINT ( 'NONE',  ( -7.049999999999999822, -1.084202172485504434E-16, 9.950000000000001066 ) ) ;
#1154 = CARTESIAN_POINT ( 'NONE',  ( 8.949999999999999289, -1.749999999999998890, -4.705000000000000959 ) ) ;
#1155 = ORIENTED_EDGE ( 'NONE', *, *, #974, .F. ) ;
#1156 = AXIS2_PLACEMENT_3D ( 'NONE', #1472, #1351, #464 ) ;
#1157 = ORIENTED_EDGE ( 'NONE', *, *, #974, .T. ) ;
#1158 = EDGE_CURVE ( 'NONE', #790, #1424, #1556, .T. ) ;
#1159 = ORIENTED_EDGE ( 'NONE', *, *, #437, .F. ) ;
#1160 = PERSON_AND_ORGANIZATION_ROLE ( 'creator' ) ;
#1161 = APPROVAL ( #761, 'UNSPECIFIED' ) ;
#1162 = VERTEX_POINT ( 'NONE', #794 ) ;
#1163 = SPHERICAL_SURFACE ( 'NONE', #697, 0.5277027027027028083 ) ;
#1164 = AXIS2_PLACEMENT_3D ( 'NONE', #139, #1010, #274 ) ;
#1165 = FACE_OUTER_BOUND ( 'NONE', #1525, .T. ) ;
#1166 = CARTESIAN_POINT ( 'NONE',  ( 7.049999999999999822, -2.600000000000000089, 11.85000000000000142 ) ) ;
#1167 = CARTESIAN_POINT ( 'NONE',  ( -9.092702702702700535, -1.750000000000000000, -5.000000000000000888 ) ) ;
#1168 = EDGE_LOOP ( 'NONE', ( #1551, #1406, #651, #627 ) ) ;
#1169 = DIRECTION ( 'NONE',  ( -1.000000000000000000, 0.0000000000000000000, 1.743440679373675317E-16 ) ) ;
#1170 = VECTOR ( 'NONE', #1086, 1000.000000000000000 ) ;
#1171 = AXIS2_PLACEMENT_3D ( 'NONE', #951, #210, #1081 ) ;
#1172 = CIRCLE ( 'NONE', #817, 0.3277027027027024642 ) ;
#1173 = CARTESIAN_POINT ( 'NONE',  ( 0.0000000000000000000, 0.0000000000000000000, 0.0000000000000000000 ) ) ;
#1174 = EDGE_CURVE ( 'NONE', #686, #1035, #954, .T. ) ;
#1175 = DIRECTION ( 'NONE',  ( -0.0000000000000000000, 1.000000000000000000, -0.0000000000000000000 ) ) ;
#1176 = DIRECTION ( 'NONE',  ( 0.0000000000000000000, 0.0000000000000000000, 1.000000000000000000 ) ) ;
#1177 = DIRECTION ( 'NONE',  ( -1.224606353822370109E-16, -1.000000000000000000, -3.491483361109382066E-15 ) ) ;
#1178 = VERTEX_POINT ( 'NONE', #660 ) ;
#1179 = VERTEX_POINT ( 'NONE', #1557 ) ;
#1180 = AXIS2_PLACEMENT_3D ( 'NONE', #30, #1169, #892 ) ;
#1181 = ORIENTED_EDGE ( 'NONE', *, *, #1432, .F. ) ;
#1182 = CARTESIAN_POINT ( 'NONE',  ( -7.049999999999999822, -0.6500000000000001332, 11.00000000000000000 ) ) ;
#1183 = EDGE_CURVE ( 'NONE', #1179, #1162, #1467, .T. ) ;
#1184 = DIRECTION ( 'NONE',  ( 1.000000000000000000, 0.0000000000000000000, 1.743440679373675317E-16 ) ) ;
#1185 = VECTOR ( 'NONE', #832, 1000.000000000000000 ) ;
#1186 = FACE_OUTER_BOUND ( 'NONE', #1138, .T. ) ;
#1187 = LINE ( 'NONE', #536, #1073 ) ;
#1188 = CARTESIAN_POINT ( 'NONE',  ( -7.049999999999999822, -2.600000000000000089, -11.65000000000000036 ) ) ;
#1189 = SPHERICAL_SURFACE ( 'NONE', #578, 0.5277027027027028083 ) ;
#1190 = DIRECTION ( 'NONE',  ( -0.0000000000000000000, 1.000000000000000000, -0.0000000000000000000 ) ) ;
#1191 = EDGE_CURVE ( 'NONE', #1424, #1240, #1147, .T. ) ;
#1192 = PRODUCT_RELATED_PRODUCT_CATEGORY ( 'detail', '', ( #1481 ) ) ;
#1193 = DIRECTION ( 'NONE',  ( -1.000000000000000000, 0.0000000000000000000, -2.460600675144407265E-16 ) ) ;
#1194 = AXIS2_PLACEMENT_3D ( 'NONE', #1494, #3, #1116 ) ;
#1195 = ORIENTED_EDGE ( 'NONE', *, *, #913, .F. ) ;
#1196 = ORIENTED_EDGE ( 'NONE', *, *, #920, .T. ) ;
#1197 = EDGE_LOOP ( 'NONE', ( #227, #184, #389 ) ) ;
#1198 = VECTOR ( 'NONE', #1589, 1000.000000000000000 ) ;
#1199 = EDGE_CURVE ( 'NONE', #454, #1273, #321, .T. ) ;
#1200 = CIRCLE ( 'NONE', #14, 0.5277027027027030304 ) ;
#1201 = VERTEX_POINT ( 'NONE', #1223 ) ;
#1202 = DIRECTION ( 'NONE',  ( 0.0000000000000000000, -3.308493227378448818E-15, -1.000000000000000000 ) ) ;
#1203 = EDGE_LOOP ( 'NONE', ( #563, #1063, #1466, #1131, #1317, #1284, #367, #1561 ) ) ;
#1204 = CIRCLE ( 'NONE', #843, 1.900000000000001465 ) ;
#1205 = CALENDAR_DATE ( 2020, 5, 11 ) ;
#1206 = CARTESIAN_POINT ( 'NONE',  ( 7.049999999999999822, 0.2000000000000000111, -9.950000000000001066 ) ) ;
#1207 = AXIS2_PLACEMENT_3D ( 'NONE', #908, #1541, #167 ) ;
#1208 = DIRECTION ( 'NONE',  ( 0.0000000000000000000, 0.0000000000000000000, 1.000000000000000000 ) ) ;
#1209 = EDGE_CURVE ( 'NONE', #1459, #895, #732, .T. ) ;
#1210 = ADVANCED_FACE ( 'NONE', ( #1614 ), #289, .F. ) ;
#1211 = ORIENTED_EDGE ( 'NONE', *, *, #718, .T. ) ;
#1212 = EDGE_LOOP ( 'NONE', ( #1274, #674, #885 ) ) ;
#1213 = AXIS2_PLACEMENT_3D ( 'NONE', #714, #478, #1485 ) ;
#1214 = ORIENTED_EDGE ( 'NONE', *, *, #484, .F. ) ;
#1215 = DIRECTION ( 'NONE',  ( 1.743440679373675317E-16, 0.0000000000000000000, -1.000000000000000000 ) ) ;
#1216 = DIRECTION ( 'NONE',  ( 0.0000000000000000000, -3.308493227378448818E-15, 1.000000000000000000 ) ) ;
#1217 = CARTESIAN_POINT ( 'NONE',  ( 7.049999999999999822, -1.084202172485504434E-16, 10.99999999999999467 ) ) ;
#1218 = FACE_OUTER_BOUND ( 'NONE', #1229, .T. ) ;
#1219 = ADVANCED_FACE ( 'NONE', ( #77 ), #811, .T. ) ;
#1220 = SPHERICAL_SURFACE ( 'NONE', #1062, 0.3277027027027027972 ) ;
#1221 = VECTOR ( 'NONE', #376, 1000.000000000000000 ) ;
#1222 = CARTESIAN_POINT ( 'NONE',  ( 8.950000000000001066, 0.2000000000000000111, 9.950000000000001066 ) ) ;
#1223 = CARTESIAN_POINT ( 'NONE',  ( 8.950000000000001066, -2.600000000000000089, 9.950000000000001066 ) ) ;
#1224 = AXIS2_PLACEMENT_3D ( 'NONE', #25, #882, #145 ) ;
#1225 = CARTESIAN_POINT ( 'NONE',  ( -8.099999999999994316, -1.084202172485504434E-16, -9.950000000000001066 ) ) ;
#1226 = ADVANCED_FACE ( 'NONE', ( #487 ), #447, .T. ) ;
#1227 = AXIS2_PLACEMENT_3D ( 'NONE', #546, #670, #1300 ) ;
#1228 = EDGE_CURVE ( 'NONE', #972, #865, #935, .T. ) ;
#1229 = EDGE_LOOP ( 'NONE', ( #1195, #545, #907, #288 ) ) ;
#1230 = ORIENTED_EDGE ( 'NONE', *, *, #355, .F. ) ;
#1231 = DIRECTION ( 'NONE',  ( -1.000000000000000000, -0.0000000000000000000, -1.743440679373675317E-16 ) ) ;
#1232 = ORIENTED_EDGE ( 'NONE', *, *, #1341, .T. ) ;
#1233 = DIRECTION ( 'NONE',  ( 0.0000000000000000000, 1.000000000000000000, 0.0000000000000000000 ) ) ;
#1234 = ADVANCED_FACE ( 'NONE', ( #540 ), #635, .T. ) ;
#1235 = VECTOR ( 'NONE', #105, 1000.000000000000000 ) ;
#1236 = CARTESIAN_POINT ( 'NONE',  ( 7.049999999999999822, -2.600000000000000089, -11.65000000000000036 ) ) ;
#1237 = DIRECTION ( 'NONE',  ( 0.0000000000000000000, 3.308493227378448818E-15, 1.000000000000000000 ) ) ;
#1238 = FACE_OUTER_BOUND ( 'NONE', #601, .T. ) ;
#1239 = ORIENTED_EDGE ( 'NONE', *, *, #566, .F. ) ;
#1240 = VERTEX_POINT ( 'NONE', #1334 ) ;
#1241 = CARTESIAN_POINT ( 'NONE',  ( 7.049999999999999822, 0.2000000000000000111, 11.65000000000000036 ) ) ;
#1242 = AXIS2_PLACEMENT_3D ( 'NONE', #260, #496, #501 ) ;
#1243 = CIRCLE ( 'NONE', #45, 0.2949999999999999289 ) ;
#1244 = SHAPE_DEFINITION_REPRESENTATION ( #465, #1319 ) ;
#1245 = DIRECTION ( 'NONE',  ( 0.0000000000000000000, 0.0000000000000000000, 1.000000000000000000 ) ) ;
#1246 = CARTESIAN_POINT ( 'NONE',  ( -8.949999999999999289, -1.750000000000000000, -5.000000000000000888 ) ) ;
#1247 = AXIS2_PLACEMENT_3D ( 'NONE', #1, #623, #870 ) ;
#1248 = CARTESIAN_POINT ( 'NONE',  ( 7.049999999999999822, 0.2000000000000000111, 9.950000000000001066 ) ) ;
#1249 = CARTESIAN_POINT ( 'NONE',  ( -7.049999999999999822, 0.0000000000000000000, 11.65000000000000213 ) ) ;
#1250 = CARTESIAN_POINT ( 'NONE',  ( 7.049999999999999822, -2.600000000000000089, -9.950000000000001066 ) ) ;
#1251 = AXIS2_PLACEMENT_3D ( 'NONE', #1575, #946, #197 ) ;
#1252 = ORIENTED_EDGE ( 'NONE', *, *, #1228, .F. ) ;
#1253 = EDGE_CURVE ( 'NONE', #1460, #1384, #589, .T. ) ;
#1254 = VERTEX_POINT ( 'NONE', #74 ) ;
#1255 = ADVANCED_FACE ( 'NONE', ( #1572 ), #565, .F. ) ;
#1256 = ORIENTED_EDGE ( 'NONE', *, *, #947, .F. ) ;
#1257 = CARTESIAN_POINT ( 'NONE',  ( 8.750000000000000000, -1.749999999999998668, 4.598720795455331967 ) ) ;
#1258 = CARTESIAN_POINT ( 'NONE',  ( -8.750000000000000000, -2.600000000000000089, 9.950000000000001066 ) ) ;
#1259 = DIRECTION ( 'NONE',  ( 0.0000000000000000000, 0.0000000000000000000, -1.000000000000000000 ) ) ;
#1260 = VECTOR ( 'NONE', #1059, 1000.000000000000000 ) ;
#1261 = VECTOR ( 'NONE', #1512, 1000.000000000000000 ) ;
#1262 = ORIENTED_EDGE ( 'NONE', *, *, #1020, .F. ) ;
#1263 = CARTESIAN_POINT ( 'NONE',  ( -8.949999999999999289, -2.600000000000000089, 0.0000000000000000000 ) ) ;
#1264 = EDGE_CURVE ( 'NONE', #1477, #686, #1555, .T. ) ;
#1265 = LINE ( 'NONE', #1413, #877 ) ;
#1266 = DIRECTION ( 'NONE',  ( 0.0000000000000000000, 0.0000000000000000000, -1.000000000000000000 ) ) ;
#1267 = LINE ( 'NONE', #861, #659 ) ;
#1268 = CARTESIAN_POINT ( 'NONE',  ( 7.049999999999999822, -2.600000000000000089, -11.65000000000000036 ) ) ;
#1269 = CARTESIAN_POINT ( 'NONE',  ( 7.049999999999999822, -0.6500000000000001332, -11.65000000000000213 ) ) ;
#1270 = DIRECTION ( 'NONE',  ( -1.000000000000000000, 0.0000000000000000000, -2.460600675144407265E-16 ) ) ;
#1271 = CARTESIAN_POINT ( 'NONE',  ( 7.049999999999999822, 0.2000000000000000111, 11.85000000000000142 ) ) ;
#1272 = EDGE_CURVE ( 'NONE', #40, #1084, #1243, .T. ) ;
#1273 = VERTEX_POINT ( 'NONE', #1217 ) ;
#1274 = ORIENTED_EDGE ( 'NONE', *, *, #1314, .F. ) ;
#1275 = DIRECTION ( 'NONE',  ( -0.0000000000000000000, 1.000000000000000000, -0.0000000000000000000 ) ) ;
#1276 = CC_DESIGN_APPROVAL ( #270, ( #80 ) ) ;
#1277 = ORIENTED_EDGE ( 'NONE', *, *, #965, .F. ) ;
#1278 = ORIENTED_EDGE ( 'NONE', *, *, #1358, .T. ) ;
#1279 = AXIS2_PLACEMENT_3D ( 'NONE', #140, #1151, #508 ) ;
#1280 = DIRECTION ( 'NONE',  ( 0.0000000000000000000, 1.000000000000000000, 0.0000000000000000000 ) ) ;
#1281 = CIRCLE ( 'NONE', #250, 0.5277027027027030304 ) ;
#1282 = DIRECTION ( 'NONE',  ( 1.000000000000000000, 8.928723773410035239E-16, 0.0000000000000000000 ) ) ;
#1283 = FACE_OUTER_BOUND ( 'NONE', #1005, .T. ) ;
#1284 = ORIENTED_EDGE ( 'NONE', *, *, #543, .F. ) ;
#1285 = DIRECTION ( 'NONE',  ( 0.0000000000000000000, 0.0000000000000000000, -1.000000000000000000 ) ) ;
#1286 = VECTOR ( 'NONE', #564, 1000.000000000000000 ) ;
#1287 = DATE_TIME_ROLE ( 'classification_date' ) ;
#1288 = EDGE_CURVE ( 'NONE', #314, #644, #1418, .T. ) ;
#1289 = CALENDAR_DATE ( 2020, 5, 11 ) ;
#1290 = DIRECTION ( 'NONE',  ( -1.000000000000000000, 0.0000000000000000000, -9.130123557772662171E-16 ) ) ;
#1291 = PLANE ( 'NONE',  #1294 ) ;
#1292 = CARTESIAN_POINT ( 'NONE',  ( -7.049999999999999822, -0.6500000000000001332, 9.950000000000001066 ) ) ;
#1293 = ORIENTED_EDGE ( 'NONE', *, *, #947, .T. ) ;
#1294 = AXIS2_PLACEMENT_3D ( 'NONE', #1166, #523, #47 ) ;
#1295 = ORIENTED_EDGE ( 'NONE', *, *, #355, .T. ) ;
#1296 = DIRECTION ( 'NONE',  ( -0.0000000000000000000, 1.000000000000000000, 0.0000000000000000000 ) ) ;
#1297 = EDGE_CURVE ( 'NONE', #1305, #1096, #795, .T. ) ;
#1298 = VERTEX_POINT ( 'NONE', #191 ) ;
#1299 = DIRECTION ( 'NONE',  ( 1.743440679373675317E-16, 0.0000000000000000000, -1.000000000000000000 ) ) ;
#1300 = DIRECTION ( 'NONE',  ( 0.0000000000000000000, 0.0000000000000000000, 1.000000000000000000 ) ) ;
#1301 = AXIS2_PLACEMENT_3D ( 'NONE', #144, #507, #1266 ) ;
#1302 = CIRCLE ( 'NONE', #1025, 1.700000000000001954 ) ;
#1303 = DIRECTION ( 'NONE',  ( 0.0000000000000000000, 8.928723773410035239E-16, -1.000000000000000000 ) ) ;
#1304 = APPROVAL_STATUS ( 'not_yet_approved' ) ;
#1305 = VERTEX_POINT ( 'NONE', #673 ) ;
#1306 = DIRECTION ( 'NONE',  ( -1.224606353822370602E-16, -1.000000000000000000, 3.287312092760144813E-15 ) ) ;
#1307 = CIRCLE ( 'NONE', #676, 1.700000000000001954 ) ;
#1308 = DIRECTION ( 'NONE',  ( 1.000000000000000000, 0.0000000000000000000, 9.130123557772662171E-16 ) ) ;
#1309 = LINE ( 'NONE', #298, #1430 ) ;
#1310 = AXIS2_PLACEMENT_3D ( 'NONE', #331, #1580, #844 ) ;
#1311 = ORIENTED_EDGE ( 'NONE', *, *, #1314, .T. ) ;
#1312 = ORIENTED_EDGE ( 'NONE', *, *, #812, .F. ) ;
#1313 = ORIENTED_EDGE ( 'NONE', *, *, #103, .F. ) ;
#1314 = EDGE_CURVE ( 'NONE', #1325, #161, #488, .T. ) ;
#1315 = FACE_OUTER_BOUND ( 'NONE', #513, .T. ) ;
#1316 = FACE_OUTER_BOUND ( 'NONE', #729, .T. ) ;
#1317 = ORIENTED_EDGE ( 'NONE', *, *, #431, .T. ) ;
#1318 = ORIENTED_EDGE ( 'NONE', *, *, #1057, .F. ) ;
#1319 = ADVANCED_BREP_SHAPE_REPRESENTATION ( 'MS233-10C', ( #1140, #116 ), #13 ) ;
#1320 = EDGE_CURVE ( 'NONE', #863, #1096, #1039, .T. ) ;
#1321 = CARTESIAN_POINT ( 'NONE',  ( 7.049999999999999822, -2.600000000000000089, 9.950000000000001066 ) ) ;
#1322 = CARTESIAN_POINT ( 'NONE',  ( 8.949999999999999289, -2.600000000000000089, 0.0000000000000000000 ) ) ;
#1323 = AXIS2_PLACEMENT_3D ( 'NONE', #1135, #18, #1517 ) ;
#1324 = ORIENTED_EDGE ( 'NONE', *, *, #1320, .F. ) ;
#1325 = VERTEX_POINT ( 'NONE', #968 ) ;
#1326 = CARTESIAN_POINT ( 'NONE',  ( -8.750000000000000000, -1.749999999999998668, -4.598720795455331967 ) ) ;
#1327 = ORIENTED_EDGE ( 'NONE', *, *, #76, .F. ) ;
#1328 = CARTESIAN_POINT ( 'NONE',  ( 7.049999999999999822, -0.6500000000000001332, -11.00000000000000000 ) ) ;
#1329 = ADVANCED_FACE ( 'NONE', ( #690 ), #901, .T. ) ;
#1330 = VECTOR ( 'NONE', #340, 1000.000000000000000 ) ;
#1331 = EDGE_CURVE ( 'NONE', #1026, #1162, #428, .T. ) ;
#1332 = LINE ( 'NONE', #1074, #1185 ) ;
#1333 = DIRECTION ( 'NONE',  ( -0.0000000000000000000, 1.000000000000000000, 0.0000000000000000000 ) ) ;
#1334 = CARTESIAN_POINT ( 'NONE',  ( -7.049999999999999822, -0.6500000000000001332, -11.85000000000000320 ) ) ;
#1335 = ORIENTED_EDGE ( 'NONE', *, *, #56, .F. ) ;
#1336 = CIRCLE ( 'NONE', #1542, 0.4012792045446685885 ) ;
#1337 = COORDINATED_UNIVERSAL_TIME_OFFSET ( 2, 0, .AHEAD. ) ;
#1338 = ADVANCED_FACE ( 'NONE', ( #572 ), #529, .T. ) ;
#1339 = LINE ( 'NONE', #1121, #165 ) ;
#1340 = DIRECTION ( 'NONE',  ( 1.224606353822370602E-16, 1.000000000000000000, 3.308493227378449212E-15 ) ) ;
#1341 = EDGE_CURVE ( 'NONE', #644, #314, #469, .T. ) ;
#1342 = ORIENTED_EDGE ( 'NONE', *, *, #1484, .T. ) ;
#1343 = ORIENTED_EDGE ( 'NONE', *, *, #388, .F. ) ;
#1344 = ORIENTED_EDGE ( 'NONE', *, *, #754, .F. ) ;
#1345 = DIRECTION ( 'NONE',  ( 0.0000000000000000000, 1.000000000000000000, 0.0000000000000000000 ) ) ;
#1346 = DIRECTION ( 'NONE',  ( -0.0000000000000000000, -1.000000000000000000, -0.0000000000000000000 ) ) ;
#1347 = LINE ( 'NONE', #815, #928 ) ;
#1348 = PRODUCT_DEFINITION ( 'UNKNOWN', '', #80, #541 ) ;
#1349 = EDGE_LOOP ( 'NONE', ( #238, #852, #888, #1157 ) ) ;
#1350 = ADVANCED_FACE ( 'NONE', ( #1126 ), #1113, .T. ) ;
#1351 = DIRECTION ( 'NONE',  ( -1.224606353822369863E-16, 1.000000000000000000, -3.613948041024117215E-15 ) ) ;
#1352 = AXIS2_PLACEMENT_3D ( 'NONE', #470, #871, #959 ) ;
#1353 = DIRECTION ( 'NONE',  ( -2.460600675144407265E-16, 0.0000000000000000000, 1.000000000000000000 ) ) ;
#1354 = LOCAL_TIME ( 13, 14, 58.00000000000000000, #1337 ) ;
#1355 = CARTESIAN_POINT ( 'NONE',  ( 7.049999999999999822, -0.6500000000000001332, 11.00000000000000000 ) ) ;
#1356 = CARTESIAN_POINT ( 'NONE',  ( 8.764999999999998792, -1.750000000000000000, 5.000000000000000888 ) ) ;
#1357 = DIRECTION ( 'NONE',  ( -1.743440679373675317E-16, 0.0000000000000000000, -1.000000000000000000 ) ) ;
#1358 = EDGE_CURVE ( 'NONE', #454, #981, #104, .T. ) ;
#1359 = EDGE_LOOP ( 'NONE', ( #409, #829, #745, #707 ) ) ;
#1360 = DIRECTION ( 'NONE',  ( -1.000000000000000000, 0.0000000000000000000, 2.460600675144407265E-16 ) ) ;
#1361 = VERTEX_POINT ( 'NONE', #359 ) ;
#1362 = DIRECTION ( 'NONE',  ( -1.000000000000000000, 0.0000000000000000000, -2.460600675144407265E-16 ) ) ;
#1363 = ORIENTED_EDGE ( 'NONE', *, *, #1264, .T. ) ;
#1364 = CARTESIAN_POINT ( 'NONE',  ( -7.049999999999999822, -0.6500000000000001332, 9.950000000000001066 ) ) ;
#1365 = VECTOR ( 'NONE', #1001, 1000.000000000000000 ) ;
#1366 = AXIS2_PLACEMENT_3D ( 'NONE', #808, #1065, #1216 ) ;
#1367 = CARTESIAN_POINT ( 'NONE',  ( -8.750000000000000000, 0.2000000000000000111, -9.950000000000001066 ) ) ;
#1368 = CIRCLE ( 'NONE', #1247, 1.700000000000001954 ) ;
#1369 = ORIENTED_EDGE ( 'NONE', *, *, #980, .T. ) ;
#1370 = AXIS2_PLACEMENT_3D ( 'NONE', #738, #741, #1392 ) ;
#1371 = CIRCLE ( 'NONE', #789, 1.700000000000001954 ) ;
#1372 = LOCAL_TIME ( 13, 14, 58.00000000000000000, #526 ) ;
#1373 = DIRECTION ( 'NONE',  ( 0.0000000000000000000, 1.000000000000000000, 0.0000000000000000000 ) ) ;
#1374 = CARTESIAN_POINT ( 'NONE',  ( -8.750000000000000000, -0.6500000000000001332, 9.950000000000001066 ) ) ;
#1375 = CIRCLE ( 'NONE', #1242, 0.2949999999999999289 ) ;
#1376 = CARTESIAN_POINT ( 'NONE',  ( -8.099999999999994316, -1.084202172485504434E-16, 9.950000000000001066 ) ) ;
#1377 = CARTESIAN_POINT ( 'NONE',  ( -8.949999999999999289, -1.749999999999998890, 4.705000000000000959 ) ) ;
#1378 = DIRECTION ( 'NONE',  ( 1.743440679373675317E-16, -0.0000000000000000000, -1.000000000000000000 ) ) ;
#1379 = AXIS2_PLACEMENT_3D ( 'NONE', #1075, #803, #825 ) ;
#1380 = PLANE ( 'NONE',  #424 ) ;
#1381 = VERTEX_POINT ( 'NONE', #1356 ) ;
#1382 = ORIENTED_EDGE ( 'NONE', *, *, #846, .T. ) ;
#1383 = AXIS2_PLACEMENT_3D ( 'NONE', #1241, #366, #122 ) ;
#1384 = VERTEX_POINT ( 'NONE', #1608 ) ;
#1385 = DIRECTION ( 'NONE',  ( -1.743440679373675317E-16, 0.0000000000000000000, -1.000000000000000000 ) ) ;
#1386 = DIRECTION ( 'NONE',  ( -1.000000000000000000, 0.0000000000000000000, -1.652117596168399194E-15 ) ) ;
#1387 = DIRECTION ( 'NONE',  ( 1.743440679373675317E-16, 0.0000000000000000000, -1.000000000000000000 ) ) ;
#1388 = LINE ( 'NONE', #554, #1260 ) ;
#1389 = AXIS2_PLACEMENT_3D ( 'NONE', #1322, #1434, #1060 ) ;
#1390 = CIRCLE ( 'NONE', #1609, 1.700000000000001954 ) ;
#1391 = CARTESIAN_POINT ( 'NONE',  ( 9.092702702702700535, -1.750000000000000000, 5.000000000000000888 ) ) ;
#1392 = DIRECTION ( 'NONE',  ( 0.0000000000000000000, 8.928723773410035239E-16, -1.000000000000000000 ) ) ;
#1393 = EDGE_CURVE ( 'NONE', #1325, #285, #1468, .T. ) ;
#1394 = VERTEX_POINT ( 'NONE', #222 ) ;
#1395 = CARTESIAN_POINT ( 'NONE',  ( 7.049999999999999822, -1.084202172485504434E-16, -9.950000000000001066 ) ) ;
#1396 = CARTESIAN_POINT ( 'NONE',  ( 7.049999999999999822, -2.600000000000000089, 11.85000000000000320 ) ) ;
#1397 = CYLINDRICAL_SURFACE ( 'NONE', #1451, 0.6499999999999995781 ) ;
#1398 = DIRECTION ( 'NONE',  ( 0.0000000000000000000, 0.0000000000000000000, 1.000000000000000000 ) ) ;
#1399 = AXIS2_PLACEMENT_3D ( 'NONE', #204, #927, #185 ) ;
#1400 = CARTESIAN_POINT ( 'NONE',  ( -7.049999999999999822, 0.2000000000000000111, -10.99999999999999289 ) ) ;
#1401 = EDGE_CURVE ( 'NONE', #1476, #1394, #1339, .T. ) ;
#1402 = ORIENTED_EDGE ( 'NONE', *, *, #1471, .T. ) ;
#1403 = APPROVAL_STATUS ( 'not_yet_approved' ) ;
#1404 = EDGE_LOOP ( 'NONE', ( #1312, #171, #875 ) ) ;
#1405 = CC_DESIGN_APPROVAL ( #1161, ( #1548 ) ) ;
#1406 = ORIENTED_EDGE ( 'NONE', *, *, #1007, .F. ) ;
#1407 = AXIS2_PLACEMENT_3D ( 'NONE', #1003, #987, #1492 ) ;
#1408 =( NAMED_UNIT ( * ) PLANE_ANGLE_UNIT ( ) SI_UNIT ( $, .RADIAN. ) );
#1409 = VECTOR ( 'NONE', #1360, 1000.000000000000000 ) ;
#1410 = FACE_OUTER_BOUND ( 'NONE', #426, .T. ) ;
#1411 = ORIENTED_EDGE ( 'NONE', *, *, #183, .F. ) ;
#1412 = ORIENTED_EDGE ( 'NONE', *, *, #701, .F. ) ;
#1413 = CARTESIAN_POINT ( 'NONE',  ( -7.049999999999999822, 0.2000000000000000111, -11.85000000000000142 ) ) ;
#1414 = FACE_OUTER_BOUND ( 'NONE', #1203, .T. ) ;
#1415 = APPLICATION_CONTEXT ( 'configuration controlled 3d designs of mechanical parts and assemblies' ) ;
#1416 = PERSON_AND_ORGANIZATION ( #747, #1592 ) ;
#1417 = DIRECTION ( 'NONE',  ( -0.0000000000000000000, -1.000000000000000000, -0.0000000000000000000 ) ) ;
#1418 = CIRCLE ( 'NONE', #1049, 0.4012792045446685885 ) ;
#1419 = DIRECTION ( 'NONE',  ( 0.0000000000000000000, 1.000000000000000000, 0.0000000000000000000 ) ) ;
#1420 = CARTESIAN_POINT ( 'NONE',  ( -9.092702702702700535, -1.750000000000000000, -5.000000000000000888 ) ) ;
#1421 = VERTEX_POINT ( 'NONE', #1483 ) ;
#1422 = DIRECTION ( 'NONE',  ( -1.000000000000000000, 0.0000000000000000000, -2.460600675144407265E-16 ) ) ;
#1423 = EDGE_CURVE ( 'NONE', #1571, #207, #127, .T. ) ;
#1424 = VERTEX_POINT ( 'NONE', #466 ) ;
#1425 = ORIENTED_EDGE ( 'NONE', *, *, #599, .T. ) ;
#1426 = ORIENTED_EDGE ( 'NONE', *, *, #325, .F. ) ;
#1427 = VECTOR ( 'NONE', #397, 1000.000000000000000 ) ;
#1428 = LINE ( 'NONE', #887, #304 ) ;
#1429 = ORIENTED_EDGE ( 'NONE', *, *, #1174, .T. ) ;
#1430 = VECTOR ( 'NONE', #639, 1000.000000000000000 ) ;
#1431 = APPROVAL ( #1403, 'UNSPECIFIED' ) ;
#1432 = EDGE_CURVE ( 'NONE', #109, #17, #1172, .T. ) ;
#1433 = ORIENTED_EDGE ( 'NONE', *, *, #575, .T. ) ;
#1434 = DIRECTION ( 'NONE',  ( 0.0000000000000000000, -1.000000000000000000, 0.0000000000000000000 ) ) ;
#1435 = ORIENTED_EDGE ( 'NONE', *, *, #980, .F. ) ;
#1436 = AXIS2_PLACEMENT_3D ( 'NONE', #1420, #1306, #422 ) ;
#1437 = EDGE_LOOP ( 'NONE', ( #258, #585, #365, #548 ) ) ;
#1438 = EDGE_CURVE ( 'NONE', #264, #15, #736, .T. ) ;
#1439 = CARTESIAN_POINT ( 'NONE',  ( 7.049999999999999822, -1.084202172485504434E-16, -10.99999999999999467 ) ) ;
#1440 = LINE ( 'NONE', #990, #726 ) ;
#1441 = ORIENTED_EDGE ( 'NONE', *, *, #1158, .T. ) ;
#1442 = ORIENTED_EDGE ( 'NONE', *, *, #727, .T. ) ;
#1443 = VERTEX_POINT ( 'NONE', #581 ) ;
#1444 = LINE ( 'NONE', #1271, #830 ) ;
#1445 = ADVANCED_FACE ( 'NONE', ( #268 ), #1397, .F. ) ;
#1446 = DIRECTION ( 'NONE',  ( -0.0000000000000000000, -1.000000000000000000, -0.0000000000000000000 ) ) ;
#1447 = CARTESIAN_POINT ( 'NONE',  ( 9.092702702702700535, -1.750000000000000000, -5.000000000000000888 ) ) ;
#1448 = AXIS2_PLACEMENT_3D ( 'NONE', #903, #509, #1303 ) ;
#1449 = COORDINATED_UNIVERSAL_TIME_OFFSET ( 2, 0, .AHEAD. ) ;
#1450 = CYLINDRICAL_SURFACE ( 'NONE', #4, 1.700000000000001954 ) ;
#1451 = AXIS2_PLACEMENT_3D ( 'NONE', #884, #998, #125 ) ;
#1452 = DIRECTION ( 'NONE',  ( 0.0000000000000000000, 0.0000000000000000000, -1.000000000000000000 ) ) ;
#1453 = DIRECTION ( 'NONE',  ( -0.0000000000000000000, -1.000000000000000000, -0.0000000000000000000 ) ) ;
#1454 = ADVANCED_FACE ( 'NONE', ( #244 ), #1450, .F. ) ;
#1455 = ORIENTED_EDGE ( 'NONE', *, *, #158, .T. ) ;
#1456 = CARTESIAN_POINT ( 'NONE',  ( -7.049999999999999822, -2.600000000000000089, 11.85000000000000320 ) ) ;
#1457 = EDGE_LOOP ( 'NONE', ( #662, #369, #277, #186 ) ) ;
#1458 = CARTESIAN_POINT ( 'NONE',  ( 8.949999999999999289, -1.750000000000000000, 5.000000000000000888 ) ) ;
#1459 = VERTEX_POINT ( 'NONE', #16 ) ;
#1460 = VERTEX_POINT ( 'NONE', #1128 ) ;
#1461 = FACE_OUTER_BOUND ( 'NONE', #1577, .T. ) ;
#1462 = ADVANCED_FACE ( 'NONE', ( #778 ), #1495, .T. ) ;
#1463 = PLANE ( 'NONE',  #290 ) ;
#1464 = AXIS2_PLACEMENT_3D ( 'NONE', #216, #1233, #351 ) ;
#1465 = CIRCLE ( 'NONE', #200, 0.4012792045446685885 ) ;
#1466 = ORIENTED_EDGE ( 'NONE', *, *, #890, .F. ) ;
#1467 = LINE ( 'NONE', #42, #1170 ) ;
#1468 = CIRCLE ( 'NONE', #1103, 0.3277027027027024642 ) ;
#1469 = PLANE ( 'NONE',  #619 ) ;
#1470 = DIRECTION ( 'NONE',  ( -1.000000000000000000, 0.0000000000000000000, 9.130123557772662171E-16 ) ) ;
#1471 = EDGE_CURVE ( 'NONE', #1384, #151, #1099, .T. ) ;
#1472 = CARTESIAN_POINT ( 'NONE',  ( 9.092702702702700535, -1.750000000000000000, -5.000000000000000888 ) ) ;
#1473 = DIRECTION ( 'NONE',  ( 0.0000000000000000000, -1.000000000000000000, 0.0000000000000000000 ) ) ;
#1474 = EDGE_LOOP ( 'NONE', ( #679, #68, #150, #1061 ) ) ;
#1475 = CARTESIAN_POINT ( 'NONE',  ( 8.099999999999997868, -0.6500000000000001332, 0.0000000000000000000 ) ) ;
#1476 = VERTEX_POINT ( 'NONE', #1258 ) ;
#1477 = VERTEX_POINT ( 'NONE', #604 ) ;
#1478 = AXIS2_PLACEMENT_3D ( 'NONE', #796, #221, #358 ) ;
#1479 = ADVANCED_FACE ( 'NONE', ( #814 ), #10, .T. ) ;
#1480 = CARTESIAN_POINT ( 'NONE',  ( 8.950000000000001066, -0.6500000000000001332, -9.950000000000001066 ) ) ;
#1481 = PRODUCT ( 'MS233-10C', 'MS233-10C', '', ( #1545 ) ) ;
#1482 = ORIENTED_EDGE ( 'NONE', *, *, #1562, .T. ) ;
#1483 = CARTESIAN_POINT ( 'NONE',  ( 8.750000000000000000, -1.750000000000001332, 5.401279204544669810 ) ) ;
#1484 = EDGE_CURVE ( 'NONE', #207, #1571, #81, .T. ) ;
#1485 = DIRECTION ( 'NONE',  ( 1.000000000000000000, 0.0000000000000000000, -9.130123557772662171E-16 ) ) ;
#1486 = VECTOR ( 'NONE', #1378, 1000.000000000000000 ) ;
#1487 = AXIS2_PLACEMENT_3D ( 'NONE', #33, #406, #411 ) ;
#1488 = LINE ( 'NONE', #94, #771 ) ;
#1489 = ORIENTED_EDGE ( 'NONE', *, *, #1484, .F. ) ;
#1490 = AXIS2_PLACEMENT_3D ( 'NONE', #618, #130, #1509 ) ;
#1491 = SPHERICAL_SURFACE ( 'NONE', #1436, 0.5277027027027028083 ) ;
#1492 = DIRECTION ( 'NONE',  ( 0.0000000000000000000, -3.308493227378448818E-15, -1.000000000000000000 ) ) ;
#1493 = APPROVAL_PERSON_ORGANIZATION ( #1573, #1161, #307 ) ;
#1494 = CARTESIAN_POINT ( 'NONE',  ( 9.092702702702700535, -1.750000000000000000, 5.000000000000000888 ) ) ;
#1495 = SPHERICAL_SURFACE ( 'NONE', #664, 0.5277027027027028083 ) ;
#1496 = DIRECTION ( 'NONE',  ( 0.0000000000000000000, -3.308493227378448818E-15, 1.000000000000000000 ) ) ;
#1497 = CARTESIAN_POINT ( 'NONE',  ( -8.099999999999992539, -1.084202172485504434E-16, -8.121519933768216774E-31 ) ) ;
#1498 = ORIENTED_EDGE ( 'NONE', *, *, #727, .F. ) ;
#1499 = DIRECTION ( 'NONE',  ( -0.0000000000000000000, -1.000000000000000000, -0.0000000000000000000 ) ) ;
#1500 = ORIENTED_EDGE ( 'NONE', *, *, #364, .T. ) ;
#1501 = CARTESIAN_POINT ( 'NONE',  ( -8.949999999999999289, -1.749999999999998890, -4.705000000000000959 ) ) ;
#1502 = ORIENTED_EDGE ( 'NONE', *, *, #858, .F. ) ;
#1503 = CARTESIAN_POINT ( 'NONE',  ( 8.750000000000000000, -1.749999999999998446, -4.598720795455331967 ) ) ;
#1504 = DIRECTION ( 'NONE',  ( -0.0000000000000000000, 1.000000000000000000, -0.0000000000000000000 ) ) ;
#1505 = DIRECTION ( 'NONE',  ( 0.0000000000000000000, 0.0000000000000000000, 1.000000000000000000 ) ) ;
#1506 = SPHERICAL_SURFACE ( 'NONE', #1591, 0.5277027027027028083 ) ;
#1507 = EDGE_CURVE ( 'NONE', #401, #264, #1595, .T. ) ;
#1508 = AXIS2_PLACEMENT_3D ( 'NONE', #593, #1362, #1092 ) ;
#1509 = DIRECTION ( 'NONE',  ( 0.0000000000000000000, 1.000000000000000000, 0.0000000000000000000 ) ) ;
#1510 = CIRCLE ( 'NONE', #605, 0.6499999999999995781 ) ;
#1511 = VERTEX_POINT ( 'NONE', #1374 ) ;
#1512 = DIRECTION ( 'NONE',  ( 0.0000000000000000000, -1.000000000000000000, -0.0000000000000000000 ) ) ;
#1513 = VECTOR ( 'NONE', #1193, 1000.000000000000000 ) ;
#1514 = DIRECTION ( 'NONE',  ( -0.0000000000000000000, 1.000000000000000000, -0.0000000000000000000 ) ) ;
#1515 = DIRECTION ( 'NONE',  ( 0.0000000000000000000, 3.308493227378448818E-15, 1.000000000000000000 ) ) ;
#1516 = FACE_OUTER_BOUND ( 'NONE', #583, .T. ) ;
#1517 = DIRECTION ( 'NONE',  ( 0.0000000000000000000, -3.308493227378448818E-15, 1.000000000000000000 ) ) ;
#1518 = DIRECTION ( 'NONE',  ( 0.0000000000000000000, -3.308493227378448818E-15, -1.000000000000000000 ) ) ;
#1519 = CARTESIAN_POINT ( 'NONE',  ( -8.750000000000000000, -0.6500000000000001332, -9.950000000000001066 ) ) ;
#1520 = DIRECTION ( 'NONE',  ( 1.000000000000000000, -1.224606353822376272E-16, -1.743440679373675317E-16 ) ) ;
#1521 = DIRECTION ( 'NONE',  ( -0.0000000000000000000, 1.000000000000000000, 0.0000000000000000000 ) ) ;
#1522 = CC_DESIGN_APPROVAL ( #1431, ( #1348 ) ) ;
#1523 = CARTESIAN_POINT ( 'NONE',  ( -7.049999999999999822, -2.600000000000000089, 11.65000000000000036 ) ) ;
#1524 = ORIENTED_EDGE ( 'NONE', *, *, #511, .F. ) ;
#1525 = EDGE_LOOP ( 'NONE', ( #463, #1239, #742, #75 ) ) ;
#1526 = EDGE_CURVE ( 'NONE', #924, #207, #445, .T. ) ;
#1527 = DIRECTION ( 'NONE',  ( 0.0000000000000000000, 0.0000000000000000000, 1.000000000000000000 ) ) ;
#1528 = VERTEX_POINT ( 'NONE', #616 ) ;
#1529 = CARTESIAN_POINT ( 'NONE',  ( 8.099999999999992539, 0.2000000000000000111, 9.950000000000001066 ) ) ;
#1530 = FACE_OUTER_BOUND ( 'NONE', #405, .T. ) ;
#1531 = AXIS2_PLACEMENT_3D ( 'NONE', #782, #417, #917 ) ;
#1532 = FACE_OUTER_BOUND ( 'NONE', #671, .T. ) ;
#1533 = EDGE_LOOP ( 'NONE', ( #807, #346, #559, #781 ) ) ;
#1534 = CARTESIAN_POINT ( 'NONE',  ( -7.049999999999999822, -2.600000000000000089, 9.950000000000001066 ) ) ;
#1535 = PLANE ( 'NONE',  #921 ) ;
#1536 = EDGE_CURVE ( 'NONE', #161, #285, #1375, .T. ) ;
#1537 = ORIENTED_EDGE ( 'NONE', *, *, #1526, .F. ) ;
#1538 = AXIS2_PLACEMENT_3D ( 'NONE', #1603, #598, #106 ) ;
#1539 = CARTESIAN_POINT ( 'NONE',  ( -8.099999999999999645, -0.6500000000000001332, 9.950000000000001066 ) ) ;
#1540 = CIRCLE ( 'NONE', #126, 1.900000000000001465 ) ;
#1541 = DIRECTION ( 'NONE',  ( 1.224606353822369863E-16, 1.000000000000000000, 3.613948041024117215E-15 ) ) ;
#1542 = AXIS2_PLACEMENT_3D ( 'NONE', #638, #39, #1398 ) ;
#1543 = EDGE_CURVE ( 'NONE', #1008, #1240, #1150, .T. ) ;
#1544 = ORIENTED_EDGE ( 'NONE', *, *, #1432, .T. ) ;
#1545 = MECHANICAL_CONTEXT ( 'NONE', #1415, 'mechanical' ) ;
#1546 = ORIENTED_EDGE ( 'NONE', *, *, #1288, .T. ) ;
#1547 = CARTESIAN_POINT ( 'NONE',  ( 9.092702702702700535, -1.750000000000000000, -5.000000000000000888 ) ) ;
#1548 = SECURITY_CLASSIFICATION ( '', '', #174 ) ;
#1549 = ORIENTED_EDGE ( 'NONE', *, *, #622, .F. ) ;
#1550 = ORIENTED_EDGE ( 'NONE', *, *, #798, .F. ) ;
#1551 = ORIENTED_EDGE ( 'NONE', *, *, #1209, .F. ) ;
#1552 = DIRECTION ( 'NONE',  ( -1.000000000000000000, 0.0000000000000000000, 2.460600675144407265E-16 ) ) ;
#1553 = CIRCLE ( 'NONE', #1490, 0.2949999999999999289 ) ;
#1554 = DIRECTION ( 'NONE',  ( 0.0000000000000000000, 0.0000000000000000000, 1.000000000000000000 ) ) ;
#1555 = CIRCLE ( 'NONE', #1171, 0.8500000000000000888 ) ;
#1556 = CIRCLE ( 'NONE', #725, 1.900000000000001465 ) ;
#1557 = CARTESIAN_POINT ( 'NONE',  ( 7.049999999999999822, -2.600000000000000089, -11.85000000000000320 ) ) ;
#1558 = CIRCLE ( 'NONE', #1125, 0.3277027027027024642 ) ;
#1559 = AXIS2_PLACEMENT_3D ( 'NONE', #1248, #1346, #1114 ) ;
#1560 = AXIS2_PLACEMENT_3D ( 'NONE', #55, #655, #177 ) ;
#1561 = ORIENTED_EDGE ( 'NONE', *, *, #1438, .T. ) ;
#1562 = EDGE_CURVE ( 'NONE', #143, #1384, #1267, .T. ) ;
#1563 = ORIENTED_EDGE ( 'NONE', *, *, #988, .T. ) ;
#1564 = CARTESIAN_POINT ( 'NONE',  ( 7.049999999999999822, 0.0000000000000000000, -9.950000000000001066 ) ) ;
#1565 = VERTEX_POINT ( 'NONE', #1269 ) ;
#1566 = LINE ( 'NONE', #1619, #1486 ) ;
#1567 = CIRCLE ( 'NONE', #1034, 1.049999999999992717 ) ;
#1568 = DIRECTION ( 'NONE',  ( 1.224606353822370602E-16, -1.000000000000000000, -3.287312092760144813E-15 ) ) ;
#1569 = DIRECTION ( 'NONE',  ( 0.0000000000000000000, 0.0000000000000000000, -1.000000000000000000 ) ) ;
#1570 = AXIS2_PLACEMENT_3D ( 'NONE', #705, #347, #836 ) ;
#1571 = VERTEX_POINT ( 'NONE', #1501 ) ;
#1572 = FACE_OUTER_BOUND ( 'NONE', #1072, .T. ) ;
#1573 = PERSON_AND_ORGANIZATION ( #747, #1592 ) ;
#1574 = AXIS2_PLACEMENT_3D ( 'NONE', #1292, #1419, #41 ) ;
#1575 = CARTESIAN_POINT ( 'NONE',  ( 7.049999999999999822, 0.0000000000000000000, -9.950000000000001066 ) ) ;
#1576 = ADVANCED_FACE ( 'NONE', ( #339 ), #382, .F. ) ;
#1577 = EDGE_LOOP ( 'NONE', ( #926, #1549, #1023, #329 ) ) ;
#1578 = DIRECTION ( 'NONE',  ( 0.0000000000000000000, -3.287312092760144813E-15, -1.000000000000000000 ) ) ;
#1579 = ORIENTED_EDGE ( 'NONE', *, *, #148, .F. ) ;
#1580 = DIRECTION ( 'NONE',  ( 0.0000000000000000000, -1.000000000000000000, 0.0000000000000000000 ) ) ;
#1581 = AXIS2_PLACEMENT_3D ( 'NONE', #544, #170, #175 ) ;
#1582 = ORIENTED_EDGE ( 'NONE', *, *, #1028, .F. ) ;
#1583 = ADVANCED_FACE ( 'NONE', ( #1516 ), #1189, .T. ) ;
#1584 = CARTESIAN_POINT ( 'NONE',  ( 7.049999999999999822, -1.084202172485504434E-16, -10.99999999999999467 ) ) ;
#1585 = DIRECTION ( 'NONE',  ( -0.0000000000000000000, -1.000000000000000000, -0.0000000000000000000 ) ) ;
#1586 = FACE_OUTER_BOUND ( 'NONE', #841, .T. ) ;
#1587 = VECTOR ( 'NONE', #1387, 1000.000000000000000 ) ;
#1588 = FACE_OUTER_BOUND ( 'NONE', #1118, .T. ) ;
#1589 = DIRECTION ( 'NONE',  ( -0.0000000000000000000, -1.000000000000000000, -0.0000000000000000000 ) ) ;
#1590 = DIRECTION ( 'NONE',  ( -1.000000000000000000, -1.224606353822376272E-16, 1.743440679373675317E-16 ) ) ;
#1591 = AXIS2_PLACEMENT_3D ( 'NONE', #432, #1568, #801 ) ;
#1592 = ORGANIZATION ( 'UNSPECIFIED', 'UNSPECIFIED', '' ) ;
#1593 = EDGE_CURVE ( 'NONE', #1565, #866, #1309, .T. ) ;
#1594 = ADVANCED_FACE ( 'NONE', ( #220, #955, #617 ), #1535, .F. ) ;
#1595 = LINE ( 'NONE', #1497, #1000 ) ;
#1596 = AXIS2_PLACEMENT_3D ( 'NONE', #353, #92, #476 ) ;
#1597 = DIRECTION ( 'NONE',  ( 0.0000000000000000000, -1.000000000000000000, 0.0000000000000000000 ) ) ;
#1598 = DIRECTION ( 'NONE',  ( 0.0000000000000000000, 1.000000000000000000, 0.0000000000000000000 ) ) ;
#1599 = ADVANCED_FACE ( 'NONE', ( #1079, #919, #309 ), #516, .T. ) ;
#1600 = EDGE_LOOP ( 'NONE', ( #992, #1144, #1318, #19 ) ) ;
#1601 = DIRECTION ( 'NONE',  ( 0.0000000000000000000, 0.0000000000000000000, 1.000000000000000000 ) ) ;
#1602 = ORIENTED_EDGE ( 'NONE', *, *, #22, .F. ) ;
#1603 = CARTESIAN_POINT ( 'NONE',  ( 9.092702702702700535, -1.750000000000000000, -5.000000000000000888 ) ) ;
#1604 = EDGE_CURVE ( 'NONE', #109, #1528, #1558, .T. ) ;
#1605 = CARTESIAN_POINT ( 'NONE',  ( 7.049999999999999822, -0.6500000000000001332, -9.950000000000001066 ) ) ;
#1606 = VERTEX_POINT ( 'NONE', #1022 ) ;
#1607 = TOROIDAL_SURFACE ( 'NONE', #166, 1.049999999999999822, 0.6500000000000000222 ) ;
#1608 = CARTESIAN_POINT ( 'NONE',  ( 7.049999999999999822, -2.600000000000000089, 11.65000000000000036 ) ) ;
#1609 = AXIS2_PLACEMENT_3D ( 'NONE', #820, #338, #1208 ) ;
#1610 = CIRCLE ( 'NONE', #838, 0.8500000000000000888 ) ;
#1611 = DIRECTION ( 'NONE',  ( -0.0000000000000000000, -1.000000000000000000, -0.0000000000000000000 ) ) ;
#1612 = EDGE_LOOP ( 'NONE', ( #99, #1500, #49, #326 ) ) ;
#1613 = ADVANCED_FACE ( 'NONE', ( #879 ), #201, .T. ) ;
#1614 = FACE_OUTER_BOUND ( 'NONE', #1212, .T. ) ;
#1615 = CARTESIAN_POINT ( 'NONE',  ( 8.750000000000000000, 0.2000000000000000111, 9.950000000000001066 ) ) ;
#1616 = DIRECTION ( 'NONE',  ( 0.0000000000000000000, -3.308493227378448818E-15, -1.000000000000000000 ) ) ;
#1617 = EDGE_CURVE ( 'NONE', #1162, #1137, #556, .T. ) ;
#1618 = CARTESIAN_POINT ( 'NONE',  ( 8.099999999999999645, -0.6500000000000001332, -9.950000000000001066 ) ) ;
#1619 = CARTESIAN_POINT ( 'NONE',  ( 8.099999999999992539, -1.084202172485504434E-16, -8.121519933768216774E-31 ) ) ;
#1620 = CARTESIAN_POINT ( 'NONE',  ( 9.092702702702700535, -1.750000000000000000, -5.000000000000000888 ) ) ;
#1621 = ORIENTED_EDGE ( 'NONE', *, *, #242, .T. ) ;
#1622 = DIRECTION ( 'NONE',  ( -0.0000000000000000000, 1.000000000000000000, 0.0000000000000000000 ) ) ;
#1623 = ORIENTED_EDGE ( 'NONE', *, *, #113, .T. ) ;
#1624 = EDGE_LOOP ( 'NONE', ( #1016, #452, #625, #975 ) ) ;
#1625 = DIRECTION ( 'NONE',  ( 0.0000000000000000000, -1.000000000000000000, 0.0000000000000000000 ) ) ;
ENDSEC;
END-ISO-10303-21;
