ISO-10303-21;
HEADER;
/* Generated by software containing ST-Developer
 * from STEP Tools, Inc. (www.steptools.com) 
 */
/* OPTION: using custom renumber hook */

FILE_DESCRIPTION(
/* description */ ('STEP AP242 Edition 2',
'CAx-IF Rec.Pracs.---Representation and Presentation of Product Manufa
cturing Information (PMI)---4.0---2014-10-13',
'CAx-IF Rec.Pracs.---3D Tessellated Geometry---0.4---2014-09-14','2;1',
'CAx-IF Rec.Pracs.---User Defined Attributes---1.5---2016-08-15'),
/* implementation_level */ '2;1');

FILE_NAME(
/* name */ 'SH1421-F',
/* time_stamp */ '2026-04-26T08:19:41Z',
/* author */ (''),
/* organization */ (''),
/* preprocessor_version */ 'ST-DEVELOPER v20',
/* originating_system */ 'ONSHAPE BY PTC INC, 1.214',
/* authorisation */ '  ');

FILE_SCHEMA (('AP242_MANAGED_MODEL_BASED_3D_ENGINEERING_MIM_LF { 1 0 10303 442 3 1 4 }'));
ENDSEC;

DATA;
#10=SHAPE_REPRESENTATION_RELATIONSHIP('','',#1319,#11);
#11=ADVANCED_BREP_SHAPE_REPRESENTATION('',(#1317),#2481);
#12=B_SPLINE_CURVE_WITH_KNOTS('',3,(#2066,#2067,#2068,#2069,#2070),
 .UNSPECIFIED.,.F.,.F.,(4,1,4),(0.,0.5,1.),.UNSPECIFIED.);
#13=B_SPLINE_CURVE_WITH_KNOTS('',3,(#2071,#2072,#2073,#2074,#2075,#2076,
#2077),.UNSPECIFIED.,.F.,.F.,(4,1,1,1,4),(0.,0.25,0.5,0.75,1.),
 .UNSPECIFIED.);
#14=B_SPLINE_CURVE_WITH_KNOTS('',3,(#2114,#2115,#2116,#2117,#2118),
 .UNSPECIFIED.,.F.,.F.,(4,1,4),(0.,0.5,1.),.UNSPECIFIED.);
#15=B_SPLINE_CURVE_WITH_KNOTS('',3,(#2119,#2120,#2121,#2122,#2123,#2124),
 .UNSPECIFIED.,.F.,.F.,(4,1,1,4),(0.,0.25,0.5,1.),.UNSPECIFIED.);
#16=B_SPLINE_CURVE_WITH_KNOTS('',3,(#2192,#2193,#2194,#2195,#2196),
 .UNSPECIFIED.,.F.,.F.,(4,1,4),(0.,0.5,1.),.UNSPECIFIED.);
#17=B_SPLINE_CURVE_WITH_KNOTS('',3,(#2197,#2198,#2199,#2200,#2201,#2202,
#2203),.UNSPECIFIED.,.F.,.F.,(4,1,1,1,4),(0.,0.25,0.5,0.75,1.),
 .UNSPECIFIED.);
#18=B_SPLINE_CURVE_WITH_KNOTS('',3,(#2240,#2241,#2242,#2243,#2244),
 .UNSPECIFIED.,.F.,.F.,(4,1,4),(0.,0.5,1.),.UNSPECIFIED.);
#19=B_SPLINE_CURVE_WITH_KNOTS('',3,(#2245,#2246,#2247,#2248,#2249,#2250),
 .UNSPECIFIED.,.F.,.F.,(4,1,1,4),(0.,0.25,0.5,1.),.UNSPECIFIED.);
#20=B_SPLINE_CURVE_WITH_KNOTS('',3,(#2314,#2315,#2316,#2317,#2318),
 .UNSPECIFIED.,.F.,.F.,(4,1,4),(0.,0.5,1.),.UNSPECIFIED.);
#21=B_SPLINE_CURVE_WITH_KNOTS('',3,(#2319,#2320,#2321,#2322,#2323,#2324),
 .UNSPECIFIED.,.F.,.F.,(4,1,1,4),(0.,0.25,0.5,1.),.UNSPECIFIED.);
#22=B_SPLINE_CURVE_WITH_KNOTS('',3,(#2365,#2366,#2367,#2368,#2369),
 .UNSPECIFIED.,.F.,.F.,(4,1,4),(0.,0.5,1.),.UNSPECIFIED.);
#23=B_SPLINE_CURVE_WITH_KNOTS('',3,(#2370,#2371,#2372,#2373,#2374,#2375,
#2376),.UNSPECIFIED.,.F.,.F.,(4,1,1,1,4),(0.,0.25,0.5,0.75,1.),
 .UNSPECIFIED.);
#24=B_SPLINE_CURVE_WITH_KNOTS('',3,(#2415,#2416,#2417,#2418,#2419),
 .UNSPECIFIED.,.F.,.F.,(4,1,4),(0.,0.5,1.),.UNSPECIFIED.);
#25=B_SPLINE_CURVE_WITH_KNOTS('',3,(#2420,#2421,#2422,#2423,#2424,#2425),
 .UNSPECIFIED.,.F.,.F.,(4,1,1,4),(0.,0.25,0.5,1.),.UNSPECIFIED.);
#26=B_SPLINE_CURVE_WITH_KNOTS('',3,(#2466,#2467,#2468,#2469,#2470),
 .UNSPECIFIED.,.F.,.F.,(4,1,4),(0.,0.5,1.),.UNSPECIFIED.);
#27=B_SPLINE_CURVE_WITH_KNOTS('',3,(#2471,#2472,#2473,#2474,#2475,#2476,
#2477),.UNSPECIFIED.,.F.,.F.,(4,1,1,1,4),(0.,0.25,0.5,0.75,1.),
 .UNSPECIFIED.);
#28=B_SPLINE_SURFACE_WITH_KNOTS('',1,3,((#2026,#2027,#2028,#2029,#2030,
#2031,#2032,#2033,#2034,#2035,#2036,#2037,#2038,#2039,#2040,#2041,#2042,
#2043,#2044,#2045),(#2046,#2047,#2048,#2049,#2050,#2051,#2052,#2053,#2054,
#2055,#2056,#2057,#2058,#2059,#2060,#2061,#2062,#2063,#2064,#2065)),
 .RULED_SURF.,.F.,.F.,.F.,(2,2),(4,2,2,2,2,2,2,2,2,4),(0.,1.),(0.,0.25,
0.375,0.4375,0.46875,0.484375,0.4921875,0.5,0.75,1.),.UNSPECIFIED.);
#29=B_SPLINE_SURFACE_WITH_KNOTS('',1,3,((#2078,#2079,#2080,#2081,#2082,
#2083,#2084,#2085,#2086,#2087,#2088,#2089,#2090,#2091,#2092,#2093,#2094,
#2095),(#2096,#2097,#2098,#2099,#2100,#2101,#2102,#2103,#2104,#2105,#2106,
#2107,#2108,#2109,#2110,#2111,#2112,#2113)),.RULED_SURF.,.F.,.F.,.F.,(2,
2),(4,2,2,2,2,2,2,2,4),(0.,1.),(0.,0.25,0.375,0.4375,0.46875,0.484375,0.4921875,
0.5,1.),.UNSPECIFIED.);
#30=B_SPLINE_SURFACE_WITH_KNOTS('',1,3,((#2152,#2153,#2154,#2155,#2156,
#2157,#2158,#2159,#2160,#2161,#2162,#2163,#2164,#2165,#2166,#2167,#2168,
#2169,#2170,#2171),(#2172,#2173,#2174,#2175,#2176,#2177,#2178,#2179,#2180,
#2181,#2182,#2183,#2184,#2185,#2186,#2187,#2188,#2189,#2190,#2191)),
 .RULED_SURF.,.F.,.F.,.F.,(2,2),(4,2,2,2,2,2,2,2,2,4),(0.,1.),(0.,0.25,
0.375,0.4375,0.46875,0.484375,0.4921875,0.5,0.75,1.),.UNSPECIFIED.);
#31=B_SPLINE_SURFACE_WITH_KNOTS('',1,3,((#2204,#2205,#2206,#2207,#2208,
#2209,#2210,#2211,#2212,#2213,#2214,#2215,#2216,#2217,#2218,#2219,#2220,
#2221),(#2222,#2223,#2224,#2225,#2226,#2227,#2228,#2229,#2230,#2231,#2232,
#2233,#2234,#2235,#2236,#2237,#2238,#2239)),.RULED_SURF.,.F.,.F.,.F.,(2,
2),(4,2,2,2,2,2,2,2,4),(0.,1.),(0.,0.25,0.375,0.4375,0.46875,0.484375,0.4921875,
0.5,1.),.UNSPECIFIED.);
#32=B_SPLINE_SURFACE_WITH_KNOTS('',1,3,((#2278,#2279,#2280,#2281,#2282,
#2283,#2284,#2285,#2286,#2287,#2288,#2289,#2290,#2291,#2292,#2293,#2294,
#2295),(#2296,#2297,#2298,#2299,#2300,#2301,#2302,#2303,#2304,#2305,#2306,
#2307,#2308,#2309,#2310,#2311,#2312,#2313)),.RULED_SURF.,.F.,.F.,.F.,(2,
2),(4,2,2,2,2,2,2,2,4),(0.,1.),(0.,0.25,0.375,0.4375,0.46875,0.484375,0.4921875,
0.5,1.),.UNSPECIFIED.);
#33=B_SPLINE_SURFACE_WITH_KNOTS('',1,3,((#2325,#2326,#2327,#2328,#2329,
#2330,#2331,#2332,#2333,#2334,#2335,#2336,#2337,#2338,#2339,#2340,#2341,
#2342,#2343,#2344),(#2345,#2346,#2347,#2348,#2349,#2350,#2351,#2352,#2353,
#2354,#2355,#2356,#2357,#2358,#2359,#2360,#2361,#2362,#2363,#2364)),
 .RULED_SURF.,.F.,.F.,.F.,(2,2),(4,2,2,2,2,2,2,2,2,4),(0.,1.),(0.,0.25,
0.375,0.4375,0.46875,0.484375,0.4921875,0.5,0.75,1.),.UNSPECIFIED.);
#34=B_SPLINE_SURFACE_WITH_KNOTS('',1,3,((#2379,#2380,#2381,#2382,#2383,
#2384,#2385,#2386,#2387,#2388,#2389,#2390,#2391,#2392,#2393,#2394,#2395,
#2396),(#2397,#2398,#2399,#2400,#2401,#2402,#2403,#2404,#2405,#2406,#2407,
#2408,#2409,#2410,#2411,#2412,#2413,#2414)),.RULED_SURF.,.F.,.F.,.F.,(2,
2),(4,2,2,2,2,2,2,2,4),(0.,1.),(0.,0.25,0.375,0.4375,0.46875,0.484375,0.4921875,
0.5,1.),.UNSPECIFIED.);
#35=B_SPLINE_SURFACE_WITH_KNOTS('',1,3,((#2426,#2427,#2428,#2429,#2430,
#2431,#2432,#2433,#2434,#2435,#2436,#2437,#2438,#2439,#2440,#2441,#2442,
#2443,#2444,#2445),(#2446,#2447,#2448,#2449,#2450,#2451,#2452,#2453,#2454,
#2455,#2456,#2457,#2458,#2459,#2460,#2461,#2462,#2463,#2464,#2465)),
 .RULED_SURF.,.F.,.F.,.F.,(2,2),(4,2,2,2,2,2,2,2,2,4),(0.,1.),(0.,0.25,
0.375,0.4375,0.46875,0.484375,0.4921875,0.5,0.75,1.),.UNSPECIFIED.);
#36=CIRCLE('',#1324,0.00035);
#37=CIRCLE('',#1325,0.00035);
#38=CIRCLE('',#1327,0.00035);
#39=CIRCLE('',#1328,0.00035);
#40=CIRCLE('',#1333,0.0004);
#41=CIRCLE('',#1334,0.00225);
#42=CIRCLE('',#1335,0.0004);
#43=CIRCLE('',#1336,0.001);
#44=CIRCLE('',#1337,0.001);
#45=CIRCLE('',#1338,0.0004);
#46=CIRCLE('',#1339,0.00225);
#47=CIRCLE('',#1340,0.0004);
#48=CIRCLE('',#1341,0.001);
#49=CIRCLE('',#1342,0.001);
#50=CIRCLE('',#1344,0.0004);
#51=CIRCLE('',#1348,0.00225);
#52=CIRCLE('',#1352,0.0004);
#53=CIRCLE('',#1356,0.001);
#54=CIRCLE('',#1359,0.001);
#55=CIRCLE('',#1364,0.00225);
#56=CIRCLE('',#1368,0.0004);
#57=CIRCLE('',#1372,0.001);
#58=CIRCLE('',#1375,0.001);
#59=CIRCLE('',#1379,0.0004);
#60=CIRCLE('',#1389,0.00035);
#61=CIRCLE('',#1390,0.00035);
#62=CIRCLE('',#1392,0.00035);
#63=CIRCLE('',#1393,0.00035);
#64=CYLINDRICAL_SURFACE('',#1323,0.00035);
#65=CYLINDRICAL_SURFACE('',#1326,0.00035);
#66=CYLINDRICAL_SURFACE('',#1343,0.0004);
#67=CYLINDRICAL_SURFACE('',#1347,0.00225);
#68=CYLINDRICAL_SURFACE('',#1351,0.0004);
#69=CYLINDRICAL_SURFACE('',#1355,0.001);
#70=CYLINDRICAL_SURFACE('',#1358,0.001);
#71=CYLINDRICAL_SURFACE('',#1363,0.00225);
#72=CYLINDRICAL_SURFACE('',#1367,0.0004);
#73=CYLINDRICAL_SURFACE('',#1371,0.001);
#74=CYLINDRICAL_SURFACE('',#1374,0.001);
#75=CYLINDRICAL_SURFACE('',#1378,0.0004);
#76=CYLINDRICAL_SURFACE('',#1388,0.00035);
#77=CYLINDRICAL_SURFACE('',#1391,0.00035);
#78=CYLINDRICAL_SURFACE('',#1397,0.0004);
#79=CYLINDRICAL_SURFACE('',#1398,0.0002);
#80=CYLINDRICAL_SURFACE('',#1404,0.0004);
#81=CYLINDRICAL_SURFACE('',#1405,0.0002);
#82=CYLINDRICAL_SURFACE('',#1411,0.0004);
#83=CYLINDRICAL_SURFACE('',#1412,0.0002);
#84=CYLINDRICAL_SURFACE('',#1413,0.0004);
#85=CYLINDRICAL_SURFACE('',#1414,0.0002);
#86=ORIENTED_EDGE('',*,*,#446,.F.);
#87=ORIENTED_EDGE('',*,*,#447,.T.);
#88=ORIENTED_EDGE('',*,*,#448,.T.);
#89=ORIENTED_EDGE('',*,*,#449,.F.);
#90=ORIENTED_EDGE('',*,*,#448,.F.);
#91=ORIENTED_EDGE('',*,*,#450,.F.);
#92=ORIENTED_EDGE('',*,*,#451,.T.);
#93=ORIENTED_EDGE('',*,*,#452,.T.);
#94=ORIENTED_EDGE('',*,*,#453,.T.);
#95=ORIENTED_EDGE('',*,*,#454,.F.);
#96=ORIENTED_EDGE('',*,*,#455,.T.);
#97=ORIENTED_EDGE('',*,*,#456,.F.);
#98=ORIENTED_EDGE('',*,*,#457,.F.);
#99=ORIENTED_EDGE('',*,*,#458,.T.);
#100=ORIENTED_EDGE('',*,*,#459,.T.);
#101=ORIENTED_EDGE('',*,*,#451,.F.);
#102=ORIENTED_EDGE('',*,*,#453,.F.);
#103=ORIENTED_EDGE('',*,*,#455,.F.);
#104=ORIENTED_EDGE('',*,*,#452,.F.);
#105=ORIENTED_EDGE('',*,*,#459,.F.);
#106=ORIENTED_EDGE('',*,*,#460,.T.);
#107=ORIENTED_EDGE('',*,*,#449,.T.);
#108=ORIENTED_EDGE('',*,*,#454,.T.);
#109=ORIENTED_EDGE('',*,*,#456,.T.);
#110=ORIENTED_EDGE('',*,*,#450,.T.);
#111=ORIENTED_EDGE('',*,*,#447,.F.);
#112=ORIENTED_EDGE('',*,*,#461,.F.);
#113=ORIENTED_EDGE('',*,*,#457,.T.);
#114=ORIENTED_EDGE('',*,*,#462,.F.);
#115=ORIENTED_EDGE('',*,*,#463,.T.);
#116=ORIENTED_EDGE('',*,*,#464,.F.);
#117=ORIENTED_EDGE('',*,*,#465,.F.);
#118=ORIENTED_EDGE('',*,*,#466,.F.);
#119=ORIENTED_EDGE('',*,*,#467,.T.);
#120=ORIENTED_EDGE('',*,*,#468,.T.);
#121=ORIENTED_EDGE('',*,*,#469,.F.);
#122=ORIENTED_EDGE('',*,*,#470,.T.);
#123=ORIENTED_EDGE('',*,*,#471,.F.);
#124=ORIENTED_EDGE('',*,*,#472,.T.);
#125=ORIENTED_EDGE('',*,*,#473,.F.);
#126=ORIENTED_EDGE('',*,*,#474,.T.);
#127=ORIENTED_EDGE('',*,*,#475,.T.);
#128=ORIENTED_EDGE('',*,*,#476,.F.);
#129=ORIENTED_EDGE('',*,*,#477,.F.);
#130=ORIENTED_EDGE('',*,*,#478,.T.);
#131=ORIENTED_EDGE('',*,*,#479,.F.);
#132=ORIENTED_EDGE('',*,*,#480,.F.);
#133=ORIENTED_EDGE('',*,*,#481,.F.);
#134=ORIENTED_EDGE('',*,*,#482,.T.);
#135=ORIENTED_EDGE('',*,*,#483,.T.);
#136=ORIENTED_EDGE('',*,*,#484,.F.);
#137=ORIENTED_EDGE('',*,*,#485,.T.);
#138=ORIENTED_EDGE('',*,*,#486,.T.);
#139=ORIENTED_EDGE('',*,*,#487,.T.);
#140=ORIENTED_EDGE('',*,*,#488,.T.);
#141=ORIENTED_EDGE('',*,*,#489,.T.);
#142=ORIENTED_EDGE('',*,*,#490,.F.);
#143=ORIENTED_EDGE('',*,*,#491,.T.);
#144=ORIENTED_EDGE('',*,*,#492,.F.);
#145=ORIENTED_EDGE('',*,*,#493,.T.);
#146=ORIENTED_EDGE('',*,*,#494,.T.);
#147=ORIENTED_EDGE('',*,*,#495,.T.);
#148=ORIENTED_EDGE('',*,*,#496,.T.);
#149=ORIENTED_EDGE('',*,*,#497,.T.);
#150=ORIENTED_EDGE('',*,*,#498,.F.);
#151=ORIENTED_EDGE('',*,*,#499,.T.);
#152=ORIENTED_EDGE('',*,*,#500,.T.);
#153=ORIENTED_EDGE('',*,*,#478,.F.);
#154=ORIENTED_EDGE('',*,*,#500,.F.);
#155=ORIENTED_EDGE('',*,*,#501,.F.);
#156=ORIENTED_EDGE('',*,*,#502,.T.);
#157=ORIENTED_EDGE('',*,*,#479,.T.);
#158=ORIENTED_EDGE('',*,*,#502,.F.);
#159=ORIENTED_EDGE('',*,*,#503,.F.);
#160=ORIENTED_EDGE('',*,*,#504,.T.);
#161=ORIENTED_EDGE('',*,*,#480,.T.);
#162=ORIENTED_EDGE('',*,*,#504,.F.);
#163=ORIENTED_EDGE('',*,*,#505,.F.);
#164=ORIENTED_EDGE('',*,*,#506,.T.);
#165=ORIENTED_EDGE('',*,*,#481,.T.);
#166=ORIENTED_EDGE('',*,*,#506,.F.);
#167=ORIENTED_EDGE('',*,*,#507,.T.);
#168=ORIENTED_EDGE('',*,*,#508,.T.);
#169=ORIENTED_EDGE('',*,*,#482,.F.);
#170=ORIENTED_EDGE('',*,*,#508,.F.);
#171=ORIENTED_EDGE('',*,*,#509,.T.);
#172=ORIENTED_EDGE('',*,*,#510,.T.);
#173=ORIENTED_EDGE('',*,*,#483,.F.);
#174=ORIENTED_EDGE('',*,*,#510,.F.);
#175=ORIENTED_EDGE('',*,*,#511,.F.);
#176=ORIENTED_EDGE('',*,*,#512,.T.);
#177=ORIENTED_EDGE('',*,*,#484,.T.);
#178=ORIENTED_EDGE('',*,*,#512,.F.);
#179=ORIENTED_EDGE('',*,*,#513,.T.);
#180=ORIENTED_EDGE('',*,*,#514,.T.);
#181=ORIENTED_EDGE('',*,*,#485,.F.);
#182=ORIENTED_EDGE('',*,*,#514,.F.);
#183=ORIENTED_EDGE('',*,*,#515,.T.);
#184=ORIENTED_EDGE('',*,*,#516,.T.);
#185=ORIENTED_EDGE('',*,*,#486,.F.);
#186=ORIENTED_EDGE('',*,*,#516,.F.);
#187=ORIENTED_EDGE('',*,*,#517,.T.);
#188=ORIENTED_EDGE('',*,*,#518,.T.);
#189=ORIENTED_EDGE('',*,*,#487,.F.);
#190=ORIENTED_EDGE('',*,*,#518,.F.);
#191=ORIENTED_EDGE('',*,*,#519,.T.);
#192=ORIENTED_EDGE('',*,*,#520,.T.);
#193=ORIENTED_EDGE('',*,*,#488,.F.);
#194=ORIENTED_EDGE('',*,*,#520,.F.);
#195=ORIENTED_EDGE('',*,*,#521,.T.);
#196=ORIENTED_EDGE('',*,*,#522,.T.);
#197=ORIENTED_EDGE('',*,*,#489,.F.);
#198=ORIENTED_EDGE('',*,*,#522,.F.);
#199=ORIENTED_EDGE('',*,*,#523,.F.);
#200=ORIENTED_EDGE('',*,*,#524,.T.);
#201=ORIENTED_EDGE('',*,*,#476,.T.);
#202=ORIENTED_EDGE('',*,*,#525,.F.);
#203=ORIENTED_EDGE('',*,*,#526,.F.);
#204=ORIENTED_EDGE('',*,*,#527,.T.);
#205=ORIENTED_EDGE('',*,*,#464,.T.);
#206=ORIENTED_EDGE('',*,*,#527,.F.);
#207=ORIENTED_EDGE('',*,*,#528,.F.);
#208=ORIENTED_EDGE('',*,*,#529,.T.);
#209=ORIENTED_EDGE('',*,*,#465,.T.);
#210=ORIENTED_EDGE('',*,*,#529,.F.);
#211=ORIENTED_EDGE('',*,*,#530,.F.);
#212=ORIENTED_EDGE('',*,*,#531,.T.);
#213=ORIENTED_EDGE('',*,*,#466,.T.);
#214=ORIENTED_EDGE('',*,*,#531,.F.);
#215=ORIENTED_EDGE('',*,*,#532,.T.);
#216=ORIENTED_EDGE('',*,*,#533,.T.);
#217=ORIENTED_EDGE('',*,*,#467,.F.);
#218=ORIENTED_EDGE('',*,*,#533,.F.);
#219=ORIENTED_EDGE('',*,*,#534,.T.);
#220=ORIENTED_EDGE('',*,*,#535,.T.);
#221=ORIENTED_EDGE('',*,*,#468,.F.);
#222=ORIENTED_EDGE('',*,*,#535,.F.);
#223=ORIENTED_EDGE('',*,*,#536,.F.);
#224=ORIENTED_EDGE('',*,*,#537,.T.);
#225=ORIENTED_EDGE('',*,*,#469,.T.);
#226=ORIENTED_EDGE('',*,*,#537,.F.);
#227=ORIENTED_EDGE('',*,*,#538,.T.);
#228=ORIENTED_EDGE('',*,*,#539,.T.);
#229=ORIENTED_EDGE('',*,*,#470,.F.);
#230=ORIENTED_EDGE('',*,*,#539,.F.);
#231=ORIENTED_EDGE('',*,*,#540,.F.);
#232=ORIENTED_EDGE('',*,*,#541,.T.);
#233=ORIENTED_EDGE('',*,*,#471,.T.);
#234=ORIENTED_EDGE('',*,*,#541,.F.);
#235=ORIENTED_EDGE('',*,*,#542,.T.);
#236=ORIENTED_EDGE('',*,*,#543,.T.);
#237=ORIENTED_EDGE('',*,*,#472,.F.);
#238=ORIENTED_EDGE('',*,*,#543,.F.);
#239=ORIENTED_EDGE('',*,*,#544,.F.);
#240=ORIENTED_EDGE('',*,*,#545,.T.);
#241=ORIENTED_EDGE('',*,*,#473,.T.);
#242=ORIENTED_EDGE('',*,*,#545,.F.);
#243=ORIENTED_EDGE('',*,*,#546,.T.);
#244=ORIENTED_EDGE('',*,*,#547,.T.);
#245=ORIENTED_EDGE('',*,*,#474,.F.);
#246=ORIENTED_EDGE('',*,*,#547,.F.);
#247=ORIENTED_EDGE('',*,*,#548,.T.);
#248=ORIENTED_EDGE('',*,*,#549,.T.);
#249=ORIENTED_EDGE('',*,*,#475,.F.);
#250=ORIENTED_EDGE('',*,*,#549,.F.);
#251=ORIENTED_EDGE('',*,*,#550,.F.);
#252=ORIENTED_EDGE('',*,*,#551,.T.);
#253=ORIENTED_EDGE('',*,*,#462,.T.);
#254=ORIENTED_EDGE('',*,*,#552,.T.);
#255=ORIENTED_EDGE('',*,*,#525,.T.);
#256=ORIENTED_EDGE('',*,*,#463,.F.);
#257=ORIENTED_EDGE('',*,*,#551,.F.);
#258=ORIENTED_EDGE('',*,*,#553,.F.);
#259=ORIENTED_EDGE('',*,*,#498,.T.);
#260=ORIENTED_EDGE('',*,*,#477,.T.);
#261=ORIENTED_EDGE('',*,*,#524,.F.);
#262=ORIENTED_EDGE('',*,*,#550,.T.);
#263=ORIENTED_EDGE('',*,*,#548,.F.);
#264=ORIENTED_EDGE('',*,*,#546,.F.);
#265=ORIENTED_EDGE('',*,*,#544,.T.);
#266=ORIENTED_EDGE('',*,*,#542,.F.);
#267=ORIENTED_EDGE('',*,*,#540,.T.);
#268=ORIENTED_EDGE('',*,*,#538,.F.);
#269=ORIENTED_EDGE('',*,*,#536,.T.);
#270=ORIENTED_EDGE('',*,*,#534,.F.);
#271=ORIENTED_EDGE('',*,*,#532,.F.);
#272=ORIENTED_EDGE('',*,*,#530,.T.);
#273=ORIENTED_EDGE('',*,*,#528,.T.);
#274=ORIENTED_EDGE('',*,*,#526,.T.);
#275=ORIENTED_EDGE('',*,*,#552,.F.);
#276=ORIENTED_EDGE('',*,*,#554,.T.);
#277=ORIENTED_EDGE('',*,*,#555,.T.);
#278=ORIENTED_EDGE('',*,*,#556,.T.);
#279=ORIENTED_EDGE('',*,*,#557,.T.);
#280=ORIENTED_EDGE('',*,*,#558,.F.);
#281=ORIENTED_EDGE('',*,*,#559,.T.);
#282=ORIENTED_EDGE('',*,*,#560,.F.);
#283=ORIENTED_EDGE('',*,*,#561,.T.);
#284=ORIENTED_EDGE('',*,*,#523,.T.);
#285=ORIENTED_EDGE('',*,*,#521,.F.);
#286=ORIENTED_EDGE('',*,*,#519,.F.);
#287=ORIENTED_EDGE('',*,*,#517,.F.);
#288=ORIENTED_EDGE('',*,*,#515,.F.);
#289=ORIENTED_EDGE('',*,*,#513,.F.);
#290=ORIENTED_EDGE('',*,*,#511,.T.);
#291=ORIENTED_EDGE('',*,*,#509,.F.);
#292=ORIENTED_EDGE('',*,*,#507,.F.);
#293=ORIENTED_EDGE('',*,*,#505,.T.);
#294=ORIENTED_EDGE('',*,*,#503,.T.);
#295=ORIENTED_EDGE('',*,*,#501,.T.);
#296=ORIENTED_EDGE('',*,*,#499,.F.);
#297=ORIENTED_EDGE('',*,*,#553,.T.);
#298=ORIENTED_EDGE('',*,*,#562,.F.);
#299=ORIENTED_EDGE('',*,*,#493,.F.);
#300=ORIENTED_EDGE('',*,*,#563,.T.);
#301=ORIENTED_EDGE('',*,*,#561,.F.);
#302=ORIENTED_EDGE('',*,*,#564,.F.);
#303=ORIENTED_EDGE('',*,*,#495,.F.);
#304=ORIENTED_EDGE('',*,*,#565,.T.);
#305=ORIENTED_EDGE('',*,*,#559,.F.);
#306=ORIENTED_EDGE('',*,*,#566,.F.);
#307=ORIENTED_EDGE('',*,*,#497,.F.);
#308=ORIENTED_EDGE('',*,*,#567,.T.);
#309=ORIENTED_EDGE('',*,*,#557,.F.);
#310=ORIENTED_EDGE('',*,*,#568,.F.);
#311=ORIENTED_EDGE('',*,*,#491,.F.);
#312=ORIENTED_EDGE('',*,*,#569,.T.);
#313=ORIENTED_EDGE('',*,*,#555,.F.);
#314=ORIENTED_EDGE('',*,*,#570,.F.);
#315=ORIENTED_EDGE('',*,*,#571,.T.);
#316=ORIENTED_EDGE('',*,*,#572,.T.);
#317=ORIENTED_EDGE('',*,*,#573,.F.);
#318=ORIENTED_EDGE('',*,*,#572,.F.);
#319=ORIENTED_EDGE('',*,*,#574,.T.);
#320=ORIENTED_EDGE('',*,*,#575,.T.);
#321=ORIENTED_EDGE('',*,*,#576,.F.);
#322=ORIENTED_EDGE('',*,*,#577,.F.);
#323=ORIENTED_EDGE('',*,*,#578,.T.);
#324=ORIENTED_EDGE('',*,*,#579,.F.);
#325=ORIENTED_EDGE('',*,*,#580,.T.);
#326=ORIENTED_EDGE('',*,*,#581,.F.);
#327=ORIENTED_EDGE('',*,*,#582,.T.);
#328=ORIENTED_EDGE('',*,*,#583,.T.);
#329=ORIENTED_EDGE('',*,*,#575,.F.);
#330=ORIENTED_EDGE('',*,*,#577,.T.);
#331=ORIENTED_EDGE('',*,*,#579,.T.);
#332=ORIENTED_EDGE('',*,*,#576,.T.);
#333=ORIENTED_EDGE('',*,*,#583,.F.);
#334=ORIENTED_EDGE('',*,*,#584,.F.);
#335=ORIENTED_EDGE('',*,*,#573,.T.);
#336=ORIENTED_EDGE('',*,*,#578,.F.);
#337=ORIENTED_EDGE('',*,*,#580,.F.);
#338=ORIENTED_EDGE('',*,*,#574,.F.);
#339=ORIENTED_EDGE('',*,*,#571,.F.);
#340=ORIENTED_EDGE('',*,*,#585,.T.);
#341=ORIENTED_EDGE('',*,*,#581,.T.);
#342=ORIENTED_EDGE('',*,*,#582,.F.);
#343=ORIENTED_EDGE('',*,*,#586,.T.);
#344=ORIENTED_EDGE('',*,*,#567,.F.);
#345=ORIENTED_EDGE('',*,*,#587,.F.);
#346=ORIENTED_EDGE('',*,*,#564,.T.);
#347=ORIENTED_EDGE('',*,*,#588,.T.);
#348=ORIENTED_EDGE('',*,*,#570,.T.);
#349=ORIENTED_EDGE('',*,*,#589,.F.);
#350=ORIENTED_EDGE('',*,*,#589,.T.);
#351=ORIENTED_EDGE('',*,*,#584,.T.);
#352=ORIENTED_EDGE('',*,*,#587,.T.);
#353=ORIENTED_EDGE('',*,*,#496,.F.);
#354=ORIENTED_EDGE('',*,*,#588,.F.);
#355=ORIENTED_EDGE('',*,*,#558,.T.);
#356=ORIENTED_EDGE('',*,*,#586,.F.);
#357=ORIENTED_EDGE('',*,*,#585,.F.);
#358=ORIENTED_EDGE('',*,*,#590,.F.);
#359=ORIENTED_EDGE('',*,*,#591,.T.);
#360=ORIENTED_EDGE('',*,*,#592,.T.);
#361=ORIENTED_EDGE('',*,*,#593,.F.);
#362=ORIENTED_EDGE('',*,*,#592,.F.);
#363=ORIENTED_EDGE('',*,*,#594,.T.);
#364=ORIENTED_EDGE('',*,*,#595,.T.);
#365=ORIENTED_EDGE('',*,*,#596,.F.);
#366=ORIENTED_EDGE('',*,*,#597,.F.);
#367=ORIENTED_EDGE('',*,*,#598,.T.);
#368=ORIENTED_EDGE('',*,*,#599,.T.);
#369=ORIENTED_EDGE('',*,*,#595,.F.);
#370=ORIENTED_EDGE('',*,*,#596,.T.);
#371=ORIENTED_EDGE('',*,*,#599,.F.);
#372=ORIENTED_EDGE('',*,*,#600,.F.);
#373=ORIENTED_EDGE('',*,*,#593,.T.);
#374=ORIENTED_EDGE('',*,*,#594,.F.);
#375=ORIENTED_EDGE('',*,*,#591,.F.);
#376=ORIENTED_EDGE('',*,*,#601,.T.);
#377=ORIENTED_EDGE('',*,*,#597,.T.);
#378=ORIENTED_EDGE('',*,*,#598,.F.);
#379=ORIENTED_EDGE('',*,*,#602,.T.);
#380=ORIENTED_EDGE('',*,*,#565,.F.);
#381=ORIENTED_EDGE('',*,*,#603,.F.);
#382=ORIENTED_EDGE('',*,*,#562,.T.);
#383=ORIENTED_EDGE('',*,*,#604,.T.);
#384=ORIENTED_EDGE('',*,*,#590,.T.);
#385=ORIENTED_EDGE('',*,*,#605,.F.);
#386=ORIENTED_EDGE('',*,*,#605,.T.);
#387=ORIENTED_EDGE('',*,*,#600,.T.);
#388=ORIENTED_EDGE('',*,*,#603,.T.);
#389=ORIENTED_EDGE('',*,*,#494,.F.);
#390=ORIENTED_EDGE('',*,*,#604,.F.);
#391=ORIENTED_EDGE('',*,*,#560,.T.);
#392=ORIENTED_EDGE('',*,*,#602,.F.);
#393=ORIENTED_EDGE('',*,*,#601,.F.);
#394=ORIENTED_EDGE('',*,*,#606,.F.);
#395=ORIENTED_EDGE('',*,*,#607,.T.);
#396=ORIENTED_EDGE('',*,*,#608,.T.);
#397=ORIENTED_EDGE('',*,*,#609,.F.);
#398=ORIENTED_EDGE('',*,*,#608,.F.);
#399=ORIENTED_EDGE('',*,*,#610,.F.);
#400=ORIENTED_EDGE('',*,*,#611,.T.);
#401=ORIENTED_EDGE('',*,*,#612,.T.);
#402=ORIENTED_EDGE('',*,*,#613,.F.);
#403=ORIENTED_EDGE('',*,*,#614,.T.);
#404=ORIENTED_EDGE('',*,*,#615,.T.);
#405=ORIENTED_EDGE('',*,*,#611,.F.);
#406=ORIENTED_EDGE('',*,*,#612,.F.);
#407=ORIENTED_EDGE('',*,*,#615,.F.);
#408=ORIENTED_EDGE('',*,*,#616,.T.);
#409=ORIENTED_EDGE('',*,*,#609,.T.);
#410=ORIENTED_EDGE('',*,*,#610,.T.);
#411=ORIENTED_EDGE('',*,*,#607,.F.);
#412=ORIENTED_EDGE('',*,*,#617,.F.);
#413=ORIENTED_EDGE('',*,*,#613,.T.);
#414=ORIENTED_EDGE('',*,*,#566,.T.);
#415=ORIENTED_EDGE('',*,*,#618,.T.);
#416=ORIENTED_EDGE('',*,*,#606,.T.);
#417=ORIENTED_EDGE('',*,*,#619,.F.);
#418=ORIENTED_EDGE('',*,*,#614,.F.);
#419=ORIENTED_EDGE('',*,*,#620,.T.);
#420=ORIENTED_EDGE('',*,*,#569,.F.);
#421=ORIENTED_EDGE('',*,*,#621,.F.);
#422=ORIENTED_EDGE('',*,*,#621,.T.);
#423=ORIENTED_EDGE('',*,*,#490,.T.);
#424=ORIENTED_EDGE('',*,*,#619,.T.);
#425=ORIENTED_EDGE('',*,*,#616,.F.);
#426=ORIENTED_EDGE('',*,*,#620,.F.);
#427=ORIENTED_EDGE('',*,*,#617,.T.);
#428=ORIENTED_EDGE('',*,*,#618,.F.);
#429=ORIENTED_EDGE('',*,*,#556,.F.);
#430=ORIENTED_EDGE('',*,*,#568,.T.);
#431=ORIENTED_EDGE('',*,*,#622,.T.);
#432=ORIENTED_EDGE('',*,*,#446,.T.);
#433=ORIENTED_EDGE('',*,*,#623,.F.);
#434=ORIENTED_EDGE('',*,*,#458,.F.);
#435=ORIENTED_EDGE('',*,*,#624,.T.);
#436=ORIENTED_EDGE('',*,*,#563,.F.);
#437=ORIENTED_EDGE('',*,*,#625,.F.);
#438=ORIENTED_EDGE('',*,*,#625,.T.);
#439=ORIENTED_EDGE('',*,*,#492,.T.);
#440=ORIENTED_EDGE('',*,*,#623,.T.);
#441=ORIENTED_EDGE('',*,*,#460,.F.);
#442=ORIENTED_EDGE('',*,*,#624,.F.);
#443=ORIENTED_EDGE('',*,*,#461,.T.);
#444=ORIENTED_EDGE('',*,*,#622,.F.);
#445=ORIENTED_EDGE('',*,*,#554,.F.);
#446=EDGE_CURVE('',#626,#627,#738,.T.);
#447=EDGE_CURVE('',#626,#628,#739,.T.);
#448=EDGE_CURVE('',#628,#629,#740,.F.);
#449=EDGE_CURVE('',#627,#629,#741,.T.);
#450=EDGE_CURVE('',#630,#628,#742,.T.);
#451=EDGE_CURVE('',#630,#631,#743,.T.);
#452=EDGE_CURVE('',#631,#629,#744,.T.);
#453=EDGE_CURVE('',#632,#632,#36,.T.);
#454=EDGE_CURVE('',#633,#633,#37,.T.);
#455=EDGE_CURVE('',#634,#634,#38,.T.);
#456=EDGE_CURVE('',#635,#635,#39,.T.);
#457=EDGE_CURVE('',#636,#630,#745,.F.);
#458=EDGE_CURVE('',#636,#637,#746,.F.);
#459=EDGE_CURVE('',#637,#631,#747,.F.);
#460=EDGE_CURVE('',#637,#627,#748,.T.);
#461=EDGE_CURVE('',#636,#626,#749,.T.);
#462=EDGE_CURVE('',#638,#639,#750,.F.);
#463=EDGE_CURVE('',#638,#640,#40,.F.);
#464=EDGE_CURVE('',#641,#640,#751,.F.);
#465=EDGE_CURVE('',#642,#641,#752,.F.);
#466=EDGE_CURVE('',#643,#642,#41,.F.);
#467=EDGE_CURVE('',#643,#644,#753,.T.);
#468=EDGE_CURVE('',#644,#645,#754,.F.);
#469=EDGE_CURVE('',#646,#645,#42,.T.);
#470=EDGE_CURVE('',#646,#647,#755,.T.);
#471=EDGE_CURVE('',#648,#647,#756,.F.);
#472=EDGE_CURVE('',#648,#649,#43,.F.);
#473=EDGE_CURVE('',#650,#649,#757,.T.);
#474=EDGE_CURVE('',#650,#651,#44,.F.);
#475=EDGE_CURVE('',#651,#639,#758,.F.);
#476=EDGE_CURVE('',#652,#653,#759,.F.);
#477=EDGE_CURVE('',#654,#652,#760,.T.);
#478=EDGE_CURVE('',#654,#655,#45,.F.);
#479=EDGE_CURVE('',#656,#655,#761,.T.);
#480=EDGE_CURVE('',#657,#656,#762,.T.);
#481=EDGE_CURVE('',#658,#657,#46,.F.);
#482=EDGE_CURVE('',#658,#659,#763,.F.);
#483=EDGE_CURVE('',#659,#660,#764,.T.);
#484=EDGE_CURVE('',#661,#660,#47,.T.);
#485=EDGE_CURVE('',#661,#662,#765,.F.);
#486=EDGE_CURVE('',#662,#663,#766,.F.);
#487=EDGE_CURVE('',#663,#664,#48,.F.);
#488=EDGE_CURVE('',#664,#665,#767,.T.);
#489=EDGE_CURVE('',#665,#653,#49,.F.);
#490=EDGE_CURVE('',#666,#667,#768,.F.);
#491=EDGE_CURVE('',#666,#668,#769,.T.);
#492=EDGE_CURVE('',#669,#668,#770,.F.);
#493=EDGE_CURVE('',#669,#670,#771,.T.);
#494=EDGE_CURVE('',#670,#671,#772,.T.);
#495=EDGE_CURVE('',#671,#672,#773,.T.);
#496=EDGE_CURVE('',#672,#673,#774,.T.);
#497=EDGE_CURVE('',#673,#667,#775,.T.);
#498=EDGE_CURVE('',#674,#654,#776,.T.);
#499=EDGE_CURVE('',#674,#675,#50,.F.);
#500=EDGE_CURVE('',#675,#655,#777,.T.);
#501=EDGE_CURVE('',#676,#675,#778,.T.);
#502=EDGE_CURVE('',#676,#656,#779,.T.);
#503=EDGE_CURVE('',#677,#676,#780,.T.);
#504=EDGE_CURVE('',#677,#657,#781,.T.);
#505=EDGE_CURVE('',#678,#677,#51,.F.);
#506=EDGE_CURVE('',#678,#658,#782,.T.);
#507=EDGE_CURVE('',#678,#679,#783,.T.);
#508=EDGE_CURVE('',#679,#659,#784,.T.);
#509=EDGE_CURVE('',#679,#680,#785,.T.);
#510=EDGE_CURVE('',#680,#660,#786,.T.);
#511=EDGE_CURVE('',#681,#680,#52,.T.);
#512=EDGE_CURVE('',#681,#661,#787,.T.);
#513=EDGE_CURVE('',#681,#682,#788,.T.);
#514=EDGE_CURVE('',#682,#662,#789,.T.);
#515=EDGE_CURVE('',#682,#683,#790,.T.);
#516=EDGE_CURVE('',#683,#663,#791,.T.);
#517=EDGE_CURVE('',#683,#684,#53,.F.);
#518=EDGE_CURVE('',#684,#664,#792,.T.);
#519=EDGE_CURVE('',#684,#685,#793,.T.);
#520=EDGE_CURVE('',#685,#665,#794,.T.);
#521=EDGE_CURVE('',#685,#686,#54,.F.);
#522=EDGE_CURVE('',#686,#653,#795,.T.);
#523=EDGE_CURVE('',#687,#686,#796,.T.);
#524=EDGE_CURVE('',#687,#652,#797,.T.);
#525=EDGE_CURVE('',#688,#640,#798,.T.);
#526=EDGE_CURVE('',#689,#688,#799,.T.);
#527=EDGE_CURVE('',#689,#641,#800,.T.);
#528=EDGE_CURVE('',#690,#689,#801,.T.);
#529=EDGE_CURVE('',#690,#642,#802,.T.);
#530=EDGE_CURVE('',#691,#690,#55,.F.);
#531=EDGE_CURVE('',#691,#643,#803,.T.);
#532=EDGE_CURVE('',#691,#692,#804,.T.);
#533=EDGE_CURVE('',#692,#644,#805,.T.);
#534=EDGE_CURVE('',#692,#693,#806,.T.);
#535=EDGE_CURVE('',#693,#645,#807,.T.);
#536=EDGE_CURVE('',#694,#693,#56,.T.);
#537=EDGE_CURVE('',#694,#646,#808,.T.);
#538=EDGE_CURVE('',#694,#695,#809,.T.);
#539=EDGE_CURVE('',#695,#647,#810,.T.);
#540=EDGE_CURVE('',#696,#695,#811,.T.);
#541=EDGE_CURVE('',#696,#648,#812,.T.);
#542=EDGE_CURVE('',#696,#697,#57,.F.);
#543=EDGE_CURVE('',#697,#649,#813,.T.);
#544=EDGE_CURVE('',#698,#697,#814,.T.);
#545=EDGE_CURVE('',#698,#650,#815,.T.);
#546=EDGE_CURVE('',#698,#699,#58,.F.);
#547=EDGE_CURVE('',#699,#651,#816,.T.);
#548=EDGE_CURVE('',#699,#700,#817,.T.);
#549=EDGE_CURVE('',#700,#639,#818,.T.);
#550=EDGE_CURVE('',#701,#700,#819,.T.);
#551=EDGE_CURVE('',#701,#638,#820,.T.);
#552=EDGE_CURVE('',#701,#688,#59,.F.);
#553=EDGE_CURVE('',#674,#687,#821,.T.);
#554=EDGE_CURVE('',#702,#703,#822,.F.);
#555=EDGE_CURVE('',#703,#704,#823,.T.);
#556=EDGE_CURVE('',#704,#705,#824,.F.);
#557=EDGE_CURVE('',#705,#706,#825,.T.);
#558=EDGE_CURVE('',#707,#706,#826,.T.);
#559=EDGE_CURVE('',#707,#708,#827,.T.);
#560=EDGE_CURVE('',#709,#708,#828,.T.);
#561=EDGE_CURVE('',#709,#702,#829,.T.);
#562=EDGE_CURVE('',#670,#709,#830,.T.);
#563=EDGE_CURVE('',#669,#702,#831,.T.);
#564=EDGE_CURVE('',#672,#707,#832,.T.);
#565=EDGE_CURVE('',#671,#708,#833,.T.);
#566=EDGE_CURVE('',#667,#705,#834,.T.);
#567=EDGE_CURVE('',#673,#706,#835,.T.);
#568=EDGE_CURVE('',#668,#703,#836,.T.);
#569=EDGE_CURVE('',#666,#704,#837,.T.);
#570=EDGE_CURVE('',#710,#711,#838,.F.);
#571=EDGE_CURVE('',#710,#712,#839,.F.);
#572=EDGE_CURVE('',#712,#713,#840,.T.);
#573=EDGE_CURVE('',#711,#713,#841,.F.);
#574=EDGE_CURVE('',#712,#714,#842,.T.);
#575=EDGE_CURVE('',#714,#715,#843,.F.);
#576=EDGE_CURVE('',#713,#715,#844,.T.);
#577=EDGE_CURVE('',#716,#716,#60,.T.);
#578=EDGE_CURVE('',#717,#717,#61,.T.);
#579=EDGE_CURVE('',#718,#718,#62,.T.);
#580=EDGE_CURVE('',#719,#719,#63,.T.);
#581=EDGE_CURVE('',#720,#714,#845,.T.);
#582=EDGE_CURVE('',#720,#721,#846,.T.);
#583=EDGE_CURVE('',#721,#715,#847,.T.);
#584=EDGE_CURVE('',#711,#721,#848,.T.);
#585=EDGE_CURVE('',#710,#720,#849,.T.);
#586=EDGE_CURVE('',#720,#706,#12,.T.);
#587=EDGE_CURVE('',#721,#673,#13,.T.);
#588=EDGE_CURVE('',#707,#710,#14,.T.);
#589=EDGE_CURVE('',#672,#711,#15,.T.);
#590=EDGE_CURVE('',#722,#723,#850,.F.);
#591=EDGE_CURVE('',#722,#724,#851,.F.);
#592=EDGE_CURVE('',#724,#725,#852,.T.);
#593=EDGE_CURVE('',#723,#725,#853,.F.);
#594=EDGE_CURVE('',#724,#726,#854,.T.);
#595=EDGE_CURVE('',#726,#727,#855,.F.);
#596=EDGE_CURVE('',#725,#727,#856,.F.);
#597=EDGE_CURVE('',#728,#726,#857,.T.);
#598=EDGE_CURVE('',#728,#729,#858,.T.);
#599=EDGE_CURVE('',#729,#727,#859,.T.);
#600=EDGE_CURVE('',#723,#729,#860,.T.);
#601=EDGE_CURVE('',#722,#728,#861,.T.);
#602=EDGE_CURVE('',#728,#708,#16,.T.);
#603=EDGE_CURVE('',#729,#671,#17,.T.);
#604=EDGE_CURVE('',#709,#722,#18,.T.);
#605=EDGE_CURVE('',#670,#723,#19,.T.);
#606=EDGE_CURVE('',#730,#731,#862,.T.);
#607=EDGE_CURVE('',#730,#732,#863,.T.);
#608=EDGE_CURVE('',#732,#733,#864,.F.);
#609=EDGE_CURVE('',#731,#733,#865,.T.);
#610=EDGE_CURVE('',#734,#732,#866,.T.);
#611=EDGE_CURVE('',#734,#735,#867,.T.);
#612=EDGE_CURVE('',#735,#733,#868,.F.);
#613=EDGE_CURVE('',#736,#734,#869,.F.);
#614=EDGE_CURVE('',#736,#737,#870,.F.);
#615=EDGE_CURVE('',#737,#735,#871,.F.);
#616=EDGE_CURVE('',#737,#731,#872,.T.);
#617=EDGE_CURVE('',#736,#730,#873,.T.);
#618=EDGE_CURVE('',#705,#730,#20,.T.);
#619=EDGE_CURVE('',#667,#731,#21,.T.);
#620=EDGE_CURVE('',#736,#704,#22,.T.);
#621=EDGE_CURVE('',#737,#666,#23,.T.);
#622=EDGE_CURVE('',#703,#626,#24,.T.);
#623=EDGE_CURVE('',#668,#627,#25,.T.);
#624=EDGE_CURVE('',#636,#702,#26,.T.);
#625=EDGE_CURVE('',#637,#669,#27,.T.);
#626=VERTEX_POINT('',#1744);
#627=VERTEX_POINT('',#1745);
#628=VERTEX_POINT('',#1747);
#629=VERTEX_POINT('',#1749);
#630=VERTEX_POINT('',#1753);
#631=VERTEX_POINT('',#1755);
#632=VERTEX_POINT('',#1759);
#633=VERTEX_POINT('',#1761);
#634=VERTEX_POINT('',#1764);
#635=VERTEX_POINT('',#1766);
#636=VERTEX_POINT('',#1769);
#637=VERTEX_POINT('',#1771);
#638=VERTEX_POINT('',#1779);
#639=VERTEX_POINT('',#1780);
#640=VERTEX_POINT('',#1782);
#641=VERTEX_POINT('',#1784);
#642=VERTEX_POINT('',#1786);
#643=VERTEX_POINT('',#1788);
#644=VERTEX_POINT('',#1790);
#645=VERTEX_POINT('',#1792);
#646=VERTEX_POINT('',#1794);
#647=VERTEX_POINT('',#1796);
#648=VERTEX_POINT('',#1798);
#649=VERTEX_POINT('',#1800);
#650=VERTEX_POINT('',#1802);
#651=VERTEX_POINT('',#1804);
#652=VERTEX_POINT('',#1807);
#653=VERTEX_POINT('',#1808);
#654=VERTEX_POINT('',#1810);
#655=VERTEX_POINT('',#1812);
#656=VERTEX_POINT('',#1814);
#657=VERTEX_POINT('',#1816);
#658=VERTEX_POINT('',#1818);
#659=VERTEX_POINT('',#1820);
#660=VERTEX_POINT('',#1822);
#661=VERTEX_POINT('',#1824);
#662=VERTEX_POINT('',#1826);
#663=VERTEX_POINT('',#1828);
#664=VERTEX_POINT('',#1830);
#665=VERTEX_POINT('',#1832);
#666=VERTEX_POINT('',#1835);
#667=VERTEX_POINT('',#1836);
#668=VERTEX_POINT('',#1838);
#669=VERTEX_POINT('',#1840);
#670=VERTEX_POINT('',#1842);
#671=VERTEX_POINT('',#1844);
#672=VERTEX_POINT('',#1846);
#673=VERTEX_POINT('',#1848);
#674=VERTEX_POINT('',#1852);
#675=VERTEX_POINT('',#1854);
#676=VERTEX_POINT('',#1858);
#677=VERTEX_POINT('',#1862);
#678=VERTEX_POINT('',#1866);
#679=VERTEX_POINT('',#1870);
#680=VERTEX_POINT('',#1874);
#681=VERTEX_POINT('',#1878);
#682=VERTEX_POINT('',#1882);
#683=VERTEX_POINT('',#1886);
#684=VERTEX_POINT('',#1890);
#685=VERTEX_POINT('',#1894);
#686=VERTEX_POINT('',#1898);
#687=VERTEX_POINT('',#1902);
#688=VERTEX_POINT('',#1906);
#689=VERTEX_POINT('',#1908);
#690=VERTEX_POINT('',#1912);
#691=VERTEX_POINT('',#1916);
#692=VERTEX_POINT('',#1920);
#693=VERTEX_POINT('',#1924);
#694=VERTEX_POINT('',#1928);
#695=VERTEX_POINT('',#1932);
#696=VERTEX_POINT('',#1936);
#697=VERTEX_POINT('',#1940);
#698=VERTEX_POINT('',#1944);
#699=VERTEX_POINT('',#1948);
#700=VERTEX_POINT('',#1952);
#701=VERTEX_POINT('',#1956);
#702=VERTEX_POINT('',#1964);
#703=VERTEX_POINT('',#1965);
#704=VERTEX_POINT('',#1967);
#705=VERTEX_POINT('',#1969);
#706=VERTEX_POINT('',#1971);
#707=VERTEX_POINT('',#1973);
#708=VERTEX_POINT('',#1975);
#709=VERTEX_POINT('',#1977);
#710=VERTEX_POINT('',#1993);
#711=VERTEX_POINT('',#1994);
#712=VERTEX_POINT('',#1996);
#713=VERTEX_POINT('',#1998);
#714=VERTEX_POINT('',#2002);
#715=VERTEX_POINT('',#2004);
#716=VERTEX_POINT('',#2008);
#717=VERTEX_POINT('',#2010);
#718=VERTEX_POINT('',#2013);
#719=VERTEX_POINT('',#2015);
#720=VERTEX_POINT('',#2018);
#721=VERTEX_POINT('',#2020);
#722=VERTEX_POINT('',#2129);
#723=VERTEX_POINT('',#2130);
#724=VERTEX_POINT('',#2132);
#725=VERTEX_POINT('',#2134);
#726=VERTEX_POINT('',#2138);
#727=VERTEX_POINT('',#2140);
#728=VERTEX_POINT('',#2144);
#729=VERTEX_POINT('',#2146);
#730=VERTEX_POINT('',#2255);
#731=VERTEX_POINT('',#2256);
#732=VERTEX_POINT('',#2258);
#733=VERTEX_POINT('',#2260);
#734=VERTEX_POINT('',#2264);
#735=VERTEX_POINT('',#2266);
#736=VERTEX_POINT('',#2270);
#737=VERTEX_POINT('',#2272);
#738=LINE('',#1743,#874);
#739=LINE('',#1746,#875);
#740=LINE('',#1748,#876);
#741=LINE('',#1750,#877);
#742=LINE('',#1752,#878);
#743=LINE('',#1754,#879);
#744=LINE('',#1756,#880);
#745=LINE('',#1768,#881);
#746=LINE('',#1770,#882);
#747=LINE('',#1772,#883);
#748=LINE('',#1774,#884);
#749=LINE('',#1776,#885);
#750=LINE('',#1778,#886);
#751=LINE('',#1783,#887);
#752=LINE('',#1785,#888);
#753=LINE('',#1789,#889);
#754=LINE('',#1791,#890);
#755=LINE('',#1795,#891);
#756=LINE('',#1797,#892);
#757=LINE('',#1801,#893);
#758=LINE('',#1805,#894);
#759=LINE('',#1806,#895);
#760=LINE('',#1809,#896);
#761=LINE('',#1813,#897);
#762=LINE('',#1815,#898);
#763=LINE('',#1819,#899);
#764=LINE('',#1821,#900);
#765=LINE('',#1825,#901);
#766=LINE('',#1827,#902);
#767=LINE('',#1831,#903);
#768=LINE('',#1834,#904);
#769=LINE('',#1837,#905);
#770=LINE('',#1839,#906);
#771=LINE('',#1841,#907);
#772=LINE('',#1843,#908);
#773=LINE('',#1845,#909);
#774=LINE('',#1847,#910);
#775=LINE('',#1849,#911);
#776=LINE('',#1851,#912);
#777=LINE('',#1855,#913);
#778=LINE('',#1857,#914);
#779=LINE('',#1859,#915);
#780=LINE('',#1861,#916);
#781=LINE('',#1863,#917);
#782=LINE('',#1867,#918);
#783=LINE('',#1869,#919);
#784=LINE('',#1871,#920);
#785=LINE('',#1873,#921);
#786=LINE('',#1875,#922);
#787=LINE('',#1879,#923);
#788=LINE('',#1881,#924);
#789=LINE('',#1883,#925);
#790=LINE('',#1885,#926);
#791=LINE('',#1887,#927);
#792=LINE('',#1891,#928);
#793=LINE('',#1893,#929);
#794=LINE('',#1895,#930);
#795=LINE('',#1899,#931);
#796=LINE('',#1901,#932);
#797=LINE('',#1903,#933);
#798=LINE('',#1905,#934);
#799=LINE('',#1907,#935);
#800=LINE('',#1909,#936);
#801=LINE('',#1911,#937);
#802=LINE('',#1913,#938);
#803=LINE('',#1917,#939);
#804=LINE('',#1919,#940);
#805=LINE('',#1921,#941);
#806=LINE('',#1923,#942);
#807=LINE('',#1925,#943);
#808=LINE('',#1929,#944);
#809=LINE('',#1931,#945);
#810=LINE('',#1933,#946);
#811=LINE('',#1935,#947);
#812=LINE('',#1937,#948);
#813=LINE('',#1941,#949);
#814=LINE('',#1943,#950);
#815=LINE('',#1945,#951);
#816=LINE('',#1949,#952);
#817=LINE('',#1951,#953);
#818=LINE('',#1953,#954);
#819=LINE('',#1955,#955);
#820=LINE('',#1957,#956);
#821=LINE('',#1961,#957);
#822=LINE('',#1963,#958);
#823=LINE('',#1966,#959);
#824=LINE('',#1968,#960);
#825=LINE('',#1970,#961);
#826=LINE('',#1972,#962);
#827=LINE('',#1974,#963);
#828=LINE('',#1976,#964);
#829=LINE('',#1978,#965);
#830=LINE('',#1980,#966);
#831=LINE('',#1981,#967);
#832=LINE('',#1983,#968);
#833=LINE('',#1984,#969);
#834=LINE('',#1986,#970);
#835=LINE('',#1987,#971);
#836=LINE('',#1989,#972);
#837=LINE('',#1990,#973);
#838=LINE('',#1992,#974);
#839=LINE('',#1995,#975);
#840=LINE('',#1997,#976);
#841=LINE('',#1999,#977);
#842=LINE('',#2001,#978);
#843=LINE('',#2003,#979);
#844=LINE('',#2005,#980);
#845=LINE('',#2017,#981);
#846=LINE('',#2019,#982);
#847=LINE('',#2021,#983);
#848=LINE('',#2023,#984);
#849=LINE('',#2025,#985);
#850=LINE('',#2128,#986);
#851=LINE('',#2131,#987);
#852=LINE('',#2133,#988);
#853=LINE('',#2135,#989);
#854=LINE('',#2137,#990);
#855=LINE('',#2139,#991);
#856=LINE('',#2141,#992);
#857=LINE('',#2143,#993);
#858=LINE('',#2145,#994);
#859=LINE('',#2147,#995);
#860=LINE('',#2149,#996);
#861=LINE('',#2151,#997);
#862=LINE('',#2254,#998);
#863=LINE('',#2257,#999);
#864=LINE('',#2259,#1000);
#865=LINE('',#2261,#1001);
#866=LINE('',#2263,#1002);
#867=LINE('',#2265,#1003);
#868=LINE('',#2267,#1004);
#869=LINE('',#2269,#1005);
#870=LINE('',#2271,#1006);
#871=LINE('',#2273,#1007);
#872=LINE('',#2275,#1008);
#873=LINE('',#2277,#1009);
#874=VECTOR('',#1419,1.);
#875=VECTOR('',#1420,1.);
#876=VECTOR('',#1421,1.);
#877=VECTOR('',#1422,1.);
#878=VECTOR('',#1425,1.);
#879=VECTOR('',#1426,1.);
#880=VECTOR('',#1427,1.);
#881=VECTOR('',#1442,1.);
#882=VECTOR('',#1443,1.);
#883=VECTOR('',#1444,1.);
#884=VECTOR('',#1447,1.);
#885=VECTOR('',#1450,1.);
#886=VECTOR('',#1453,1.);
#887=VECTOR('',#1456,1.);
#888=VECTOR('',#1457,1.);
#889=VECTOR('',#1460,1.);
#890=VECTOR('',#1461,1.);
#891=VECTOR('',#1464,1.);
#892=VECTOR('',#1465,1.);
#893=VECTOR('',#1468,1.);
#894=VECTOR('',#1471,1.);
#895=VECTOR('',#1472,1.);
#896=VECTOR('',#1473,1.);
#897=VECTOR('',#1476,1.);
#898=VECTOR('',#1477,1.);
#899=VECTOR('',#1480,1.);
#900=VECTOR('',#1481,1.);
#901=VECTOR('',#1484,1.);
#902=VECTOR('',#1485,1.);
#903=VECTOR('',#1488,1.);
#904=VECTOR('',#1491,1.);
#905=VECTOR('',#1492,1.);
#906=VECTOR('',#1493,1.);
#907=VECTOR('',#1494,1.);
#908=VECTOR('',#1495,1.);
#909=VECTOR('',#1496,1.);
#910=VECTOR('',#1497,1.);
#911=VECTOR('',#1498,1.);
#912=VECTOR('',#1501,1.);
#913=VECTOR('',#1504,1.);
#914=VECTOR('',#1507,1.);
#915=VECTOR('',#1508,1.);
#916=VECTOR('',#1511,1.);
#917=VECTOR('',#1512,1.);
#918=VECTOR('',#1517,1.);
#919=VECTOR('',#1520,1.);
#920=VECTOR('',#1521,1.);
#921=VECTOR('',#1524,1.);
#922=VECTOR('',#1525,1.);
#923=VECTOR('',#1530,1.);
#924=VECTOR('',#1533,1.);
#925=VECTOR('',#1534,1.);
#926=VECTOR('',#1537,1.);
#927=VECTOR('',#1538,1.);
#928=VECTOR('',#1543,1.);
#929=VECTOR('',#1546,1.);
#930=VECTOR('',#1547,1.);
#931=VECTOR('',#1552,1.);
#932=VECTOR('',#1555,1.);
#933=VECTOR('',#1556,1.);
#934=VECTOR('',#1559,1.);
#935=VECTOR('',#1560,1.);
#936=VECTOR('',#1561,1.);
#937=VECTOR('',#1564,1.);
#938=VECTOR('',#1565,1.);
#939=VECTOR('',#1570,1.);
#940=VECTOR('',#1573,1.);
#941=VECTOR('',#1574,1.);
#942=VECTOR('',#1577,1.);
#943=VECTOR('',#1578,1.);
#944=VECTOR('',#1583,1.);
#945=VECTOR('',#1586,1.);
#946=VECTOR('',#1587,1.);
#947=VECTOR('',#1590,1.);
#948=VECTOR('',#1591,1.);
#949=VECTOR('',#1596,1.);
#950=VECTOR('',#1599,1.);
#951=VECTOR('',#1600,1.);
#952=VECTOR('',#1605,1.);
#953=VECTOR('',#1608,1.);
#954=VECTOR('',#1609,1.);
#955=VECTOR('',#1612,1.);
#956=VECTOR('',#1613,1.);
#957=VECTOR('',#1620,1.);
#958=VECTOR('',#1623,1.);
#959=VECTOR('',#1624,1.);
#960=VECTOR('',#1625,1.);
#961=VECTOR('',#1626,1.);
#962=VECTOR('',#1627,1.);
#963=VECTOR('',#1628,1.);
#964=VECTOR('',#1629,1.);
#965=VECTOR('',#1630,1.);
#966=VECTOR('',#1633,1.);
#967=VECTOR('',#1634,1.);
#968=VECTOR('',#1637,1.);
#969=VECTOR('',#1638,1.);
#970=VECTOR('',#1641,1.);
#971=VECTOR('',#1642,1.);
#972=VECTOR('',#1645,1.);
#973=VECTOR('',#1646,1.);
#974=VECTOR('',#1649,1.);
#975=VECTOR('',#1650,1.);
#976=VECTOR('',#1651,1.);
#977=VECTOR('',#1652,1.);
#978=VECTOR('',#1655,1.);
#979=VECTOR('',#1656,1.);
#980=VECTOR('',#1657,1.);
#981=VECTOR('',#1672,1.);
#982=VECTOR('',#1673,1.);
#983=VECTOR('',#1674,1.);
#984=VECTOR('',#1677,1.);
#985=VECTOR('',#1680,1.);
#986=VECTOR('',#1687,1.);
#987=VECTOR('',#1688,1.);
#988=VECTOR('',#1689,1.);
#989=VECTOR('',#1690,1.);
#990=VECTOR('',#1693,1.);
#991=VECTOR('',#1694,1.);
#992=VECTOR('',#1695,1.);
#993=VECTOR('',#1698,1.);
#994=VECTOR('',#1699,1.);
#995=VECTOR('',#1700,1.);
#996=VECTOR('',#1703,1.);
#997=VECTOR('',#1706,1.);
#998=VECTOR('',#1713,1.);
#999=VECTOR('',#1714,1.);
#1000=VECTOR('',#1715,1.);
#1001=VECTOR('',#1716,1.);
#1002=VECTOR('',#1719,1.);
#1003=VECTOR('',#1720,1.);
#1004=VECTOR('',#1721,1.);
#1005=VECTOR('',#1724,1.);
#1006=VECTOR('',#1725,1.);
#1007=VECTOR('',#1726,1.);
#1008=VECTOR('',#1729,1.);
#1009=VECTOR('',#1732,1.);
#1010=EDGE_LOOP('',(#86,#87,#88,#89));
#1011=EDGE_LOOP('',(#90,#91,#92,#93));
#1012=EDGE_LOOP('',(#94));
#1013=EDGE_LOOP('',(#95));
#1014=EDGE_LOOP('',(#96));
#1015=EDGE_LOOP('',(#97));
#1016=EDGE_LOOP('',(#98,#99,#100,#101));
#1017=EDGE_LOOP('',(#102));
#1018=EDGE_LOOP('',(#103));
#1019=EDGE_LOOP('',(#104,#105,#106,#107));
#1020=EDGE_LOOP('',(#108));
#1021=EDGE_LOOP('',(#109));
#1022=EDGE_LOOP('',(#110,#111,#112,#113));
#1023=EDGE_LOOP('',(#114,#115,#116,#117,#118,#119,#120,#121,#122,#123,#124,
#125,#126,#127));
#1024=EDGE_LOOP('',(#128,#129,#130,#131,#132,#133,#134,#135,#136,#137,#138,
#139,#140,#141));
#1025=EDGE_LOOP('',(#142,#143,#144,#145,#146,#147,#148,#149));
#1026=EDGE_LOOP('',(#150,#151,#152,#153));
#1027=EDGE_LOOP('',(#154,#155,#156,#157));
#1028=EDGE_LOOP('',(#158,#159,#160,#161));
#1029=EDGE_LOOP('',(#162,#163,#164,#165));
#1030=EDGE_LOOP('',(#166,#167,#168,#169));
#1031=EDGE_LOOP('',(#170,#171,#172,#173));
#1032=EDGE_LOOP('',(#174,#175,#176,#177));
#1033=EDGE_LOOP('',(#178,#179,#180,#181));
#1034=EDGE_LOOP('',(#182,#183,#184,#185));
#1035=EDGE_LOOP('',(#186,#187,#188,#189));
#1036=EDGE_LOOP('',(#190,#191,#192,#193));
#1037=EDGE_LOOP('',(#194,#195,#196,#197));
#1038=EDGE_LOOP('',(#198,#199,#200,#201));
#1039=EDGE_LOOP('',(#202,#203,#204,#205));
#1040=EDGE_LOOP('',(#206,#207,#208,#209));
#1041=EDGE_LOOP('',(#210,#211,#212,#213));
#1042=EDGE_LOOP('',(#214,#215,#216,#217));
#1043=EDGE_LOOP('',(#218,#219,#220,#221));
#1044=EDGE_LOOP('',(#222,#223,#224,#225));
#1045=EDGE_LOOP('',(#226,#227,#228,#229));
#1046=EDGE_LOOP('',(#230,#231,#232,#233));
#1047=EDGE_LOOP('',(#234,#235,#236,#237));
#1048=EDGE_LOOP('',(#238,#239,#240,#241));
#1049=EDGE_LOOP('',(#242,#243,#244,#245));
#1050=EDGE_LOOP('',(#246,#247,#248,#249));
#1051=EDGE_LOOP('',(#250,#251,#252,#253));
#1052=EDGE_LOOP('',(#254,#255,#256,#257));
#1053=EDGE_LOOP('',(#258,#259,#260,#261));
#1054=EDGE_LOOP('',(#262,#263,#264,#265,#266,#267,#268,#269,#270,#271,#272,
#273,#274,#275));
#1055=EDGE_LOOP('',(#276,#277,#278,#279,#280,#281,#282,#283));
#1056=EDGE_LOOP('',(#284,#285,#286,#287,#288,#289,#290,#291,#292,#293,#294,
#295,#296,#297));
#1057=EDGE_LOOP('',(#298,#299,#300,#301));
#1058=EDGE_LOOP('',(#302,#303,#304,#305));
#1059=EDGE_LOOP('',(#306,#307,#308,#309));
#1060=EDGE_LOOP('',(#310,#311,#312,#313));
#1061=EDGE_LOOP('',(#314,#315,#316,#317));
#1062=EDGE_LOOP('',(#318,#319,#320,#321));
#1063=EDGE_LOOP('',(#322));
#1064=EDGE_LOOP('',(#323));
#1065=EDGE_LOOP('',(#324));
#1066=EDGE_LOOP('',(#325));
#1067=EDGE_LOOP('',(#326,#327,#328,#329));
#1068=EDGE_LOOP('',(#330));
#1069=EDGE_LOOP('',(#331));
#1070=EDGE_LOOP('',(#332,#333,#334,#335));
#1071=EDGE_LOOP('',(#336));
#1072=EDGE_LOOP('',(#337));
#1073=EDGE_LOOP('',(#338,#339,#340,#341));
#1074=EDGE_LOOP('',(#342,#343,#344,#345));
#1075=EDGE_LOOP('',(#346,#347,#348,#349));
#1076=EDGE_LOOP('',(#350,#351,#352,#353));
#1077=EDGE_LOOP('',(#354,#355,#356,#357));
#1078=EDGE_LOOP('',(#358,#359,#360,#361));
#1079=EDGE_LOOP('',(#362,#363,#364,#365));
#1080=EDGE_LOOP('',(#366,#367,#368,#369));
#1081=EDGE_LOOP('',(#370,#371,#372,#373));
#1082=EDGE_LOOP('',(#374,#375,#376,#377));
#1083=EDGE_LOOP('',(#378,#379,#380,#381));
#1084=EDGE_LOOP('',(#382,#383,#384,#385));
#1085=EDGE_LOOP('',(#386,#387,#388,#389));
#1086=EDGE_LOOP('',(#390,#391,#392,#393));
#1087=EDGE_LOOP('',(#394,#395,#396,#397));
#1088=EDGE_LOOP('',(#398,#399,#400,#401));
#1089=EDGE_LOOP('',(#402,#403,#404,#405));
#1090=EDGE_LOOP('',(#406,#407,#408,#409));
#1091=EDGE_LOOP('',(#410,#411,#412,#413));
#1092=EDGE_LOOP('',(#414,#415,#416,#417));
#1093=EDGE_LOOP('',(#418,#419,#420,#421));
#1094=EDGE_LOOP('',(#422,#423,#424,#425));
#1095=EDGE_LOOP('',(#426,#427,#428,#429));
#1096=EDGE_LOOP('',(#430,#431,#432,#433));
#1097=EDGE_LOOP('',(#434,#435,#436,#437));
#1098=EDGE_LOOP('',(#438,#439,#440,#441));
#1099=EDGE_LOOP('',(#442,#443,#444,#445));
#1100=FACE_BOUND('',#1010,.T.);
#1101=FACE_BOUND('',#1011,.T.);
#1102=FACE_BOUND('',#1012,.T.);
#1103=FACE_BOUND('',#1013,.T.);
#1104=FACE_BOUND('',#1014,.T.);
#1105=FACE_BOUND('',#1015,.T.);
#1106=FACE_BOUND('',#1016,.T.);
#1107=FACE_BOUND('',#1017,.T.);
#1108=FACE_BOUND('',#1018,.T.);
#1109=FACE_BOUND('',#1019,.T.);
#1110=FACE_BOUND('',#1020,.T.);
#1111=FACE_BOUND('',#1021,.T.);
#1112=FACE_BOUND('',#1022,.T.);
#1113=FACE_BOUND('',#1023,.T.);
#1114=FACE_BOUND('',#1024,.T.);
#1115=FACE_BOUND('',#1025,.T.);
#1116=FACE_BOUND('',#1026,.T.);
#1117=FACE_BOUND('',#1027,.T.);
#1118=FACE_BOUND('',#1028,.T.);
#1119=FACE_BOUND('',#1029,.T.);
#1120=FACE_BOUND('',#1030,.T.);
#1121=FACE_BOUND('',#1031,.T.);
#1122=FACE_BOUND('',#1032,.T.);
#1123=FACE_BOUND('',#1033,.T.);
#1124=FACE_BOUND('',#1034,.T.);
#1125=FACE_BOUND('',#1035,.T.);
#1126=FACE_BOUND('',#1036,.T.);
#1127=FACE_BOUND('',#1037,.T.);
#1128=FACE_BOUND('',#1038,.T.);
#1129=FACE_BOUND('',#1039,.T.);
#1130=FACE_BOUND('',#1040,.T.);
#1131=FACE_BOUND('',#1041,.T.);
#1132=FACE_BOUND('',#1042,.T.);
#1133=FACE_BOUND('',#1043,.T.);
#1134=FACE_BOUND('',#1044,.T.);
#1135=FACE_BOUND('',#1045,.T.);
#1136=FACE_BOUND('',#1046,.T.);
#1137=FACE_BOUND('',#1047,.T.);
#1138=FACE_BOUND('',#1048,.T.);
#1139=FACE_BOUND('',#1049,.T.);
#1140=FACE_BOUND('',#1050,.T.);
#1141=FACE_BOUND('',#1051,.T.);
#1142=FACE_BOUND('',#1052,.T.);
#1143=FACE_BOUND('',#1053,.T.);
#1144=FACE_BOUND('',#1054,.T.);
#1145=FACE_BOUND('',#1055,.T.);
#1146=FACE_BOUND('',#1056,.T.);
#1147=FACE_BOUND('',#1057,.T.);
#1148=FACE_BOUND('',#1058,.T.);
#1149=FACE_BOUND('',#1059,.T.);
#1150=FACE_BOUND('',#1060,.T.);
#1151=FACE_BOUND('',#1061,.T.);
#1152=FACE_BOUND('',#1062,.T.);
#1153=FACE_BOUND('',#1063,.T.);
#1154=FACE_BOUND('',#1064,.T.);
#1155=FACE_BOUND('',#1065,.T.);
#1156=FACE_BOUND('',#1066,.T.);
#1157=FACE_BOUND('',#1067,.T.);
#1158=FACE_BOUND('',#1068,.T.);
#1159=FACE_BOUND('',#1069,.T.);
#1160=FACE_BOUND('',#1070,.T.);
#1161=FACE_BOUND('',#1071,.T.);
#1162=FACE_BOUND('',#1072,.T.);
#1163=FACE_BOUND('',#1073,.T.);
#1164=FACE_BOUND('',#1074,.T.);
#1165=FACE_BOUND('',#1075,.T.);
#1166=FACE_BOUND('',#1076,.T.);
#1167=FACE_BOUND('',#1077,.T.);
#1168=FACE_BOUND('',#1078,.T.);
#1169=FACE_BOUND('',#1079,.T.);
#1170=FACE_BOUND('',#1080,.T.);
#1171=FACE_BOUND('',#1081,.T.);
#1172=FACE_BOUND('',#1082,.T.);
#1173=FACE_BOUND('',#1083,.T.);
#1174=FACE_BOUND('',#1084,.T.);
#1175=FACE_BOUND('',#1085,.T.);
#1176=FACE_BOUND('',#1086,.T.);
#1177=FACE_BOUND('',#1087,.T.);
#1178=FACE_BOUND('',#1088,.T.);
#1179=FACE_BOUND('',#1089,.T.);
#1180=FACE_BOUND('',#1090,.T.);
#1181=FACE_BOUND('',#1091,.T.);
#1182=FACE_BOUND('',#1092,.T.);
#1183=FACE_BOUND('',#1093,.T.);
#1184=FACE_BOUND('',#1094,.T.);
#1185=FACE_BOUND('',#1095,.T.);
#1186=FACE_BOUND('',#1096,.T.);
#1187=FACE_BOUND('',#1097,.T.);
#1188=FACE_BOUND('',#1098,.T.);
#1189=FACE_BOUND('',#1099,.T.);
#1190=PLANE('',#1321);
#1191=PLANE('',#1322);
#1192=PLANE('',#1329);
#1193=PLANE('',#1330);
#1194=PLANE('',#1331);
#1195=PLANE('',#1332);
#1196=PLANE('',#1345);
#1197=PLANE('',#1346);
#1198=PLANE('',#1349);
#1199=PLANE('',#1350);
#1200=PLANE('',#1353);
#1201=PLANE('',#1354);
#1202=PLANE('',#1357);
#1203=PLANE('',#1360);
#1204=PLANE('',#1361);
#1205=PLANE('',#1362);
#1206=PLANE('',#1365);
#1207=PLANE('',#1366);
#1208=PLANE('',#1369);
#1209=PLANE('',#1370);
#1210=PLANE('',#1373);
#1211=PLANE('',#1376);
#1212=PLANE('',#1377);
#1213=PLANE('',#1380);
#1214=PLANE('',#1381);
#1215=PLANE('',#1382);
#1216=PLANE('',#1383);
#1217=PLANE('',#1384);
#1218=PLANE('',#1385);
#1219=PLANE('',#1386);
#1220=PLANE('',#1387);
#1221=PLANE('',#1394);
#1222=PLANE('',#1395);
#1223=PLANE('',#1396);
#1224=PLANE('',#1399);
#1225=PLANE('',#1400);
#1226=PLANE('',#1401);
#1227=PLANE('',#1402);
#1228=PLANE('',#1403);
#1229=PLANE('',#1406);
#1230=PLANE('',#1407);
#1231=PLANE('',#1408);
#1232=PLANE('',#1409);
#1233=PLANE('',#1410);
#1234=ADVANCED_FACE('',(#1100),#1190,.T.);
#1235=ADVANCED_FACE('',(#1101),#1191,.F.);
#1236=ADVANCED_FACE('',(#1102,#1103),#64,.F.);
#1237=ADVANCED_FACE('',(#1104,#1105),#65,.F.);
#1238=ADVANCED_FACE('',(#1106),#1192,.F.);
#1239=ADVANCED_FACE('',(#1107,#1108,#1109),#1193,.T.);
#1240=ADVANCED_FACE('',(#1110,#1111,#1112),#1194,.F.);
#1241=ADVANCED_FACE('',(#1113,#1114,#1115),#1195,.T.);
#1242=ADVANCED_FACE('',(#1116),#66,.F.);
#1243=ADVANCED_FACE('',(#1117),#1196,.F.);
#1244=ADVANCED_FACE('',(#1118),#1197,.F.);
#1245=ADVANCED_FACE('',(#1119),#67,.T.);
#1246=ADVANCED_FACE('',(#1120),#1198,.T.);
#1247=ADVANCED_FACE('',(#1121),#1199,.T.);
#1248=ADVANCED_FACE('',(#1122),#68,.F.);
#1249=ADVANCED_FACE('',(#1123),#1200,.T.);
#1250=ADVANCED_FACE('',(#1124),#1201,.T.);
#1251=ADVANCED_FACE('',(#1125),#69,.F.);
#1252=ADVANCED_FACE('',(#1126),#1202,.T.);
#1253=ADVANCED_FACE('',(#1127),#70,.F.);
#1254=ADVANCED_FACE('',(#1128),#1203,.F.);
#1255=ADVANCED_FACE('',(#1129),#1204,.F.);
#1256=ADVANCED_FACE('',(#1130),#1205,.F.);
#1257=ADVANCED_FACE('',(#1131),#71,.T.);
#1258=ADVANCED_FACE('',(#1132),#1206,.T.);
#1259=ADVANCED_FACE('',(#1133),#1207,.T.);
#1260=ADVANCED_FACE('',(#1134),#72,.F.);
#1261=ADVANCED_FACE('',(#1135),#1208,.T.);
#1262=ADVANCED_FACE('',(#1136),#1209,.F.);
#1263=ADVANCED_FACE('',(#1137),#73,.F.);
#1264=ADVANCED_FACE('',(#1138),#1210,.F.);
#1265=ADVANCED_FACE('',(#1139),#74,.F.);
#1266=ADVANCED_FACE('',(#1140),#1211,.T.);
#1267=ADVANCED_FACE('',(#1141),#1212,.F.);
#1268=ADVANCED_FACE('',(#1142),#75,.F.);
#1269=ADVANCED_FACE('',(#1143),#1213,.F.);
#1270=ADVANCED_FACE('',(#1144,#1145,#1146),#1214,.F.);
#1271=ADVANCED_FACE('',(#1147),#1215,.F.);
#1272=ADVANCED_FACE('',(#1148),#1216,.F.);
#1273=ADVANCED_FACE('',(#1149),#1217,.F.);
#1274=ADVANCED_FACE('',(#1150),#1218,.F.);
#1275=ADVANCED_FACE('',(#1151),#1219,.F.);
#1276=ADVANCED_FACE('',(#1152),#1220,.F.);
#1277=ADVANCED_FACE('',(#1153,#1154),#76,.F.);
#1278=ADVANCED_FACE('',(#1155,#1156),#77,.F.);
#1279=ADVANCED_FACE('',(#1157),#1221,.T.);
#1280=ADVANCED_FACE('',(#1158,#1159,#1160),#1222,.F.);
#1281=ADVANCED_FACE('',(#1161,#1162,#1163),#1223,.T.);
#1282=ADVANCED_FACE('',(#1164),#28,.T.);
#1283=ADVANCED_FACE('',(#1165),#29,.T.);
#1284=ADVANCED_FACE('',(#1166),#78,.T.);
#1285=ADVANCED_FACE('',(#1167),#79,.F.);
#1286=ADVANCED_FACE('',(#1168),#1224,.F.);
#1287=ADVANCED_FACE('',(#1169),#1225,.F.);
#1288=ADVANCED_FACE('',(#1170),#1226,.T.);
#1289=ADVANCED_FACE('',(#1171),#1227,.F.);
#1290=ADVANCED_FACE('',(#1172),#1228,.T.);
#1291=ADVANCED_FACE('',(#1173),#30,.T.);
#1292=ADVANCED_FACE('',(#1174),#31,.T.);
#1293=ADVANCED_FACE('',(#1175),#80,.T.);
#1294=ADVANCED_FACE('',(#1176),#81,.F.);
#1295=ADVANCED_FACE('',(#1177),#1229,.T.);
#1296=ADVANCED_FACE('',(#1178),#1230,.F.);
#1297=ADVANCED_FACE('',(#1179),#1231,.F.);
#1298=ADVANCED_FACE('',(#1180),#1232,.T.);
#1299=ADVANCED_FACE('',(#1181),#1233,.F.);
#1300=ADVANCED_FACE('',(#1182),#32,.T.);
#1301=ADVANCED_FACE('',(#1183),#33,.T.);
#1302=ADVANCED_FACE('',(#1184),#82,.T.);
#1303=ADVANCED_FACE('',(#1185),#83,.F.);
#1304=ADVANCED_FACE('',(#1186),#34,.T.);
#1305=ADVANCED_FACE('',(#1187),#35,.T.);
#1306=ADVANCED_FACE('',(#1188),#84,.T.);
#1307=ADVANCED_FACE('',(#1189),#85,.F.);
#1308=CLOSED_SHELL('',(#1234,#1235,#1236,#1237,#1238,#1239,#1240,#1241,
#1242,#1243,#1244,#1245,#1246,#1247,#1248,#1249,#1250,#1251,#1252,#1253,
#1254,#1255,#1256,#1257,#1258,#1259,#1260,#1261,#1262,#1263,#1264,#1265,
#1266,#1267,#1268,#1269,#1270,#1271,#1272,#1273,#1274,#1275,#1276,#1277,
#1278,#1279,#1280,#1281,#1282,#1283,#1284,#1285,#1286,#1287,#1288,#1289,
#1290,#1291,#1292,#1293,#1294,#1295,#1296,#1297,#1298,#1299,#1300,#1301,
#1302,#1303,#1304,#1305,#1306,#1307));
#1309=STYLED_ITEM('',(#1310),#1317);
#1310=PRESENTATION_STYLE_ASSIGNMENT((#1311));
#1311=SURFACE_STYLE_USAGE(.BOTH.,#1312);
#1312=SURFACE_SIDE_STYLE('',(#1313));
#1313=SURFACE_STYLE_FILL_AREA(#1314);
#1314=FILL_AREA_STYLE('',(#1315));
#1315=FILL_AREA_STYLE_COLOUR('',#1316);
#1316=COLOUR_RGB('',0.8,0.8,0.8);
#1317=MANIFOLD_SOLID_BREP('Part 1',#1308);
#1318=SHAPE_DEFINITION_REPRESENTATION(#2486,#1319);
#1319=SHAPE_REPRESENTATION('Part 1',(#1320),#2481);
#1320=AXIS2_PLACEMENT_3D('',#1741,#1415,#1416);
#1321=AXIS2_PLACEMENT_3D('',#1742,#1417,#1418);
#1322=AXIS2_PLACEMENT_3D('',#1751,#1423,#1424);
#1323=AXIS2_PLACEMENT_3D('',#1757,#1428,#1429);
#1324=AXIS2_PLACEMENT_3D('',#1758,#1430,#1431);
#1325=AXIS2_PLACEMENT_3D('',#1760,#1432,#1433);
#1326=AXIS2_PLACEMENT_3D('',#1762,#1434,#1435);
#1327=AXIS2_PLACEMENT_3D('',#1763,#1436,#1437);
#1328=AXIS2_PLACEMENT_3D('',#1765,#1438,#1439);
#1329=AXIS2_PLACEMENT_3D('',#1767,#1440,#1441);
#1330=AXIS2_PLACEMENT_3D('',#1773,#1445,#1446);
#1331=AXIS2_PLACEMENT_3D('',#1775,#1448,#1449);
#1332=AXIS2_PLACEMENT_3D('',#1777,#1451,#1452);
#1333=AXIS2_PLACEMENT_3D('',#1781,#1454,#1455);
#1334=AXIS2_PLACEMENT_3D('',#1787,#1458,#1459);
#1335=AXIS2_PLACEMENT_3D('',#1793,#1462,#1463);
#1336=AXIS2_PLACEMENT_3D('',#1799,#1466,#1467);
#1337=AXIS2_PLACEMENT_3D('',#1803,#1469,#1470);
#1338=AXIS2_PLACEMENT_3D('',#1811,#1474,#1475);
#1339=AXIS2_PLACEMENT_3D('',#1817,#1478,#1479);
#1340=AXIS2_PLACEMENT_3D('',#1823,#1482,#1483);
#1341=AXIS2_PLACEMENT_3D('',#1829,#1486,#1487);
#1342=AXIS2_PLACEMENT_3D('',#1833,#1489,#1490);
#1343=AXIS2_PLACEMENT_3D('',#1850,#1499,#1500);
#1344=AXIS2_PLACEMENT_3D('',#1853,#1502,#1503);
#1345=AXIS2_PLACEMENT_3D('',#1856,#1505,#1506);
#1346=AXIS2_PLACEMENT_3D('',#1860,#1509,#1510);
#1347=AXIS2_PLACEMENT_3D('',#1864,#1513,#1514);
#1348=AXIS2_PLACEMENT_3D('',#1865,#1515,#1516);
#1349=AXIS2_PLACEMENT_3D('',#1868,#1518,#1519);
#1350=AXIS2_PLACEMENT_3D('',#1872,#1522,#1523);
#1351=AXIS2_PLACEMENT_3D('',#1876,#1526,#1527);
#1352=AXIS2_PLACEMENT_3D('',#1877,#1528,#1529);
#1353=AXIS2_PLACEMENT_3D('',#1880,#1531,#1532);
#1354=AXIS2_PLACEMENT_3D('',#1884,#1535,#1536);
#1355=AXIS2_PLACEMENT_3D('',#1888,#1539,#1540);
#1356=AXIS2_PLACEMENT_3D('',#1889,#1541,#1542);
#1357=AXIS2_PLACEMENT_3D('',#1892,#1544,#1545);
#1358=AXIS2_PLACEMENT_3D('',#1896,#1548,#1549);
#1359=AXIS2_PLACEMENT_3D('',#1897,#1550,#1551);
#1360=AXIS2_PLACEMENT_3D('',#1900,#1553,#1554);
#1361=AXIS2_PLACEMENT_3D('',#1904,#1557,#1558);
#1362=AXIS2_PLACEMENT_3D('',#1910,#1562,#1563);
#1363=AXIS2_PLACEMENT_3D('',#1914,#1566,#1567);
#1364=AXIS2_PLACEMENT_3D('',#1915,#1568,#1569);
#1365=AXIS2_PLACEMENT_3D('',#1918,#1571,#1572);
#1366=AXIS2_PLACEMENT_3D('',#1922,#1575,#1576);
#1367=AXIS2_PLACEMENT_3D('',#1926,#1579,#1580);
#1368=AXIS2_PLACEMENT_3D('',#1927,#1581,#1582);
#1369=AXIS2_PLACEMENT_3D('',#1930,#1584,#1585);
#1370=AXIS2_PLACEMENT_3D('',#1934,#1588,#1589);
#1371=AXIS2_PLACEMENT_3D('',#1938,#1592,#1593);
#1372=AXIS2_PLACEMENT_3D('',#1939,#1594,#1595);
#1373=AXIS2_PLACEMENT_3D('',#1942,#1597,#1598);
#1374=AXIS2_PLACEMENT_3D('',#1946,#1601,#1602);
#1375=AXIS2_PLACEMENT_3D('',#1947,#1603,#1604);
#1376=AXIS2_PLACEMENT_3D('',#1950,#1606,#1607);
#1377=AXIS2_PLACEMENT_3D('',#1954,#1610,#1611);
#1378=AXIS2_PLACEMENT_3D('',#1958,#1614,#1615);
#1379=AXIS2_PLACEMENT_3D('',#1959,#1616,#1617);
#1380=AXIS2_PLACEMENT_3D('',#1960,#1618,#1619);
#1381=AXIS2_PLACEMENT_3D('',#1962,#1621,#1622);
#1382=AXIS2_PLACEMENT_3D('',#1979,#1631,#1632);
#1383=AXIS2_PLACEMENT_3D('',#1982,#1635,#1636);
#1384=AXIS2_PLACEMENT_3D('',#1985,#1639,#1640);
#1385=AXIS2_PLACEMENT_3D('',#1988,#1643,#1644);
#1386=AXIS2_PLACEMENT_3D('',#1991,#1647,#1648);
#1387=AXIS2_PLACEMENT_3D('',#2000,#1653,#1654);
#1388=AXIS2_PLACEMENT_3D('',#2006,#1658,#1659);
#1389=AXIS2_PLACEMENT_3D('',#2007,#1660,#1661);
#1390=AXIS2_PLACEMENT_3D('',#2009,#1662,#1663);
#1391=AXIS2_PLACEMENT_3D('',#2011,#1664,#1665);
#1392=AXIS2_PLACEMENT_3D('',#2012,#1666,#1667);
#1393=AXIS2_PLACEMENT_3D('',#2014,#1668,#1669);
#1394=AXIS2_PLACEMENT_3D('',#2016,#1670,#1671);
#1395=AXIS2_PLACEMENT_3D('',#2022,#1675,#1676);
#1396=AXIS2_PLACEMENT_3D('',#2024,#1678,#1679);
#1397=AXIS2_PLACEMENT_3D('',#2125,#1681,#1682);
#1398=AXIS2_PLACEMENT_3D('',#2126,#1683,#1684);
#1399=AXIS2_PLACEMENT_3D('',#2127,#1685,#1686);
#1400=AXIS2_PLACEMENT_3D('',#2136,#1691,#1692);
#1401=AXIS2_PLACEMENT_3D('',#2142,#1696,#1697);
#1402=AXIS2_PLACEMENT_3D('',#2148,#1701,#1702);
#1403=AXIS2_PLACEMENT_3D('',#2150,#1704,#1705);
#1404=AXIS2_PLACEMENT_3D('',#2251,#1707,#1708);
#1405=AXIS2_PLACEMENT_3D('',#2252,#1709,#1710);
#1406=AXIS2_PLACEMENT_3D('',#2253,#1711,#1712);
#1407=AXIS2_PLACEMENT_3D('',#2262,#1717,#1718);
#1408=AXIS2_PLACEMENT_3D('',#2268,#1722,#1723);
#1409=AXIS2_PLACEMENT_3D('',#2274,#1727,#1728);
#1410=AXIS2_PLACEMENT_3D('',#2276,#1730,#1731);
#1411=AXIS2_PLACEMENT_3D('',#2377,#1733,#1734);
#1412=AXIS2_PLACEMENT_3D('',#2378,#1735,#1736);
#1413=AXIS2_PLACEMENT_3D('',#2478,#1737,#1738);
#1414=AXIS2_PLACEMENT_3D('',#2479,#1739,#1740);
#1415=DIRECTION('',(0.,0.,1.));
#1416=DIRECTION('',(1.,0.,0.));
#1417=DIRECTION('',(1.,0.,0.));
#1418=DIRECTION('',(0.,0.,-1.));
#1419=DIRECTION('',(0.,1.,0.));
#1420=DIRECTION('',(0.,0.,-1.));
#1421=DIRECTION('',(0.,-1.,0.));
#1422=DIRECTION('',(0.,0.,-1.));
#1423=DIRECTION('',(0.,0.,1.));
#1424=DIRECTION('',(1.,0.,0.));
#1425=DIRECTION('',(1.,0.,0.));
#1426=DIRECTION('',(0.,1.,0.));
#1427=DIRECTION('',(1.,0.,0.));
#1428=DIRECTION('',(0.,1.,0.));
#1429=DIRECTION('',(0.,0.,1.));
#1430=DIRECTION('',(0.,1.,0.));
#1431=DIRECTION('',(0.,0.,1.));
#1432=DIRECTION('',(0.,1.,0.));
#1433=DIRECTION('',(0.,0.,1.));
#1434=DIRECTION('',(0.,1.,0.));
#1435=DIRECTION('',(0.,0.,1.));
#1436=DIRECTION('',(0.,1.,0.));
#1437=DIRECTION('',(0.,0.,1.));
#1438=DIRECTION('',(0.,1.,0.));
#1439=DIRECTION('',(0.,0.,1.));
#1440=DIRECTION('',(1.,0.,0.));
#1441=DIRECTION('',(0.,0.,-1.));
#1442=DIRECTION('',(0.,0.,1.));
#1443=DIRECTION('',(0.,-1.,0.));
#1444=DIRECTION('',(0.,0.,1.));
#1445=DIRECTION('',(0.,1.,0.));
#1446=DIRECTION('',(0.,0.,1.));
#1447=DIRECTION('',(1.,0.,0.));
#1448=DIRECTION('',(0.,1.,0.));
#1449=DIRECTION('',(0.,0.,1.));
#1450=DIRECTION('',(1.,0.,0.));
#1451=DIRECTION('',(0.,0.,1.));
#1452=DIRECTION('',(1.,0.,0.));
#1453=DIRECTION('',(0.,1.,0.));
#1454=DIRECTION('',(0.,0.,1.));
#1455=DIRECTION('',(1.,0.,0.));
#1456=DIRECTION('',(1.,0.,0.));
#1457=DIRECTION('',(0.,1.,0.));
#1458=DIRECTION('',(0.,0.,1.));
#1459=DIRECTION('',(1.,0.,0.));
#1460=DIRECTION('',(0.,1.,0.));
#1461=DIRECTION('',(1.,0.,0.));
#1462=DIRECTION('',(0.,0.,1.));
#1463=DIRECTION('',(1.,0.,0.));
#1464=DIRECTION('',(0.,1.,0.));
#1465=DIRECTION('',(1.,0.,0.));
#1466=DIRECTION('',(0.,0.,1.));
#1467=DIRECTION('',(1.,0.,0.));
#1468=DIRECTION('',(0.,1.,0.));
#1469=DIRECTION('',(0.,0.,1.));
#1470=DIRECTION('',(1.,0.,0.));
#1471=DIRECTION('',(1.,0.,0.));
#1472=DIRECTION('',(1.,0.,0.));
#1473=DIRECTION('',(0.,1.,0.));
#1474=DIRECTION('',(0.,0.,1.));
#1475=DIRECTION('',(1.,0.,0.));
#1476=DIRECTION('',(1.,0.,0.));
#1477=DIRECTION('',(0.,1.,0.));
#1478=DIRECTION('',(0.,0.,1.));
#1479=DIRECTION('',(1.,0.,0.));
#1480=DIRECTION('',(0.,1.,0.));
#1481=DIRECTION('',(1.,0.,0.));
#1482=DIRECTION('',(0.,0.,1.));
#1483=DIRECTION('',(1.,0.,0.));
#1484=DIRECTION('',(0.,1.,0.));
#1485=DIRECTION('',(1.,0.,0.));
#1486=DIRECTION('',(0.,0.,1.));
#1487=DIRECTION('',(1.,0.,0.));
#1488=DIRECTION('',(0.,1.,0.));
#1489=DIRECTION('',(0.,0.,1.));
#1490=DIRECTION('',(1.,0.,0.));
#1491=DIRECTION('',(-7.77902904025474E-17,1.,0.));
#1492=DIRECTION('',(-0.707106781186548,0.707106781186548,4.32978028117746E-17));
#1493=DIRECTION('',(-1.,0.,0.));
#1494=DIRECTION('',(-0.707106781186548,-0.707106781186548,4.32978028117747E-17));
#1495=DIRECTION('',(7.77902904025474E-17,-1.,0.));
#1496=DIRECTION('',(0.707106781186591,-0.707106781186504,0.));
#1497=DIRECTION('',(1.,0.,0.));
#1498=DIRECTION('',(0.707106781186591,0.707106781186504,0.));
#1499=DIRECTION('',(0.,0.,1.));
#1500=DIRECTION('',(1.,0.,0.));
#1501=DIRECTION('',(0.,0.,1.));
#1502=DIRECTION('',(0.,0.,1.));
#1503=DIRECTION('',(1.,0.,0.));
#1504=DIRECTION('',(0.,0.,1.));
#1505=DIRECTION('',(0.,-1.,0.));
#1506=DIRECTION('',(1.,0.,0.));
#1507=DIRECTION('',(1.,0.,0.));
#1508=DIRECTION('',(0.,0.,1.));
#1509=DIRECTION('',(1.,6.14943408542128E-16,0.));
#1510=DIRECTION('',(-6.14943408542128E-16,1.,0.));
#1511=DIRECTION('',(-6.14943408542128E-16,1.,0.));
#1512=DIRECTION('',(0.,0.,1.));
#1513=DIRECTION('',(0.,0.,1.));
#1514=DIRECTION('',(1.,0.,0.));
#1515=DIRECTION('',(0.,0.,1.));
#1516=DIRECTION('',(1.,0.,0.));
#1517=DIRECTION('',(0.,0.,1.));
#1518=DIRECTION('',(-1.,7.34932366306446E-16,0.));
#1519=DIRECTION('',(-7.34932366306446E-16,-1.,0.));
#1520=DIRECTION('',(-7.34932366306446E-16,-1.,0.));
#1521=DIRECTION('',(0.,0.,1.));
#1522=DIRECTION('',(0.,-1.,0.));
#1523=DIRECTION('',(1.,0.,0.));
#1524=DIRECTION('',(1.,0.,0.));
#1525=DIRECTION('',(0.,0.,1.));
#1526=DIRECTION('',(0.,0.,1.));
#1527=DIRECTION('',(1.,0.,0.));
#1528=DIRECTION('',(0.,0.,1.));
#1529=DIRECTION('',(1.,0.,0.));
#1530=DIRECTION('',(0.,0.,1.));
#1531=DIRECTION('',(-1.,-5.42101086242753E-16,0.));
#1532=DIRECTION('',(5.42101086242753E-16,-1.,0.));
#1533=DIRECTION('',(5.42101086242753E-16,-1.,0.));
#1534=DIRECTION('',(0.,0.,1.));
#1535=DIRECTION('',(0.,1.,0.));
#1536=DIRECTION('',(-1.,0.,0.));
#1537=DIRECTION('',(-1.,0.,0.));
#1538=DIRECTION('',(0.,0.,1.));
#1539=DIRECTION('',(0.,0.,1.));
#1540=DIRECTION('',(1.,0.,0.));
#1541=DIRECTION('',(0.,0.,1.));
#1542=DIRECTION('',(1.,0.,0.));
#1543=DIRECTION('',(0.,0.,1.));
#1544=DIRECTION('',(1.,9.47936325670387E-17,0.));
#1545=DIRECTION('',(-9.47936325670387E-17,1.,0.));
#1546=DIRECTION('',(-9.47936325670387E-17,1.,0.));
#1547=DIRECTION('',(0.,0.,1.));
#1548=DIRECTION('',(0.,0.,1.));
#1549=DIRECTION('',(1.,0.,0.));
#1550=DIRECTION('',(0.,0.,1.));
#1551=DIRECTION('',(1.,0.,0.));
#1552=DIRECTION('',(0.,0.,1.));
#1553=DIRECTION('',(0.,1.,0.));
#1554=DIRECTION('',(-1.,0.,0.));
#1555=DIRECTION('',(-1.,0.,0.));
#1556=DIRECTION('',(0.,0.,1.));
#1557=DIRECTION('',(0.,1.,0.));
#1558=DIRECTION('',(-1.,0.,0.));
#1559=DIRECTION('',(0.,0.,1.));
#1560=DIRECTION('',(-1.,0.,0.));
#1561=DIRECTION('',(0.,0.,1.));
#1562=DIRECTION('',(-1.,-4.79955831057271E-16,0.));
#1563=DIRECTION('',(4.79955831057271E-16,-1.,0.));
#1564=DIRECTION('',(4.79955831057271E-16,-1.,0.));
#1565=DIRECTION('',(0.,0.,1.));
#1566=DIRECTION('',(0.,0.,1.));
#1567=DIRECTION('',(1.,0.,0.));
#1568=DIRECTION('',(0.,0.,1.));
#1569=DIRECTION('',(1.,0.,0.));
#1570=DIRECTION('',(0.,0.,1.));
#1571=DIRECTION('',(1.,-6.14943408542128E-16,0.));
#1572=DIRECTION('',(6.14943408542128E-16,1.,0.));
#1573=DIRECTION('',(6.14943408542128E-16,1.,0.));
#1574=DIRECTION('',(0.,0.,1.));
#1575=DIRECTION('',(0.,1.,0.));
#1576=DIRECTION('',(-1.,0.,0.));
#1577=DIRECTION('',(-1.,0.,0.));
#1578=DIRECTION('',(0.,0.,1.));
#1579=DIRECTION('',(0.,0.,1.));
#1580=DIRECTION('',(1.,0.,0.));
#1581=DIRECTION('',(0.,0.,1.));
#1582=DIRECTION('',(1.,0.,0.));
#1583=DIRECTION('',(0.,0.,1.));
#1584=DIRECTION('',(1.,5.42101086242753E-16,0.));
#1585=DIRECTION('',(-5.42101086242753E-16,1.,0.));
#1586=DIRECTION('',(-5.42101086242753E-16,1.,0.));
#1587=DIRECTION('',(0.,0.,1.));
#1588=DIRECTION('',(0.,1.,0.));
#1589=DIRECTION('',(-1.,0.,0.));
#1590=DIRECTION('',(-1.,0.,0.));
#1591=DIRECTION('',(0.,0.,1.));
#1592=DIRECTION('',(0.,0.,1.));
#1593=DIRECTION('',(1.,0.,0.));
#1594=DIRECTION('',(0.,0.,1.));
#1595=DIRECTION('',(1.,0.,0.));
#1596=DIRECTION('',(0.,0.,1.));
#1597=DIRECTION('',(1.,9.47936325670387E-17,0.));
#1598=DIRECTION('',(-9.47936325670387E-17,1.,0.));
#1599=DIRECTION('',(-9.47936325670387E-17,1.,0.));
#1600=DIRECTION('',(0.,0.,1.));
#1601=DIRECTION('',(0.,0.,1.));
#1602=DIRECTION('',(1.,0.,0.));
#1603=DIRECTION('',(0.,0.,1.));
#1604=DIRECTION('',(1.,0.,0.));
#1605=DIRECTION('',(0.,0.,1.));
#1606=DIRECTION('',(0.,1.,0.));
#1607=DIRECTION('',(-1.,0.,0.));
#1608=DIRECTION('',(-1.,0.,0.));
#1609=DIRECTION('',(0.,0.,1.));
#1610=DIRECTION('',(-1.,6.77626357803441E-16,0.));
#1611=DIRECTION('',(-6.77626357803441E-16,-1.,0.));
#1612=DIRECTION('',(-6.77626357803441E-16,-1.,0.));
#1613=DIRECTION('',(0.,0.,1.));
#1614=DIRECTION('',(0.,0.,1.));
#1615=DIRECTION('',(1.,0.,0.));
#1616=DIRECTION('',(0.,0.,1.));
#1617=DIRECTION('',(1.,0.,0.));
#1618=DIRECTION('',(1.,-5.42101086242753E-16,0.));
#1619=DIRECTION('',(5.42101086242753E-16,1.,0.));
#1620=DIRECTION('',(5.42101086242753E-16,1.,0.));
#1621=DIRECTION('',(0.,0.,1.));
#1622=DIRECTION('',(1.,0.,0.));
#1623=DIRECTION('',(-1.,0.,0.));
#1624=DIRECTION('',(0.707106781186548,-0.707106781186548,0.));
#1625=DIRECTION('',(-7.77902904025474E-17,1.,0.));
#1626=DIRECTION('',(-0.707106781186591,-0.707106781186504,0.));
#1627=DIRECTION('',(1.,0.,0.));
#1628=DIRECTION('',(-0.707106781186591,0.707106781186504,0.));
#1629=DIRECTION('',(7.77902904025474E-17,-1.,0.));
#1630=DIRECTION('',(0.707106781186548,0.707106781186548,0.));
#1631=DIRECTION('',(0.707106781186548,-0.707106781186548,4.32978028117747E-17));
#1632=DIRECTION('',(-0.707106781186548,-0.707106781186548,4.32978028117747E-17));
#1633=DIRECTION('',(0.,-6.12323399573677E-17,-1.));
#1634=DIRECTION('',(0.,-6.12323399573677E-17,-1.));
#1635=DIRECTION('',(0.707106781186504,0.707106781186591,0.));
#1636=DIRECTION('',(0.707106781186591,-0.707106781186504,4.3297802811772E-17));
#1637=DIRECTION('',(0.,0.,-1.));
#1638=DIRECTION('',(0.,0.,-1.));
#1639=DIRECTION('',(-0.707106781186504,0.707106781186591,0.));
#1640=DIRECTION('',(0.707106781186591,0.707106781186504,-4.3297802811772E-17));
#1641=DIRECTION('',(0.,0.,-1.));
#1642=DIRECTION('',(0.,0.,-1.));
#1643=DIRECTION('',(-0.707106781186548,-0.707106781186548,4.32978028117747E-17));
#1644=DIRECTION('',(-0.707106781186548,0.707106781186548,-4.32978028117747E-17));
#1645=DIRECTION('',(-6.12323399573677E-17,-1.23259516440783E-32,-1.));
#1646=DIRECTION('',(-6.12323399573677E-17,-1.23259516440783E-32,-1.));
#1647=DIRECTION('',(1.,0.,0.));
#1648=DIRECTION('',(0.,0.,-1.));
#1649=DIRECTION('',(0.,1.,0.));
#1650=DIRECTION('',(0.,0.,1.));
#1651=DIRECTION('',(0.,-1.,0.));
#1652=DIRECTION('',(0.,0.,1.));
#1653=DIRECTION('',(0.,0.,1.));
#1654=DIRECTION('',(1.,0.,0.));
#1655=DIRECTION('',(1.,0.,0.));
#1656=DIRECTION('',(0.,1.,0.));
#1657=DIRECTION('',(1.,0.,0.));
#1658=DIRECTION('',(0.,1.,0.));
#1659=DIRECTION('',(0.,0.,1.));
#1660=DIRECTION('',(0.,1.,0.));
#1661=DIRECTION('',(0.,0.,1.));
#1662=DIRECTION('',(0.,1.,0.));
#1663=DIRECTION('',(0.,0.,1.));
#1664=DIRECTION('',(0.,1.,0.));
#1665=DIRECTION('',(0.,0.,1.));
#1666=DIRECTION('',(0.,1.,0.));
#1667=DIRECTION('',(0.,0.,1.));
#1668=DIRECTION('',(0.,1.,0.));
#1669=DIRECTION('',(0.,0.,1.));
#1670=DIRECTION('',(1.,0.,0.));
#1671=DIRECTION('',(0.,0.,-1.));
#1672=DIRECTION('',(0.,0.,-1.));
#1673=DIRECTION('',(0.,-1.,0.));
#1674=DIRECTION('',(0.,0.,-1.));
#1675=DIRECTION('',(0.,1.,0.));
#1676=DIRECTION('',(0.,0.,1.));
#1677=DIRECTION('',(1.,0.,0.));
#1678=DIRECTION('',(0.,1.,0.));
#1679=DIRECTION('',(0.,0.,1.));
#1680=DIRECTION('',(1.,0.,0.));
#1681=DIRECTION('',(1.,0.,0.));
#1682=DIRECTION('',(0.,-0.707106781186548,0.707106781186548));
#1683=DIRECTION('',(1.,0.,0.));
#1684=DIRECTION('',(0.,-0.707106781186548,0.707106781186548));
#1685=DIRECTION('',(7.77902904025474E-17,-1.,0.));
#1686=DIRECTION('',(0.,0.,-1.));
#1687=DIRECTION('',(1.,7.77902904025474E-17,0.));
#1688=DIRECTION('',(0.,0.,1.));
#1689=DIRECTION('',(-1.,-7.77902904025474E-17,0.));
#1690=DIRECTION('',(0.,0.,1.));
#1691=DIRECTION('',(0.,0.,1.));
#1692=DIRECTION('',(7.77902904025474E-17,-1.,0.));
#1693=DIRECTION('',(7.77902904025474E-17,-1.,0.));
#1694=DIRECTION('',(1.,7.77902904025474E-17,0.));
#1695=DIRECTION('',(-7.77902904025474E-17,1.,0.));
#1696=DIRECTION('',(7.77902904025474E-17,-1.,0.));
#1697=DIRECTION('',(0.,0.,-1.));
#1698=DIRECTION('',(0.,0.,-1.));
#1699=DIRECTION('',(-1.,-7.77902904025474E-17,0.));
#1700=DIRECTION('',(0.,0.,-1.));
#1701=DIRECTION('',(1.,7.77902904025474E-17,0.));
#1702=DIRECTION('',(-7.77902904025474E-17,1.,0.));
#1703=DIRECTION('',(7.77902904025474E-17,-1.,0.));
#1704=DIRECTION('',(1.,7.77902904025474E-17,0.));
#1705=DIRECTION('',(-7.77902904025474E-17,1.,0.));
#1706=DIRECTION('',(7.77902904025474E-17,-1.,0.));
#1707=DIRECTION('',(1.16685435603821E-16,-1.,0.));
#1708=DIRECTION('',(-0.707106781186548,-8.25090627811681E-17,0.707106781186548));
#1709=DIRECTION('',(1.16685435603821E-16,-1.,0.));
#1710=DIRECTION('',(-0.707106781186548,-8.25090627811681E-17,0.707106781186548));
#1711=DIRECTION('',(7.77902904025474E-17,-1.,0.));
#1712=DIRECTION('',(0.,0.,-1.));
#1713=DIRECTION('',(1.,7.77902904025474E-17,0.));
#1714=DIRECTION('',(0.,0.,-1.));
#1715=DIRECTION('',(-1.,-7.77902904025474E-17,0.));
#1716=DIRECTION('',(0.,0.,-1.));
#1717=DIRECTION('',(0.,0.,1.));
#1718=DIRECTION('',(7.77902904025474E-17,-1.,0.));
#1719=DIRECTION('',(7.77902904025474E-17,-1.,0.));
#1720=DIRECTION('',(1.,7.77902904025474E-17,0.));
#1721=DIRECTION('',(-7.77902904025474E-17,1.,0.));
#1722=DIRECTION('',(7.77902904025474E-17,-1.,0.));
#1723=DIRECTION('',(0.,0.,-1.));
#1724=DIRECTION('',(0.,0.,1.));
#1725=DIRECTION('',(-1.,-7.77902904025474E-17,0.));
#1726=DIRECTION('',(0.,0.,1.));
#1727=DIRECTION('',(1.,7.77902904025474E-17,0.));
#1728=DIRECTION('',(-7.77902904025474E-17,1.,0.));
#1729=DIRECTION('',(7.77902904025474E-17,-1.,0.));
#1730=DIRECTION('',(1.,7.77902904025474E-17,0.));
#1731=DIRECTION('',(-7.77902904025474E-17,1.,0.));
#1732=DIRECTION('',(7.77902904025474E-17,-1.,0.));
#1733=DIRECTION('',(7.77902904025474E-17,-1.,0.));
#1734=DIRECTION('',(0.707106781186548,5.50060418541121E-17,0.707106781186548));
#1735=DIRECTION('',(7.77902904025474E-17,-1.,0.));
#1736=DIRECTION('',(0.707106781186548,5.50060418541121E-17,0.707106781186548));
#1737=DIRECTION('',(1.,0.,0.));
#1738=DIRECTION('',(0.,0.707106781186548,0.707106781186548));
#1739=DIRECTION('',(1.,0.,0.));
#1740=DIRECTION('',(0.,0.707106781186548,0.707106781186548));
#1741=CARTESIAN_POINT('',(0.,0.,0.));
#1742=CARTESIAN_POINT('',(0.00663,0.01115,0.0015));
#1743=CARTESIAN_POINT('',(0.00663,0.01115,0.0013));
#1744=CARTESIAN_POINT('',(0.00663,0.01115,0.0013));
#1745=CARTESIAN_POINT('',(0.00663,0.01135,0.0013));
#1746=CARTESIAN_POINT('',(0.00663,0.01115,0.0015));
#1747=CARTESIAN_POINT('',(0.00663,0.01115,0.));
#1748=CARTESIAN_POINT('',(0.00663,0.01115,0.));
#1749=CARTESIAN_POINT('',(0.00663,0.01135,0.));
#1750=CARTESIAN_POINT('',(0.00663,0.01135,0.0015));
#1751=CARTESIAN_POINT('',(8.67361737988404E-19,0.01115,0.));
#1752=CARTESIAN_POINT('',(8.67361737988404E-19,0.01115,0.));
#1753=CARTESIAN_POINT('',(-0.00663,0.01115,0.));
#1754=CARTESIAN_POINT('',(-0.00663,0.01115,0.));
#1755=CARTESIAN_POINT('',(-0.00663,0.01135,0.));
#1756=CARTESIAN_POINT('',(8.67361737988404E-19,0.01135,0.));
#1757=CARTESIAN_POINT('',(-0.003,0.01115,0.00075));
#1758=CARTESIAN_POINT('',(-0.003,0.01135,0.00075));
#1759=CARTESIAN_POINT('',(-0.003,0.01135,0.0011));
#1760=CARTESIAN_POINT('',(-0.003,0.01115,0.00075));
#1761=CARTESIAN_POINT('',(-0.003,0.01115,0.0011));
#1762=CARTESIAN_POINT('',(0.003,0.01115,0.00075));
#1763=CARTESIAN_POINT('',(0.003,0.01135,0.00075));
#1764=CARTESIAN_POINT('',(0.003,0.01135,0.0011));
#1765=CARTESIAN_POINT('',(0.003,0.01115,0.00075));
#1766=CARTESIAN_POINT('',(0.003,0.01115,0.0011));
#1767=CARTESIAN_POINT('',(-0.00663,0.01115,0.0015));
#1768=CARTESIAN_POINT('',(-0.00663,0.01115,0.0015));
#1769=CARTESIAN_POINT('',(-0.00663,0.01115,0.0013));
#1770=CARTESIAN_POINT('',(-0.00663,0.01115,0.0013));
#1771=CARTESIAN_POINT('',(-0.00663,0.01135,0.0013));
#1772=CARTESIAN_POINT('',(-0.00663,0.01135,0.0015));
#1773=CARTESIAN_POINT('',(8.67361737988404E-19,0.01135,0.0015));
#1774=CARTESIAN_POINT('',(8.67361737988404E-19,0.01135,0.0013));
#1775=CARTESIAN_POINT('',(8.67361737988404E-19,0.01115,0.0015));
#1776=CARTESIAN_POINT('',(8.67361737988404E-19,0.01115,0.0013));
#1777=CARTESIAN_POINT('',(3.46944695195361E-18,-1.7347234759768E-18,0.0017));
#1778=CARTESIAN_POINT('',(0.00025,-1.7347234759768E-18,0.0017));
#1779=CARTESIAN_POINT('',(0.00025,-0.00975,0.0017));
#1780=CARTESIAN_POINT('',(0.000249999999999996,-0.01015,0.0017));
#1781=CARTESIAN_POINT('',(0.00065,-0.00975,0.0017));
#1782=CARTESIAN_POINT('',(0.00065,-0.00935,0.0017));
#1783=CARTESIAN_POINT('',(3.46944695195361E-18,-0.00935,0.0017));
#1784=CARTESIAN_POINT('',(0.00075,-0.00935,0.0017));
#1785=CARTESIAN_POINT('',(0.00075,-1.7347234759768E-18,0.0017));
#1786=CARTESIAN_POINT('',(0.00075,-0.00212132034355965,0.0017));
#1787=CARTESIAN_POINT('',(-5.42101086242752E-20,-1.0842021724855E-18,0.0017));
#1788=CARTESIAN_POINT('',(0.00075,0.00212132034355965,0.0017));
#1789=CARTESIAN_POINT('',(0.00075,-1.7347234759768E-18,0.0017));
#1790=CARTESIAN_POINT('',(0.00075,0.00935,0.0017));
#1791=CARTESIAN_POINT('',(3.46944695195361E-18,0.00935,0.0017));
#1792=CARTESIAN_POINT('',(0.00065,0.00935,0.0017));
#1793=CARTESIAN_POINT('',(0.00065,0.00975,0.0017));
#1794=CARTESIAN_POINT('',(0.00025,0.00975,0.0017));
#1795=CARTESIAN_POINT('',(0.00025,-1.7347234759768E-18,0.0017));
#1796=CARTESIAN_POINT('',(0.000249999999999998,0.01015,0.0017));
#1797=CARTESIAN_POINT('',(3.46944695195361E-18,0.01015,0.0017));
#1798=CARTESIAN_POINT('',(0.00465,0.01015,0.0017));
#1799=CARTESIAN_POINT('',(0.00465,0.00915,0.0017));
#1800=CARTESIAN_POINT('',(0.00565,0.00915,0.0017));
#1801=CARTESIAN_POINT('',(0.00565,-1.7347234759768E-18,0.0017));
#1802=CARTESIAN_POINT('',(0.00565,-0.00915,0.0017));
#1803=CARTESIAN_POINT('',(0.00465,-0.00915,0.0017));
#1804=CARTESIAN_POINT('',(0.00465,-0.01015,0.0017));
#1805=CARTESIAN_POINT('',(3.46944695195361E-18,-0.01015,0.0017));
#1806=CARTESIAN_POINT('',(3.46944695195361E-18,0.01015,0.0017));
#1807=CARTESIAN_POINT('',(-0.000249999999999998,0.01015,0.0017));
#1808=CARTESIAN_POINT('',(-0.00465,0.01015,0.0017));
#1809=CARTESIAN_POINT('',(-0.000249999999999998,-1.7347234759768E-18,0.0017));
#1810=CARTESIAN_POINT('',(-0.000249999999999998,0.00975,0.0017));
#1811=CARTESIAN_POINT('',(-0.00065,0.00975,0.0017));
#1812=CARTESIAN_POINT('',(-0.00065,0.00935,0.0017));
#1813=CARTESIAN_POINT('',(3.46944695195361E-18,0.00935,0.0017));
#1814=CARTESIAN_POINT('',(-0.00075,0.00935,0.0017));
#1815=CARTESIAN_POINT('',(-0.00075,-1.7347234759768E-18,0.0017));
#1816=CARTESIAN_POINT('',(-0.00075,0.00212132034355965,0.0017));
#1817=CARTESIAN_POINT('',(-3.79470760369927E-19,8.67361737988404E-19,0.0017));
#1818=CARTESIAN_POINT('',(-0.00075,-0.00212132034355965,0.0017));
#1819=CARTESIAN_POINT('',(-0.00075,-1.7347234759768E-18,0.0017));
#1820=CARTESIAN_POINT('',(-0.00075,-0.00935,0.0017));
#1821=CARTESIAN_POINT('',(3.46944695195361E-18,-0.00935,0.0017));
#1822=CARTESIAN_POINT('',(-0.00065,-0.00935,0.0017));
#1823=CARTESIAN_POINT('',(-0.00065,-0.00975,0.0017));
#1824=CARTESIAN_POINT('',(-0.00025,-0.00975,0.0017));
#1825=CARTESIAN_POINT('',(-0.00025,-1.7347234759768E-18,0.0017));
#1826=CARTESIAN_POINT('',(-0.00025,-0.01015,0.0017));
#1827=CARTESIAN_POINT('',(3.46944695195361E-18,-0.01015,0.0017));
#1828=CARTESIAN_POINT('',(-0.00465,-0.01015,0.0017));
#1829=CARTESIAN_POINT('',(-0.00465,-0.00915,0.0017));
#1830=CARTESIAN_POINT('',(-0.00565,-0.00915,0.0017));
#1831=CARTESIAN_POINT('',(-0.00565,-1.7347234759768E-18,0.0017));
#1832=CARTESIAN_POINT('',(-0.00565,0.00915,0.0017));
#1833=CARTESIAN_POINT('',(-0.00465,0.00915,0.0017));
#1834=CARTESIAN_POINT('',(0.00645,-1.75028153405731E-18,0.0017));
#1835=CARTESIAN_POINT('',(0.00645,0.0109358578643763,0.0017));
#1836=CARTESIAN_POINT('',(0.00645,-0.0109358578643763,0.0017));
#1837=CARTESIAN_POINT('',(0.00644292893218814,0.0109429289321881,0.0017));
#1838=CARTESIAN_POINT('',(0.00643585786437627,0.01095,0.0017));
#1839=CARTESIAN_POINT('',(8.67361737988404E-19,0.01095,0.0017));
#1840=CARTESIAN_POINT('',(-0.00643585786437627,0.01095,0.0017));
#1841=CARTESIAN_POINT('',(-0.00644292893218814,0.0109429289321881,0.0017));
#1842=CARTESIAN_POINT('',(-0.00645,0.0109358578643763,0.0017));
#1843=CARTESIAN_POINT('',(-0.00645,-2.23647084907324E-18,0.0017));
#1844=CARTESIAN_POINT('',(-0.00645,-0.0109358578643763,0.0017));
#1845=CARTESIAN_POINT('',(-0.00644292893218813,-0.0109429289321881,0.0017));
#1846=CARTESIAN_POINT('',(-0.00643585786437627,-0.01095,0.0017));
#1847=CARTESIAN_POINT('',(3.46944695195361E-18,-0.01095,0.0017));
#1848=CARTESIAN_POINT('',(0.00643585786437627,-0.01095,0.0017));
#1849=CARTESIAN_POINT('',(0.00644292893218814,-0.0109429289321881,0.0017));
#1850=CARTESIAN_POINT('',(-0.00065,0.00975,0.0015));
#1851=CARTESIAN_POINT('',(-0.000249999999999998,0.00975,0.0015));
#1852=CARTESIAN_POINT('',(-0.000249999999999998,0.00975,0.0015));
#1853=CARTESIAN_POINT('',(-0.00065,0.00975,0.0015));
#1854=CARTESIAN_POINT('',(-0.00065,0.00935,0.0015));
#1855=CARTESIAN_POINT('',(-0.00065,0.00935,0.0015));
#1856=CARTESIAN_POINT('',(3.46944695195361E-18,0.00935,0.0015));
#1857=CARTESIAN_POINT('',(3.46944695195361E-18,0.00935,0.0015));
#1858=CARTESIAN_POINT('',(-0.00075,0.00935,0.0015));
#1859=CARTESIAN_POINT('',(-0.00075,0.00935,0.0015));
#1860=CARTESIAN_POINT('',(-0.00075,-2.1959310323834E-18,0.0015));
#1861=CARTESIAN_POINT('',(-0.00075,-2.1959310323834E-18,0.0015));
#1862=CARTESIAN_POINT('',(-0.00075,0.00212132034355965,0.0015));
#1863=CARTESIAN_POINT('',(-0.00075,0.00212132034355965,0.0015));
#1864=CARTESIAN_POINT('',(-3.79470760369927E-19,8.67361737988404E-19,0.0015));
#1865=CARTESIAN_POINT('',(-3.79470760369927E-19,8.67361737988404E-19,0.0015));
#1866=CARTESIAN_POINT('',(-0.00075,-0.00212132034355964,0.0015));
#1867=CARTESIAN_POINT('',(-0.00075,-0.00212132034355964,0.0015));
#1868=CARTESIAN_POINT('',(-0.00075,-1.18352420124697E-18,0.0015));
#1869=CARTESIAN_POINT('',(-0.00075,-1.18352420124697E-18,0.0015));
#1870=CARTESIAN_POINT('',(-0.00075,-0.00935,0.0015));
#1871=CARTESIAN_POINT('',(-0.00075,-0.00935,0.0015));
#1872=CARTESIAN_POINT('',(3.46944695195361E-18,-0.00935,0.0015));
#1873=CARTESIAN_POINT('',(3.46944695195361E-18,-0.00935,0.0015));
#1874=CARTESIAN_POINT('',(-0.00065,-0.00935,0.0015));
#1875=CARTESIAN_POINT('',(-0.00065,-0.00935,0.0015));
#1876=CARTESIAN_POINT('',(-0.00065,-0.00975,0.0015));
#1877=CARTESIAN_POINT('',(-0.00065,-0.00975,0.0015));
#1878=CARTESIAN_POINT('',(-0.00025,-0.00975,0.0015));
#1879=CARTESIAN_POINT('',(-0.00025,-0.00975,0.0015));
#1880=CARTESIAN_POINT('',(-0.000250000000000004,-1.8702487475375E-18,0.0015));
#1881=CARTESIAN_POINT('',(-0.000250000000000004,-1.8702487475375E-18,0.0015));
#1882=CARTESIAN_POINT('',(-0.00025,-0.01015,0.0015));
#1883=CARTESIAN_POINT('',(-0.00025,-0.01015,0.0015));
#1884=CARTESIAN_POINT('',(3.46944695195361E-18,-0.01015,0.0015));
#1885=CARTESIAN_POINT('',(3.46944695195361E-18,-0.01015,0.0015));
#1886=CARTESIAN_POINT('',(-0.00465,-0.01015,0.0015));
#1887=CARTESIAN_POINT('',(-0.00465,-0.01015,0.0015));
#1888=CARTESIAN_POINT('',(-0.00465,-0.00915,0.0015));
#1889=CARTESIAN_POINT('',(-0.00465,-0.00915,0.0015));
#1890=CARTESIAN_POINT('',(-0.00565,-0.00915,0.0015));
#1891=CARTESIAN_POINT('',(-0.00565,-0.00915,0.0015));
#1892=CARTESIAN_POINT('',(-0.00565,-2.27030749998058E-18,0.0015));
#1893=CARTESIAN_POINT('',(-0.00565,-2.27030749998058E-18,0.0015));
#1894=CARTESIAN_POINT('',(-0.00565,0.00915,0.0015));
#1895=CARTESIAN_POINT('',(-0.00565,0.00915,0.0015));
#1896=CARTESIAN_POINT('',(-0.00465,0.00915,0.0015));
#1897=CARTESIAN_POINT('',(-0.00465,0.00915,0.0015));
#1898=CARTESIAN_POINT('',(-0.00465,0.01015,0.0015));
#1899=CARTESIAN_POINT('',(-0.00465,0.01015,0.0015));
#1900=CARTESIAN_POINT('',(3.46944695195361E-18,0.01015,0.0015));
#1901=CARTESIAN_POINT('',(3.46944695195361E-18,0.01015,0.0015));
#1902=CARTESIAN_POINT('',(-0.000249999999999998,0.01015,0.0015));
#1903=CARTESIAN_POINT('',(-0.000249999999999998,0.01015,0.0015));
#1904=CARTESIAN_POINT('',(3.46944695195361E-18,-0.00935,0.0015));
#1905=CARTESIAN_POINT('',(0.00065,-0.00935,0.0015));
#1906=CARTESIAN_POINT('',(0.00065,-0.00935,0.0015));
#1907=CARTESIAN_POINT('',(3.46944695195361E-18,-0.00935,0.0015));
#1908=CARTESIAN_POINT('',(0.00075,-0.00935,0.0015));
#1909=CARTESIAN_POINT('',(0.00075,-0.00935,0.0015));
#1910=CARTESIAN_POINT('',(0.00075,-1.37475660268386E-18,0.0015));
#1911=CARTESIAN_POINT('',(0.00075,-1.37475660268386E-18,0.0015));
#1912=CARTESIAN_POINT('',(0.00075,-0.00212132034355965,0.0015));
#1913=CARTESIAN_POINT('',(0.00075,-0.00212132034355965,0.0015));
#1914=CARTESIAN_POINT('',(-5.42101086242752E-20,-1.0842021724855E-18,0.0015));
#1915=CARTESIAN_POINT('',(-5.42101086242752E-20,-1.0842021724855E-18,0.0015));
#1916=CARTESIAN_POINT('',(0.00075,0.00212132034355964,0.0015));
#1917=CARTESIAN_POINT('',(0.00075,0.00212132034355964,0.0015));
#1918=CARTESIAN_POINT('',(0.00075,-2.1959310323834E-18,0.0015));
#1919=CARTESIAN_POINT('',(0.00075,-2.1959310323834E-18,0.0015));
#1920=CARTESIAN_POINT('',(0.00075,0.00935,0.0015));
#1921=CARTESIAN_POINT('',(0.00075,0.00935,0.0015));
#1922=CARTESIAN_POINT('',(3.46944695195361E-18,0.00935,0.0015));
#1923=CARTESIAN_POINT('',(3.46944695195361E-18,0.00935,0.0015));
#1924=CARTESIAN_POINT('',(0.00065,0.00935,0.0015));
#1925=CARTESIAN_POINT('',(0.00065,0.00935,0.0015));
#1926=CARTESIAN_POINT('',(0.00065,0.00975,0.0015));
#1927=CARTESIAN_POINT('',(0.00065,0.00975,0.0015));
#1928=CARTESIAN_POINT('',(0.00025,0.00975,0.0015));
#1929=CARTESIAN_POINT('',(0.00025,0.00975,0.0015));
#1930=CARTESIAN_POINT('',(0.00025,-1.59919820441612E-18,0.0015));
#1931=CARTESIAN_POINT('',(0.00025,-1.59919820441612E-18,0.0015));
#1932=CARTESIAN_POINT('',(0.000249999999999998,0.01015,0.0015));
#1933=CARTESIAN_POINT('',(0.000249999999999998,0.01015,0.0015));
#1934=CARTESIAN_POINT('',(3.46944695195361E-18,0.01015,0.0015));
#1935=CARTESIAN_POINT('',(3.46944695195361E-18,0.01015,0.0015));
#1936=CARTESIAN_POINT('',(0.00465,0.01015,0.0015));
#1937=CARTESIAN_POINT('',(0.00465,0.01015,0.0015));
#1938=CARTESIAN_POINT('',(0.00465,0.00915,0.0015));
#1939=CARTESIAN_POINT('',(0.00465,0.00915,0.0015));
#1940=CARTESIAN_POINT('',(0.00565,0.00915,0.0015));
#1941=CARTESIAN_POINT('',(0.00565,0.00915,0.0015));
#1942=CARTESIAN_POINT('',(0.00565,-1.19913945197304E-18,0.0015));
#1943=CARTESIAN_POINT('',(0.00565,-1.19913945197304E-18,0.0015));
#1944=CARTESIAN_POINT('',(0.00565,-0.00915,0.0015));
#1945=CARTESIAN_POINT('',(0.00565,-0.00915,0.0015));
#1946=CARTESIAN_POINT('',(0.00465,-0.00915,0.0015));
#1947=CARTESIAN_POINT('',(0.00465,-0.00915,0.0015));
#1948=CARTESIAN_POINT('',(0.00465,-0.01015,0.0015));
#1949=CARTESIAN_POINT('',(0.00465,-0.01015,0.0015));
#1950=CARTESIAN_POINT('',(3.46944695195361E-18,-0.01015,0.0015));
#1951=CARTESIAN_POINT('',(3.46944695195361E-18,-0.01015,0.0015));
#1952=CARTESIAN_POINT('',(0.000249999999999996,-0.01015,0.0015));
#1953=CARTESIAN_POINT('',(0.000249999999999996,-0.01015,0.0015));
#1954=CARTESIAN_POINT('',(0.00025,-1.90413006542767E-18,0.0015));
#1955=CARTESIAN_POINT('',(0.00025,-1.90413006542767E-18,0.0015));
#1956=CARTESIAN_POINT('',(0.00025,-0.00975,0.0015));
#1957=CARTESIAN_POINT('',(0.00025,-0.00975,0.0015));
#1958=CARTESIAN_POINT('',(0.00065,-0.00975,0.0015));
#1959=CARTESIAN_POINT('',(0.00065,-0.00975,0.0015));
#1960=CARTESIAN_POINT('',(-0.00025,-1.59919820441611E-18,0.0015));
#1961=CARTESIAN_POINT('',(-0.00025,-1.59919820441611E-18,0.0015));
#1962=CARTESIAN_POINT('',(3.46944695195361E-18,-1.7347234759768E-18,0.0015));
#1963=CARTESIAN_POINT('',(8.67361737988404E-19,0.01095,0.0015));
#1964=CARTESIAN_POINT('',(-0.00643585786437626,0.01095,0.0015));
#1965=CARTESIAN_POINT('',(0.00643585786437627,0.01095,0.0015));
#1966=CARTESIAN_POINT('',(0.00869292893218814,0.00869292893218813,0.0015));
#1967=CARTESIAN_POINT('',(0.00645,0.0109358578643763,0.0015));
#1968=CARTESIAN_POINT('',(0.00645,-1.75028153405731E-18,0.0015));
#1969=CARTESIAN_POINT('',(0.00645,-0.0109358578643763,0.0015));
#1970=CARTESIAN_POINT('',(0.00869292893218774,-0.00869292893218881,0.0015));
#1971=CARTESIAN_POINT('',(0.00643585786437628,-0.01095,0.0015));
#1972=CARTESIAN_POINT('',(3.46944695195361E-18,-0.01095,0.0015));
#1973=CARTESIAN_POINT('',(-0.00643585786437627,-0.01095,0.0015));
#1974=CARTESIAN_POINT('',(-0.00869292893218774,-0.00869292893218881,0.0015));
#1975=CARTESIAN_POINT('',(-0.00645,-0.0109358578643763,0.0015));
#1976=CARTESIAN_POINT('',(-0.00645,-2.23647084907324E-18,0.0015));
#1977=CARTESIAN_POINT('',(-0.00645,0.0109358578643763,0.0015));
#1978=CARTESIAN_POINT('',(-0.00869292893218813,0.00869292893218813,0.0015));
#1979=CARTESIAN_POINT('',(-0.00644292893218814,0.0109429289321881,0.0017));
#1980=CARTESIAN_POINT('',(-0.00645,0.0109358578643763,0.0017));
#1981=CARTESIAN_POINT('',(-0.00643585786437627,0.01095,0.0017));
#1982=CARTESIAN_POINT('',(-0.00644292893218813,-0.0109429289321881,0.0017));
#1983=CARTESIAN_POINT('',(-0.00643585786437627,-0.01095,0.0017));
#1984=CARTESIAN_POINT('',(-0.00645,-0.0109358578643763,0.0017));
#1985=CARTESIAN_POINT('',(0.00644292893218814,-0.0109429289321881,0.0017));
#1986=CARTESIAN_POINT('',(0.00645,-0.0109358578643763,0.0017));
#1987=CARTESIAN_POINT('',(0.00643585786437627,-0.01095,0.0017));
#1988=CARTESIAN_POINT('',(0.00644292893218814,0.0109429289321881,0.0017));
#1989=CARTESIAN_POINT('',(0.00643585786437627,0.01095,0.0017));
#1990=CARTESIAN_POINT('',(0.00645,0.0109358578643763,0.0017));
#1991=CARTESIAN_POINT('',(-0.00663,-0.01115,0.0015));
#1992=CARTESIAN_POINT('',(-0.00663,-0.01115,0.0013));
#1993=CARTESIAN_POINT('',(-0.00663,-0.01115,0.0013));
#1994=CARTESIAN_POINT('',(-0.00663,-0.01135,0.0013));
#1995=CARTESIAN_POINT('',(-0.00663,-0.01115,0.0015));
#1996=CARTESIAN_POINT('',(-0.00663,-0.01115,0.));
#1997=CARTESIAN_POINT('',(-0.00663,-0.01115,0.));
#1998=CARTESIAN_POINT('',(-0.00663,-0.01135,0.));
#1999=CARTESIAN_POINT('',(-0.00663,-0.01135,0.0015));
#2000=CARTESIAN_POINT('',(2.60208521396521E-18,-0.01115,0.));
#2001=CARTESIAN_POINT('',(2.60208521396521E-18,-0.01115,0.));
#2002=CARTESIAN_POINT('',(0.00663,-0.01115,0.));
#2003=CARTESIAN_POINT('',(0.00663,-0.01115,0.));
#2004=CARTESIAN_POINT('',(0.00663,-0.01135,0.));
#2005=CARTESIAN_POINT('',(2.60208521396521E-18,-0.01135,0.));
#2006=CARTESIAN_POINT('',(-0.003,-0.01115,0.00075));
#2007=CARTESIAN_POINT('',(-0.003,-0.01135,0.00075));
#2008=CARTESIAN_POINT('',(-0.003,-0.01135,0.0011));
#2009=CARTESIAN_POINT('',(-0.003,-0.01115,0.00075));
#2010=CARTESIAN_POINT('',(-0.003,-0.01115,0.0011));
#2011=CARTESIAN_POINT('',(0.003,-0.01115,0.00075));
#2012=CARTESIAN_POINT('',(0.003,-0.01135,0.00075));
#2013=CARTESIAN_POINT('',(0.003,-0.01135,0.0011));
#2014=CARTESIAN_POINT('',(0.003,-0.01115,0.00075));
#2015=CARTESIAN_POINT('',(0.003,-0.01115,0.0011));
#2016=CARTESIAN_POINT('',(0.00663,-0.01115,0.0015));
#2017=CARTESIAN_POINT('',(0.00663,-0.01115,0.0015));
#2018=CARTESIAN_POINT('',(0.00663,-0.01115,0.0013));
#2019=CARTESIAN_POINT('',(0.00663,-0.01115,0.0013));
#2020=CARTESIAN_POINT('',(0.00663,-0.01135,0.0013));
#2021=CARTESIAN_POINT('',(0.00663,-0.01135,0.0015));
#2022=CARTESIAN_POINT('',(2.60208521396521E-18,-0.01135,0.0015));
#2023=CARTESIAN_POINT('',(2.60208521396521E-18,-0.01135,0.0013));
#2024=CARTESIAN_POINT('',(2.60208521396521E-18,-0.01115,0.0015));
#2025=CARTESIAN_POINT('',(2.60208521396521E-18,-0.01115,0.0013));
#2026=CARTESIAN_POINT('',(0.00663,-0.01135,0.0013));
#2027=CARTESIAN_POINT('',(0.00663024281085389,-0.01135,0.00134925486491771));
#2028=CARTESIAN_POINT('',(0.00662569395226732,-0.0113407691539501,0.00140020491554403));
#2029=CARTESIAN_POINT('',(0.0066116824176567,-0.0113115510237231,0.0014731076151972));
#2030=CARTESIAN_POINT('',(0.00660581390625193,-0.0112992724645256,0.00149681191710376));
#2031=CARTESIAN_POINT('',(0.00659521413934291,-0.0112771065280181,0.00153061410543459));
#2032=CARTESIAN_POINT('',(0.0065913813837396,-0.0112690951953957,0.00154158851924515));
#2033=CARTESIAN_POINT('',(0.00658518300038416,-0.0112561708945328,0.00155749965520349));
#2034=CARTESIAN_POINT('',(0.00658304199760728,-0.0112517117165359,0.00156271160492272));
#2035=CARTESIAN_POINT('',(0.00657971818095433,-0.0112448009578162,0.00157037794304401));
#2036=CARTESIAN_POINT('',(0.00657859152332207,-0.0112424603820324,0.00157290812457358));
#2037=CARTESIAN_POINT('',(0.00657687345875179,-0.0112388946946566,0.00157666375852006));
#2038=CARTESIAN_POINT('',(0.00657629609087472,-0.0112376969954921,0.00157790903013192));
#2039=CARTESIAN_POINT('',(0.00657513199574659,-0.0112352834408136,0.00158038607069826));
#2040=CARTESIAN_POINT('',(0.0065743344502849,-0.0112336309561685,0.00158205446878078));
#2041=CARTESIAN_POINT('',(0.00656177502228104,-0.0112076189142717,0.00160806651067751));
#2042=CARTESIAN_POINT('',(0.0065441776028777,-0.0111729116583515,0.00163623198739719));
#2043=CARTESIAN_POINT('',(0.00649814560381729,-0.0110788588374727,0.00168227863762348));
#2044=CARTESIAN_POINT('',(0.00646983557184545,-0.0110193019487919,0.0017));
#2045=CARTESIAN_POINT('',(0.00643585786437627,-0.01095,0.0017));
#2046=CARTESIAN_POINT('',(0.00663,-0.01115,0.0013));
#2047=CARTESIAN_POINT('',(0.00663024281086592,-0.01115,0.00132462743367895));
#2048=CARTESIAN_POINT('',(0.00662569395226732,-0.0111453845769751,0.00135010245777201));
#2049=CARTESIAN_POINT('',(0.0066116824176567,-0.0111307755118616,0.0013865538075986));
#2050=CARTESIAN_POINT('',(0.00660581390625193,-0.0111246362322628,0.00139840595855188));
#2051=CARTESIAN_POINT('',(0.00659521413934291,-0.0111135532640091,0.00141530705271729));
#2052=CARTESIAN_POINT('',(0.0065913813837396,-0.0111095475976978,0.00142079425962257));
#2053=CARTESIAN_POINT('',(0.00658518300038416,-0.0111030854472664,0.00142874982760175));
#2054=CARTESIAN_POINT('',(0.00658304199760728,-0.011100855858268,0.00143135580246136));
#2055=CARTESIAN_POINT('',(0.00657971818095433,-0.0110974004789081,0.001435188971522));
#2056=CARTESIAN_POINT('',(0.00657859152332207,-0.0110962301910162,0.00143645406228679));
#2057=CARTESIAN_POINT('',(0.00657687345875179,-0.0110944473473283,0.00143833187926003));
#2058=CARTESIAN_POINT('',(0.00657629609087472,-0.011093848497746,0.00143895451506596));
#2059=CARTESIAN_POINT('',(0.00657513199574659,-0.0110926417204068,0.00144019303534913));
#2060=CARTESIAN_POINT('',(0.0065743344502849,-0.0110918154780842,0.00144102723439039));
#2061=CARTESIAN_POINT('',(0.00656177502228104,-0.0110788094571359,0.00145403325533876));
#2062=CARTESIAN_POINT('',(0.0065441776028777,-0.0110614558291758,0.00146811599369859));
#2063=CARTESIAN_POINT('',(0.00649814560381729,-0.0110144294187364,0.00149113931881174));
#2064=CARTESIAN_POINT('',(0.00646978978276151,-0.0109846042780031,0.0015));
#2065=CARTESIAN_POINT('',(0.00643585786437627,-0.01095,0.0015));
#2066=CARTESIAN_POINT('',(0.00663,-0.01115,0.0013));
#2067=CARTESIAN_POINT('',(0.00663048595173893,-0.01115,0.00134928833879209));
#2068=CARTESIAN_POINT('',(0.00658088265527349,-0.0110983187536713,0.00145819854307857));
#2069=CARTESIAN_POINT('',(0.00650356418394415,-0.0110190479176066,0.0015));
#2070=CARTESIAN_POINT('',(0.00643585786437627,-0.01095,0.0015));
#2071=CARTESIAN_POINT('',(0.00663,-0.01135,0.0013));
#2072=CARTESIAN_POINT('',(0.00663024297586947,-0.01135,0.00134928833879209));
#2073=CARTESIAN_POINT('',(0.00662274196282812,-0.0113350641401286,0.00144908657383449));
#2074=CARTESIAN_POINT('',(0.00657315624145883,-0.0112300179123426,0.00159710477526803));
#2075=CARTESIAN_POINT('',(0.00652835624068166,-0.0111419204853486,0.00165955059994113));
#2076=CARTESIAN_POINT('',(0.00646971102416021,-0.0110190479176066,0.0017));
#2077=CARTESIAN_POINT('',(0.00643585786437627,-0.01095,0.0017));
#2078=CARTESIAN_POINT('',(-0.00643585786437627,-0.01095,0.0017));
#2079=CARTESIAN_POINT('',(-0.00646942332803137,-0.0110184611239741,0.0017));
#2080=CARTESIAN_POINT('',(-0.00649753799877429,-0.0110776738362275,0.00168267603572868));
#2081=CARTESIAN_POINT('',(-0.00653206199806959,-0.0111483201102738,0.00164835976095912));
#2082=CARTESIAN_POINT('',(-0.00654226598655657,-0.0111689374090892,0.00163549946928418));
#2083=CARTESIAN_POINT('',(-0.00655561595236982,-0.0111957902397265,0.00161576974016261));
#2084=CARTESIAN_POINT('',(-0.0065597399381547,-0.011204066969198,0.00160911536042437));
#2085=CARTESIAN_POINT('',(-0.00656543691260273,-0.0112155420344898,0.00159918725013104));
#2086=CARTESIAN_POINT('',(-0.00656725440338052,-0.0112192105398699,0.00159588650229182));
#2087=CARTESIAN_POINT('',(-0.00656985838848989,-0.0112244885406903,0.00159096705188661));
#2088=CARTESIAN_POINT('',(-0.00657070600835012,-0.0112262104208782,0.00158933249637072));
#2089=CARTESIAN_POINT('',(-0.00657194687537614,-0.0112287383600884,0.0015868907442384));
#2090=CARTESIAN_POINT('',(-0.00657235540392409,-0.011229571859928,0.00158607850600172));
#2091=CARTESIAN_POINT('',(-0.00657316227343188,-0.0112312207860416,0.00158445774019691));
#2092=CARTESIAN_POINT('',(-0.00657336237233128,-0.0112316296429551,0.00158405578199409));
#2093=CARTESIAN_POINT('',(-0.00661180917203648,-0.0113104791617209,0.00150520626322831));
#2094=CARTESIAN_POINT('',(-0.0066304899530656,-0.01135,0.00139938835795854));
#2095=CARTESIAN_POINT('',(-0.00663,-0.01135,0.0013));
#2096=CARTESIAN_POINT('',(-0.00643585786437627,-0.01095,0.0015));
#2097=CARTESIAN_POINT('',(-0.00646938017633938,-0.010984186555246,0.0015));
#2098=CARTESIAN_POINT('',(-0.00649753799877429,-0.0110138369181138,0.00149133801786434));
#2099=CARTESIAN_POINT('',(-0.00653206199806959,-0.0110491600551369,0.00147417988047956));
#2100=CARTESIAN_POINT('',(-0.00654226598655657,-0.0110594687045446,0.00146774973464209));
#2101=CARTESIAN_POINT('',(-0.00655561595236982,-0.0110728951198632,0.0014578848700813));
#2102=CARTESIAN_POINT('',(-0.0065597399381547,-0.011077033484599,0.00145455768021218));
#2103=CARTESIAN_POINT('',(-0.00656543691260273,-0.0110827710172449,0.00144959362506552));
#2104=CARTESIAN_POINT('',(-0.00656725440338052,-0.011084605269935,0.00144794325114591));
#2105=CARTESIAN_POINT('',(-0.00656985838848989,-0.0110872442703452,0.0014454835259433));
#2106=CARTESIAN_POINT('',(-0.00657070600835012,-0.0110881052104391,0.00144466624818536));
#2107=CARTESIAN_POINT('',(-0.00657194687537614,-0.0110893691800442,0.0014434453721192));
#2108=CARTESIAN_POINT('',(-0.00657235540392409,-0.011089785929964,0.00144303925300086));
#2109=CARTESIAN_POINT('',(-0.00657316227343188,-0.0110906103930208,0.00144222887009846));
#2110=CARTESIAN_POINT('',(-0.00657336237233128,-0.0110908148214776,0.00144202789099705));
#2111=CARTESIAN_POINT('',(-0.00661180917203648,-0.0111302395808605,0.00140260313161416));
#2112=CARTESIAN_POINT('',(-0.00663048995315782,-0.01115,0.00134969418833331));
#2113=CARTESIAN_POINT('',(-0.00663,-0.01115,0.0013));
#2114=CARTESIAN_POINT('',(-0.00643585786437627,-0.01095,0.0015));
#2115=CARTESIAN_POINT('',(-0.00650275404388682,-0.0110182217246561,0.0015));
#2116=CARTESIAN_POINT('',(-0.00658128509207962,-0.0110987318501466,0.00145793146477944));
#2117=CARTESIAN_POINT('',(-0.00663049121818397,-0.01115,0.00134982249539035));
#2118=CARTESIAN_POINT('',(-0.00663,-0.01115,0.0013));
#2119=CARTESIAN_POINT('',(-0.00643585786437627,-0.01095,0.0017));
#2120=CARTESIAN_POINT('',(-0.00646930595413154,-0.0110182217246561,0.0017));
#2121=CARTESIAN_POINT('',(-0.0065270003115923,-0.0111392296559774,0.00166118187941523));
#2122=CARTESIAN_POINT('',(-0.00659081852021134,-0.0112655790888679,0.00157247875664904));
#2123=CARTESIAN_POINT('',(-0.00663049121818397,-0.01135,0.0013996449907807));
#2124=CARTESIAN_POINT('',(-0.00663,-0.01135,0.0013));
#2125=CARTESIAN_POINT('',(3.46944695195361E-18,-0.01095,0.0013));
#2126=CARTESIAN_POINT('',(3.46944695195361E-18,-0.01095,0.0013));
#2127=CARTESIAN_POINT('',(-0.00665,0.01113,0.0015));
#2128=CARTESIAN_POINT('',(-0.00665,0.01113,0.0013));
#2129=CARTESIAN_POINT('',(-0.00665,0.01113,0.0013));
#2130=CARTESIAN_POINT('',(-0.00685,0.01113,0.0013));
#2131=CARTESIAN_POINT('',(-0.00665,0.01113,0.0015));
#2132=CARTESIAN_POINT('',(-0.00665,0.01113,0.));
#2133=CARTESIAN_POINT('',(-0.00665,0.01113,0.));
#2134=CARTESIAN_POINT('',(-0.00685,0.01113,0.));
#2135=CARTESIAN_POINT('',(-0.00685,0.01113,0.0015));
#2136=CARTESIAN_POINT('',(-0.00665,-1.7347234759768E-18,0.));
#2137=CARTESIAN_POINT('',(-0.00665,-1.7347234759768E-18,0.));
#2138=CARTESIAN_POINT('',(-0.00665,-0.01113,0.));
#2139=CARTESIAN_POINT('',(-0.00665,-0.01113,0.));
#2140=CARTESIAN_POINT('',(-0.00685,-0.01113,0.));
#2141=CARTESIAN_POINT('',(-0.00685,-1.75028153405731E-18,0.));
#2142=CARTESIAN_POINT('',(-0.00665,-0.01113,0.0015));
#2143=CARTESIAN_POINT('',(-0.00665,-0.01113,0.0015));
#2144=CARTESIAN_POINT('',(-0.00665,-0.01113,0.0013));
#2145=CARTESIAN_POINT('',(-0.00665,-0.01113,0.0013));
#2146=CARTESIAN_POINT('',(-0.00685,-0.01113,0.0013));
#2147=CARTESIAN_POINT('',(-0.00685,-0.01113,0.0015));
#2148=CARTESIAN_POINT('',(-0.00685,-1.75028153405731E-18,0.0015));
#2149=CARTESIAN_POINT('',(-0.00685,-1.75028153405731E-18,0.0013));
#2150=CARTESIAN_POINT('',(-0.00665,-1.7347234759768E-18,0.0015));
#2151=CARTESIAN_POINT('',(-0.00665,-1.7347234759768E-18,0.0013));
#2152=CARTESIAN_POINT('',(-0.00685,-0.01113,0.0013));
#2153=CARTESIAN_POINT('',(-0.00685,-0.0111302428108539,0.00134925486491771));
#2154=CARTESIAN_POINT('',(-0.00684076915395012,-0.0111256939522673,0.00140020491554403));
#2155=CARTESIAN_POINT('',(-0.00681155102372315,-0.0111116824176567,0.0014731076151972));
#2156=CARTESIAN_POINT('',(-0.00679927246452563,-0.0111058139062519,0.00149681191710377));
#2157=CARTESIAN_POINT('',(-0.00677710652801812,-0.0110952141393429,0.00153061410543459));
#2158=CARTESIAN_POINT('',(-0.00676909519539569,-0.0110913813837396,0.00154158851924515));
#2159=CARTESIAN_POINT('',(-0.00675617089453278,-0.0110851830003842,0.00155749965520349));
#2160=CARTESIAN_POINT('',(-0.00675171171653591,-0.0110830419976073,0.00156271160492272));
#2161=CARTESIAN_POINT('',(-0.00674480095781615,-0.0110797181809543,0.00157037794304401));
#2162=CARTESIAN_POINT('',(-0.00674246038203239,-0.0110785915233221,0.00157290812457358));
#2163=CARTESIAN_POINT('',(-0.00673889469465664,-0.0110768734587518,0.00157666375852006));
#2164=CARTESIAN_POINT('',(-0.00673769699549209,-0.0110762960908747,0.00157790903013192));
#2165=CARTESIAN_POINT('',(-0.00673528344081357,-0.0110751319957466,0.00158038607069826));
#2166=CARTESIAN_POINT('',(-0.00673363095616846,-0.0110743344502849,0.00158205446878078));
#2167=CARTESIAN_POINT('',(-0.00670761891427172,-0.011061775022281,0.00160806651067751));
#2168=CARTESIAN_POINT('',(-0.00667291165835151,-0.0110441776028777,0.00163623198739719));
#2169=CARTESIAN_POINT('',(-0.00657885883747271,-0.0109981456038173,0.00168227863762348));
#2170=CARTESIAN_POINT('',(-0.00651930194879193,-0.0109698355718454,0.0017));
#2171=CARTESIAN_POINT('',(-0.00645,-0.0109358578643763,0.0017));
#2172=CARTESIAN_POINT('',(-0.00665,-0.01113,0.0013));
#2173=CARTESIAN_POINT('',(-0.00665,-0.0111302428108659,0.00132462743367895));
#2174=CARTESIAN_POINT('',(-0.00664538457697506,-0.0111256939522673,0.00135010245777202));
#2175=CARTESIAN_POINT('',(-0.00663077551186157,-0.0111116824176567,0.0013865538075986));
#2176=CARTESIAN_POINT('',(-0.00662463623226281,-0.0111058139062519,0.00139840595855188));
#2177=CARTESIAN_POINT('',(-0.00661355326400906,-0.0110952141393429,0.00141530705271729));
#2178=CARTESIAN_POINT('',(-0.00660954759769784,-0.0110913813837396,0.00142079425962257));
#2179=CARTESIAN_POINT('',(-0.00660308544726639,-0.0110851830003842,0.00142874982760175));
#2180=CARTESIAN_POINT('',(-0.00660085585826796,-0.0110830419976073,0.00143135580246136));
#2181=CARTESIAN_POINT('',(-0.00659740047890808,-0.0110797181809543,0.001435188971522));
#2182=CARTESIAN_POINT('',(-0.0065962301910162,-0.0110785915233221,0.00143645406228679));
#2183=CARTESIAN_POINT('',(-0.00659444734732832,-0.0110768734587518,0.00143833187926003));
#2184=CARTESIAN_POINT('',(-0.00659384849774604,-0.0110762960908747,0.00143895451506596));
#2185=CARTESIAN_POINT('',(-0.00659264172040678,-0.0110751319957466,0.00144019303534913));
#2186=CARTESIAN_POINT('',(-0.00659181547808423,-0.0110743344502849,0.00144102723439039));
#2187=CARTESIAN_POINT('',(-0.00657880945713586,-0.011061775022281,0.00145403325533876));
#2188=CARTESIAN_POINT('',(-0.00656145582917575,-0.0110441776028777,0.00146811599369859));
#2189=CARTESIAN_POINT('',(-0.00651442941873635,-0.0109981456038173,0.00149113931881174));
#2190=CARTESIAN_POINT('',(-0.00648460427800314,-0.0109697897827615,0.0015));
#2191=CARTESIAN_POINT('',(-0.00645,-0.0109358578643763,0.0015));
#2192=CARTESIAN_POINT('',(-0.00665,-0.01113,0.0013));
#2193=CARTESIAN_POINT('',(-0.00665,-0.0111304859517389,0.00134928833879209));
#2194=CARTESIAN_POINT('',(-0.00659831875367133,-0.0110808826552735,0.00145819854307857));
#2195=CARTESIAN_POINT('',(-0.00651904791760656,-0.0110035641839442,0.0015));
#2196=CARTESIAN_POINT('',(-0.00645,-0.0109358578643763,0.0015));
#2197=CARTESIAN_POINT('',(-0.00685,-0.01113,0.0013));
#2198=CARTESIAN_POINT('',(-0.00685,-0.0111302429758695,0.00134928833879209));
#2199=CARTESIAN_POINT('',(-0.00683506414012864,-0.0111227419628281,0.00144908657383449));
#2200=CARTESIAN_POINT('',(-0.00673001791234261,-0.0110731562414588,0.00159710477526802));
#2201=CARTESIAN_POINT('',(-0.00664192048534863,-0.0110283562406817,0.00165955059994113));
#2202=CARTESIAN_POINT('',(-0.00651904791760656,-0.0109697110241602,0.0017));
#2203=CARTESIAN_POINT('',(-0.00645,-0.0109358578643763,0.0017));
#2204=CARTESIAN_POINT('',(-0.00645,0.0109358578643763,0.0017));
#2205=CARTESIAN_POINT('',(-0.00651846112397419,0.0109694233280314,0.0017));
#2206=CARTESIAN_POINT('',(-0.00657767383622767,0.0109975379987743,0.00168267603572865));
#2207=CARTESIAN_POINT('',(-0.00664832011027393,0.0110320619980697,0.00164835976095907));
#2208=CARTESIAN_POINT('',(-0.00666893740908926,0.0110422659865566,0.00163549946928412));
#2209=CARTESIAN_POINT('',(-0.00669579023972655,0.0110556159523699,0.00161576974016256));
#2210=CARTESIAN_POINT('',(-0.00670406696919807,0.0110597399381547,0.00160911536042433));
#2211=CARTESIAN_POINT('',(-0.0067155420344898,0.0110654369126028,0.00159918725013101));
#2212=CARTESIAN_POINT('',(-0.00671921053986994,0.0110672544033805,0.00159588650229179));
#2213=CARTESIAN_POINT('',(-0.00672448854069034,0.0110698583884899,0.00159096705188659));
#2214=CARTESIAN_POINT('',(-0.00672621042087823,0.0110707060083501,0.00158933249637071));
#2215=CARTESIAN_POINT('',(-0.00672873836008845,0.0110719468753761,0.00158689074423839));
#2216=CARTESIAN_POINT('',(-0.00672957185992802,0.0110723554039241,0.00158607850600171));
#2217=CARTESIAN_POINT('',(-0.00673122078604159,0.0110731622734319,0.00158445774019691));
#2218=CARTESIAN_POINT('',(-0.00673162964295514,0.0110733623723313,0.00158405578199409));
#2219=CARTESIAN_POINT('',(-0.006810479161721,0.0111118091720365,0.00150520626322824));
#2220=CARTESIAN_POINT('',(-0.00685,0.0111304899530656,0.00139938835795842));
#2221=CARTESIAN_POINT('',(-0.00685,0.01113,0.0013));
#2222=CARTESIAN_POINT('',(-0.00645,0.0109358578643763,0.0015));
#2223=CARTESIAN_POINT('',(-0.00648418655524604,0.0109693801763394,0.0015));
#2224=CARTESIAN_POINT('',(-0.00651383691811383,0.0109975379987743,0.00149133801786432));
#2225=CARTESIAN_POINT('',(-0.00654916005513696,0.0110320619980697,0.00147417988047953));
#2226=CARTESIAN_POINT('',(-0.00655946870454463,0.0110422659865566,0.00146774973464206));
#2227=CARTESIAN_POINT('',(-0.00657289511986327,0.0110556159523699,0.00145788487008128));
#2228=CARTESIAN_POINT('',(-0.00657703348459904,0.0110597399381547,0.00145455768021216));
#2229=CARTESIAN_POINT('',(-0.0065827710172449,0.0110654369126028,0.0014495936250655));
#2230=CARTESIAN_POINT('',(-0.00658460526993497,0.0110672544033805,0.00144794325114589));
#2231=CARTESIAN_POINT('',(-0.00658724427034517,0.0110698583884899,0.00144548352594329));
#2232=CARTESIAN_POINT('',(-0.00658810521043911,0.0110707060083501,0.00144466624818535));
#2233=CARTESIAN_POINT('',(-0.00658936918004422,0.0110719468753761,0.0014434453721192));
#2234=CARTESIAN_POINT('',(-0.00658978592996401,0.0110723554039241,0.00144303925300085));
#2235=CARTESIAN_POINT('',(-0.00659061039302079,0.0110731622734319,0.00144222887009845));
#2236=CARTESIAN_POINT('',(-0.00659081482147757,0.0110733623723313,0.00144202789099705));
#2237=CARTESIAN_POINT('',(-0.0066302395808605,0.0111118091720365,0.00140260313161412));
#2238=CARTESIAN_POINT('',(-0.00665,0.0111304899531578,0.00134969418833325));
#2239=CARTESIAN_POINT('',(-0.00665,0.01113,0.0013));
#2240=CARTESIAN_POINT('',(-0.00645,0.0109358578643763,0.0015));
#2241=CARTESIAN_POINT('',(-0.00651822172465619,0.0110027540438869,0.0015));
#2242=CARTESIAN_POINT('',(-0.00659873185014652,0.0110812850920796,0.00145793146477947));
#2243=CARTESIAN_POINT('',(-0.00665,0.011130491218184,0.00134982249539029));
#2244=CARTESIAN_POINT('',(-0.00665,0.01113,0.0013));
#2245=CARTESIAN_POINT('',(-0.00645,0.0109358578643763,0.0017));
#2246=CARTESIAN_POINT('',(-0.00651822172465619,0.0109693059541316,0.0017));
#2247=CARTESIAN_POINT('',(-0.00663922965597758,0.0110270003115924,0.00166118187941512));
#2248=CARTESIAN_POINT('',(-0.00676557908886777,0.0110908185202113,0.00157247875664912));
#2249=CARTESIAN_POINT('',(-0.00685,0.011130491218184,0.00139964499078059));
#2250=CARTESIAN_POINT('',(-0.00685,0.01113,0.0013));
#2251=CARTESIAN_POINT('',(-0.00645,-1.7347234759768E-18,0.0013));
#2252=CARTESIAN_POINT('',(-0.00645,-1.7347234759768E-18,0.0013));
#2253=CARTESIAN_POINT('',(0.00665,-0.01113,0.0015));
#2254=CARTESIAN_POINT('',(0.00665,-0.01113,0.0013));
#2255=CARTESIAN_POINT('',(0.00665,-0.01113,0.0013));
#2256=CARTESIAN_POINT('',(0.00685,-0.01113,0.0013));
#2257=CARTESIAN_POINT('',(0.00665,-0.01113,0.0015));
#2258=CARTESIAN_POINT('',(0.00665,-0.01113,0.));
#2259=CARTESIAN_POINT('',(0.00665,-0.01113,0.));
#2260=CARTESIAN_POINT('',(0.00685,-0.01113,0.));
#2261=CARTESIAN_POINT('',(0.00685,-0.01113,0.0015));
#2262=CARTESIAN_POINT('',(0.00665,-1.7347234759768E-18,0.));
#2263=CARTESIAN_POINT('',(0.00665,-1.7347234759768E-18,0.));
#2264=CARTESIAN_POINT('',(0.00665,0.01113,0.));
#2265=CARTESIAN_POINT('',(0.00665,0.01113,0.));
#2266=CARTESIAN_POINT('',(0.00685,0.01113,0.));
#2267=CARTESIAN_POINT('',(0.00685,-1.7191654178963E-18,0.));
#2268=CARTESIAN_POINT('',(0.00665,0.01113,0.0015));
#2269=CARTESIAN_POINT('',(0.00665,0.01113,0.0015));
#2270=CARTESIAN_POINT('',(0.00665,0.01113,0.0013));
#2271=CARTESIAN_POINT('',(0.00665,0.01113,0.0013));
#2272=CARTESIAN_POINT('',(0.00685,0.01113,0.0013));
#2273=CARTESIAN_POINT('',(0.00685,0.01113,0.0015));
#2274=CARTESIAN_POINT('',(0.00685,-1.7191654178963E-18,0.0015));
#2275=CARTESIAN_POINT('',(0.00685,-1.7191654178963E-18,0.0013));
#2276=CARTESIAN_POINT('',(0.00665,-1.7347234759768E-18,0.0015));
#2277=CARTESIAN_POINT('',(0.00665,-1.7347234759768E-18,0.0013));
#2278=CARTESIAN_POINT('',(0.00645,-0.0109358578643763,0.0017));
#2279=CARTESIAN_POINT('',(0.00651846112397421,-0.0109694233280314,0.0017));
#2280=CARTESIAN_POINT('',(0.00657767383622768,-0.0109975379987744,0.00168267603572864));
#2281=CARTESIAN_POINT('',(0.00664832011027394,-0.0110320619980697,0.00164835976095906));
#2282=CARTESIAN_POINT('',(0.00666893740908927,-0.0110422659865566,0.00163549946928411));
#2283=CARTESIAN_POINT('',(0.00669579023972656,-0.0110556159523699,0.00161576974016255));
#2284=CARTESIAN_POINT('',(0.00670406696919808,-0.0110597399381547,0.00160911536042432));
#2285=CARTESIAN_POINT('',(0.00671554203448981,-0.0110654369126028,0.00159918725013101));
#2286=CARTESIAN_POINT('',(0.00671921053986995,-0.0110672544033805,0.00159588650229179));
#2287=CARTESIAN_POINT('',(0.00672448854069034,-0.0110698583884899,0.00159096705188659));
#2288=CARTESIAN_POINT('',(0.00672621042087823,-0.0110707060083501,0.0015893324963707));
#2289=CARTESIAN_POINT('',(0.00672873836008845,-0.0110719468753762,0.00158689074423839));
#2290=CARTESIAN_POINT('',(0.00672957185992802,-0.0110723554039241,0.00158607850600171));
#2291=CARTESIAN_POINT('',(0.00673122078604159,-0.0110731622734319,0.00158445774019691));
#2292=CARTESIAN_POINT('',(0.00673162964295515,-0.0110733623723313,0.00158405578199409));
#2293=CARTESIAN_POINT('',(0.00681047916172101,-0.0111118091720365,0.00150520626322824));
#2294=CARTESIAN_POINT('',(0.00685,-0.0111304899530656,0.00139938835795842));
#2295=CARTESIAN_POINT('',(0.00685,-0.01113,0.0013));
#2296=CARTESIAN_POINT('',(0.00645,-0.0109358578643763,0.0015));
#2297=CARTESIAN_POINT('',(0.00648418655524605,-0.0109693801763394,0.0015));
#2298=CARTESIAN_POINT('',(0.00651383691811384,-0.0109975379987744,0.00149133801786432));
#2299=CARTESIAN_POINT('',(0.00654916005513697,-0.0110320619980697,0.00147417988047953));
#2300=CARTESIAN_POINT('',(0.00655946870454464,-0.0110422659865566,0.00146774973464206));
#2301=CARTESIAN_POINT('',(0.00657289511986328,-0.0110556159523699,0.00145788487008127));
#2302=CARTESIAN_POINT('',(0.00657703348459904,-0.0110597399381547,0.00145455768021216));
#2303=CARTESIAN_POINT('',(0.00658277101724491,-0.0110654369126028,0.0014495936250655));
#2304=CARTESIAN_POINT('',(0.00658460526993498,-0.0110672544033805,0.00144794325114589));
#2305=CARTESIAN_POINT('',(0.00658724427034517,-0.0110698583884899,0.00144548352594329));
#2306=CARTESIAN_POINT('',(0.00658810521043912,-0.0110707060083501,0.00144466624818535));
#2307=CARTESIAN_POINT('',(0.00658936918004423,-0.0110719468753762,0.0014434453721192));
#2308=CARTESIAN_POINT('',(0.00658978592996401,-0.0110723554039241,0.00144303925300085));
#2309=CARTESIAN_POINT('',(0.0065906103930208,-0.0110731622734319,0.00144222887009845));
#2310=CARTESIAN_POINT('',(0.00659081482147758,-0.0110733623723313,0.00144202789099705));
#2311=CARTESIAN_POINT('',(0.0066302395808605,-0.0111118091720365,0.00140260313161412));
#2312=CARTESIAN_POINT('',(0.00665,-0.0111304899531578,0.00134969418833325));
#2313=CARTESIAN_POINT('',(0.00665,-0.01113,0.0013));
#2314=CARTESIAN_POINT('',(0.00645,-0.0109358578643763,0.0015));
#2315=CARTESIAN_POINT('',(0.0065182217246562,-0.0110027540438869,0.0015));
#2316=CARTESIAN_POINT('',(0.00659873185014652,-0.0110812850920796,0.00145793146477947));
#2317=CARTESIAN_POINT('',(0.00665,-0.011130491218184,0.0013498224953903));
#2318=CARTESIAN_POINT('',(0.00665,-0.01113,0.0013));
#2319=CARTESIAN_POINT('',(0.00645,-0.0109358578643763,0.0017));
#2320=CARTESIAN_POINT('',(0.0065182217246562,-0.0109693059541316,0.0017));
#2321=CARTESIAN_POINT('',(0.0066392296559776,-0.0110270003115924,0.00166118187941511));
#2322=CARTESIAN_POINT('',(0.00676557908886776,-0.0110908185202113,0.00157247875664913));
#2323=CARTESIAN_POINT('',(0.00685,-0.011130491218184,0.00139964499078059));
#2324=CARTESIAN_POINT('',(0.00685,-0.01113,0.0013));
#2325=CARTESIAN_POINT('',(0.00685,0.01113,0.0013));
#2326=CARTESIAN_POINT('',(0.00685,0.0111302428108539,0.0013492548649177));
#2327=CARTESIAN_POINT('',(0.00684076915395012,0.0111256939522673,0.00140020491554403));
#2328=CARTESIAN_POINT('',(0.00681155102372315,0.0111116824176567,0.0014731076151972));
#2329=CARTESIAN_POINT('',(0.00679927246452564,0.0111058139062519,0.00149681191710376));
#2330=CARTESIAN_POINT('',(0.00677710652801813,0.0110952141393429,0.00153061410543459));
#2331=CARTESIAN_POINT('',(0.0067690951953957,0.0110913813837396,0.00154158851924515));
#2332=CARTESIAN_POINT('',(0.00675617089453278,0.0110851830003842,0.00155749965520349));
#2333=CARTESIAN_POINT('',(0.00675171171653592,0.0110830419976073,0.00156271160492272));
#2334=CARTESIAN_POINT('',(0.00674480095781616,0.0110797181809543,0.00157037794304401));
#2335=CARTESIAN_POINT('',(0.0067424603820324,0.0110785915233221,0.00157290812457358));
#2336=CARTESIAN_POINT('',(0.00673889469465664,0.0110768734587518,0.00157666375852006));
#2337=CARTESIAN_POINT('',(0.00673769699549209,0.0110762960908747,0.00157790903013192));
#2338=CARTESIAN_POINT('',(0.00673528344081357,0.0110751319957466,0.00158038607069826));
#2339=CARTESIAN_POINT('',(0.00673363095616846,0.0110743344502849,0.00158205446878078));
#2340=CARTESIAN_POINT('',(0.00670761891427173,0.011061775022281,0.00160806651067751));
#2341=CARTESIAN_POINT('',(0.00667291165835151,0.0110441776028777,0.00163623198739719));
#2342=CARTESIAN_POINT('',(0.00657885883747272,0.0109981456038173,0.00168227863762348));
#2343=CARTESIAN_POINT('',(0.00651930194879194,0.0109698355718454,0.0017));
#2344=CARTESIAN_POINT('',(0.00645,0.0109358578643763,0.0017));
#2345=CARTESIAN_POINT('',(0.00665,0.01113,0.0013));
#2346=CARTESIAN_POINT('',(0.00665,0.0111302428108659,0.00132462743367895));
#2347=CARTESIAN_POINT('',(0.00664538457697506,0.0111256939522673,0.00135010245777201));
#2348=CARTESIAN_POINT('',(0.00663077551186158,0.0111116824176567,0.0013865538075986));
#2349=CARTESIAN_POINT('',(0.00662463623226282,0.0111058139062519,0.00139840595855188));
#2350=CARTESIAN_POINT('',(0.00661355326400906,0.0110952141393429,0.00141530705271729));
#2351=CARTESIAN_POINT('',(0.00660954759769785,0.0110913813837396,0.00142079425962257));
#2352=CARTESIAN_POINT('',(0.00660308544726639,0.0110851830003842,0.00142874982760174));
#2353=CARTESIAN_POINT('',(0.00660085585826796,0.0110830419976073,0.00143135580246136));
#2354=CARTESIAN_POINT('',(0.00659740047890808,0.0110797181809543,0.001435188971522));
#2355=CARTESIAN_POINT('',(0.0065962301910162,0.0110785915233221,0.00143645406228679));
#2356=CARTESIAN_POINT('',(0.00659444734732832,0.0110768734587518,0.00143833187926003));
#2357=CARTESIAN_POINT('',(0.00659384849774605,0.0110762960908747,0.00143895451506596));
#2358=CARTESIAN_POINT('',(0.00659264172040679,0.0110751319957466,0.00144019303534913));
#2359=CARTESIAN_POINT('',(0.00659181547808423,0.0110743344502849,0.00144102723439039));
#2360=CARTESIAN_POINT('',(0.00657880945713586,0.011061775022281,0.00145403325533876));
#2361=CARTESIAN_POINT('',(0.00656145582917576,0.0110441776028777,0.00146811599369859));
#2362=CARTESIAN_POINT('',(0.00651442941873636,0.0109981456038173,0.00149113931881174));
#2363=CARTESIAN_POINT('',(0.00648460427800315,0.0109697897827615,0.0015));
#2364=CARTESIAN_POINT('',(0.00645,0.0109358578643763,0.0015));
#2365=CARTESIAN_POINT('',(0.00665,0.01113,0.0013));
#2366=CARTESIAN_POINT('',(0.00665,0.0111304859517389,0.00134928833879209));
#2367=CARTESIAN_POINT('',(0.00659831875367134,0.0110808826552735,0.00145819854307857));
#2368=CARTESIAN_POINT('',(0.00651904791760656,0.0110035641839442,0.0015));
#2369=CARTESIAN_POINT('',(0.00645,0.0109358578643763,0.0015));
#2370=CARTESIAN_POINT('',(0.00685,0.01113,0.0013));
#2371=CARTESIAN_POINT('',(0.00685,0.0111302429758695,0.00134928833879209));
#2372=CARTESIAN_POINT('',(0.00683506414012864,0.0111227419628281,0.00144908657383448));
#2373=CARTESIAN_POINT('',(0.00673001791234261,0.0110731562414588,0.00159710477526803));
#2374=CARTESIAN_POINT('',(0.00664192048534864,0.0110283562406817,0.00165955059994113));
#2375=CARTESIAN_POINT('',(0.00651904791760656,0.0109697110241602,0.0017));
#2376=CARTESIAN_POINT('',(0.00645,0.0109358578643763,0.0017));
#2377=CARTESIAN_POINT('',(0.00645,-1.7347234759768E-18,0.0013));
#2378=CARTESIAN_POINT('',(0.00645,-1.7347234759768E-18,0.0013));
#2379=CARTESIAN_POINT('',(0.00643585786437627,0.01095,0.0017));
#2380=CARTESIAN_POINT('',(0.00646942332803137,0.0110184611239741,0.0017));
#2381=CARTESIAN_POINT('',(0.00649753799877428,0.0110776738362275,0.00168267603572869));
#2382=CARTESIAN_POINT('',(0.00653206199806959,0.0111483201102738,0.00164835976095913));
#2383=CARTESIAN_POINT('',(0.00654226598655656,0.0111689374090891,0.00163549946928419));
#2384=CARTESIAN_POINT('',(0.00655561595236982,0.0111957902397265,0.00161576974016261));
#2385=CARTESIAN_POINT('',(0.0065597399381547,0.011204066969198,0.00160911536042437));
#2386=CARTESIAN_POINT('',(0.00656543691260273,0.0112155420344898,0.00159918725013104));
#2387=CARTESIAN_POINT('',(0.00656725440338053,0.0112192105398699,0.00159588650229182));
#2388=CARTESIAN_POINT('',(0.00656985838848989,0.0112244885406903,0.00159096705188661));
#2389=CARTESIAN_POINT('',(0.00657070600835012,0.0112262104208782,0.00158933249637072));
#2390=CARTESIAN_POINT('',(0.00657194687537614,0.0112287383600884,0.0015868907442384));
#2391=CARTESIAN_POINT('',(0.00657235540392409,0.011229571859928,0.00158607850600172));
#2392=CARTESIAN_POINT('',(0.00657316227343189,0.0112312207860416,0.00158445774019691));
#2393=CARTESIAN_POINT('',(0.00657336237233128,0.0112316296429551,0.00158405578199409));
#2394=CARTESIAN_POINT('',(0.00661180917203648,0.0113104791617209,0.00150520626322832));
#2395=CARTESIAN_POINT('',(0.0066304899530656,0.01135,0.00139938835795855));
#2396=CARTESIAN_POINT('',(0.00663,0.01135,0.0013));
#2397=CARTESIAN_POINT('',(0.00643585786437627,0.01095,0.0015));
#2398=CARTESIAN_POINT('',(0.00646938017633938,0.010984186555246,0.0015));
#2399=CARTESIAN_POINT('',(0.00649753799877428,0.0110138369181138,0.00149133801786435));
#2400=CARTESIAN_POINT('',(0.00653206199806959,0.0110491600551369,0.00147417988047957));
#2401=CARTESIAN_POINT('',(0.00654226598655656,0.0110594687045446,0.0014677497346421));
#2402=CARTESIAN_POINT('',(0.00655561595236982,0.0110728951198632,0.00145788487008131));
#2403=CARTESIAN_POINT('',(0.0065597399381547,0.011077033484599,0.00145455768021219));
#2404=CARTESIAN_POINT('',(0.00656543691260273,0.0110827710172449,0.00144959362506552));
#2405=CARTESIAN_POINT('',(0.00656725440338053,0.0110846052699349,0.00144794325114591));
#2406=CARTESIAN_POINT('',(0.00656985838848989,0.0110872442703452,0.0014454835259433));
#2407=CARTESIAN_POINT('',(0.00657070600835012,0.0110881052104391,0.00144466624818536));
#2408=CARTESIAN_POINT('',(0.00657194687537614,0.0110893691800442,0.0014434453721192));
#2409=CARTESIAN_POINT('',(0.00657235540392409,0.011089785929964,0.00144303925300086));
#2410=CARTESIAN_POINT('',(0.00657316227343189,0.0110906103930208,0.00144222887009846));
#2411=CARTESIAN_POINT('',(0.00657336237233128,0.0110908148214776,0.00144202789099705));
#2412=CARTESIAN_POINT('',(0.00661180917203648,0.0111302395808605,0.00140260313161416));
#2413=CARTESIAN_POINT('',(0.00663048995315783,0.01115,0.00134969418833331));
#2414=CARTESIAN_POINT('',(0.00663,0.01115,0.0013));
#2415=CARTESIAN_POINT('',(0.00643585786437627,0.01095,0.0015));
#2416=CARTESIAN_POINT('',(0.00650275404388681,0.0110182217246561,0.0015));
#2417=CARTESIAN_POINT('',(0.00658128509207963,0.0110987318501466,0.00145793146477944));
#2418=CARTESIAN_POINT('',(0.00663049121818397,0.01115,0.00134982249539036));
#2419=CARTESIAN_POINT('',(0.00663,0.01115,0.0013));
#2420=CARTESIAN_POINT('',(0.00643585786437627,0.01095,0.0017));
#2421=CARTESIAN_POINT('',(0.00646930595413154,0.0110182217246561,0.0017));
#2422=CARTESIAN_POINT('',(0.00652700031159229,0.0111392296559774,0.00166118187941524));
#2423=CARTESIAN_POINT('',(0.00659081852021135,0.0112655790888679,0.00157247875664903));
#2424=CARTESIAN_POINT('',(0.00663049121818397,0.01135,0.00139964499078071));
#2425=CARTESIAN_POINT('',(0.00663,0.01135,0.0013));
#2426=CARTESIAN_POINT('',(-0.00663,0.01135,0.0013));
#2427=CARTESIAN_POINT('',(-0.00663024281085389,0.01135,0.00134925486491771));
#2428=CARTESIAN_POINT('',(-0.00662569395226732,0.0113407691539501,0.00140020491554403));
#2429=CARTESIAN_POINT('',(-0.0066116824176567,0.0113115510237231,0.0014731076151972));
#2430=CARTESIAN_POINT('',(-0.00660581390625192,0.0112992724645256,0.00149681191710376));
#2431=CARTESIAN_POINT('',(-0.00659521413934291,0.0112771065280181,0.00153061410543459));
#2432=CARTESIAN_POINT('',(-0.00659138138373959,0.0112690951953957,0.00154158851924515));
#2433=CARTESIAN_POINT('',(-0.00658518300038416,0.0112561708945328,0.00155749965520349));
#2434=CARTESIAN_POINT('',(-0.00658304199760727,0.0112517117165359,0.00156271160492272));
#2435=CARTESIAN_POINT('',(-0.00657971818095432,0.0112448009578162,0.00157037794304401));
#2436=CARTESIAN_POINT('',(-0.00657859152332207,0.0112424603820324,0.00157290812457358));
#2437=CARTESIAN_POINT('',(-0.00657687345875179,0.0112388946946566,0.00157666375852006));
#2438=CARTESIAN_POINT('',(-0.00657629609087471,0.0112376969954921,0.00157790903013192));
#2439=CARTESIAN_POINT('',(-0.00657513199574659,0.0112352834408136,0.00158038607069826));
#2440=CARTESIAN_POINT('',(-0.0065743344502849,0.0112336309561685,0.00158205446878078));
#2441=CARTESIAN_POINT('',(-0.00656177502228104,0.0112076189142717,0.00160806651067751));
#2442=CARTESIAN_POINT('',(-0.0065441776028777,0.0111729116583515,0.00163623198739719));
#2443=CARTESIAN_POINT('',(-0.00649814560381728,0.0110788588374727,0.00168227863762348));
#2444=CARTESIAN_POINT('',(-0.00646983557184545,0.0110193019487919,0.0017));
#2445=CARTESIAN_POINT('',(-0.00643585786437627,0.01095,0.0017));
#2446=CARTESIAN_POINT('',(-0.00663,0.01115,0.0013));
#2447=CARTESIAN_POINT('',(-0.00663024281086592,0.01115,0.00132462743367895));
#2448=CARTESIAN_POINT('',(-0.00662569395226732,0.0111453845769751,0.00135010245777201));
#2449=CARTESIAN_POINT('',(-0.0066116824176567,0.0111307755118616,0.0013865538075986));
#2450=CARTESIAN_POINT('',(-0.00660581390625192,0.0111246362322628,0.00139840595855188));
#2451=CARTESIAN_POINT('',(-0.00659521413934291,0.0111135532640091,0.00141530705271729));
#2452=CARTESIAN_POINT('',(-0.00659138138373959,0.0111095475976978,0.00142079425962257));
#2453=CARTESIAN_POINT('',(-0.00658518300038416,0.0111030854472664,0.00142874982760175));
#2454=CARTESIAN_POINT('',(-0.00658304199760727,0.011100855858268,0.00143135580246136));
#2455=CARTESIAN_POINT('',(-0.00657971818095432,0.0110974004789081,0.001435188971522));
#2456=CARTESIAN_POINT('',(-0.00657859152332207,0.0110962301910162,0.00143645406228679));
#2457=CARTESIAN_POINT('',(-0.00657687345875179,0.0110944473473283,0.00143833187926003));
#2458=CARTESIAN_POINT('',(-0.00657629609087471,0.011093848497746,0.00143895451506596));
#2459=CARTESIAN_POINT('',(-0.00657513199574659,0.0110926417204068,0.00144019303534913));
#2460=CARTESIAN_POINT('',(-0.0065743344502849,0.0110918154780842,0.00144102723439039));
#2461=CARTESIAN_POINT('',(-0.00656177502228104,0.0110788094571359,0.00145403325533876));
#2462=CARTESIAN_POINT('',(-0.0065441776028777,0.0110614558291758,0.00146811599369859));
#2463=CARTESIAN_POINT('',(-0.00649814560381728,0.0110144294187364,0.00149113931881174));
#2464=CARTESIAN_POINT('',(-0.0064697897827615,0.0109846042780031,0.0015));
#2465=CARTESIAN_POINT('',(-0.00643585786437627,0.01095,0.0015));
#2466=CARTESIAN_POINT('',(-0.00663,0.01115,0.0013));
#2467=CARTESIAN_POINT('',(-0.00663048595173893,0.01115,0.00134928833879209));
#2468=CARTESIAN_POINT('',(-0.00658088265527348,0.0110983187536713,0.00145819854307857));
#2469=CARTESIAN_POINT('',(-0.00650356418394415,0.0110190479176066,0.0015));
#2470=CARTESIAN_POINT('',(-0.00643585786437627,0.01095,0.0015));
#2471=CARTESIAN_POINT('',(-0.00663,0.01135,0.0013));
#2472=CARTESIAN_POINT('',(-0.00663024297586946,0.01135,0.00134928833879209));
#2473=CARTESIAN_POINT('',(-0.00662274196282812,0.0113350641401286,0.00144908657383449));
#2474=CARTESIAN_POINT('',(-0.00657315624145882,0.0112300179123426,0.00159710477526802));
#2475=CARTESIAN_POINT('',(-0.00652835624068166,0.0111419204853486,0.00165955059994113));
#2476=CARTESIAN_POINT('',(-0.00646971102416021,0.0110190479176066,0.0017));
#2477=CARTESIAN_POINT('',(-0.00643585786437627,0.01095,0.0017));
#2478=CARTESIAN_POINT('',(8.67361737988404E-19,0.01095,0.0013));
#2479=CARTESIAN_POINT('',(8.67361737988404E-19,0.01095,0.0013));
#2480=MECHANICAL_DESIGN_GEOMETRIC_PRESENTATION_REPRESENTATION('',(#1309),
#2481);
#2481=(
GEOMETRIC_REPRESENTATION_CONTEXT(3)
GLOBAL_UNCERTAINTY_ASSIGNED_CONTEXT((#2482))
GLOBAL_UNIT_ASSIGNED_CONTEXT((#2485,#2484,#2483))
REPRESENTATION_CONTEXT('Part 1','TOP_LEVEL_ASSEMBLY_PART')
);
#2482=UNCERTAINTY_MEASURE_WITH_UNIT(LENGTH_MEASURE(2.E-5),#2485,
'DISTANCE_ACCURACY_VALUE','Maximum Tolerance applied to model');
#2483=(
NAMED_UNIT(*)
SI_UNIT($,.STERADIAN.)
SOLID_ANGLE_UNIT()
);
#2484=(
NAMED_UNIT(*)
PLANE_ANGLE_UNIT()
SI_UNIT($,.RADIAN.)
);
#2485=(
LENGTH_UNIT()
NAMED_UNIT(*)
SI_UNIT($,.METRE.)
);
#2486=PRODUCT_DEFINITION_SHAPE('','',#2487);
#2487=PRODUCT_DEFINITION('','',#2489,#2488);
#2488=PRODUCT_DEFINITION_CONTEXT('',#2495,'design');
#2489=PRODUCT_DEFINITION_FORMATION_WITH_SPECIFIED_SOURCE('','',#2491,
 .NOT_KNOWN.);
#2490=PRODUCT_RELATED_PRODUCT_CATEGORY('','',(#2491));
#2491=PRODUCT('Part 1','Part 1','Part 1',(#2493));
#2492=PRODUCT_CATEGORY('','');
#2493=PRODUCT_CONTEXT('',#2495,'mechanical');
#2494=APPLICATION_PROTOCOL_DEFINITION('international standard',
'ap242_managed_model_based_3d_engineering',2020,#2495);
#2495=APPLICATION_CONTEXT('managed model based 3d engineering');
ENDSEC;
END-ISO-10303-21;
